,VE,ENOTA,Volilni_Okraj,VO,ID_Volisca,Volišče,Št. volilnih upr.,Udeležba,Odstotek udeležbe,Št. oddanih glasovnic,Št. veljavnih glasovnic,Št. neveljavnih glasovnic,Odstotek preštetih glasovnic,DESUS-N,DESUS-%,DOM-N,DOM-%,RESNICA-N,RESNICA-%,SVOBODA-N,SVOBODA-%,ZSI-N,ZSI-%,LEVICA-N,LEVICA-%,LBP-N,LBP-%,LMŠ-N,LMŠ-%,NAŠA_DEŽELA-N,NAŠA_DEŽELA-%,SNP_DD-N,SNP_DD-%,NESTRANKARSKA-N,NESTRANKARSKA-%,NSI-N,NSI-%,PIRATI-N,PIRATI-%,POVEŽIMO-N,POVEŽIMO-%,SDS-N,SDS-%,SNS-N,SNS-%,SD-N,SD-%,SAB-N,SAB-%,VESNA-N,VESNA-%,ZLS-N,ZLS-%,ZOS-N,ZOS-%
0,1,Kranj,1,Jesenice,30,"BL. DOBRAVA-PODRUŽNIČNA ŠOLA, BLEJSKA DOBRAVA 44",987.0,664,0.6727,662,658,4,1.0,6,0.0091,1,0.0015,32,0.0486,222,0.3374,0,,27,0.041,10,0.0152,17,0.0258,11,0.0167,14,0.0213,14,0.0213,41,0.0623,9,0.0137,14,0.0213,161,0.2447,10,0.0152,33,0.0502,18,0.0274,10,0.0152,7,0.0106,1,0.0015
1,1,Kranj,1,Jesenice,33,"BREG, ELEKTRARNA MOSTE, MOSTE 41",562.0,396,0.7046,396,392,4,1.0,5,0.0128,2,0.0051,16,0.0408,134,0.3418,0,,10,0.0255,2,0.0051,22,0.0561,13,0.0332,12,0.0306,13,0.0332,28,0.0714,8,0.0204,10,0.0255,66,0.1684,5,0.0128,23,0.0587,15,0.0383,5,0.0128,2,0.0051,1,0.0026
2,1,Kranj,1,Jesenice,36,"BREZNICA,DOSLOVČE,VRBA,OBČINA ŽIROVNICA,BREZNICA3",674.0,480,0.7122,480,474,6,1.0,1,0.0021,2,0.0042,21,0.0443,130,0.2743,0,,12,0.0253,5,0.0105,21,0.0443,14,0.0295,4,0.0084,16,0.0338,52,0.1097,7,0.0148,14,0.0295,122,0.2574,7,0.0148,21,0.0443,13,0.0274,8,0.0169,2,0.0042,2,0.0042
3,1,Kranj,1,Jesenice,6,"DOVJE, KULTURNI DOM, DOVJE 109",514.0,347,0.6751,347,339,8,1.0,4,0.0118,4,0.0118,6,0.0177,112,0.3304,0,,13,0.0383,0,0.0,13,0.0383,7,0.0206,7,0.0206,5,0.0147,23,0.0678,9,0.0265,7,0.0206,85,0.2507,6,0.0177,22,0.0649,9,0.0265,1,0.0029,3,0.0088,3,0.0088
4,1,Kranj,1,Jesenice,5,"GOZD MARTULJEK, GASILSKI DOM, ZGORNJE RUTE 85",591.0,396,0.6701,396,389,7,1.0,4,0.0103,0,0.0,10,0.0257,130,0.3342,0,,11,0.0283,1,0.0026,19,0.0488,5,0.0129,3,0.0077,7,0.018,24,0.0617,13,0.0334,11,0.0283,105,0.2699,5,0.0129,14,0.036,6,0.0154,17,0.0437,3,0.0077,1,0.0026
5,1,Kranj,1,Jesenice,8,"HIŠA TNP, ZGORNJA RADOVNA 21",52.0,36,0.6923,36,36,0,1.0,1,0.0278,1,0.0278,1,0.0278,9,0.25,0,,5,0.1389,0,0.0,2,0.0556,1,0.0278,0,0.0,4,0.1111,3,0.0833,0,0.0,2,0.0556,5,0.1389,0,0.0,0,0.0,0,0.0,1,0.0278,1,0.0278,0,0.0
6,1,Kranj,1,Jesenice,9,"HRUŠICA 1,PROSTOVOLJNO GASILSKO DRUŠTVO,HRUŠICA13",228.0,125,0.5482,125,122,3,1.0,2,0.0164,0,0.0,11,0.0902,42,0.3443,0,,4,0.0328,0,0.0,2,0.0164,1,0.0082,5,0.041,3,0.0246,6,0.0492,1,0.0082,3,0.0246,28,0.2295,3,0.0246,6,0.0492,4,0.0328,0,0.0,1,0.0082,0,0.0
7,1,Kranj,1,Jesenice,10,"HRUŠICA 2, KULTURNI DOM NA HRUŠICI, HRUŠICA 55 A ",1058.0,660,0.6238,660,651,9,1.0,6,0.0092,0,0.0,30,0.0461,229,0.3518,0,,26,0.0399,3,0.0046,39,0.0599,2,0.0031,16,0.0246,13,0.02,21,0.0323,14,0.0215,14,0.0215,146,0.2243,7,0.0108,45,0.0691,24,0.0369,6,0.0092,8,0.0123,2,0.0031
8,1,Kranj,1,Jesenice,26,"JAVORNIK-KOR. BELA 1, OŠ KOROŠKA BELA, C.TALCEV 2",735.0,444,0.6041,444,434,10,1.0,3,0.0069,0,0.0,59,0.1359,131,0.3018,0,,12,0.0276,1,0.0023,26,0.0599,4,0.0092,16,0.0369,12,0.0276,20,0.0461,12,0.0276,11,0.0253,72,0.1659,8,0.0184,22,0.0507,19,0.0438,4,0.0092,2,0.0046,0,0.0
9,1,Kranj,1,Jesenice,27,"JAVORNIK-KOR. BELA 2, OŠ KOROŠKA BELA, C.TALCEV 2",943.0,605,0.6416,605,599,6,1.0,2,0.0033,3,0.005,51,0.0851,195,0.3255,0,,19,0.0317,3,0.005,38,0.0634,5,0.0083,26,0.0434,7,0.0117,33,0.0551,19,0.0317,18,0.0301,114,0.1903,4,0.0067,26,0.0434,25,0.0417,6,0.01,5,0.0083,0,0.0
10,1,Kranj,1,Jesenice,29,"JAVORNIK-KOR. BELA 4,DELAVSKI DOM,KIDRIČEVA 37 C",924.0,538,0.5823,538,531,7,1.0,3,0.0056,5,0.0094,26,0.049,219,0.4124,0,,21,0.0395,7,0.0132,22,0.0414,2,0.0038,19,0.0358,11,0.0207,26,0.049,6,0.0113,11,0.0207,77,0.145,6,0.0113,27,0.0508,20,0.0377,11,0.0207,11,0.0207,1,0.0019
11,1,Kranj,1,Jesenice,28,"JAVORNIK-KOR.BELA 3,DELAVSKI DOM,KIDRIČEVA 37 C",631.0,354,0.561,354,351,3,1.0,4,0.0114,6,0.0171,35,0.0997,121,0.3447,0,,19,0.0541,4,0.0114,18,0.0513,7,0.0199,16,0.0456,6,0.0171,6,0.0171,4,0.0114,3,0.0085,59,0.1681,4,0.0114,23,0.0655,10,0.0285,4,0.0114,2,0.0057,0,0.0
12,1,Kranj,1,Jesenice,25,"JAVORNIŠKI ROVT, GASILSKI DOM JAVORNIŠKI ROVT 17",236.0,160,0.678,160,158,2,1.0,2,0.0127,3,0.019,5,0.0316,39,0.2468,0,,6,0.038,0,0.0,5,0.0316,4,0.0253,3,0.019,11,0.0696,21,0.1329,2,0.0127,11,0.0696,37,0.2342,2,0.0127,1,0.0063,5,0.0316,1,0.0063,0,0.0,0,0.0
13,1,Kranj,1,Jesenice,31,"KOČNA, ORODIŠČE KOČNA",214.0,149,0.6963,149,149,0,1.0,0,0.0,4,0.0268,2,0.0134,60,0.4027,0,,9,0.0604,2,0.0134,5,0.0336,1,0.0067,1,0.0067,3,0.0201,1,0.0067,3,0.0201,6,0.0403,30,0.2013,2,0.0134,9,0.0604,4,0.0268,4,0.0268,2,0.0134,1,0.0067
14,1,Kranj,1,Jesenice,3,"KRANJSKA GORA 1, OBČINA KR.GORA,KOLODVORSKA UL.1B",641.0,386,0.6022,386,383,3,1.0,6,0.0157,1,0.0026,5,0.0131,148,0.3864,0,,8,0.0209,1,0.0026,15,0.0392,7,0.0183,5,0.0131,9,0.0235,23,0.0601,10,0.0261,13,0.0339,80,0.2089,3,0.0078,10,0.0261,21,0.0548,13,0.0339,4,0.0104,1,0.0026
15,1,Kranj,1,Jesenice,4,"KRANJSKA GORA 2,OŠ KRANJSKA GORA,KOROŠKA ULICA 12",629.0,381,0.6057,381,379,2,1.0,1,0.0026,1,0.0026,10,0.0264,157,0.4142,0,,18,0.0475,1,0.0026,18,0.0475,2,0.0053,8,0.0211,2,0.0053,21,0.0554,7,0.0185,17,0.0449,71,0.1873,4,0.0106,23,0.0607,12,0.0317,5,0.0132,1,0.0026,0,0.0
16,1,Kranj,1,Jesenice,7,"MOJSTRANA, OŠ 16.DECEMBER,ULICA ALOJZA RABIČA 7",1030.0,691,0.6709,691,685,6,1.0,8,0.0117,1,0.0015,26,0.038,233,0.3401,0,,17,0.0248,1,0.0015,30,0.0438,8,0.0117,18,0.0263,13,0.019,25,0.0365,13,0.019,20,0.0292,161,0.235,11,0.0161,53,0.0774,24,0.035,9,0.0131,5,0.0073,9,0.0131
17,1,Kranj,1,Jesenice,32,"MOSTE, TVD PARTIZAN, ŽIROVNICA 63",533.0,386,0.7242,386,381,5,1.0,3,0.0079,0,0.0,16,0.042,131,0.3438,0,,19,0.0499,0,0.0,10,0.0262,2,0.0052,3,0.0079,10,0.0262,23,0.0604,7,0.0184,10,0.0262,89,0.2336,7,0.0184,30,0.0787,14,0.0367,5,0.0131,1,0.0026,1,0.0026
18,1,Kranj,1,Jesenice,11,"PLANINA POD GOLICO,KRAJEVNA SKUPNOST, PL.PODG.31",332.0,224,0.6747,224,218,6,1.0,2,0.0092,0,0.0,7,0.0321,51,0.2339,0,,5,0.0229,2,0.0092,11,0.0505,6,0.0275,6,0.0275,7,0.0321,32,0.1468,3,0.0138,4,0.0183,54,0.2477,3,0.0138,16,0.0734,7,0.0321,0,0.0,1,0.0046,1,0.0046
19,1,Kranj,1,Jesenice,12,"PLAVŠKI ROVT, HIŠA KLINAR ŠTEFAN, PLAVŠKI ROVT 14",75.0,44,0.5867,44,44,0,1.0,0,0.0,0,0.0,1,0.0227,9,0.2045,0,,3,0.0682,0,0.0,0,0.0,7,0.1591,0,0.0,2,0.0455,4,0.0909,0,0.0,0,0.0,13,0.2955,0,0.0,4,0.0909,0,0.0,1,0.0227,0,0.0,0,0.0
20,1,Kranj,1,Jesenice,13,"PLAVŽ 1,DOM UPOK.DR.F.BERGLJA,PRITLIČJE STAVBE C",572.0,301,0.5262,301,300,1,1.0,4,0.0133,0,0.0,22,0.0733,104,0.3467,0,,11,0.0367,1,0.0033,11,0.0367,3,0.01,26,0.0867,4,0.0133,3,0.01,8,0.0267,12,0.04,38,0.1267,5,0.0167,22,0.0733,20,0.0667,3,0.01,2,0.0067,1,0.0033
21,1,Kranj,1,Jesenice,14,"PLAVŽ 2,AVLA ZDRAV.DOMA JESENICE, CESTA M.TITA 78",1076.0,572,0.5316,572,560,12,1.0,7,0.0125,2,0.0036,35,0.0625,202,0.3607,0,,28,0.05,3,0.0054,27,0.0482,6,0.0107,38,0.0679,9,0.0161,15,0.0268,16,0.0286,14,0.025,78,0.1393,6,0.0107,39,0.0696,28,0.05,5,0.0089,1,0.0018,1,0.0018
22,1,Kranj,1,Jesenice,15,"PLAVŽ 3, PRITLIČJE OŠ TONE ČUFAR UČIL.1, JESENICE",1220.0,642,0.5262,638,617,21,1.0,5,0.0081,2,0.0032,51,0.0827,232,0.376,0,,28,0.0454,1,0.0016,26,0.0421,2,0.0032,43,0.0697,7,0.0113,8,0.013,7,0.0113,25,0.0405,89,0.1442,7,0.0113,35,0.0567,37,0.06,6,0.0097,5,0.0081,1,0.0016
23,1,Kranj,1,Jesenice,16,"PLAVŽ 4, JEKO D.O.O., CESTA MARŠALA TITA 51",1209.0,670,0.5542,670,655,15,1.0,8,0.0122,4,0.0061,53,0.0809,226,0.345,0,,24,0.0366,5,0.0076,24,0.0366,6,0.0092,39,0.0595,7,0.0107,19,0.029,9,0.0137,19,0.029,106,0.1618,10,0.0153,45,0.0687,37,0.0565,7,0.0107,5,0.0076,2,0.0031
24,1,Kranj,1,Jesenice,17,"PLAVŽ 5,VRTEC A.OCEPEK,JESEN.,C.CIRILA TAVČARJA3A",1109.0,620,0.5591,620,606,14,1.0,4,0.0066,2,0.0033,46,0.0759,217,0.3581,0,,36,0.0594,2,0.0033,20,0.033,2,0.0033,45,0.0743,6,0.0099,12,0.0198,16,0.0264,14,0.0231,88,0.1452,8,0.0132,55,0.0908,24,0.0396,2,0.0033,6,0.0099,1,0.0017
25,1,Kranj,1,Jesenice,2,"PODKOREN, KS PODKOREN, PODKOREN 15 ",346.0,236,0.6821,236,234,2,1.0,0,0.0,1,0.0043,10,0.0427,76,0.3248,0,,6,0.0256,3,0.0128,10,0.0427,5,0.0214,3,0.0128,3,0.0128,16,0.0684,3,0.0128,14,0.0598,53,0.2265,5,0.0214,11,0.047,11,0.047,4,0.0171,0,0.0,0,0.0
26,1,Kranj,1,Jesenice,24,"PODMEŽAKLA 2, KRAJEVNA SKUPNOST,MENCINGERJEVA U.1",743.0,355,0.4778,355,350,5,1.0,1,0.0029,0,0.0,31,0.0886,134,0.3829,0,,9,0.0257,1,0.0029,12,0.0343,3,0.0086,33,0.0943,5,0.0143,7,0.02,6,0.0171,2,0.0057,52,0.1486,7,0.02,21,0.06,18,0.0514,5,0.0143,1,0.0029,2,0.0057
27,1,Kranj,1,Jesenice,23,"PODMEŽAKLA1,SEJNA SOBA ZŠ JESENICE,LEDARSKA UL.6A",379.0,198,0.5224,198,195,3,1.0,1,0.0051,0,0.0,16,0.0821,75,0.3846,0,,3,0.0154,1,0.0051,4,0.0205,3,0.0154,27,0.1385,3,0.0154,4,0.0205,2,0.0103,10,0.0513,22,0.1128,1,0.0051,12,0.0615,7,0.0359,2,0.0103,2,0.0103,0,0.0
28,1,Kranj,1,Jesenice,1,"RATEČE PLANICA, VRTEC RATEČE, RATEČE 18",541.0,399,0.7375,399,393,6,1.0,1,0.0025,1,0.0025,8,0.0204,116,0.2952,0,,20,0.0509,1,0.0025,16,0.0407,7,0.0178,4,0.0102,12,0.0305,35,0.0891,14,0.0356,10,0.0254,108,0.2748,5,0.0127,19,0.0483,12,0.0305,4,0.0102,0,0.0,0,0.0
29,1,Kranj,1,Jesenice,18,"SAVA 1, KRAJEVNA SKUPNOST SAVA, POD GOZDOM 2",843.0,481,0.5706,481,479,2,1.0,3,0.0063,4,0.0084,25,0.0522,170,0.3549,0,,28,0.0585,4,0.0084,24,0.0501,2,0.0042,25,0.0522,9,0.0188,25,0.0522,6,0.0125,7,0.0146,86,0.1795,1,0.0021,27,0.0564,25,0.0522,4,0.0084,4,0.0084,0,0.0
30,1,Kranj,1,Jesenice,19,"SAVA 2, OŠ PREŽIHOV VORANC, C. TONETA TOMŠIČA 5",380.0,241,0.6342,241,239,2,1.0,1,0.0042,1,0.0042,15,0.0628,91,0.3808,0,,3,0.0126,0,0.0,7,0.0293,3,0.0126,5,0.0209,7,0.0293,8,0.0335,4,0.0167,2,0.0084,48,0.2008,4,0.0167,21,0.0879,17,0.0711,0,0.0,2,0.0084,0,0.0
31,1,Kranj,1,Jesenice,20,"SAVA 3, OŠ PREŽIHOV VORANC, C.TONETA TOMŠIČA 5",506.0,247,0.4881,247,246,1,1.0,4,0.0163,6,0.0244,21,0.0854,103,0.4187,0,,13,0.0528,0,0.0,11,0.0447,3,0.0122,4,0.0163,4,0.0163,6,0.0244,1,0.0041,8,0.0325,27,0.1098,2,0.0081,17,0.0691,15,0.061,1,0.0041,0,0.0,0,0.0
32,1,Kranj,1,Jesenice,21,"SAVA 4, OŠ POLDE STRAŽIŠAR, UL. V.KEJŽARJA 35",445.0,223,0.5011,223,217,6,1.0,0,0.0,3,0.0138,17,0.0783,73,0.3364,0,,9,0.0415,0,0.0,9,0.0415,1,0.0046,29,0.1336,3,0.0138,3,0.0138,2,0.0092,5,0.023,31,0.1429,1,0.0046,21,0.0968,6,0.0276,3,0.0138,1,0.0046,0,0.0
33,1,Kranj,1,Jesenice,22,"SAVA 5, SREDNJA ŠOLA JESENICE,UL. BRATOV RUPAR 2",677.0,298,0.4402,298,289,9,1.0,2,0.0069,1,0.0035,16,0.0554,100,0.346,0,,15,0.0519,2,0.0069,10,0.0346,2,0.0069,29,0.1003,5,0.0173,2,0.0069,6,0.0208,5,0.0173,37,0.128,3,0.0104,25,0.0865,18,0.0623,5,0.0173,4,0.0138,2,0.0069
34,1,Kranj,1,Jesenice,35,"SELO, ZABREZNICA, OŠ ŽIROVNICA, ZABREZNICA 4",682.0,516,0.7566,516,510,6,1.0,0,0.0,0,0.0,23,0.0451,160,0.3137,0,,28,0.0549,1,0.002,34,0.0667,40,0.0784,6,0.0118,9,0.0176,26,0.051,9,0.0176,9,0.0176,108,0.2118,9,0.0176,23,0.0451,16,0.0314,6,0.0118,2,0.0039,1,0.002
35,1,Kranj,1,Jesenice,37,"SMOKUČ, RODINE, GASILSKI DOM SMOKUČ, SMOKUČ 46",719.0,516,0.7177,516,512,4,1.0,2,0.0039,4,0.0078,18,0.0352,167,0.3262,0,,23,0.0449,4,0.0078,29,0.0566,30,0.0586,1,0.002,13,0.0254,23,0.0449,17,0.0332,12,0.0234,112,0.2188,7,0.0137,19,0.0371,14,0.0273,13,0.0254,2,0.0039,2,0.0039
36,1,Kranj,1,Jesenice,34,"ŽIROVNICA, ČOPOVA ROJSTNA HIŠA, ŽIROVNICA 14",500.0,363,0.726,363,360,3,1.0,1,0.0028,0,0.0,16,0.0444,113,0.3139,0,,11,0.0306,0,0.0,8,0.0222,18,0.05,3,0.0083,9,0.025,23,0.0639,12,0.0333,12,0.0333,74,0.2056,2,0.0056,29,0.0806,18,0.05,3,0.0083,8,0.0222,0,0.0
37,1,Kranj,1,Jesenice,901,PREDČASNO GLASOVANJE,,2075,,2075,2056,19,1.0,15,0.0073,10,0.0049,119,0.0579,814,0.3959,0,,89,0.0433,1,0.0005,68,0.0331,31,0.0151,59,0.0287,51,0.0248,76,0.037,28,0.0136,64,0.0311,352,0.1712,9,0.0044,157,0.0764,81,0.0394,24,0.0117,8,0.0039,0,0.0
38,1,Kranj,2,Radovljica 1,16,"DOM JOŽA AŽMANA, TRIGLAVSKA C. 16, BOH. BISTRICA",902.0,545,0.6042,545,542,3,1.0,4,0.0074,0,0.0,13,0.024,193,0.3561,0,,32,0.059,2,0.0037,20,0.0369,8,0.0148,9,0.0166,11,0.0203,33,0.0609,13,0.024,21,0.0387,102,0.1882,16,0.0295,23,0.0424,27,0.0498,13,0.024,2,0.0037,0,0.0
39,1,Kranj,2,Radovljica 1,10,"DOM UPOKOJENCEV SPODNJE GORJE, SP. GORJE 208",786.0,548,0.6972,548,535,13,1.0,2,0.0037,15,0.028,21,0.0393,166,0.3103,0,,25,0.0467,7,0.0131,26,0.0486,6,0.0112,7,0.0131,13,0.0243,41,0.0766,10,0.0187,16,0.0299,87,0.1626,5,0.0093,37,0.0692,20,0.0374,12,0.0224,19,0.0355,0,0.0
40,1,Kranj,2,Radovljica 1,17,"GASILSKI DOM BITNJE, BITNJE 13, BOH. BISTRICA",93.0,73,0.7849,73,73,0,1.0,0,0.0,1,0.0137,1,0.0137,14,0.1918,0,,2,0.0274,0,0.0,2,0.0274,0,0.0,0,0.0,2,0.0274,6,0.0822,0,0.0,1,0.0137,27,0.3699,3,0.0411,4,0.0548,7,0.0959,3,0.0411,0,0.0,0,0.0
41,1,Kranj,2,Radovljica 1,25,"GASILSKI DOM BOHINJ. ČEŠNJICA, BOHIN. ČEŠNJICA 79",443.0,334,0.754,334,330,4,1.0,1,0.003,0,0.0,16,0.0485,75,0.2273,0,,4,0.0121,0,0.0,8,0.0242,4,0.0121,7,0.0212,11,0.0333,33,0.1,13,0.0394,44,0.1333,77,0.2333,7,0.0212,14,0.0424,6,0.0182,4,0.0121,6,0.0182,0,0.0
42,1,Kranj,2,Radovljica 1,23,"GASILSKI DOM GORJUŠE, GORJUŠE 36 A, BOH.BISTRICA",122.0,86,0.7049,86,84,2,1.0,1,0.0119,1,0.0119,0,0.0,21,0.25,0,,2,0.0238,2,0.0238,6,0.0714,4,0.0476,1,0.0119,4,0.0476,8,0.0952,2,0.0238,5,0.0595,12,0.1429,1,0.0119,9,0.1071,1,0.0119,1,0.0119,3,0.0357,0,0.0
43,1,Kranj,2,Radovljica 1,20,"GASILSKI DOM KAMNJE, KAMNJE 26 A, BOH.BISTRICA",506.0,357,0.7055,357,354,3,1.0,1,0.0028,0,0.0,3,0.0085,118,0.3333,0,,7,0.0198,0,0.0,9,0.0254,10,0.0282,3,0.0085,4,0.0113,31,0.0876,6,0.0169,14,0.0395,98,0.2768,4,0.0113,20,0.0565,15,0.0424,3,0.0085,8,0.0226,0,0.0
44,1,Kranj,2,Radovljica 1,22,"GASILSKI DOM KOPRIVNIK, KOPRIVNIK 3 B, B.BISTRICA",187.0,134,0.7166,134,132,2,1.0,2,0.0152,0,0.0,3,0.0227,45,0.3409,0,,5,0.0379,0,0.0,8,0.0606,4,0.0303,2,0.0152,1,0.0076,12,0.0909,1,0.0076,7,0.053,21,0.1591,0,0.0,9,0.0682,5,0.0379,3,0.0227,4,0.0303,0,0.0
45,1,Kranj,2,Radovljica 1,1,"GASILSKI DOM MLINO, MLINSKA CESTA 26, BLED",270.0,188,0.6963,188,185,3,1.0,2,0.0108,0,0.0,1,0.0054,40,0.2162,0,,12,0.0649,2,0.0108,7,0.0378,2,0.0108,1,0.0054,4,0.0216,15,0.0811,0,0.0,7,0.0378,62,0.3351,2,0.0108,11,0.0595,6,0.0324,9,0.0486,2,0.0108,0,0.0
46,1,Kranj,2,Radovljica 1,21,"GASILSKI DOM NEMŠKI ROVT,NEMŠKI ROVT18,B.BISTRICA",95.0,70,0.7368,70,69,1,1.0,0,0.0,0,0.0,4,0.058,12,0.1739,0,,4,0.058,0,0.0,3,0.0435,0,0.0,0,0.0,5,0.0725,13,0.1884,0,0.0,1,0.0145,10,0.1449,5,0.0725,7,0.1014,2,0.029,3,0.0435,0,0.0,0,0.0
47,1,Kranj,2,Radovljica 1,18,"GASILSKI DOM NOMENJ, NOMENJ 23, BOH. BISTRICA",140.0,98,0.7,98,98,0,1.0,0,0.0,0,0.0,5,0.051,27,0.2755,0,,2,0.0204,0,0.0,2,0.0204,3,0.0306,4,0.0408,2,0.0204,13,0.1327,1,0.0102,5,0.051,20,0.2041,6,0.0612,4,0.0408,2,0.0204,2,0.0204,0,0.0,0,0.0
48,1,Kranj,2,Radovljica 1,11,"GASILSKI DOM PODHOM, PODHOM 15, ZG. GORJE",243.0,177,0.7284,177,175,2,1.0,1,0.0057,2,0.0114,3,0.0171,53,0.3029,0,,9,0.0514,2,0.0114,3,0.0171,4,0.0229,2,0.0114,3,0.0171,10,0.0571,5,0.0286,15,0.0857,39,0.2229,2,0.0114,8,0.0457,0,0.0,13,0.0743,1,0.0057,0,0.0
49,1,Kranj,2,Radovljica 1,2,"GASILSKI DOM REČICA, REČIŠKA CESTA 4, BLED",729.0,491,0.6735,491,485,6,1.0,3,0.0062,4,0.0082,11,0.0227,140,0.2887,0,,11,0.0227,6,0.0124,41,0.0845,9,0.0186,5,0.0103,15,0.0309,30,0.0619,15,0.0309,14,0.0289,113,0.233,7,0.0144,31,0.0639,9,0.0186,11,0.0227,10,0.0206,0,0.0
50,1,Kranj,2,Radovljica 1,24,"GASILSKI DOM SREDNJA VAS, SREDNJA VAS 83",358.0,263,0.7346,263,259,4,1.0,1,0.0039,1,0.0039,8,0.0309,65,0.251,0,,11,0.0425,0,0.0,4,0.0154,1,0.0039,3,0.0116,1,0.0039,20,0.0772,3,0.0116,36,0.139,75,0.2896,8,0.0309,11,0.0425,6,0.0232,1,0.0039,4,0.0154,0,0.0
51,1,Kranj,2,Radovljica 1,7,"GOSTILNA KUNAVC, KRNICA 21, ZG. GORJE",414.0,275,0.6643,275,272,3,1.0,0,0.0,4,0.0147,12,0.0441,55,0.2022,0,,5,0.0184,8,0.0294,13,0.0478,10,0.0368,5,0.0184,6,0.0221,22,0.0809,6,0.0221,14,0.0515,73,0.2684,5,0.0184,12,0.0441,11,0.0404,3,0.011,8,0.0294,0,0.0
52,1,Kranj,2,Radovljica 1,5,"INFOCENTER TRIGLAVSKA ROŽA BLED, LJUBLJANSKA C.27",1406.0,950,0.6757,950,936,14,1.0,7,0.0075,1,0.0011,31,0.0331,366,0.391,0,,49,0.0524,1,0.0011,32,0.0342,4,0.0043,18,0.0192,25,0.0267,58,0.062,23,0.0246,18,0.0192,160,0.1709,13,0.0139,59,0.063,46,0.0491,19,0.0203,6,0.0064,0,0.0
53,1,Kranj,2,Radovljica 1,6,"KULTURNI DOM BOHINJSKA BELA, BOHINJSKA BELA  37",518.0,335,0.6467,335,333,2,1.0,0,0.0,1,0.003,16,0.048,99,0.2973,0,,14,0.042,3,0.009,15,0.045,4,0.012,9,0.027,12,0.036,23,0.0691,6,0.018,4,0.012,83,0.2492,2,0.006,28,0.0841,7,0.021,2,0.006,5,0.015,0,0.0
54,1,Kranj,2,Radovljica 1,27,"KULTURNI DOM STARA FUŽINA,STARA FUŽINA 53B,B.JEZ.",509.0,356,0.6994,356,351,5,1.0,1,0.0028,0,0.0,25,0.0712,100,0.2849,0,,17,0.0484,2,0.0057,9,0.0256,5,0.0142,3,0.0085,9,0.0256,29,0.0826,6,0.0171,28,0.0798,76,0.2165,8,0.0228,16,0.0456,5,0.0142,9,0.0256,2,0.0057,1,0.0028
55,1,Kranj,2,Radovljica 1,14,"KULTURNI DOM ZASIP, SEBENJE 6, BLED",828.0,625,0.7548,625,622,3,1.0,2,0.0032,2,0.0032,8,0.0129,207,0.3328,0,,30,0.0482,1,0.0016,36,0.0579,4,0.0064,10,0.0161,19,0.0305,50,0.0804,6,0.0096,11,0.0177,153,0.246,11,0.0177,43,0.0691,15,0.0241,9,0.0145,5,0.008,0,0.0
56,1,Kranj,2,Radovljica 1,13,"NATURA HOTEL LUKANC, SELO PRI BLEDU 8",174.0,121,0.6954,121,120,1,1.0,1,0.0083,0,0.0,4,0.0333,28,0.2333,0,,4,0.0333,0,0.0,4,0.0333,1,0.0083,2,0.0167,0,0.0,14,0.1167,1,0.0083,6,0.05,28,0.2333,3,0.025,16,0.1333,7,0.0583,1,0.0083,0,0.0,0,0.0
57,1,Kranj,2,Radovljica 1,3,"OBČINA BLED, CESTA SVOBODE 13, BLED",833.0,443,0.5318,443,436,7,1.0,2,0.0046,0,0.0,9,0.0206,133,0.305,0,,28,0.0642,2,0.0046,10,0.0229,6,0.0138,4,0.0092,17,0.039,34,0.078,7,0.0161,18,0.0413,108,0.2477,5,0.0115,29,0.0665,13,0.0298,8,0.0183,1,0.0023,2,0.0046
58,1,Kranj,2,Radovljica 1,4,"OSNOVNA ŠOLA BLED, SELIŠKA CESTA 3, BLED",736.0,453,0.6155,453,452,1,1.0,0,0.0,2,0.0044,19,0.042,149,0.3296,0,,16,0.0354,4,0.0088,24,0.0531,1,0.0022,4,0.0088,22,0.0487,27,0.0597,4,0.0088,15,0.0332,108,0.2389,3,0.0066,26,0.0575,10,0.0221,12,0.0265,6,0.0133,0,0.0
59,1,Kranj,2,Radovljica 1,8,"OSNOVNA ŠOLA GORJE, ZG. GORJE 44 A, ZG. GORJE",409.0,277,0.6773,277,273,4,1.0,1,0.0037,1,0.0037,8,0.0293,78,0.2857,0,,16,0.0586,3,0.011,5,0.0183,2,0.0073,7,0.0256,6,0.022,15,0.0549,2,0.0073,9,0.033,82,0.3004,2,0.0073,14,0.0513,11,0.0403,6,0.022,3,0.011,2,0.0073
60,1,Kranj,2,Radovljica 1,9,"OSNOVNA ŠOLA GORJE, ZG. GORJE 44A, ZG. GORJE",382.0,267,0.699,267,260,7,1.0,1,0.0038,4,0.0154,0,0.0,54,0.2077,0,,6,0.0231,0,0.0,10,0.0385,6,0.0231,3,0.0115,9,0.0346,30,0.1154,7,0.0269,15,0.0577,75,0.2885,8,0.0308,8,0.0308,7,0.0269,4,0.0154,2,0.0077,11,0.0423
61,1,Kranj,2,Radovljica 1,28,"PRI MILANU TALERJU,STUDOR V BOHINJU 5A,SR.VAS V B",90.0,69,0.7667,69,68,1,1.0,0,0.0,0,0.0,4,0.0588,10,0.1471,0,,2,0.0294,0,0.0,2,0.0294,2,0.0294,4,0.0588,0,0.0,18,0.2647,1,0.0147,3,0.0441,16,0.2353,1,0.0147,2,0.0294,1,0.0147,2,0.0294,0,0.0,0,0.0
62,1,Kranj,2,Radovljica 1,26,"PRI ZDENKI PLATIŠA,PODJELJE 15 A,SR.VAS V BOHINJU",56.0,38,0.6786,38,38,0,1.0,0,0.0,0,0.0,0,0.0,12,0.3158,0,,0,0.0,0,0.0,5,0.1316,0,0.0,2,0.0526,0,0.0,0,0.0,0,0.0,5,0.1316,8,0.2105,2,0.0526,2,0.0526,0,0.0,1,0.0263,1,0.0263,0,0.0
63,1,Kranj,2,Radovljica 1,19,"TURISTIČNO DRUŠTVO BOHINJ,RIBČEV LAZ 48, B.JEZERO",156.0,97,0.6218,97,97,0,1.0,0,0.0,0,0.0,4,0.0412,35,0.3608,0,,10,0.1031,1,0.0103,3,0.0309,2,0.0206,0,0.0,2,0.0206,9,0.0928,3,0.0309,4,0.0412,9,0.0928,0,0.0,5,0.0515,7,0.0722,2,0.0206,1,0.0103,0,0.0
64,1,Kranj,2,Radovljica 1,15,"VRTEC BOHINJSKA BISTRICA, MENCINGERJEVA ULICA 4",513.0,306,0.5965,306,303,3,1.0,3,0.0099,0,0.0,11,0.0363,94,0.3102,0,,15,0.0495,0,0.0,6,0.0198,2,0.0066,3,0.0099,8,0.0264,30,0.099,6,0.0198,17,0.0561,55,0.1815,7,0.0231,8,0.0264,27,0.0891,9,0.0297,1,0.0033,1,0.0033
65,1,Kranj,2,Radovljica 1,12,"ZADRUŽNI DOM RIBNO, IZLETNIŠKA UL.11, BLED",820.0,568,0.6927,568,563,5,1.0,1,0.0018,2,0.0036,20,0.0355,181,0.3215,0,,19,0.0337,6,0.0107,29,0.0515,6,0.0107,17,0.0302,23,0.0409,16,0.0284,15,0.0266,10,0.0178,135,0.2398,15,0.0266,30,0.0533,20,0.0355,16,0.0284,2,0.0036,0,0.0
66,1,Kranj,2,Radovljica 1,901,PREDČASNO GLASOVANJE,,1360,,1360,1355,5,1.0,3,0.0022,5,0.0037,23,0.017,515,0.3801,0,,114,0.0841,2,0.0015,45,0.0332,17,0.0125,15,0.0111,55,0.0406,79,0.0583,11,0.0081,42,0.031,240,0.1771,9,0.0066,83,0.0613,52,0.0384,29,0.0214,13,0.0096,3,0.0022
67,1,Kranj,3,Radovljica 2,20,"AVLA OBČINE RADOVLJICA,GORENJSKA C.19, RADOVLJICA",986.0,459,0.4655,459,453,6,1.0,4,0.0088,1,0.0022,27,0.0596,143,0.3157,0,,19,0.0419,3,0.0066,25,0.0552,3,0.0066,13,0.0287,25,0.0552,36,0.0795,8,0.0177,13,0.0287,82,0.181,0,0.0,20,0.0442,15,0.0331,8,0.0177,8,0.0177,0,0.0
68,1,Kranj,3,Radovljica 2,7,"AVLA SINDIKALNEGA DOMA KROPA, KROPA 3",736.0,470,0.6386,470,465,5,1.0,8,0.0172,2,0.0043,25,0.0538,172,0.3699,0,,18,0.0387,1,0.0022,19,0.0409,5,0.0108,5,0.0108,11,0.0237,21,0.0452,9,0.0194,7,0.0151,95,0.2043,8,0.0172,35,0.0753,20,0.043,2,0.0043,1,0.0022,1,0.0022
69,1,Kranj,3,Radovljica 2,5,"DOM KRAJANOV BREZJE, BREZJE 80 C",741.0,537,0.7247,537,532,5,1.0,2,0.0038,1,0.0019,15,0.0282,148,0.2782,0,,15,0.0282,6,0.0113,29,0.0545,10,0.0188,3,0.0056,7,0.0132,35,0.0658,9,0.0169,16,0.0301,174,0.3271,12,0.0226,19,0.0357,18,0.0338,9,0.0169,2,0.0038,2,0.0038
70,1,Kranj,3,Radovljica 2,6,"DOM KRAJANOV KAMNA GORICA, KAMNA GORICA 58",427.0,312,0.7307,312,302,10,1.0,2,0.0066,0,0.0,20,0.0662,93,0.3079,0,,9,0.0298,2,0.0066,18,0.0596,8,0.0265,5,0.0166,8,0.0265,24,0.0795,4,0.0132,4,0.0132,64,0.2119,2,0.0066,19,0.0629,10,0.0331,8,0.0265,2,0.0066,0,0.0
71,1,Kranj,3,Radovljica 2,14,"DOM ŠD LJUBNO, LJUBNO 114",392.0,286,0.7296,286,281,5,1.0,2,0.0071,1,0.0036,16,0.0569,84,0.2989,0,,4,0.0142,0,0.0,17,0.0605,3,0.0107,0,0.0,8,0.0285,24,0.0854,4,0.0142,4,0.0142,86,0.306,1,0.0036,12,0.0427,5,0.0178,3,0.0107,4,0.0142,3,0.0107
72,1,Kranj,3,Radovljica 2,12,"DRUŽBENI CENTER LESCE, ALPSKA CESTA 58, LESCE",1166.0,766,0.6569,766,755,11,1.0,5,0.0066,5,0.0066,31,0.0411,277,0.3669,0,,29,0.0384,3,0.004,42,0.0556,3,0.004,20,0.0265,31,0.0411,52,0.0689,9,0.0119,13,0.0172,129,0.1709,14,0.0185,41,0.0543,25,0.0331,19,0.0252,7,0.0093,0,0.0
73,1,Kranj,3,Radovljica 2,21,"EKON.GIMNAZIJA IN SR.ŠOLA RADOVLJICA,GORENJSKA 13",380.0,197,0.5184,197,196,1,1.0,0,0.0,0,0.0,10,0.051,59,0.301,0,,15,0.0765,0,0.0,8,0.0408,0,0.0,1,0.0051,2,0.0102,32,0.1633,1,0.0051,8,0.0408,28,0.1429,3,0.0153,13,0.0663,7,0.0357,3,0.0153,6,0.0306,0,0.0
74,1,Kranj,3,Radovljica 2,9,"GASILSKI DOM HLEBCE, HLEBCE 9",220.0,160,0.7273,160,154,6,1.0,2,0.013,2,0.013,16,0.1039,26,0.1688,0,,10,0.0649,1,0.0065,7,0.0455,1,0.0065,2,0.013,11,0.0714,11,0.0714,0,0.0,1,0.0065,51,0.3312,0,0.0,2,0.013,4,0.026,5,0.0325,1,0.0065,1,0.0065
75,1,Kranj,3,Radovljica 2,17,"GASILSKI DOM PODNART, PODNART 13",833.0,605,0.7263,605,600,5,1.0,2,0.0033,1,0.0017,29,0.0483,199,0.3317,0,,30,0.05,3,0.005,23,0.0383,8,0.0133,8,0.0133,16,0.0267,42,0.07,9,0.015,17,0.0283,124,0.2067,8,0.0133,56,0.0933,14,0.0233,8,0.0133,3,0.005,0,0.0
76,1,Kranj,3,Radovljica 2,4,"GASILSKI DOM SLATNA, SLATNA 15",122.0,92,0.7541,92,92,0,1.0,1,0.0109,0,0.0,8,0.087,33,0.3587,0,,2,0.0217,0,0.0,4,0.0435,1,0.0109,0,0.0,5,0.0543,3,0.0326,0,0.0,2,0.0217,23,0.25,4,0.0435,5,0.0543,1,0.0109,0,0.0,0,0.0,0,0.0
77,1,Kranj,3,Radovljica 2,25,"GASILSKI DOM SREDNJA DOBRAVA, SREDNJA DOBRAVA 7",386.0,248,0.6425,248,245,3,1.0,0,0.0,1,0.0041,10,0.0408,91,0.3714,0,,5,0.0204,3,0.0122,8,0.0327,3,0.0122,5,0.0204,3,0.0122,15,0.0612,6,0.0245,2,0.0082,70,0.2857,3,0.0122,8,0.0327,5,0.0204,4,0.0163,3,0.0122,0,0.0
78,1,Kranj,3,Radovljica 2,3,"GASILSKO ORODIŠČE, PRI HIŠI KONC, DVORSKA VAS 20A",148.0,113,0.7635,113,113,0,1.0,0,0.0,0,0.0,10,0.0885,41,0.3628,0,,4,0.0354,0,0.0,4,0.0354,3,0.0265,4,0.0354,2,0.0177,8,0.0708,3,0.0265,2,0.0177,20,0.177,2,0.0177,5,0.0442,1,0.0088,3,0.0265,0,0.0,1,0.0088
79,1,Kranj,3,Radovljica 2,1,"KLUB UPOKOJENCEV BEGUNJE,BEGUNJE NA GORENJSKEM 23",914.0,600,0.6565,600,589,11,1.0,4,0.0068,0,0.0,59,0.1002,190,0.3226,0,,20,0.034,2,0.0034,21,0.0357,11,0.0187,8,0.0136,31,0.0526,28,0.0475,10,0.017,6,0.0102,132,0.2241,6,0.0102,28,0.0475,16,0.0272,9,0.0153,6,0.0102,2,0.0034
80,1,Kranj,3,Radovljica 2,8,"KULTURNI DOM LANCOVO, LANCOVO 30",796.0,551,0.6922,551,545,6,1.0,0,0.0,4,0.0073,31,0.0569,172,0.3156,0,,17,0.0312,2,0.0037,32,0.0587,9,0.0165,16,0.0294,11,0.0202,38,0.0697,8,0.0147,12,0.022,126,0.2312,4,0.0073,27,0.0495,15,0.0275,9,0.0165,7,0.0128,5,0.0092
81,1,Kranj,3,Radovljica 2,16,"KULTURNI DOM MOŠNJE, MOŠNJE 41",376.0,266,0.7074,266,260,6,1.0,2,0.0077,0,0.0,3,0.0115,94,0.3615,0,,17,0.0654,3,0.0115,11,0.0423,6,0.0231,3,0.0115,9,0.0346,20,0.0769,4,0.0154,3,0.0115,57,0.2192,3,0.0115,11,0.0423,10,0.0385,4,0.0154,0,0.0,0,0.0
82,1,Kranj,3,Radovljica 2,22,"OŠ A. T. LINHARTA, KRANJSKA CESTA 27, RADOVLJICA",1278.0,778,0.6088,777,773,4,1.0,1,0.0013,1,0.0013,8,0.0103,275,0.3558,0,,57,0.0737,2,0.0026,28,0.0362,9,0.0116,16,0.0207,24,0.031,68,0.088,34,0.044,14,0.0181,133,0.1721,11,0.0142,51,0.066,26,0.0336,12,0.0155,2,0.0026,1,0.0013
83,1,Kranj,3,Radovljica 2,13,"OŠ F.S. FINŽGARJA LESCE, BEGUNJSKA CESTA 7, LESCE",1048.0,693,0.6613,693,686,7,1.0,1,0.0015,2,0.0029,21,0.0306,252,0.3673,0,,37,0.0539,2,0.0029,30,0.0437,10,0.0146,3,0.0044,22,0.0321,46,0.0671,16,0.0233,15,0.0219,141,0.2055,7,0.0102,41,0.0598,19,0.0277,13,0.019,6,0.0087,2,0.0029
84,1,Kranj,3,Radovljica 2,24,PLEZALNI CENTER V VRBNJAH,385.0,267,0.6935,267,264,3,1.0,2,0.0076,0,0.0,3,0.0114,92,0.3485,0,,13,0.0492,0,0.0,16,0.0606,4,0.0152,2,0.0076,15,0.0568,26,0.0985,5,0.0189,6,0.0227,60,0.2273,2,0.0076,11,0.0417,4,0.0152,3,0.0114,0,0.0,0,0.0
85,1,Kranj,3,Radovljica 2,2,"POSLOVNI PROSTOR ""NO LIMIT"", ZAPUŽE 2A",634.0,434,0.6845,434,432,2,1.0,4,0.0093,1,0.0023,20,0.0463,145,0.3356,0,,11,0.0255,3,0.0069,18,0.0417,9,0.0208,10,0.0231,17,0.0394,39,0.0903,8,0.0185,5,0.0116,88,0.2037,7,0.0162,22,0.0509,9,0.0208,5,0.0116,10,0.0231,1,0.0023
86,1,Kranj,3,Radovljica 2,26,"PROSTOR KS OTOK, ZGORNJI OTOK 6 A",152.0,108,0.7105,108,107,1,1.0,1,0.0093,0,0.0,4,0.0374,24,0.2243,0,,4,0.0374,2,0.0187,1,0.0093,0,0.0,1,0.0093,5,0.0467,11,0.1028,1,0.0093,1,0.0093,44,0.4112,1,0.0093,5,0.0467,1,0.0093,1,0.0093,0,0.0,0,0.0
87,1,Kranj,3,Radovljica 2,19,"SREDNJA GOST.IN TUR.ŠOLA RADOVLJICA,KRANJSKA C.24",1096.0,624,0.5693,624,621,3,1.0,2,0.0032,1,0.0016,32,0.0515,217,0.3494,0,,32,0.0515,6,0.0097,42,0.0676,7,0.0113,5,0.0081,20,0.0322,46,0.0741,15,0.0242,17,0.0274,95,0.153,9,0.0145,29,0.0467,18,0.029,21,0.0338,6,0.0097,1,0.0016
88,1,Kranj,3,Radovljica 2,23,"STANOVANJSKA HIŠA JENSTERLE, NOVA VAS 45",158.0,99,0.6266,99,99,0,1.0,0,0.0,0,0.0,2,0.0202,50,0.5051,0,,3,0.0303,0,0.0,5,0.0505,2,0.0202,2,0.0202,3,0.0303,5,0.0505,1,0.0101,4,0.0404,14,0.1414,1,0.0101,3,0.0303,1,0.0101,2,0.0202,1,0.0101,0,0.0
89,1,Kranj,3,Radovljica 2,11,"STANOVANJSKA HIŠA PRI ČOPU, STUDENČICE 4 A",94.0,63,0.6702,63,63,0,1.0,0,0.0,0,0.0,4,0.0635,22,0.3492,0,,4,0.0635,0,0.0,1,0.0159,2,0.0317,2,0.0317,10,0.1587,0,0.0,0,0.0,0,0.0,15,0.2381,0,0.0,2,0.0317,0,0.0,1,0.0159,0,0.0,0,0.0
90,1,Kranj,3,Radovljica 2,18,"ŠPORTNI PARK RADOVLJICA, UL. STANETA ŽAGARJA 2B",914.0,527,0.5766,527,522,5,1.0,3,0.0057,3,0.0057,19,0.0364,202,0.387,0,,25,0.0479,1,0.0019,26,0.0498,9,0.0172,17,0.0326,21,0.0402,22,0.0421,6,0.0115,14,0.0268,84,0.1609,8,0.0153,33,0.0632,14,0.0268,7,0.0134,6,0.0115,2,0.0038
91,1,Kranj,3,Radovljica 2,10,"TURISTIČNA KMETIJA PR GROM, HRAŠE 17 C",182.0,129,0.7088,129,127,2,1.0,1,0.0079,0,0.0,2,0.0157,36,0.2835,0,,4,0.0315,0,0.0,2,0.0157,4,0.0315,3,0.0236,6,0.0472,7,0.0551,3,0.0236,6,0.0472,42,0.3307,2,0.0157,7,0.0551,0,0.0,2,0.0157,0,0.0,0,0.0
92,1,Kranj,3,Radovljica 2,15,"VRTEC NA POSAVCU, POSAVEC 86",449.0,321,0.7149,321,319,2,1.0,1,0.0031,0,0.0,17,0.0533,93,0.2915,0,,7,0.0219,2,0.0063,26,0.0815,10,0.0313,4,0.0125,10,0.0313,28,0.0878,4,0.0125,9,0.0282,55,0.1724,8,0.0251,23,0.0721,9,0.0282,7,0.0219,6,0.0188,0,0.0
93,1,Kranj,3,Radovljica 2,901,PREDČASNO GLASOVANJE,,1893,,1893,1878,15,1.0,3,0.0016,3,0.0016,64,0.0341,744,0.3962,0,,124,0.066,2,0.0011,86,0.0458,31,0.0165,10,0.0053,69,0.0367,102,0.0543,29,0.0154,41,0.0218,312,0.1661,13,0.0069,133,0.0708,66,0.0351,28,0.0149,16,0.0085,2,0.0011
94,1,Kranj,4,Kranj 1,4,"BRATOV SMUK I,OŠ MATIJE ČOPA, UL. TUGA VIDMARJA 1",1112.0,695,0.625,695,689,6,1.0,7,0.0102,2,0.0029,59,0.0856,256,0.3716,0,,29,0.0421,2,0.0029,21,0.0305,1,0.0015,8,0.0116,12,0.0174,23,0.0334,14,0.0203,10,0.0145,105,0.1524,7,0.0102,69,0.1001,56,0.0813,6,0.0087,2,0.0029,0,0.0
95,1,Kranj,4,Kranj 1,5,"BRATOV SMUK II,OŠ MATIJE ČOPA, UL.TUGA VIDMARJA 1",1183.0,708,0.5985,708,701,7,1.0,9,0.0128,2,0.0029,40,0.0571,270,0.3852,0,,45,0.0642,2,0.0029,40,0.0571,1,0.0014,15,0.0214,4,0.0057,25,0.0357,9,0.0128,9,0.0128,104,0.1484,5,0.0071,50,0.0713,53,0.0756,12,0.0171,5,0.0071,1,0.0014
96,1,Kranj,4,Kranj 1,16,"BRITOF, GASILSKI DOM, BRITOF 316",1804.0,1276,0.7073,1276,1263,13,1.0,8,0.0063,10,0.0079,49,0.0388,489,0.3872,0,,41,0.0325,4,0.0032,44,0.0348,19,0.015,14,0.0111,10,0.0079,93,0.0736,27,0.0214,34,0.0269,273,0.2162,12,0.0095,57,0.0451,57,0.0451,17,0.0135,5,0.004,0,0.0
97,1,Kranj,4,Kranj 1,1,"CENTER, AVLA MESTNE OBČINE KRANJ, SLOVENSKI TRG 1",1833.0,763,0.4163,763,759,4,1.0,2,0.0026,7,0.0092,56,0.0738,256,0.3373,0,,42,0.0553,2,0.0026,31,0.0408,4,0.0053,7,0.0092,23,0.0303,53,0.0698,15,0.0198,20,0.0264,126,0.166,9,0.0119,44,0.058,44,0.058,12,0.0158,6,0.0079,0,0.0
98,1,Kranj,4,Kranj 1,2,"ČIRČE, DOM KS, SMLEDNIŠKA CESTA 136, KRANJ",1248.0,856,0.6859,856,851,5,1.0,4,0.0047,2,0.0024,51,0.0599,236,0.2773,0,,35,0.0411,2,0.0024,18,0.0212,11,0.0129,6,0.0071,8,0.0094,57,0.067,29,0.0341,18,0.0212,256,0.3008,15,0.0176,44,0.0517,38,0.0447,16,0.0188,3,0.0035,2,0.0024
99,1,Kranj,4,Kranj 1,6,"KLANEC I, DOM KRAJANOV, JEZERSKA CESTA 41, KRANJ",1017.0,653,0.6421,653,649,4,1.0,1,0.0015,0,0.0,19,0.0293,262,0.4037,0,,33,0.0508,1,0.0015,16,0.0247,8,0.0123,9,0.0139,10,0.0154,35,0.0539,8,0.0123,13,0.02,131,0.2018,17,0.0262,33,0.0508,32,0.0493,15,0.0231,6,0.0092,0,0.0
100,1,Kranj,4,Kranj 1,3,"KLANEC II, DOM KRAJANOV, JEZERSKA CESTA 41, KRANJ",817.0,434,0.5312,434,425,9,1.0,3,0.0071,1,0.0024,36,0.0847,172,0.4047,0,,15,0.0353,0,0.0,20,0.0471,0,0.0,4,0.0094,11,0.0259,13,0.0306,7,0.0165,6,0.0141,54,0.1271,9,0.0212,44,0.1035,20,0.0471,5,0.0118,3,0.0071,2,0.0047
101,1,Kranj,4,Kranj 1,13,"KOKRICA I, KULTURNI DOM KOKRICA, C. NA BRDO 30",1330.0,924,0.6947,924,922,2,1.0,3,0.0033,1,0.0011,26,0.0282,322,0.3492,0,,41,0.0445,2,0.0022,47,0.051,7,0.0076,14,0.0152,17,0.0184,61,0.0662,19,0.0206,23,0.0249,208,0.2256,5,0.0054,60,0.0651,41,0.0445,14,0.0152,11,0.0119,0,0.0
102,1,Kranj,4,Kranj 1,12,"KOKRICA II, KULTURNI DOM KOKRICA, C. NA BRDO 30",1563.0,1066,0.682,1066,1057,9,1.0,5,0.0047,0,0.0,40,0.0378,316,0.299,0,,72,0.0681,4,0.0038,63,0.0596,15,0.0142,13,0.0123,16,0.0151,87,0.0823,16,0.0151,23,0.0218,232,0.2195,17,0.0161,68,0.0643,37,0.035,15,0.0142,15,0.0142,3,0.0028
103,1,Kranj,4,Kranj 1,14,"PREDOSLJE, KULTURNI DOM, PREDOSLJE 34",934.0,706,0.7559,706,697,9,1.0,6,0.0086,1,0.0014,22,0.0316,172,0.2468,0,,14,0.0201,3,0.0043,46,0.066,10,0.0143,6,0.0086,15,0.0215,67,0.0961,10,0.0143,14,0.0201,225,0.3228,8,0.0115,32,0.0459,25,0.0359,9,0.0129,12,0.0172,0,0.0
104,1,Kranj,4,Kranj 1,7,"PRIMSKOVO I, DOM KRAJANOV, JEZERSKA C. 41, KRANJ",995.0,665,0.6683,665,657,8,1.0,5,0.0076,6,0.0091,23,0.035,222,0.3379,0,,31,0.0472,0,0.0,22,0.0335,6,0.0091,6,0.0091,12,0.0183,50,0.0761,23,0.035,13,0.0198,148,0.2253,11,0.0167,41,0.0624,26,0.0396,11,0.0167,1,0.0015,0,0.0
105,1,Kranj,4,Kranj 1,8,"PRIMSKOVO II, DOM KRAJANOV, JEZERSKA C. 41, KRANJ",1001.0,595,0.5944,595,592,3,1.0,1,0.0017,1,0.0017,45,0.076,199,0.3361,0,,25,0.0422,3,0.0051,17,0.0287,9,0.0152,5,0.0084,10,0.0169,45,0.076,15,0.0253,12,0.0203,131,0.2213,6,0.0101,27,0.0456,27,0.0456,10,0.0169,4,0.0068,0,0.0
106,1,Kranj,4,Kranj 1,11,"VODOVODNI STOLP I,OŠ S.JENKO,UL. XXXI.DIVIZIJE 7A",1308.0,849,0.6491,849,844,5,1.0,4,0.0047,8,0.0095,48,0.0569,300,0.3555,0,,39,0.0462,1,0.0012,35,0.0415,5,0.0059,16,0.019,9,0.0107,55,0.0652,13,0.0154,18,0.0213,158,0.1872,16,0.019,53,0.0628,46,0.0545,12,0.0142,8,0.0095,0,0.0
107,1,Kranj,4,Kranj 1,10,"VODOVODNI STOLP II,OŠ S.JENKO,UL.XXXI.DIVIZIJE 7A",1408.0,826,0.5866,826,813,13,1.0,6,0.0074,3,0.0037,55,0.0677,300,0.369,0,,66,0.0812,1,0.0012,28,0.0344,9,0.0111,11,0.0135,18,0.0221,45,0.0554,22,0.0271,13,0.016,111,0.1365,10,0.0123,53,0.0652,38,0.0467,16,0.0197,7,0.0086,1,0.0012
108,1,Kranj,4,Kranj 1,9,"VODOVODNI STOLP III,OŠ S.JENKO,UL.XXXI.DIVIZIJE7A",1398.0,833,0.5959,833,825,8,1.0,6,0.0073,0,0.0,54,0.0655,334,0.4048,0,,46,0.0558,0,0.0,37,0.0448,4,0.0048,19,0.023,10,0.0121,30,0.0364,27,0.0327,11,0.0133,108,0.1309,7,0.0085,58,0.0703,50,0.0606,18,0.0218,6,0.0073,0,0.0
109,1,Kranj,4,Kranj 1,901,PREDČASNO GLASOVANJE,,2528,,2528,2519,9,1.0,16,0.0064,2,0.0008,104,0.0413,1076,0.4272,0,,193,0.0766,4,0.0016,87,0.0345,16,0.0064,22,0.0087,39,0.0155,119,0.0472,21,0.0083,58,0.023,377,0.1497,16,0.0064,181,0.0719,124,0.0492,46,0.0183,14,0.0056,4,0.0016
110,1,Kranj,5,Kranj 2,17,"BITNJE II, GASILSKI DOM, ZGORNJE BITNJE 33",686.0,462,0.6735,462,456,6,1.0,3,0.0066,2,0.0044,25,0.0548,131,0.2873,0,,16,0.0351,2,0.0044,20,0.0439,6,0.0132,7,0.0154,5,0.011,43,0.0943,7,0.0154,12,0.0263,104,0.2281,12,0.0263,28,0.0614,24,0.0526,4,0.0088,5,0.011,0,0.0
111,1,Kranj,5,Kranj 2,13,"BREG OB SAVI,GASIL.DOM BREG OB SAVI,BR.OB SAVI 34",417.0,318,0.7626,318,315,3,1.0,1,0.0032,1,0.0032,14,0.0444,80,0.254,0,,11,0.0349,0,0.0,9,0.0286,1,0.0032,3,0.0095,6,0.019,28,0.0889,3,0.0095,37,0.1175,93,0.2952,7,0.0222,5,0.0159,10,0.0317,2,0.0063,3,0.0095,1,0.0032
112,1,Kranj,5,Kranj 2,2,"HUJE I, OŠ STANE ŽAGAR, C. 1.MAJA 10 A, KRANJ",537.0,346,0.6443,346,338,8,1.0,1,0.003,5,0.0148,26,0.0769,127,0.3757,0,,26,0.0769,0,0.0,13,0.0385,4,0.0118,6,0.0178,7,0.0207,21,0.0621,6,0.0178,1,0.003,59,0.1746,3,0.0089,17,0.0503,12,0.0355,4,0.0118,0,0.0,0,0.0
113,1,Kranj,5,Kranj 2,1,"HUJE II, OŠ JAKOB ALJAŽ, UL.TONČKADEŽMANA 1,KRANJ",1411.0,830,0.5882,830,817,13,1.0,8,0.0098,1,0.0012,51,0.0624,330,0.4039,0,,55,0.0673,4,0.0049,33,0.0404,9,0.011,24,0.0294,5,0.0061,24,0.0294,10,0.0122,8,0.0098,109,0.1334,5,0.0061,58,0.071,67,0.082,10,0.0122,5,0.0061,1,0.0012
114,1,Kranj,5,Kranj 2,14,"MAVČIČE, KS MAVČIČE, MAVČIČE 69",731.0,557,0.762,557,555,2,1.0,1,0.0018,3,0.0054,19,0.0342,147,0.2649,0,,11,0.0198,1,0.0018,11,0.0198,8,0.0144,8,0.0144,5,0.009,48,0.0865,11,0.0198,35,0.0631,203,0.3658,10,0.018,12,0.0216,12,0.0216,7,0.0126,3,0.0054,0,0.0
115,1,Kranj,5,Kranj 2,11,"OREHEK I, OSNOVNA ŠOLA, ZASAVSKA CESTA 53 A,KRANJ",1007.0,677,0.6723,677,669,8,1.0,1,0.0015,3,0.0045,29,0.0433,205,0.3064,0,,24,0.0359,0,0.0,22,0.0329,7,0.0105,3,0.0045,6,0.009,70,0.1046,6,0.009,34,0.0508,164,0.2451,15,0.0224,26,0.0389,26,0.0389,7,0.0105,21,0.0314,0,0.0
116,1,Kranj,5,Kranj 2,12,"OREHEK II, OSNOVNA ŠOLA, ZASAVSKA CESTA 53A,KRANJ",1261.0,821,0.6511,821,818,3,1.0,1,0.0012,2,0.0024,57,0.0697,309,0.3778,0,,51,0.0623,1,0.0012,37,0.0452,16,0.0196,10,0.0122,6,0.0073,54,0.066,20,0.0244,11,0.0134,126,0.154,12,0.0147,40,0.0489,54,0.066,8,0.0098,3,0.0037,0,0.0
117,1,Kranj,5,Kranj 2,4,"PLANINA I, OŠ STANE ŽAGAR, C. 1. MAJA 10 A, KRANJ",1454.0,815,0.5605,815,809,6,1.0,13,0.0161,2,0.0025,50,0.0618,315,0.3894,0,,43,0.0532,1,0.0012,33,0.0408,10,0.0124,16,0.0198,8,0.0099,36,0.0445,17,0.021,17,0.021,105,0.1298,9,0.0111,50,0.0618,67,0.0828,8,0.0099,8,0.0099,1,0.0012
118,1,Kranj,5,Kranj 2,3,"PLANINA II, OŠ STANE ŽAGAR, C. 1. MAJA 10A, KRANJ",1413.0,857,0.6065,857,842,15,1.0,6,0.0071,2,0.0024,78,0.0926,339,0.4026,0,,26,0.0309,0,0.0,34,0.0404,6,0.0071,21,0.0249,14,0.0166,21,0.0249,21,0.0249,18,0.0214,145,0.1722,4,0.0048,34,0.0404,50,0.0594,13,0.0154,9,0.0107,1,0.0012
119,1,Kranj,5,Kranj 2,21,"PODBLICA, GASILSKI DOM BESNICA, NA HRIBU 7",228.0,180,0.7895,180,179,1,1.0,1,0.0056,0,0.0,17,0.095,37,0.2067,0,,6,0.0335,0,0.0,12,0.067,1,0.0056,0,0.0,3,0.0168,33,0.1844,4,0.0223,9,0.0503,34,0.1899,3,0.0168,8,0.0447,5,0.0279,6,0.0335,0,0.0,0,0.0
120,1,Kranj,5,Kranj 2,15,"PODREČA, KRELJ THOMAS, PODREČA 74",414.0,308,0.744,308,306,2,1.0,0,0.0,0,0.0,15,0.049,117,0.3824,0,,4,0.0131,0,0.0,14,0.0458,5,0.0163,5,0.0163,7,0.0229,24,0.0784,4,0.0131,9,0.0294,69,0.2255,5,0.0163,17,0.0556,8,0.0261,2,0.0065,0,0.0,1,0.0033
121,1,Kranj,5,Kranj 2,19,"PŠEVO, DOM KS JOŠT, PŠEVO 3",220.0,143,0.65,143,141,2,1.0,2,0.0142,0,0.0,2,0.0142,36,0.2553,0,,5,0.0355,0,0.0,3,0.0213,4,0.0284,3,0.0213,2,0.0142,22,0.156,4,0.0284,3,0.0213,42,0.2979,0,0.0,6,0.0426,4,0.0284,1,0.0071,2,0.0142,0,0.0
122,1,Kranj,5,Kranj 2,8,"SMUČARSKI SKAKALNI CENTER GORENJA SAVA, KRANJ",304.0,166,0.5461,166,166,0,1.0,0,0.0,1,0.006,12,0.0723,61,0.3675,0,,8,0.0482,0,0.0,7,0.0422,1,0.006,0,0.0,4,0.0241,8,0.0482,2,0.012,4,0.0241,36,0.2169,0,0.0,11,0.0663,8,0.0482,2,0.012,1,0.006,0,0.0
123,1,Kranj,5,Kranj 2,20,"SP. BESNICA,GASILSKI DOM BESNICA,NA HRIBU 7,SP.B.",1521.0,1075,0.7068,1075,1066,9,1.0,1,0.0009,9,0.0084,63,0.0591,315,0.2955,0,,43,0.0403,4,0.0038,57,0.0535,10,0.0094,5,0.0047,14,0.0131,82,0.0769,26,0.0244,31,0.0291,299,0.2805,13,0.0122,46,0.0432,30,0.0281,14,0.0131,4,0.0038,0,0.0
124,1,Kranj,5,Kranj 2,9,"STRAŽIŠČE I, ŠMARTINSKI DOM,ŠKOFJELOŠKA C.18, KR",1691.0,946,0.5594,946,937,9,1.0,3,0.0032,3,0.0032,59,0.063,303,0.3234,0,,41,0.0438,0,0.0,23,0.0245,6,0.0064,9,0.0096,27,0.0288,81,0.0864,28,0.0299,29,0.0309,179,0.191,9,0.0096,42,0.0448,73,0.0779,10,0.0107,12,0.0128,0,0.0
125,1,Kranj,5,Kranj 2,10,"STRAŽIŠČE II, ŠMARTINSKI DOM,ŠKOFJELOŠKA C.18, KR",1651.0,962,0.5827,962,958,4,1.0,3,0.0031,3,0.0031,47,0.0491,298,0.3111,0,,40,0.0418,3,0.0031,39,0.0407,11,0.0115,13,0.0136,17,0.0177,83,0.0866,12,0.0125,27,0.0282,200,0.2088,13,0.0136,65,0.0678,65,0.0678,15,0.0157,3,0.0031,1,0.001
126,1,Kranj,5,Kranj 2,7,"STRUŽEVO, DOM KS",522.0,350,0.6705,350,348,2,1.0,3,0.0086,3,0.0086,28,0.0805,119,0.342,0,,13,0.0374,0,0.0,11,0.0316,3,0.0086,2,0.0057,10,0.0287,32,0.092,4,0.0115,6,0.0172,63,0.181,9,0.0259,22,0.0632,12,0.0345,6,0.0172,1,0.0029,1,0.0029
127,1,Kranj,5,Kranj 2,18,"ZGORNJE BITNJE, GASILSKI DOM, ZGORNJE BITNJE 33",1188.0,740,0.6229,740,734,6,1.0,1,0.0014,1,0.0014,26,0.0354,243,0.3311,0,,28,0.0381,4,0.0054,38,0.0518,8,0.0109,8,0.0109,22,0.03,93,0.1267,14,0.0191,8,0.0109,153,0.2084,8,0.0109,34,0.0463,32,0.0436,12,0.0163,1,0.0014,0,0.0
128,1,Kranj,5,Kranj 2,5,"ZLATO POLJE I, OŠ F.PREŠEREN,KIDRIČEVA C.49,KRANJ",910.0,499,0.5484,499,489,10,1.0,3,0.0061,1,0.002,42,0.0859,186,0.3804,0,,27,0.0552,0,0.0,28,0.0573,3,0.0061,15,0.0307,9,0.0184,20,0.0409,8,0.0164,11,0.0225,46,0.0941,6,0.0123,39,0.0798,33,0.0675,8,0.0164,4,0.0082,0,0.0
129,1,Kranj,5,Kranj 2,6,"ZLATO POLJE II, OŠ F.PREŠEREN,KIDRIČEVA C. 49, KR",1238.0,741,0.5985,741,733,8,1.0,11,0.015,3,0.0041,55,0.075,285,0.3888,0,,31,0.0423,0,0.0,40,0.0546,2,0.0027,13,0.0177,9,0.0123,32,0.0437,16,0.0218,13,0.0177,93,0.1269,9,0.0123,49,0.0668,55,0.075,11,0.015,4,0.0055,2,0.0027
130,1,Kranj,5,Kranj 2,16,"ŽABNICA, TELOVADNICA, ŽABNICA 20",597.0,468,0.7839,468,465,3,1.0,0,0.0,1,0.0022,14,0.0301,140,0.3011,0,,13,0.028,0,0.0,13,0.028,12,0.0258,5,0.0108,8,0.0172,39,0.0839,11,0.0237,21,0.0452,132,0.2839,10,0.0215,13,0.028,27,0.0581,5,0.0108,1,0.0022,0,0.0
131,1,Kranj,5,Kranj 2,901,PREDČASNO GLASOVANJE,,2478,,2478,2465,13,1.0,5,0.002,4,0.0016,111,0.045,955,0.3874,0,,171,0.0694,4,0.0016,61,0.0247,16,0.0065,27,0.011,44,0.0178,155,0.0629,51,0.0207,62,0.0252,423,0.1716,13,0.0053,171,0.0694,146,0.0592,27,0.011,18,0.0073,1,0.0004
132,1,Kranj,6,Kranj 3,23,"BAŠELJ, BRUNARICA TD BAŠELJ",393.0,293,0.7455,293,290,3,1.0,1,0.0034,1,0.0034,16,0.0552,58,0.2,0,,16,0.0552,1,0.0034,9,0.031,4,0.0138,5,0.0172,11,0.0379,38,0.131,6,0.0207,15,0.0517,81,0.2793,5,0.0172,12,0.0414,3,0.0103,7,0.0241,1,0.0034,0,0.0
133,1,Kranj,6,Kranj 3,2,"CERKLJE NA GOR. I, OŠ D.JENKO, KRVAVŠKA CESTA 4",1060.0,805,0.7594,805,799,6,1.0,4,0.005,2,0.0025,21,0.0263,207,0.2591,0,,25,0.0313,4,0.005,39,0.0488,17,0.0213,6,0.0075,12,0.015,105,0.1314,11,0.0138,91,0.1139,185,0.2315,10,0.0125,27,0.0338,14,0.0175,15,0.0188,2,0.0025,2,0.0025
134,1,Kranj,6,Kranj 3,3,"CERKLJE NA GOR. II, OŠ D.JENKO, KRVAVŠKA CESTA 4",929.0,728,0.7836,728,713,15,1.0,0,0.0,1,0.0014,23,0.0323,189,0.2651,0,,29,0.0407,2,0.0028,45,0.0631,8,0.0112,17,0.0238,14,0.0196,72,0.101,12,0.0168,67,0.094,164,0.23,6,0.0084,25,0.0351,14,0.0196,16,0.0224,9,0.0126,0,0.0
135,1,Kranj,6,Kranj 3,4,"ČEŠNJEVEK, VAŠKI DOM, ČEŠNJEVEK 11 A",135.0,106,0.7852,106,103,3,1.0,1,0.0097,0,0.0,1,0.0097,14,0.1359,0,,1,0.0097,0,0.0,3,0.0291,9,0.0874,0,0.0,0,0.0,23,0.2233,5,0.0485,6,0.0583,33,0.3204,1,0.0097,2,0.0194,0,0.0,0,0.0,3,0.0291,1,0.0097
136,1,Kranj,6,Kranj 3,19,"DUPLJE, GASILSKI DOM DUPLJE, ZGORNJE DUPLJE 8",930.0,698,0.7505,698,693,5,1.0,2,0.0029,1,0.0014,14,0.0202,241,0.3478,0,,18,0.026,0,0.0,33,0.0476,7,0.0101,13,0.0188,13,0.0188,71,0.1025,7,0.0101,35,0.0505,132,0.1905,8,0.0115,42,0.0606,35,0.0505,16,0.0231,4,0.0058,1,0.0014
137,1,Kranj,6,Kranj 3,14,"GOLNIK, KRANJSKI VRTCI-ENOTA OSTRŽEK, GOLNIK 54",882.0,570,0.6463,570,561,9,1.0,2,0.0036,1,0.0018,33,0.0588,245,0.4367,0,,32,0.057,0,0.0,25,0.0446,3,0.0053,13,0.0232,8,0.0143,34,0.0606,6,0.0107,7,0.0125,72,0.1283,9,0.016,31,0.0553,21,0.0374,12,0.0214,7,0.0125,0,0.0
138,1,Kranj,6,Kranj 3,15,"GORIČE,OŠ S.JENKO-TELOVADNICA,SREDNJA VAS-GORIČE1",568.0,419,0.7377,419,419,0,1.0,1,0.0024,2,0.0048,8,0.0191,137,0.327,0,,5,0.0119,1,0.0024,16,0.0382,2,0.0048,4,0.0095,8,0.0191,70,0.1671,7,0.0167,21,0.0501,97,0.2315,7,0.0167,7,0.0167,12,0.0286,9,0.0215,4,0.0095,1,0.0024
139,1,Kranj,6,Kranj 3,40,"HOTEMAŽE, VAŠKI GASILSKI DOM, HOTEMAŽE 80",389.0,296,0.7609,296,292,4,1.0,1,0.0034,0,0.0,12,0.0411,75,0.2568,0,,14,0.0479,1,0.0034,6,0.0205,6,0.0205,1,0.0034,8,0.0274,30,0.1027,6,0.0205,6,0.0205,93,0.3185,6,0.0205,12,0.0411,5,0.0171,7,0.024,2,0.0068,1,0.0034
140,1,Kranj,6,Kranj 3,16,"HRASTJE, ŠPORTNI CENTER GRABEN, HRASTJE 209",823.0,581,0.706,581,576,5,1.0,3,0.0052,2,0.0035,21,0.0365,176,0.3056,0,,17,0.0295,0,0.0,47,0.0816,13,0.0226,14,0.0243,12,0.0208,47,0.0816,14,0.0243,17,0.0295,128,0.2222,13,0.0226,25,0.0434,17,0.0295,5,0.0087,4,0.0069,1,0.0017
141,1,Kranj,6,Kranj 3,24,"KOKRA, OSNOVNA ŠOLA, KOKRA 23",211.0,142,0.673,142,139,3,1.0,1,0.0072,1,0.0072,3,0.0216,24,0.1727,0,,3,0.0216,0,0.0,6,0.0432,5,0.036,0,0.0,1,0.0072,20,0.1439,0,0.0,7,0.0504,52,0.3741,2,0.0144,5,0.036,7,0.0504,0,0.0,2,0.0144,0,0.0
142,1,Kranj,6,Kranj 3,5,"LAHOVČE, GASILSKI DOM, LAHOVČE 74",344.0,267,0.7762,267,266,1,1.0,0,0.0,1,0.0038,13,0.0489,67,0.2519,0,,6,0.0226,4,0.015,6,0.0226,6,0.0226,5,0.0188,3,0.0113,34,0.1278,6,0.0226,26,0.0977,77,0.2895,3,0.0113,7,0.0263,1,0.0038,1,0.0038,0,0.0,0,0.0
143,1,Kranj,6,Kranj 3,28,"LUŽE, GASILSKI DOM, LUŽE 27",220.0,177,0.8045,177,177,0,1.0,6,0.0339,0,0.0,5,0.0282,21,0.1186,0,,8,0.0452,0,0.0,8,0.0452,1,0.0056,1,0.0056,3,0.0169,29,0.1638,3,0.0169,7,0.0395,61,0.3446,3,0.0169,11,0.0621,5,0.0282,1,0.0056,4,0.0226,0,0.0
144,1,Kranj,6,Kranj 3,20,"NAKLO I, DOM JANEZA FILIPIČA, KRANJSKA C.1, NAKLO",1389.0,1030,0.7415,1030,1023,7,1.0,6,0.0059,5,0.0049,39,0.0381,347,0.3392,0,,43,0.042,2,0.002,29,0.0283,19,0.0186,11,0.0108,14,0.0137,105,0.1026,20,0.0196,55,0.0538,206,0.2014,12,0.0117,51,0.0499,40,0.0391,12,0.0117,6,0.0059,1,0.001
145,1,Kranj,6,Kranj 3,21,"NAKLO II, VEČNAMENSKI OBJEKT NAKLO, STARA C. 61  ",1153.0,847,0.7346,847,840,7,1.0,2,0.0024,6,0.0071,22,0.0262,217,0.2583,0,,24,0.0286,5,0.006,35,0.0417,14,0.0167,13,0.0155,12,0.0143,125,0.1488,21,0.025,54,0.0643,214,0.2548,8,0.0095,39,0.0464,21,0.025,1,0.0012,6,0.0071,1,0.0012
146,1,Kranj,6,Kranj 3,29,"OLŠEVEK, GASILSKO DRUŠTVO OLŠEVEK, OLŠEVEK 18    ",292.0,214,0.7329,214,213,1,1.0,0,0.0,0,0.0,5,0.0235,43,0.2019,0,,2,0.0094,0,0.0,3,0.0141,22,0.1033,1,0.0047,4,0.0188,37,0.1737,2,0.0094,11,0.0516,73,0.3427,5,0.0235,2,0.0094,2,0.0094,1,0.0047,0,0.0,0,0.0
147,1,Kranj,6,Kranj 3,22,"PODBREZJE, KULTURNI DOM, PODBREZJE 147",745.0,532,0.7141,532,529,3,1.0,2,0.0038,1,0.0019,21,0.0397,154,0.2911,0,,12,0.0227,3,0.0057,19,0.0359,13,0.0246,0,0.0,6,0.0113,43,0.0813,14,0.0265,30,0.0567,148,0.2798,11,0.0208,20,0.0378,18,0.034,9,0.017,4,0.0076,1,0.0019
148,1,Kranj,6,Kranj 3,7,"POŽENIK, VAŠKI DOM POŽENIK, POŽENIK 6",419.0,302,0.7208,302,298,4,1.0,0,0.0,0,0.0,11,0.0369,60,0.2013,0,,6,0.0201,0,0.0,9,0.0302,9,0.0302,4,0.0134,5,0.0168,35,0.1174,2,0.0067,35,0.1174,99,0.3322,3,0.0101,10,0.0336,7,0.0235,2,0.0067,1,0.0034,0,0.0
149,1,Kranj,6,Kranj 3,6,"PRAPROTNA POLICA, VAŠKI DOM PRAPROTNA POLICA",160.0,138,0.8625,138,137,1,1.0,0,0.0,0,0.0,3,0.0219,13,0.0949,0,,0,0.0,0,0.0,3,0.0219,3,0.0219,0,0.0,5,0.0365,27,0.1971,4,0.0292,25,0.1825,42,0.3066,1,0.0073,7,0.0511,2,0.0146,2,0.0146,0,0.0,0,0.0
150,1,Kranj,6,Kranj 3,30,"PREBAČEVO, GASILSKI DOM, PREBAČEVO 63",405.0,308,0.7605,308,306,2,1.0,0,0.0,0,0.0,12,0.0392,91,0.2974,0,,8,0.0261,0,0.0,13,0.0425,16,0.0523,6,0.0196,8,0.0261,25,0.0817,4,0.0131,7,0.0229,81,0.2647,12,0.0392,8,0.0261,7,0.0229,5,0.0163,2,0.0065,1,0.0033
151,1,Kranj,6,Kranj 3,25,"PREDDVOR, VEČNAMENSKI INFO CENTER, DVORSKI TRG 3",1181.0,862,0.7299,862,852,10,1.0,2,0.0023,4,0.0047,25,0.0293,243,0.2852,0,,27,0.0317,2,0.0023,26,0.0305,14,0.0164,8,0.0094,21,0.0246,108,0.1268,27,0.0317,32,0.0376,233,0.2735,6,0.007,31,0.0364,19,0.0223,14,0.0164,10,0.0117,0,0.0
152,1,Kranj,6,Kranj 3,38,"SP. JEZERSKO, GOSTILNA KANONIR, SP. JEZERSKO 5",60.0,39,0.65,39,37,2,1.0,2,0.0541,0,0.0,0,0.0,11,0.2973,0,,4,0.1081,0,0.0,2,0.0541,1,0.027,2,0.0541,0,0.0,3,0.0811,1,0.027,0,0.0,8,0.2162,0,0.0,1,0.027,1,0.027,1,0.027,0,0.0,0,0.0
153,1,Kranj,6,Kranj 3,8,"SPODNJI BRNIK, GASILSKI DOM SP.BRNIK, SP.BRNIK 5A",479.0,370,0.7724,370,369,1,1.0,0,0.0,0,0.0,7,0.019,63,0.1707,0,,7,0.019,0,0.0,11,0.0298,5,0.0136,5,0.0136,7,0.019,38,0.103,9,0.0244,44,0.1192,151,0.4092,2,0.0054,8,0.0217,3,0.0081,9,0.0244,0,0.0,0,0.0
154,1,Kranj,6,Kranj 3,31,"SREDNJA VAS, GASILSKI DOM, SREDNJA VAS PRI Š. 68",602.0,457,0.7591,457,450,7,1.0,3,0.0067,1,0.0022,17,0.0378,121,0.2689,0,,21,0.0467,0,0.0,17,0.0378,9,0.02,10,0.0222,7,0.0156,36,0.08,6,0.0133,15,0.0333,143,0.3178,11,0.0244,18,0.04,7,0.0156,7,0.0156,1,0.0022,0,0.0
155,1,Kranj,6,Kranj 3,32,"ŠENČUR I, OŠ ŠENČUR, PIPANOVA C.43, ŠENČUR",1159.0,842,0.7265,842,832,10,1.0,3,0.0036,0,0.0,34,0.0409,246,0.2957,0,,42,0.0505,7,0.0084,38,0.0457,7,0.0084,10,0.012,8,0.0096,72,0.0865,24,0.0288,20,0.024,226,0.2716,16,0.0192,36,0.0433,23,0.0276,16,0.0192,4,0.0048,0,0.0
156,1,Kranj,6,Kranj 3,33,"ŠENČUR II, OŠ ŠENČUR, PIPANOVA C. 43, ŠENČUR",1111.0,839,0.7552,839,830,9,1.0,2,0.0024,2,0.0024,21,0.0253,270,0.3253,0,,28,0.0337,0,0.0,45,0.0542,9,0.0108,20,0.0241,15,0.0181,71,0.0855,10,0.012,43,0.0518,193,0.2325,18,0.0217,27,0.0325,33,0.0398,19,0.0229,4,0.0048,0,0.0
157,1,Kranj,6,Kranj 3,9,"ŠENTURŠKA GORA, KRAJEVNI DOM, ŠENTURŠKA GORA 11",523.0,363,0.6941,363,361,2,1.0,1,0.0028,0,0.0,9,0.0249,76,0.2105,0,,11,0.0305,0,0.0,19,0.0526,8,0.0222,6,0.0166,7,0.0194,35,0.097,4,0.0111,50,0.1385,100,0.277,6,0.0166,13,0.036,12,0.0332,4,0.0111,0,0.0,0,0.0
158,1,Kranj,6,Kranj 3,10,"ŠTEFANJA GORA, GASILSKI DOM, ŠTEFANJA GORA 30",88.0,79,0.8977,79,79,0,1.0,0,0.0,0,0.0,6,0.0759,10,0.1266,0,,2,0.0253,0,0.0,1,0.0127,1,0.0127,0,0.0,0,0.0,8,0.1013,1,0.0127,21,0.2658,20,0.2532,2,0.0253,3,0.038,2,0.0253,1,0.0127,0,0.0,1,0.0127
159,1,Kranj,6,Kranj 3,17,"TENETIŠE, DOM DRUŽ. POL. ORG., TENETIŠE 80",340.0,258,0.7588,258,257,1,1.0,2,0.0078,1,0.0039,10,0.0389,77,0.2996,0,,5,0.0195,1,0.0039,14,0.0545,3,0.0117,7,0.0272,7,0.0272,27,0.1051,1,0.0039,2,0.0078,71,0.2763,5,0.0195,11,0.0428,11,0.0428,1,0.0039,0,0.0,1,0.0039
160,1,Kranj,6,Kranj 3,37,"TRBOJE, DOM KRAJANOV, TRBOJE 39",564.0,399,0.7074,399,396,3,1.0,0,0.0,2,0.0051,17,0.0429,102,0.2576,0,,9,0.0227,1,0.0025,21,0.053,7,0.0177,2,0.0051,20,0.0505,28,0.0707,5,0.0126,11,0.0278,117,0.2955,8,0.0202,31,0.0783,6,0.0152,8,0.0202,1,0.0025,0,0.0
161,1,Kranj,6,Kranj 3,18,"TRSTENIK, DOM KRAJEVNE SKUPNOSTI, TRSTENIK 8 A",606.0,482,0.7954,482,478,4,1.0,2,0.0042,2,0.0042,18,0.0377,123,0.2573,0,,6,0.0126,0,0.0,10,0.0209,12,0.0251,2,0.0042,11,0.023,84,0.1757,4,0.0084,20,0.0418,132,0.2762,7,0.0146,19,0.0397,20,0.0418,4,0.0084,2,0.0042,0,0.0
162,1,Kranj,6,Kranj 3,26,"TUPALIČE, PENSION ZAPLATA, TUPALIČE 32",492.0,376,0.7642,376,372,4,1.0,1,0.0027,1,0.0027,7,0.0188,113,0.3038,0,,10,0.0269,1,0.0027,19,0.0511,6,0.0161,4,0.0108,5,0.0134,58,0.1559,7,0.0188,18,0.0484,97,0.2608,8,0.0215,4,0.0108,8,0.0215,2,0.0054,1,0.0027,2,0.0054
163,1,Kranj,6,Kranj 3,11,"VELESOVO, GASILSKI DOM, VELESOVO 53",300.0,239,0.7967,239,236,3,1.0,2,0.0085,0,0.0,5,0.0212,51,0.2161,0,,2,0.0085,2,0.0085,7,0.0297,2,0.0085,4,0.0169,2,0.0085,25,0.1059,2,0.0085,28,0.1186,71,0.3008,7,0.0297,16,0.0678,8,0.0339,1,0.0042,1,0.0042,0,0.0
164,1,Kranj,6,Kranj 3,34,"VISOKO, DOM KRAJANOV, VISOKO 67",1086.0,820,0.7551,820,814,6,1.0,2,0.0025,0,0.0,31,0.0381,259,0.3182,0,,31,0.0381,3,0.0037,43,0.0528,9,0.0111,7,0.0086,11,0.0135,96,0.1179,14,0.0172,26,0.0319,213,0.2617,9,0.0111,31,0.0381,15,0.0184,13,0.016,1,0.0012,0,0.0
165,1,Kranj,6,Kranj 3,35,"VOGLJE, DOM VAŠČANOV VOGLJE, NA VASI 21, VOGLJE",549.0,405,0.7377,405,401,4,1.0,0,0.0,1,0.0025,25,0.0623,78,0.1945,0,,5,0.0125,0,0.0,20,0.0499,13,0.0324,5,0.0125,4,0.01,52,0.1297,9,0.0224,15,0.0374,141,0.3516,7,0.0175,15,0.0374,3,0.0075,5,0.0125,3,0.0075,0,0.0
166,1,Kranj,6,Kranj 3,36,"VOKLO, ŠPORTNO KULTURNI DOM, VOKLO 28",390.0,293,0.7513,293,289,4,1.0,1,0.0035,0,0.0,16,0.0554,68,0.2353,0,,5,0.0173,2,0.0069,10,0.0346,3,0.0104,5,0.0173,6,0.0208,30,0.1038,2,0.0069,12,0.0415,106,0.3668,6,0.0208,6,0.0208,7,0.0242,2,0.0069,2,0.0069,0,0.0
167,1,Kranj,6,Kranj 3,1,"VOLIŠČE ADERGAS,  ADERGAS 12 ",298.0,250,0.8389,250,249,1,1.0,1,0.004,0,0.0,4,0.0161,51,0.2048,0,,3,0.012,0,0.0,8,0.0321,1,0.004,1,0.004,4,0.0161,33,0.1325,4,0.0161,26,0.1044,95,0.3815,5,0.0201,6,0.0241,4,0.0161,3,0.012,0,0.0,0,0.0
168,1,Kranj,6,Kranj 3,12,"ZALOG, OSNOVNA ŠOLA, ZALOG PRI CERKLJAH 29",583.0,421,0.7221,421,418,3,1.0,0,0.0,0,0.0,10,0.0239,99,0.2368,0,,5,0.012,0,0.0,23,0.055,7,0.0167,14,0.0335,8,0.0191,42,0.1005,3,0.0072,51,0.122,118,0.2823,8,0.0191,14,0.0335,6,0.0144,6,0.0144,4,0.0096,0,0.0
169,1,Kranj,6,Kranj 3,39,"ZG. JEZERSKO, KOROTAN, ZGORNJE JEZERSKO 57",465.0,351,0.7548,351,348,3,1.0,1,0.0029,0,0.0,11,0.0316,101,0.2902,0,,6,0.0172,1,0.0029,20,0.0575,6,0.0172,4,0.0115,4,0.0115,47,0.1351,9,0.0259,22,0.0632,62,0.1782,4,0.0115,29,0.0833,11,0.0316,9,0.0259,0,0.0,1,0.0029
170,1,Kranj,6,Kranj 3,27,"ZGORNJA BELA, DOM KRAJANOV, ZGORNJA BELA 67",633.0,466,0.7362,466,463,3,1.0,0,0.0,2,0.0043,11,0.0238,150,0.324,0,,20,0.0432,1,0.0022,21,0.0454,6,0.013,2,0.0043,5,0.0108,55,0.1188,10,0.0216,12,0.0259,117,0.2527,6,0.013,25,0.054,8,0.0173,5,0.0108,6,0.013,1,0.0022
171,1,Kranj,6,Kranj 3,13,"ZGORNJI BRNIK, GASILSKI DOM, ZGORNJI BRNIK 8",549.0,440,0.8015,440,432,8,1.0,0,0.0,0,0.0,12,0.0278,114,0.2639,0,,11,0.0255,0,0.0,24,0.0556,15,0.0347,7,0.0162,7,0.0162,42,0.0972,6,0.0139,42,0.0972,127,0.294,5,0.0116,13,0.0301,2,0.0046,3,0.0069,2,0.0046,0,0.0
172,1,Kranj,6,Kranj 3,901,PREDČASNO GLASOVANJE,,1444,,1444,1440,4,1.0,5,0.0035,1,0.0007,63,0.0438,501,0.3479,0,,87,0.0604,1,0.0007,46,0.0319,18,0.0125,16,0.0111,42,0.0292,125,0.0868,24,0.0167,72,0.05,272,0.1889,9,0.0062,78,0.0542,37,0.0257,27,0.0188,15,0.0104,1,0.0007
173,1,Kranj,7,Tržič,1,"BISTRICA I, OSNOVNA ŠOLA BISTRICA, BEGUNJSKA C. 2",1330.0,772,0.5805,772,760,12,1.0,8,0.0105,1,0.0013,30,0.0395,287,0.3776,0,,40,0.0526,5,0.0066,33,0.0434,7,0.0092,19,0.025,38,0.05,38,0.05,18,0.0237,13,0.0171,153,0.2013,9,0.0118,23,0.0303,18,0.0237,16,0.0211,4,0.0053,0,0.0
174,1,Kranj,7,Tržič,2,"BISTRICA II, OSNOVNA ŠOLA BISTRICA, BEGUNJSKA C.2",1267.0,723,0.5706,723,711,12,1.0,6,0.0084,1,0.0014,41,0.0577,283,0.398,0,,22,0.0309,0,0.0,32,0.045,8,0.0113,14,0.0197,31,0.0436,37,0.052,14,0.0197,13,0.0183,132,0.1857,5,0.007,36,0.0506,14,0.0197,16,0.0225,4,0.0056,2,0.0028
175,1,Kranj,7,Tržič,3,"BREZJE, DOM KRAJANOV, BREZJE PRI TRŽIČU 55, TRŽIČ",427.0,302,0.7073,301,295,6,1.0,2,0.0068,0,0.0,11,0.0373,108,0.3661,0,,14,0.0475,1,0.0034,8,0.0271,9,0.0305,5,0.0169,7,0.0237,29,0.0983,5,0.0169,4,0.0136,61,0.2068,4,0.0136,12,0.0407,4,0.0136,7,0.0237,3,0.0102,1,0.0034
176,1,Kranj,7,Tržič,4,"JELENDOL, DOM KRAJANOV, JELENDOL 8, TRŽIČ",165.0,107,0.6485,107,102,5,1.0,3,0.0294,0,0.0,6,0.0588,30,0.2941,0,,0,0.0,0,0.0,1,0.0098,1,0.0098,0,0.0,4,0.0392,14,0.1373,5,0.049,3,0.0294,25,0.2451,3,0.0294,4,0.0392,0,0.0,1,0.0098,2,0.0196,0,0.0
177,1,Kranj,7,Tržič,5,"KOVOR, KRAJEVNA SKUPNOST, GLAVNA CESTA 24, KOVOR",1390.0,900,0.6475,900,891,9,1.0,4,0.0045,0,0.0,34,0.0382,321,0.3603,0,,34,0.0382,7,0.0079,41,0.046,7,0.0079,17,0.0191,24,0.0269,60,0.0673,22,0.0247,7,0.0079,228,0.2559,14,0.0157,29,0.0325,19,0.0213,20,0.0224,3,0.0034,0,0.0
178,1,Kranj,7,Tržič,6,"KRIŽE, OSNOVNA ŠOLA KRIŽE, C. KOKRŠKEGA ODREDA 16",847.0,580,0.6848,580,574,6,1.0,2,0.0035,3,0.0052,8,0.0139,188,0.3275,0,,28,0.0488,3,0.0052,16,0.0279,1,0.0017,15,0.0261,24,0.0418,72,0.1254,15,0.0261,8,0.0139,115,0.2003,10,0.0174,25,0.0436,13,0.0226,26,0.0453,2,0.0035,0,0.0
179,1,Kranj,7,Tržič,7,"LEŠE, GASILSKI DOM LEŠE, LEŠE 3, TRŽIČ ",269.0,168,0.6245,168,166,2,1.0,1,0.006,0,0.0,5,0.0301,52,0.3133,0,,3,0.0181,0,0.0,11,0.0663,6,0.0361,0,0.0,14,0.0843,13,0.0783,7,0.0422,2,0.012,39,0.2349,3,0.0181,3,0.0181,3,0.0181,3,0.0181,1,0.006,0,0.0
180,1,Kranj,7,Tržič,8,"LOM POD STORŽIČEM,DOM KRAJANOV,LOM POD STORŽIČ.56",458.0,316,0.69,316,314,2,1.0,0,0.0,0,0.0,10,0.0318,58,0.1847,0,,6,0.0191,0,0.0,7,0.0223,1,0.0032,4,0.0127,9,0.0287,43,0.1369,4,0.0127,5,0.0159,135,0.4299,5,0.0159,9,0.0287,0,0.0,17,0.0541,1,0.0032,0,0.0
181,1,Kranj,7,Tržič,9,"PODLJUBELJ, DOM KRAJANOV, PODLJUBELJ 242, TRŽIČ ",712.0,512,0.7191,512,509,3,1.0,2,0.0039,2,0.0039,15,0.0295,235,0.4617,0,,12,0.0236,3,0.0059,20,0.0393,4,0.0079,5,0.0098,13,0.0255,30,0.0589,6,0.0118,5,0.0098,89,0.1749,4,0.0079,25,0.0491,15,0.0295,19,0.0373,5,0.0098,0,0.0
182,1,Kranj,7,Tržič,10,"PRISTAVA, FUNDACIJA V.DRAKSLERJA, PRISTAVŠKA C.16",705.0,457,0.6482,457,452,5,1.0,0,0.0,0,0.0,13,0.0288,194,0.4292,0,,17,0.0376,4,0.0088,10,0.0221,3,0.0066,21,0.0465,15,0.0332,33,0.073,4,0.0088,0,0.0,83,0.1836,3,0.0066,25,0.0553,14,0.031,8,0.0177,5,0.0111,0,0.0
183,1,Kranj,7,Tržič,11,"RAVNE,KRAJEVNA SKUPNOST RAVNE, POT NA ZALI ROVT 3",842.0,473,0.5618,473,467,6,1.0,2,0.0043,0,0.0,46,0.0985,169,0.3619,0,,15,0.0321,6,0.0128,20,0.0428,7,0.015,7,0.015,28,0.06,13,0.0278,4,0.0086,7,0.015,81,0.1734,4,0.0086,24,0.0514,11,0.0236,15,0.0321,7,0.015,1,0.0021
184,1,Kranj,7,Tržič,12,"SEBENJE, DOM KRAJANOV, SEBENJE 43, KRIŽE",921.0,654,0.7101,654,650,4,1.0,0,0.0,1,0.0015,26,0.04,213,0.3277,0,,17,0.0262,2,0.0031,13,0.02,4,0.0062,8,0.0123,13,0.02,78,0.12,16,0.0246,12,0.0185,166,0.2554,12,0.0185,23,0.0354,15,0.0231,22,0.0338,9,0.0138,0,0.0
185,1,Kranj,7,Tržič,13,"SENIČNO, KRAJEVNA SKUPNOST, SENIČNO 30, KRIŽE   ",367.0,267,0.7275,267,263,4,1.0,0,0.0,0,0.0,2,0.0076,83,0.3156,0,,13,0.0494,1,0.0038,7,0.0266,3,0.0114,4,0.0152,7,0.0266,28,0.1065,3,0.0114,7,0.0266,76,0.289,4,0.0152,11,0.0418,4,0.0152,8,0.0304,2,0.0076,0,0.0
186,1,Kranj,7,Tržič,14,"TRŽIČ I,GALERIJA ATRIJ OBČINE TRŽIČ,TRG SVOBODE18",1230.0,544,0.4423,544,539,5,1.0,4,0.0074,1,0.0019,37,0.0686,193,0.3581,0,,26,0.0482,3,0.0056,18,0.0334,4,0.0074,10,0.0186,16,0.0297,21,0.039,9,0.0167,14,0.026,108,0.2004,4,0.0074,22,0.0408,18,0.0334,23,0.0427,4,0.0074,4,0.0074
187,1,Kranj,7,Tržič,15,"TRŽIČ II, DRUŠTVO UPOKOJENCEV TRŽIČ,TRG SVOBODE18",867.0,377,0.4348,377,373,4,1.0,3,0.008,0,0.0,35,0.0938,101,0.2708,0,,10,0.0268,1,0.0027,23,0.0617,4,0.0107,10,0.0268,12,0.0322,26,0.0697,6,0.0161,6,0.0161,80,0.2145,5,0.0134,18,0.0483,14,0.0375,15,0.0402,2,0.0054,2,0.0054
188,1,Kranj,7,Tržič,901,PREDČASNO GLASOVANJE,,1616,,1616,1595,21,1.0,12,0.0075,1,0.0006,55,0.0345,699,0.4382,0,,74,0.0464,4,0.0025,32,0.0201,8,0.005,19,0.0119,46,0.0288,84,0.0527,22,0.0138,41,0.0257,315,0.1975,13,0.0082,62,0.0389,52,0.0326,43,0.027,11,0.0069,2,0.0013
189,1,Kranj,8,Škofja Loka 1,11,"GASILSKI DOM GOSTEČE, GOSTEČE 10, ŠKOFJA LOKA",375.0,286,0.7627,286,285,1,1.0,1,0.0035,0,0.0,6,0.0211,61,0.214,0,,7,0.0246,2,0.007,8,0.0281,5,0.0175,3,0.0105,7,0.0246,44,0.1544,3,0.0105,7,0.0246,108,0.3789,4,0.014,11,0.0386,2,0.007,3,0.0105,3,0.0105,0,0.0
190,1,Kranj,8,Škofja Loka 1,6,"GASILSKI DOM ŠKOFJA LOKA, STUDENEC 5",894.0,591,0.6611,591,585,6,1.0,0,0.0,3,0.0051,14,0.0239,181,0.3094,0,,33,0.0564,0,0.0,21,0.0359,6,0.0103,8,0.0137,10,0.0171,48,0.0821,21,0.0359,24,0.041,148,0.253,5,0.0085,24,0.041,22,0.0376,12,0.0205,4,0.0068,1,0.0017
191,1,Kranj,8,Škofja Loka 1,2,"GASILSKI DOM VIRMAŠE, VIRMAŠE 14, ŠKOFJA LOKA",769.0,583,0.7581,583,580,3,1.0,1,0.0017,0,0.0,12,0.0207,177,0.3052,0,,45,0.0776,1,0.0017,16,0.0276,6,0.0103,13,0.0224,5,0.0086,42,0.0724,10,0.0172,34,0.0586,152,0.2621,6,0.0103,25,0.0431,13,0.0224,18,0.031,3,0.0052,1,0.0017
192,1,Kranj,8,Škofja Loka 1,1,"KRAJEVNA SKUPNOST GODEŠIČ, GODEŠIČ 100, ŠK. LOKA",495.0,386,0.7798,386,384,2,1.0,2,0.0052,1,0.0026,10,0.026,123,0.3203,0,,18,0.0469,1,0.0026,3,0.0078,7,0.0182,4,0.0104,14,0.0365,38,0.099,7,0.0182,13,0.0339,113,0.2943,4,0.0104,19,0.0495,1,0.0026,5,0.013,1,0.0026,0,0.0
193,1,Kranj,8,Škofja Loka 1,23,"KRAJEVNA SKUPNOST LENART, SV. LENART 21, SELCA",302.0,224,0.7417,224,224,0,1.0,1,0.0045,1,0.0045,2,0.0089,40,0.1786,0,,6,0.0268,1,0.0045,14,0.0625,5,0.0223,5,0.0223,2,0.0089,26,0.1161,4,0.0179,9,0.0402,96,0.4286,5,0.0223,2,0.0089,4,0.0179,1,0.0045,0,0.0,0,0.0
194,1,Kranj,8,Škofja Loka 1,16,"KRAJEVNA SKUPNOST PODLUBNIK, PODLUBNIK 139",1584.0,1083,0.6837,1083,1068,15,1.0,9,0.0084,3,0.0028,31,0.029,400,0.3745,0,,81,0.0758,2,0.0019,45,0.0421,10,0.0094,11,0.0103,31,0.029,52,0.0487,17,0.0159,31,0.029,221,0.2069,17,0.0159,44,0.0412,32,0.03,23,0.0215,8,0.0075,0,0.0
195,1,Kranj,8,Škofja Loka 1,3,"KULTURNI DOM SV. DUH, SV. DUH 10, ŠKOFJA LOKA",1227.0,932,0.7596,932,922,10,1.0,2,0.0022,4,0.0043,29,0.0315,274,0.2972,0,,39,0.0423,0,0.0,30,0.0325,9,0.0098,9,0.0098,30,0.0325,74,0.0803,19,0.0206,55,0.0597,248,0.269,16,0.0174,38,0.0412,17,0.0184,18,0.0195,10,0.0108,1,0.0011
196,1,Kranj,8,Škofja Loka 1,25,"OSNOVNA ŠOLA BUKOVICA, BUKOVICA 20, SELCA",590.0,434,0.7356,434,432,2,1.0,1,0.0023,4,0.0093,14,0.0324,76,0.1759,0,,16,0.037,3,0.0069,14,0.0324,8,0.0185,5,0.0116,6,0.0139,62,0.1435,10,0.0231,12,0.0278,178,0.412,7,0.0162,8,0.0185,4,0.0093,1,0.0023,2,0.0046,1,0.0023
197,1,Kranj,8,Škofja Loka 1,24,"OSNOVNA ŠOLA BUKOVŠČICA, BUKOVŠČICA 4, SELCA",267.0,220,0.824,220,216,4,1.0,0,0.0,0,0.0,10,0.0463,30,0.1389,0,,6,0.0278,0,0.0,3,0.0139,1,0.0046,1,0.0046,2,0.0093,25,0.1157,3,0.0139,13,0.0602,101,0.4676,4,0.0185,8,0.037,5,0.0231,4,0.0185,0,0.0,0,0.0
198,1,Kranj,8,Škofja Loka 1,7,"OSNOVNA ŠOLA RETEČE, RETEČE 43, ŠKOFJA LOKA",874.0,629,0.7197,629,625,4,1.0,0,0.0,0,0.0,11,0.0176,197,0.3152,0,,33,0.0528,2,0.0032,27,0.0432,7,0.0112,4,0.0064,3,0.0048,65,0.104,12,0.0192,17,0.0272,166,0.2656,8,0.0128,27,0.0432,37,0.0592,9,0.0144,0,0.0,0,0.0
199,1,Kranj,8,Škofja Loka 1,8,"OŠ CVETKO GOLAR I., FRANKOVO NASELJE 51, ŠK. LOKA",1274.0,851,0.668,851,845,6,1.0,6,0.0071,2,0.0024,49,0.058,283,0.3349,0,,43,0.0509,2,0.0024,34,0.0402,8,0.0095,21,0.0249,11,0.013,56,0.0663,15,0.0178,23,0.0272,200,0.2367,7,0.0083,44,0.0521,24,0.0284,12,0.0142,5,0.0059,0,0.0
200,1,Kranj,8,Škofja Loka 1,9,"OŠ CVETKO GOLAR II., FRANKOVO NASELJE 51,ŠK.LOKA",1030.0,676,0.6563,676,670,6,1.0,3,0.0045,1,0.0015,37,0.0552,242,0.3612,0,,36,0.0537,1,0.0015,26,0.0388,5,0.0075,18,0.0269,8,0.0119,44,0.0657,13,0.0194,19,0.0284,148,0.2209,6,0.009,31,0.0463,19,0.0284,4,0.006,7,0.0104,2,0.003
201,1,Kranj,8,Škofja Loka 1,10,"OŠ CVETKO GOLAR III., FRANKOVO NASELJE 51,ŠK.LOKA",537.0,393,0.7318,393,390,3,1.0,1,0.0026,1,0.0026,9,0.0231,109,0.2795,0,,29,0.0744,0,0.0,12,0.0308,3,0.0077,7,0.0179,5,0.0128,39,0.1,17,0.0436,12,0.0308,101,0.259,7,0.0179,21,0.0538,6,0.0154,7,0.0179,2,0.0051,2,0.0051
202,1,Kranj,8,Škofja Loka 1,12,"OŠ IVANA GROHARJA, PODLUBNIK 1, ŠKOFJA LOKA",1270.0,880,0.6929,880,873,7,1.0,3,0.0034,3,0.0034,30,0.0344,329,0.3769,0,,65,0.0745,2,0.0023,30,0.0344,5,0.0057,12,0.0137,20,0.0229,43,0.0493,19,0.0218,30,0.0344,193,0.2211,11,0.0126,39,0.0447,26,0.0298,9,0.0103,4,0.0046,0,0.0
203,1,Kranj,8,Škofja Loka 1,4,"OŠ ŠKOFJA LOKA-MESTO, ŠOLSKA ULICA 1, ŠK. LOKA",639.0,352,0.5509,352,350,2,1.0,4,0.0114,1,0.0029,11,0.0314,105,0.3,0,,42,0.12,1,0.0029,7,0.02,4,0.0114,13,0.0371,8,0.0229,21,0.06,12,0.0343,14,0.04,62,0.1771,8,0.0229,16,0.0457,13,0.0371,7,0.02,1,0.0029,0,0.0
204,1,Kranj,8,Škofja Loka 1,5,"PROSTORI DRUŠTVA UPOKOJENCEV,PARTIZANSKA C.1,Š.L.",804.0,503,0.6256,503,498,5,1.0,3,0.006,2,0.004,12,0.0241,180,0.3614,0,,49,0.0984,0,0.0,14,0.0281,2,0.004,12,0.0241,5,0.01,34,0.0683,9,0.0181,14,0.0281,105,0.2108,2,0.004,27,0.0542,15,0.0301,8,0.0161,4,0.008,1,0.002
205,1,Kranj,8,Škofja Loka 1,14,"PUŠTALSKI GRAD, PUŠTAL 21, ŠKOFJA LOKA",542.0,379,0.6993,379,376,3,1.0,2,0.0053,0,0.0,12,0.0319,106,0.2819,0,,36,0.0957,1,0.0027,17,0.0452,7,0.0186,4,0.0106,10,0.0266,36,0.0957,7,0.0186,14,0.0372,85,0.2261,8,0.0213,14,0.0372,7,0.0186,9,0.0239,1,0.0027,0,0.0
206,1,Kranj,8,Škofja Loka 1,13,"SOKOLSKI DOM ŠKOFJA LOKA, MESTNI TRG 17, ŠK. LOKA",1096.0,555,0.5064,554,545,9,1.0,3,0.0055,3,0.0055,18,0.033,174,0.3193,0,,48,0.0881,2,0.0037,22,0.0404,2,0.0037,12,0.022,5,0.0092,44,0.0807,12,0.022,13,0.0239,132,0.2422,3,0.0055,18,0.033,15,0.0275,16,0.0294,2,0.0037,1,0.0018
207,1,Kranj,8,Škofja Loka 1,21,"ŠOLA GABRK, GABRK 1, ŠKOFJA LOKA",228.0,175,0.7675,175,173,2,1.0,0,0.0,0,0.0,9,0.052,47,0.2717,0,,14,0.0809,0,0.0,5,0.0289,1,0.0058,1,0.0058,0,0.0,23,0.1329,7,0.0405,5,0.0289,47,0.2717,1,0.0058,6,0.0347,5,0.0289,2,0.0116,0,0.0,0,0.0
208,1,Kranj,8,Škofja Loka 1,15,"TRGOVINA KMEČKI STROJI, SV. BARBARA 23, ŠK. LOKA",315.0,216,0.6857,216,212,4,1.0,0,0.0,0,0.0,4,0.0189,41,0.1934,0,,14,0.066,0,0.0,5,0.0236,4,0.0189,3,0.0142,1,0.0047,14,0.066,3,0.0142,4,0.0189,102,0.4811,5,0.0236,5,0.0236,3,0.0142,3,0.0142,1,0.0047,0,0.0
209,1,Kranj,8,Škofja Loka 1,18,"TRŽNICA ŠKOFJA LOKA, PARTIZANSKA CESTA 1, ŠK.LOKA",1325.0,878,0.6626,877,868,9,1.0,7,0.0081,1,0.0012,14,0.0161,236,0.2719,0,,44,0.0507,2,0.0023,39,0.0449,6,0.0069,13,0.015,14,0.0161,83,0.0956,21,0.0242,36,0.0415,247,0.2846,14,0.0161,39,0.0449,20,0.023,15,0.0173,16,0.0184,1,0.0012
210,1,Kranj,8,Škofja Loka 1,20,"ZADRUŽNI DOM LOG NAD ŠKOFJO LOKO, LOG NAD ŠK.L.31",429.0,337,0.7855,337,334,3,1.0,3,0.009,0,0.0,7,0.021,50,0.1497,0,,4,0.012,1,0.003,6,0.018,8,0.024,2,0.006,6,0.018,48,0.1437,2,0.006,15,0.0449,165,0.494,3,0.009,4,0.012,1,0.003,4,0.012,4,0.012,1,0.003
211,1,Kranj,8,Škofja Loka 1,22,"ZADRUŽNI DOM ZMINEC, ZMINEC 35, ŠKOFJA LOKA",737.0,556,0.7544,556,552,4,1.0,2,0.0036,0,0.0,14,0.0254,125,0.2264,0,,9,0.0163,0,0.0,17,0.0308,7,0.0127,12,0.0217,9,0.0163,49,0.0888,10,0.0181,34,0.0616,214,0.3877,10,0.0181,14,0.0254,9,0.0163,8,0.0145,8,0.0145,1,0.0018
212,1,Kranj,8,Škofja Loka 1,901,PREDČASNO GLASOVANJE,,1858,,1858,1846,12,1.0,2,0.0011,5,0.0027,51,0.0276,763,0.4133,0,,189,0.1024,4,0.0022,53,0.0287,12,0.0065,24,0.013,40,0.0217,91,0.0493,15,0.0081,61,0.033,350,0.1896,11,0.006,95,0.0515,43,0.0233,34,0.0184,3,0.0016,0,0.0
213,1,Kranj,9,Škofja Loka 2,18,"BERCE MIRKO, LAJŠE 12, SELCA",89.0,75,0.8427,75,75,0,1.0,0,0.0,0,0.0,1,0.0133,13,0.1733,0,,2,0.0267,0,0.0,2,0.0267,1,0.0133,0,0.0,0,0.0,4,0.0533,2,0.0267,21,0.28,27,0.36,1,0.0133,0,0.0,1,0.0133,0,0.0,0,0.0,0,0.0
214,1,Kranj,9,Škofja Loka 2,10,"DEMŠAR SLAVKO, DOLENJE BRDO 7, POLJANE ",135.0,115,0.8519,115,115,0,1.0,1,0.0087,0,0.0,1,0.0087,24,0.2087,0,,1,0.0087,0,0.0,4,0.0348,2,0.0174,0,0.0,0,0.0,8,0.0696,1,0.0087,2,0.0174,63,0.5478,6,0.0522,0,0.0,1,0.0087,1,0.0087,0,0.0,0,0.0
215,1,Kranj,9,Škofja Loka 2,27,"DRUŽBENI DOM PARTIZAN ŽIRI, LOŠKA C. 17, ŽIRI",1063.0,830,0.7808,830,824,6,1.0,2,0.0024,0,0.0,21,0.0255,244,0.2961,0,,18,0.0218,0,0.0,23,0.0279,6,0.0073,10,0.0121,20,0.0243,103,0.125,12,0.0146,33,0.04,221,0.2682,9,0.0109,62,0.0752,18,0.0218,15,0.0182,7,0.0085,0,0.0
216,1,Kranj,9,Škofja Loka 2,13,"ETNOGRAFSKI MUZEJ DAVČA, DAVČA 25 A, ŽELEZNIKI",227.0,152,0.6696,152,152,0,1.0,0,0.0,0,0.0,5,0.0329,13,0.0855,0,,3,0.0197,0,0.0,2,0.0132,13,0.0855,5,0.0329,2,0.0132,17,0.1118,5,0.0329,11,0.0724,68,0.4474,0,0.0,4,0.0263,2,0.0132,0,0.0,2,0.0132,0,0.0
217,1,Kranj,9,Škofja Loka 2,30,"GASILSKI DOM BREKOVICE, BREKOVICE 14, ŽIRI",103.0,91,0.8835,91,90,1,1.0,0,0.0,0,0.0,0,0.0,13,0.1444,0,,5,0.0556,0,0.0,3,0.0333,0,0.0,2,0.0222,3,0.0333,15,0.1667,0,0.0,8,0.0889,34,0.3778,1,0.0111,4,0.0444,1,0.0111,1,0.0111,0,0.0,0,0.0
218,1,Kranj,9,Škofja Loka 2,32,"GASILSKI DOM DOBRAČEVA, LOŠKA C. 64, ŽIRI",741.0,561,0.7571,561,554,7,1.0,0,0.0,1,0.0018,20,0.0361,180,0.3249,0,,13,0.0235,2,0.0036,19,0.0343,6,0.0108,8,0.0144,3,0.0054,72,0.13,7,0.0126,19,0.0343,151,0.2726,7,0.0126,18,0.0325,11,0.0199,16,0.0289,1,0.0018,0,0.0
219,1,Kranj,9,Škofja Loka 2,3,"GASILSKI DOM HOTAVLJE, HOTAVLJE 112, GORENJA VAS",616.0,465,0.7549,465,460,5,1.0,5,0.0109,1,0.0022,5,0.0109,74,0.1609,0,,12,0.0261,1,0.0022,17,0.037,5,0.0109,2,0.0043,16,0.0348,43,0.0935,6,0.013,21,0.0457,217,0.4717,7,0.0152,13,0.0283,8,0.0174,4,0.0087,3,0.0065,0,0.0
220,1,Kranj,9,Škofja Loka 2,31,"GASILSKI DOM RAČEVA, RAČEVA 41, ŽIRI",249.0,171,0.6867,171,170,1,1.0,0,0.0,0,0.0,7,0.0412,24,0.1412,0,,5,0.0294,1,0.0059,9,0.0529,6,0.0353,1,0.0059,6,0.0353,9,0.0529,6,0.0353,4,0.0235,73,0.4294,0,0.0,6,0.0353,11,0.0647,2,0.0118,0,0.0,0,0.0
221,1,Kranj,9,Škofja Loka 2,16,"GASILSKI DOM RUDNO, RUDNO 5, ŽELEZNIKI",188.0,151,0.8032,151,150,1,1.0,1,0.0067,0,0.0,4,0.0267,27,0.18,0,,3,0.02,0,0.0,6,0.04,7,0.0467,1,0.0067,1,0.0067,18,0.12,0,0.0,20,0.1333,53,0.3533,4,0.0267,4,0.0267,0,0.0,1,0.0067,0,0.0,0,0.0
222,1,Kranj,9,Škofja Loka 2,7,"GASILSKI DOM TREBIJA, TREBIJA 4, GORENJA VAS",440.0,346,0.7864,346,342,4,1.0,0,0.0,3,0.0088,11,0.0322,102,0.2982,0,,11,0.0322,1,0.0029,17,0.0497,7,0.0205,6,0.0175,5,0.0146,23,0.0673,5,0.0146,2,0.0058,120,0.3509,7,0.0205,15,0.0439,3,0.0088,3,0.0088,1,0.0029,0,0.0
223,1,Kranj,9,Škofja Loka 2,19,"KRAJEVNA SKUPNOST SORICA,SPODNJA SORICA 16,SORICA",269.0,215,0.7993,215,212,3,1.0,0,0.0,0,0.0,4,0.0189,23,0.1085,0,,2,0.0094,0,0.0,4,0.0189,9,0.0425,0,0.0,2,0.0094,16,0.0755,8,0.0377,21,0.0991,111,0.5236,1,0.0047,6,0.0283,2,0.0094,1,0.0047,2,0.0094,0,0.0
224,1,Kranj,9,Škofja Loka 2,12,"KULTURNA DVORANA SOVODENJ, SOVODENJ 23, SOVODENJ",463.0,341,0.7365,341,341,0,1.0,6,0.0176,1,0.0029,5,0.0147,78,0.2287,0,,9,0.0264,1,0.0029,11,0.0323,5,0.0147,1,0.0029,10,0.0293,39,0.1144,9,0.0264,15,0.044,124,0.3636,1,0.0029,16,0.0469,4,0.0117,4,0.0117,2,0.0059,0,0.0
225,1,Kranj,9,Škofja Loka 2,6,"KULTURNI DOM LUČINE, LUČINE 11A, GORENJA VAS",420.0,311,0.7405,311,310,1,1.0,0,0.0,0,0.0,4,0.0129,41,0.1323,0,,9,0.029,0,0.0,10,0.0323,4,0.0129,1,0.0032,3,0.0097,35,0.1129,2,0.0065,8,0.0258,183,0.5903,4,0.0129,4,0.0129,0,0.0,2,0.0065,0,0.0,0,0.0
226,1,Kranj,9,Škofja Loka 2,9,"KULTURNI DOM POLJANE-PISARNA KRAJ.SKUP,POLJANE 77",1409.0,1105,0.7842,1105,1098,7,1.0,3,0.0027,5,0.0046,17,0.0155,225,0.2049,0,,32,0.0291,2,0.0018,34,0.031,12,0.0109,18,0.0164,14,0.0128,141,0.1284,19,0.0173,36,0.0328,451,0.4107,17,0.0155,33,0.0301,18,0.0164,11,0.01,9,0.0082,1,0.0009
227,1,Kranj,9,Škofja Loka 2,23,"KULTURNI DOM ZALI LOG, ZALI LOG 46 A, ŽELEZNIKI",269.0,210,0.7807,210,205,5,1.0,1,0.0049,0,0.0,6,0.0293,34,0.1659,0,,5,0.0244,1,0.0049,5,0.0244,9,0.0439,5,0.0244,5,0.0244,15,0.0732,3,0.0146,15,0.0732,82,0.4,2,0.0098,5,0.0244,5,0.0244,2,0.0098,5,0.0244,0,0.0
228,1,Kranj,9,Škofja Loka 2,20,"KULTURNI DOM ŽELEZNIKI, TRNJE 39, ŽELEZNIKI",739.0,522,0.7064,522,520,2,1.0,2,0.0038,2,0.0038,23,0.0442,127,0.2442,0,,36,0.0692,1,0.0019,21,0.0404,3,0.0058,11,0.0212,9,0.0173,36,0.0692,17,0.0327,26,0.05,128,0.2462,16,0.0308,45,0.0865,8,0.0154,6,0.0115,2,0.0038,1,0.0019
229,1,Kranj,9,Škofja Loka 2,14,"OBJEKT NA ŠPORTNRM IGRIŠČU V DOLENJI VASI, SELCA",372.0,293,0.7876,293,290,3,1.0,0,0.0,4,0.0138,9,0.031,54,0.1862,0,,7,0.0241,1,0.0034,13,0.0448,2,0.0069,2,0.0069,2,0.0069,21,0.0724,7,0.0241,31,0.1069,113,0.3897,4,0.0138,8,0.0276,7,0.0241,3,0.0103,2,0.0069,0,0.0
230,1,Kranj,9,Škofja Loka 2,24,"OBJEKT PRI ŠOLI V PODLONKU, ŽELEZNIKI",147.0,114,0.7755,114,114,0,1.0,0,0.0,0,0.0,0,0.0,16,0.1404,0,,5,0.0439,0,0.0,2,0.0175,4,0.0351,0,0.0,1,0.0088,10,0.0877,4,0.0351,5,0.0439,56,0.4912,3,0.0263,3,0.0263,2,0.0175,2,0.0175,1,0.0088,0,0.0
231,1,Kranj,9,Škofja Loka 2,15,"OSNOVNA ŠOLA DRAŽGOŠE, DRAŽGOŠE 35, ŽELEZNIKI",258.0,206,0.7984,206,204,2,1.0,1,0.0049,2,0.0098,10,0.049,56,0.2745,0,,7,0.0343,0,0.0,11,0.0539,2,0.0098,1,0.0049,3,0.0147,22,0.1078,7,0.0343,23,0.1127,37,0.1814,1,0.0049,10,0.049,4,0.0196,4,0.0196,2,0.0098,1,0.0049
232,1,Kranj,9,Škofja Loka 2,5,"OSNOVNA ŠOLA JAVORJE, JAVORJE 6, POLJANE",495.0,388,0.7838,388,379,9,1.0,1,0.0026,1,0.0026,7,0.0185,40,0.1055,0,,3,0.0079,0,0.0,6,0.0158,7,0.0185,3,0.0079,0,0.0,40,0.1055,2,0.0053,16,0.0422,229,0.6042,6,0.0158,6,0.0158,4,0.0106,5,0.0132,3,0.0079,0,0.0
233,1,Kranj,9,Škofja Loka 2,4,"OSNOVNA ŠOLA LESKOVICA, LESKOVICA 1, GORENJA VAS",265.0,186,0.7019,186,186,0,1.0,2,0.0108,0,0.0,7,0.0376,32,0.172,0,,2,0.0108,0,0.0,6,0.0323,13,0.0699,4,0.0215,6,0.0323,15,0.0806,0,0.0,13,0.0699,70,0.3763,4,0.0215,4,0.0215,4,0.0215,3,0.0161,1,0.0054,0,0.0
234,1,Kranj,9,Škofja Loka 2,25,"OSNOVNA ŠOLA MARTINJ VRH,MARTINJ VRH 21,ŽELEZNIKI",171.0,143,0.8363,143,140,3,1.0,0,0.0,0,0.0,2,0.0143,9,0.0643,0,,4,0.0286,0,0.0,4,0.0286,2,0.0143,2,0.0143,0,0.0,16,0.1143,0,0.0,14,0.1,81,0.5786,1,0.0071,2,0.0143,0,0.0,1,0.0071,2,0.0143,0,0.0
235,1,Kranj,9,Škofja Loka 2,17,"OSNOVNA ŠOLA SELCA, SELCA 95, SELCA",728.0,593,0.8146,593,591,2,1.0,1,0.0017,1,0.0017,13,0.022,99,0.1675,0,,31,0.0525,1,0.0017,15,0.0254,14,0.0237,7,0.0118,6,0.0102,77,0.1303,10,0.0169,46,0.0778,228,0.3858,5,0.0085,16,0.0271,11,0.0186,7,0.0118,3,0.0051,0,0.0
236,1,Kranj,9,Škofja Loka 2,21,"OSNOVNA ŠOLA ŽELEZNIKI, OTOKI 13, ŽELEZNIKI",1154.0,796,0.6898,796,786,10,1.0,8,0.0102,3,0.0038,33,0.042,192,0.2443,0,,44,0.056,2,0.0025,28,0.0356,10,0.0127,17,0.0216,6,0.0076,76,0.0967,26,0.0331,41,0.0522,197,0.2506,8,0.0102,52,0.0662,19,0.0242,9,0.0115,15,0.0191,0,0.0
237,1,Kranj,9,Škofja Loka 2,26,"OŠ ŽIRI-VEČNAM.PROSTOR-NOVI D.,JOBSTOVA C.22,ŽIRI",619.0,454,0.7334,454,452,2,1.0,1,0.0022,1,0.0022,14,0.031,111,0.2456,0,,19,0.042,1,0.0022,15,0.0332,6,0.0133,6,0.0133,7,0.0155,75,0.1659,13,0.0288,8,0.0177,116,0.2566,5,0.0111,22,0.0487,12,0.0265,11,0.0243,7,0.0155,2,0.0044
238,1,Kranj,9,Škofja Loka 2,22,"RESTAVRACIJA LUŠINA, ČEŠNJICA 54, ŽELEZNIKI",681.0,501,0.7357,501,497,4,1.0,2,0.004,2,0.004,14,0.0282,117,0.2354,0,,22,0.0443,2,0.004,20,0.0402,5,0.0101,9,0.0181,6,0.0121,51,0.1026,10,0.0201,33,0.0664,155,0.3119,5,0.0101,24,0.0483,14,0.0282,4,0.008,2,0.004,0,0.0
239,1,Kranj,9,Škofja Loka 2,1,"RUDNIK ŽIROVSKI VRH-TODRAŽ, TODRAŽ 1, GORENJA VAS",252.0,193,0.7659,193,192,1,1.0,1,0.0052,0,0.0,7,0.0365,38,0.1979,0,,1,0.0052,1,0.0052,4,0.0208,3,0.0156,1,0.0052,3,0.0156,15,0.0781,1,0.0052,13,0.0677,89,0.4635,4,0.0208,3,0.0156,1,0.0052,5,0.026,2,0.0104,0,0.0
240,1,Kranj,9,Škofja Loka 2,2,"SOKOLSKI DOM GORENJA VAS-MALA DVORANA,POLJAN.C.87",1167.0,786,0.6735,786,777,9,1.0,3,0.0039,2,0.0026,29,0.0373,200,0.2574,0,,21,0.027,1,0.0013,24,0.0309,13,0.0167,7,0.009,11,0.0142,88,0.1133,11,0.0142,23,0.0296,246,0.3166,13,0.0167,38,0.0489,21,0.027,19,0.0245,7,0.009,0,0.0
241,1,Kranj,9,Škofja Loka 2,8,"STAVBA OB ŽUPNIŠČU V STARI OSELICI,ST.OSELICA 33",95.0,65,0.6842,65,65,0,1.0,0,0.0,0,0.0,0,0.0,7,0.1077,0,,0,0.0,1,0.0154,1,0.0154,1,0.0154,4,0.0615,1,0.0154,7,0.1077,1,0.0154,0,0.0,37,0.5692,1,0.0154,2,0.0308,2,0.0308,0,0.0,0,0.0,0,0.0
242,1,Kranj,9,Škofja Loka 2,11,"ŠOLA MALENSKI VRH, MALENSKI VRH 14, POLJANE",63.0,50,0.7937,50,49,1,1.0,0,0.0,0,0.0,1,0.0204,9,0.1837,0,,0,0.0,0,0.0,0,0.0,0,0.0,0,0.0,0,0.0,3,0.0612,1,0.0204,0,0.0,31,0.6327,1,0.0204,0,0.0,2,0.0408,1,0.0204,0,0.0,0,0.0
243,1,Kranj,9,Škofja Loka 2,29,"TRGOVINA NA SELU, SELO 2, ŽIRI",388.0,291,0.75,291,286,5,1.0,4,0.014,0,0.0,7,0.0245,77,0.2692,0,,9,0.0315,1,0.0035,16,0.0559,3,0.0105,3,0.0105,2,0.007,34,0.1189,3,0.0105,10,0.035,89,0.3112,5,0.0175,17,0.0594,2,0.007,1,0.0035,3,0.0105,0,0.0
244,1,Kranj,9,Škofja Loka 2,28,"ZADRUŽNI DOM ŽIRI,AVLA DVORANE,TRG SVOBODE 6,ŽIRI",798.0,591,0.7406,591,586,5,1.0,1,0.0017,1,0.0017,16,0.0273,164,0.2799,0,,22,0.0375,2,0.0034,30,0.0512,4,0.0068,11,0.0188,19,0.0324,86,0.1468,3,0.0051,16,0.0273,135,0.2304,16,0.0273,38,0.0648,12,0.0205,7,0.0119,3,0.0051,0,0.0
245,1,Kranj,9,Škofja Loka 2,901,PREDČASNO GLASOVANJE,,674,,674,670,4,1.0,2,0.003,0,0.0,20,0.0299,222,0.3313,0,,38,0.0567,2,0.003,15,0.0224,5,0.0075,3,0.0045,19,0.0284,57,0.0851,10,0.0149,37,0.0552,156,0.2328,8,0.0119,34,0.0507,16,0.0239,17,0.0254,8,0.0119,1,0.0015
246,1,Kranj,10,Kamnik,27,GASILSKI DOM KRIŽ,421.0,316,0.7506,316,314,2,1.0,0,0.0,0,0.0,8,0.0255,92,0.293,0,,7,0.0223,1,0.0032,19,0.0605,8,0.0255,5,0.0159,5,0.0159,41,0.1306,7,0.0223,9,0.0287,81,0.258,4,0.0127,11,0.035,4,0.0127,10,0.0318,2,0.0064,0,0.0
247,1,Kranj,10,Kamnik,6,"GASILSKI DOM SREDNJA VAS, SR. VAS PRI KAMNIKU 23",562.0,422,0.7509,422,419,3,1.0,0,0.0,1,0.0024,8,0.0191,94,0.2243,0,,7,0.0167,1,0.0024,52,0.1241,7,0.0167,4,0.0095,0,0.0,83,0.1981,8,0.0191,7,0.0167,115,0.2745,7,0.0167,13,0.031,6,0.0143,4,0.0095,2,0.0048,0,0.0
248,1,Kranj,10,Kamnik,23,GIMNAZIJA IN SREDNJA ŠOLA RUDOLFA MAISTRA KAMNIK,906.0,621,0.6854,621,618,3,1.0,2,0.0032,1,0.0016,10,0.0162,198,0.3204,0,,21,0.034,1,0.0016,106,0.1715,3,0.0049,5,0.0081,13,0.021,67,0.1084,10,0.0162,15,0.0243,109,0.1764,9,0.0146,24,0.0388,14,0.0227,7,0.0113,3,0.0049,0,0.0
249,1,Kranj,10,Kamnik,1,KRAJEVNI DOM MOTNIK,252.0,187,0.7421,187,185,2,1.0,0,0.0,0,0.0,3,0.0162,35,0.1892,0,,5,0.027,0,0.0,26,0.1405,4,0.0216,2,0.0108,1,0.0054,42,0.227,2,0.0108,1,0.0054,46,0.2486,2,0.0108,13,0.0703,1,0.0054,2,0.0108,0,0.0,0,0.0
250,1,Kranj,10,Kamnik,11,KS GODIČ,694.0,491,0.7075,491,488,3,1.0,2,0.0041,0,0.0,16,0.0328,131,0.2684,0,,9,0.0184,6,0.0123,54,0.1107,7,0.0143,5,0.0102,14,0.0287,71,0.1455,6,0.0123,6,0.0123,107,0.2193,7,0.0143,17,0.0348,16,0.0328,6,0.0123,7,0.0143,1,0.002
251,1,Kranj,10,Kamnik,5,"KS PŠAJNOVICA, MALI RAKITOVEC 15",165.0,113,0.6848,113,112,1,1.0,0,0.0,0,0.0,1,0.0089,28,0.25,0,,1,0.0089,0,0.0,14,0.125,0,0.0,0,0.0,1,0.0089,36,0.3214,2,0.0179,3,0.0268,16,0.1429,0,0.0,4,0.0357,2,0.0179,0,0.0,4,0.0357,0,0.0
252,1,Kranj,10,Kamnik,3,KULTURNA DVORANA LAZE,986.0,777,0.788,777,775,2,1.0,5,0.0065,2,0.0026,8,0.0103,121,0.1561,0,,11,0.0142,1,0.0013,104,0.1342,11,0.0142,5,0.0065,8,0.0103,321,0.4142,9,0.0116,9,0.0116,103,0.1329,13,0.0168,25,0.0323,6,0.0077,4,0.0052,8,0.0103,1,0.0013
253,1,Kranj,10,Kamnik,25,KULTURNI DOM PODGORJE,797.0,599,0.7516,599,595,4,1.0,1,0.0017,1,0.0017,6,0.0101,183,0.3076,0,,24,0.0403,2,0.0034,87,0.1462,13,0.0218,4,0.0067,10,0.0168,63,0.1059,10,0.0168,14,0.0235,129,0.2168,6,0.0101,22,0.037,10,0.0168,6,0.0101,4,0.0067,0,0.0
254,1,Kranj,10,Kamnik,20,KULTURNI DOM ŠMARCA,1146.0,862,0.7522,861,854,7,1.0,2,0.0023,1,0.0012,9,0.0105,242,0.2834,0,,20,0.0234,5,0.0059,158,0.185,4,0.0047,9,0.0105,9,0.0105,96,0.1124,17,0.0199,16,0.0187,197,0.2307,12,0.0141,19,0.0222,25,0.0293,9,0.0105,4,0.0047,0,0.0
255,1,Kranj,10,Kamnik,4,KULTURNI DOM ŠMARTNO,613.0,469,0.7651,469,467,2,1.0,0,0.0,1,0.0021,9,0.0193,97,0.2077,0,,9,0.0193,1,0.0021,65,0.1392,4,0.0086,2,0.0043,2,0.0043,104,0.2227,1,0.0021,15,0.0321,131,0.2805,3,0.0064,12,0.0257,9,0.0193,1,0.0021,1,0.0021,0,0.0
256,1,Kranj,10,Kamnik,2,KULTURNI DOM ŠPITALIČ,224.0,148,0.6607,148,146,2,1.0,2,0.0137,0,0.0,3,0.0205,19,0.1301,0,,4,0.0274,0,0.0,18,0.1233,0,0.0,4,0.0274,1,0.0068,53,0.363,2,0.0137,2,0.0137,25,0.1712,3,0.0205,3,0.0205,1,0.0068,4,0.0274,2,0.0137,0,0.0
257,1,Kranj,10,Kamnik,21,KULTURNI DOM VOLČJI POTOK,396.0,277,0.6995,277,275,2,1.0,3,0.0109,0,0.0,12,0.0436,84,0.3055,0,,10,0.0364,0,0.0,43,0.1564,2,0.0073,2,0.0073,3,0.0109,33,0.12,8,0.0291,6,0.0218,50,0.1818,4,0.0145,9,0.0327,2,0.0073,2,0.0073,2,0.0073,0,0.0
258,1,Kranj,10,Kamnik,22,"OBČINA KAMNIK, GLAVNI TRG 24",2216.0,990,0.4468,990,982,8,1.0,5,0.0051,1,0.001,24,0.0244,303,0.3086,0,,51,0.0519,3,0.0031,141,0.1436,21,0.0214,14,0.0143,6,0.0061,93,0.0947,28,0.0285,27,0.0275,153,0.1558,13,0.0132,50,0.0509,30,0.0305,9,0.0092,9,0.0092,1,0.001
259,1,Kranj,10,Kamnik,10,"OSNOVNA ŠOLA FRANA ALBREHTA, PODRUŽ. VRANJA PEČ",256.0,184,0.7188,184,182,2,1.0,1,0.0055,0,0.0,1,0.0055,38,0.2088,0,,3,0.0165,1,0.0055,25,0.1374,1,0.0055,2,0.011,3,0.0165,46,0.2527,0,0.0,4,0.022,46,0.2527,1,0.0055,4,0.022,4,0.022,2,0.011,0,0.0,0,0.0
260,1,Kranj,10,Kamnik,8,"OSNOVNA ŠOLA FRANA ALBREHTA, PODRUŽNICA NEVLJE",1418.0,1018,0.7179,1018,1009,9,1.0,11,0.0109,0,0.0,19,0.0188,301,0.2983,0,,26,0.0258,1,0.001,132,0.1308,16,0.0159,20,0.0198,12,0.0119,128,0.1269,22,0.0218,16,0.0159,206,0.2042,13,0.0129,37,0.0367,22,0.0218,21,0.0208,5,0.005,1,0.001
261,1,Kranj,10,Kamnik,17,"OSNOVNA ŠOLA FRANA ALBREHTA, PODRUŽNICA TUNJICE",581.0,401,0.6902,401,394,7,1.0,4,0.0102,0,0.0,7,0.0178,78,0.198,0,,9,0.0228,1,0.0025,34,0.0863,10,0.0254,7,0.0178,2,0.0051,62,0.1574,4,0.0102,5,0.0127,134,0.3401,7,0.0178,17,0.0431,2,0.0051,8,0.0203,3,0.0076,0,0.0
262,1,Kranj,10,Kamnik,26,"OSNOVNA ŠOLA FRANA ALBREHTA, ŠOLSKA ULICA 1",1616.0,971,0.6009,971,957,14,1.0,5,0.0052,0,0.0,25,0.0261,366,0.3824,0,,40,0.0418,2,0.0021,153,0.1599,6,0.0063,13,0.0136,13,0.0136,71,0.0742,15,0.0157,17,0.0178,134,0.14,4,0.0042,49,0.0512,29,0.0303,8,0.0084,7,0.0073,0,0.0
263,1,Kranj,10,Kamnik,28,"OSNOVNA ŠOLA KOMENDA MOSTE, MOSTE 40",1758.0,1290,0.7338,1290,1282,8,1.0,5,0.0039,5,0.0039,34,0.0265,417,0.3253,0,,38,0.0296,2,0.0016,93,0.0725,20,0.0156,30,0.0234,30,0.0234,177,0.1381,23,0.0179,32,0.025,271,0.2114,17,0.0133,44,0.0343,24,0.0187,12,0.0094,7,0.0055,1,0.0008
264,1,Kranj,10,Kamnik,18,OSNOVNA ŠOLA MARIJE VERE,1568.0,970,0.6186,970,963,7,1.0,4,0.0042,3,0.0031,25,0.026,336,0.3489,0,,53,0.055,4,0.0042,148,0.1537,7,0.0073,17,0.0177,16,0.0166,67,0.0696,21,0.0218,16,0.0166,131,0.136,6,0.0062,59,0.0613,27,0.028,15,0.0156,8,0.0083,0,0.0
265,1,Kranj,10,Kamnik,19,OSNOVNA ŠOLA MARIJE VERE,1664.0,1009,0.6064,1009,997,12,1.0,11,0.011,4,0.004,32,0.0321,419,0.4203,0,,37,0.0371,0,0.0,161,0.1615,5,0.005,17,0.0171,16,0.016,48,0.0481,12,0.012,14,0.014,121,0.1214,10,0.01,49,0.0491,21,0.0211,13,0.013,6,0.006,1,0.001
266,1,Kranj,10,Kamnik,15,OSNOVNA ŠOLA STRANJE,1618.0,1108,0.6848,1108,1098,10,1.0,4,0.0036,2,0.0018,31,0.0282,294,0.2678,0,,29,0.0264,3,0.0027,131,0.1193,14,0.0128,15,0.0137,22,0.02,128,0.1166,15,0.0137,15,0.0137,310,0.2823,14,0.0128,31,0.0282,14,0.0128,16,0.0146,10,0.0091,0,0.0
267,1,Kranj,10,Kamnik,13,"OSNOVNA ŠOLA STRANJE, PODRUŽNICA GOZD",616.0,391,0.6347,391,389,2,1.0,3,0.0077,1,0.0026,12,0.0308,122,0.3136,0,,11,0.0283,0,0.0,49,0.126,5,0.0129,3,0.0077,0,0.0,46,0.1183,2,0.0051,5,0.0129,106,0.2725,3,0.0077,5,0.0129,8,0.0206,3,0.0077,5,0.0129,0,0.0
268,1,Kranj,10,Kamnik,29,"OŠ KOMENDA MOSTE, GLAVARJEVA CESTA 37, KOMENDA",2500.0,1727,0.6908,1721,1705,16,1.0,7,0.0041,7,0.0041,42,0.0246,526,0.3085,0,,51,0.0299,0,0.0,106,0.0622,26,0.0152,15,0.0088,23,0.0135,232,0.1361,42,0.0246,44,0.0258,441,0.2587,16,0.0094,62,0.0364,27,0.0158,29,0.017,8,0.0047,1,0.0006
269,1,Kranj,10,Kamnik,7,PODRUŽNIČNA ŠOLA SELA PRI KAMNIKU,512.0,352,0.6875,352,349,3,1.0,2,0.0057,2,0.0057,10,0.0287,61,0.1748,0,,6,0.0172,0,0.0,24,0.0688,6,0.0172,1,0.0029,3,0.0086,50,0.1433,5,0.0143,9,0.0258,139,0.3983,2,0.0057,14,0.0401,7,0.0201,6,0.0172,1,0.0029,1,0.0029
270,1,Kranj,10,Kamnik,16,ŠKD MEKINJE,1329.0,844,0.6351,844,834,10,1.0,2,0.0024,2,0.0024,21,0.0252,262,0.3141,0,,26,0.0312,1,0.0012,138,0.1655,14,0.0168,16,0.0192,9,0.0108,102,0.1223,12,0.0144,19,0.0228,128,0.1535,8,0.0096,37,0.0444,25,0.03,9,0.0108,2,0.0024,1,0.0012
271,1,Kranj,10,Kamnik,24,"VRTEC SNEGULJČICA, KOVINARSKA CESTA 11",2038.0,1258,0.6173,1258,1251,7,1.0,4,0.0032,3,0.0024,25,0.02,462,0.3693,0,,69,0.0552,0,0.0,206,0.1647,5,0.004,20,0.016,27,0.0216,68,0.0544,37,0.0296,22,0.0176,149,0.1191,11,0.0088,70,0.056,42,0.0336,16,0.0128,14,0.0112,1,0.0008
272,1,Kranj,10,Kamnik,901,PREDČASNO GLASOVANJE,,3145,,3145,3119,26,1.0,9,0.0029,10,0.0032,57,0.0183,1219,0.3908,0,,171,0.0548,1,0.0003,444,0.1424,29,0.0093,31,0.0099,58,0.0186,239,0.0766,32,0.0103,45,0.0144,432,0.1385,13,0.0042,170,0.0545,107,0.0343,32,0.0103,19,0.0061,1,0.0003
273,1,Kranj,11,Idrija,34,"BALINARSKI KLUB, GREGORČIČEVA ULICA 8, IDRIJA",487.0,298,0.6119,298,295,3,1.0,2,0.0068,1,0.0034,7,0.0237,108,0.3661,0,,8,0.0271,3,0.0102,16,0.0542,1,0.0034,4,0.0136,5,0.0169,11,0.0373,7,0.0237,9,0.0305,54,0.1831,9,0.0305,35,0.1186,14,0.0475,1,0.0034,0,0.0,0,0.0
274,1,Kranj,11,Idrija,8,DOM KRAJANOV BUKOVO,142.0,110,0.7746,110,110,0,1.0,0,0.0,0,0.0,3,0.0273,19,0.1727,0,,2,0.0182,0,0.0,2,0.0182,1,0.0091,0,0.0,4,0.0364,12,0.1091,2,0.0182,9,0.0818,42,0.3818,3,0.0273,10,0.0909,0,0.0,0,0.0,1,0.0091,0,0.0
275,1,Kranj,11,Idrija,39,DOM KRAJANOV IN GASILCEV NA VOJSKEM,207.0,140,0.6763,140,137,3,1.0,0,0.0,0,0.0,3,0.0219,27,0.1971,0,,4,0.0292,0,0.0,7,0.0511,2,0.0146,4,0.0292,2,0.0146,12,0.0876,2,0.0146,4,0.0292,48,0.3504,1,0.0073,15,0.1095,2,0.0146,2,0.0146,2,0.0146,0,0.0
276,1,Kranj,11,Idrija,14,"DOM KRAJANOV KLADJE, PODLANIŠČE 2",194.0,137,0.7062,137,133,4,1.0,0,0.0,0,0.0,5,0.0376,39,0.2932,0,,1,0.0075,1,0.0075,3,0.0226,1,0.0075,1,0.0075,3,0.0226,11,0.0827,2,0.015,16,0.1203,40,0.3008,3,0.0226,4,0.0301,1,0.0075,0,0.0,2,0.015,0,0.0
277,1,Kranj,11,Idrija,35,"DOM UPOKOJENCEV IDRIJA, ARKOVA ULICA 4",784.0,477,0.6084,477,469,8,1.0,3,0.0064,1,0.0021,16,0.0341,182,0.3881,0,,15,0.032,0,0.0,19,0.0405,3,0.0064,7,0.0149,7,0.0149,37,0.0789,6,0.0128,16,0.0341,80,0.1706,2,0.0043,59,0.1258,8,0.0171,6,0.0128,2,0.0043,0,0.0
278,1,Kranj,11,Idrija,36,"DOM UPOKOJENCEV, VOJKOVA UL. 35, IDRIJA",98.0,71,0.7245,71,70,1,1.0,1,0.0143,0,0.0,1,0.0143,26,0.3714,0,,1,0.0143,0,0.0,2,0.0286,3,0.0429,1,0.0143,0,0.0,9,0.1286,0,0.0,2,0.0286,10,0.1429,0,0.0,5,0.0714,6,0.0857,2,0.0286,1,0.0143,0,0.0
279,1,Kranj,11,Idrija,54,DVORANA GASILSKEGA DOMA V DOLEH,327.0,219,0.6697,219,209,10,1.0,1,0.0048,0,0.0,4,0.0191,35,0.1675,0,,6,0.0287,1,0.0048,7,0.0335,4,0.0191,2,0.0096,4,0.0191,22,0.1053,7,0.0335,16,0.0766,81,0.3876,5,0.0239,11,0.0526,1,0.0048,2,0.0096,0,0.0,0,0.0
280,1,Kranj,11,Idrija,48,GASILSKI DOM NA SP. VRSNIKU,227.0,177,0.7797,177,175,2,1.0,1,0.0057,0,0.0,3,0.0171,35,0.2,0,,1,0.0057,3,0.0171,7,0.04,0,0.0,2,0.0114,0,0.0,19,0.1086,3,0.0171,8,0.0457,76,0.4343,4,0.0229,7,0.04,1,0.0057,3,0.0171,0,0.0,2,0.0114
281,1,Kranj,11,Idrija,19,GASILSKI DOM ŠEBRELJE,260.0,201,0.7731,201,199,2,1.0,0,0.0,0,0.0,3,0.0151,50,0.2513,0,,6,0.0302,1,0.005,4,0.0201,2,0.0101,0,0.0,0,0.0,40,0.201,2,0.0101,5,0.0251,62,0.3116,4,0.0201,17,0.0854,1,0.005,2,0.0101,0,0.0,0,0.0
282,1,Kranj,11,Idrija,24,GASILSKI DOM ZAKRIŽ,146.0,96,0.6575,96,96,0,1.0,0,0.0,0,0.0,2,0.0208,31,0.3229,0,,0,0.0,0,0.0,2,0.0208,3,0.0312,3,0.0312,2,0.0208,6,0.0625,1,0.0104,3,0.0312,38,0.3958,0,0.0,2,0.0208,0,0.0,3,0.0312,0,0.0,0,0.0
283,1,Kranj,11,Idrija,29,"GIMNAZIJA J.VEGA, ŠTUDENTOVSKA UL. 16, IDRIJA",387.0,238,0.615,238,234,4,1.0,0,0.0,0,0.0,6,0.0256,77,0.3291,0,,14,0.0598,0,0.0,19,0.0812,3,0.0128,2,0.0085,0,0.0,32,0.1368,1,0.0043,7,0.0299,37,0.1581,3,0.0128,27,0.1154,6,0.0256,0,0.0,0,0.0,0,0.0
284,1,Kranj,11,Idrija,37,"GOSTILNA PRI FEŽNARJU (LIKAR ANA), IDR. BELA 15 ",65.0,43,0.6615,43,43,0,1.0,0,0.0,0,0.0,0,0.0,15,0.3488,0,,3,0.0698,1,0.0233,2,0.0465,0,0.0,0,0.0,0,0.0,1,0.0233,2,0.0465,2,0.0465,14,0.3256,0,0.0,1,0.0233,2,0.0465,0,0.0,0,0.0,0,0.0
285,1,Kranj,11,Idrija,15,"JAGRŠČE 2, ZGRADBA REJC VIKTORIJE",30.0,29,0.9667,29,29,0,1.0,1,0.0345,0,0.0,0,0.0,3,0.1034,0,,5,0.1724,0,0.0,3,0.1034,0,0.0,0,0.0,0,0.0,2,0.069,0,0.0,6,0.2069,5,0.1724,1,0.0345,0,0.0,0,0.0,3,0.1034,0,0.0,0,0.0
286,1,Kranj,11,Idrija,23,KULTURNI DOM RAVNE,151.0,114,0.755,114,113,1,1.0,0,0.0,0,0.0,0,0.0,25,0.2212,0,,2,0.0177,0,0.0,10,0.0885,2,0.0177,3,0.0265,2,0.0177,7,0.0619,5,0.0442,16,0.1416,26,0.2301,2,0.0177,6,0.0531,5,0.0442,1,0.0088,0,0.0,1,0.0088
287,1,Kranj,11,Idrija,41,"KULTURNI DOM V SP. IDRIJI, NA VASI 34",761.0,522,0.6859,522,521,1,1.0,1,0.0019,0,0.0,26,0.0499,179,0.3436,0,,18,0.0345,4,0.0077,32,0.0614,5,0.0096,3,0.0058,5,0.0096,51,0.0979,13,0.025,13,0.025,113,0.2169,6,0.0115,38,0.0729,7,0.0134,6,0.0115,0,0.0,1,0.0019
288,1,Kranj,11,Idrija,28,"MESTNA KNJIŽNICA IDRIJA, ULICA SV. BARBARE 4-5",1182.0,727,0.6151,727,719,8,1.0,7,0.0097,0,0.0,12,0.0167,239,0.3324,0,,45,0.0626,7,0.0097,32,0.0445,7,0.0097,6,0.0083,10,0.0139,47,0.0654,7,0.0097,22,0.0306,141,0.1961,13,0.0181,96,0.1335,11,0.0153,11,0.0153,5,0.007,1,0.0014
289,1,Kranj,11,Idrija,26,"MLADINSKI CENTER IDRIJA, ULICA IX. KORPUSA 17",607.0,362,0.5964,362,357,5,1.0,4,0.0112,0,0.0,10,0.028,132,0.3697,0,,14,0.0392,1,0.0028,22,0.0616,2,0.0056,3,0.0084,4,0.0112,33,0.0924,4,0.0112,5,0.014,65,0.1821,4,0.0112,38,0.1064,12,0.0336,3,0.0084,1,0.0028,0,0.0
290,1,Kranj,11,Idrija,6,MLEKARNA LABINJE,61.0,42,0.6885,42,40,2,1.0,0,0.0,0,0.0,2,0.05,10,0.25,0,,0,0.0,0,0.0,0,0.0,1,0.025,0,0.0,0,0.0,6,0.15,2,0.05,3,0.075,15,0.375,0,0.0,1,0.025,0,0.0,0,0.0,0,0.0,0,0.0
291,1,Kranj,11,Idrija,5,MLEKARNA PLANINA,179.0,139,0.7765,139,137,2,1.0,0,0.0,1,0.0073,3,0.0219,35,0.2555,0,,0,0.0,0,0.0,5,0.0365,4,0.0292,3,0.0219,3,0.0219,6,0.0438,1,0.0073,17,0.1241,36,0.2628,5,0.0365,11,0.0803,5,0.0365,1,0.0073,1,0.0073,0,0.0
292,1,Kranj,11,Idrija,2,"OSNOVNA ŠOLA CERKNO-STRANSKI VHOD, BEVKOVA UL. 26",625.0,449,0.7184,449,441,8,1.0,4,0.0091,0,0.0,12,0.0272,168,0.381,0,,14,0.0317,1,0.0023,16,0.0363,2,0.0045,7,0.0159,8,0.0181,19,0.0431,5,0.0113,22,0.0499,91,0.2063,6,0.0136,40,0.0907,9,0.0204,15,0.034,2,0.0045,0,0.0
293,1,Kranj,11,Idrija,51,"OSNOVNA ŠOLA ČRNI VRH, ČRNI VRH 95",1020.0,722,0.7078,722,700,22,1.0,2,0.0029,2,0.0029,10,0.0143,166,0.2371,0,,18,0.0257,5,0.0071,27,0.0386,19,0.0271,8,0.0114,7,0.01,82,0.1171,13,0.0186,33,0.0471,225,0.3214,19,0.0271,41,0.0586,14,0.02,4,0.0057,5,0.0071,0,0.0
294,1,Kranj,11,Idrija,56,OSNOVNA ŠOLA GODOVIČ,594.0,436,0.734,436,432,4,1.0,0,0.0,0,0.0,19,0.044,87,0.2014,0,,10,0.0231,1,0.0023,14,0.0324,9,0.0208,2,0.0046,5,0.0116,84,0.1944,3,0.0069,24,0.0556,134,0.3102,14,0.0324,15,0.0347,5,0.0116,5,0.0116,1,0.0023,0,0.0
295,1,Kranj,11,Idrija,32,"OSNOVNA ŠOLA IDRIJA, LAPAJNETOVA UL. 50",805.0,478,0.5938,478,474,4,1.0,1,0.0021,0,0.0,9,0.019,175,0.3692,0,,27,0.057,2,0.0042,21,0.0443,4,0.0084,6,0.0127,5,0.0105,18,0.038,10,0.0211,15,0.0316,86,0.1814,13,0.0274,60,0.1266,17,0.0359,1,0.0021,4,0.0084,0,0.0
296,1,Kranj,11,Idrija,44,OSNOVNA ŠOLA KANOMLJA,263.0,184,0.6996,184,180,4,1.0,0,0.0,0,0.0,6,0.0333,61,0.3389,0,,4,0.0222,1,0.0056,11,0.0611,10,0.0556,2,0.0111,3,0.0167,5,0.0278,3,0.0167,5,0.0278,38,0.2111,3,0.0167,27,0.15,1,0.0056,0,0.0,0,0.0,0,0.0
297,1,Kranj,11,Idrija,11,OSNOVNA ŠOLA OREHEK,127.0,87,0.685,87,87,0,1.0,0,0.0,0,0.0,3,0.0345,23,0.2644,0,,3,0.0345,1,0.0115,5,0.0575,1,0.0115,0,0.0,1,0.0115,9,0.1034,1,0.0115,5,0.0575,19,0.2184,3,0.0345,10,0.1149,3,0.0345,0,0.0,0,0.0,0,0.0
298,1,Kranj,11,Idrija,50,OSNOVNA ŠOLA V LEDINAH,256.0,181,0.707,181,180,1,1.0,1,0.0056,1,0.0056,2,0.0111,32,0.1778,0,,2,0.0111,0,0.0,8,0.0444,10,0.0556,6,0.0333,4,0.0222,15,0.0833,5,0.0278,23,0.1278,53,0.2944,0,0.0,10,0.0556,0,0.0,7,0.0389,1,0.0056,0,0.0
299,1,Kranj,11,Idrija,10,OSNOVNA ŠOLA V NOVAKIH,383.0,272,0.7102,272,257,15,1.0,1,0.0039,1,0.0039,12,0.0467,52,0.2023,0,,6,0.0233,1,0.0039,16,0.0623,5,0.0195,3,0.0117,5,0.0195,34,0.1323,2,0.0078,13,0.0506,82,0.3191,2,0.0078,11,0.0428,5,0.0195,1,0.0039,4,0.0156,1,0.0039
300,1,Kranj,11,Idrija,55,OSNOVNA ŠOLA ZAVRATEC,125.0,101,0.808,101,100,1,1.0,0,0.0,0,0.0,0,0.0,6,0.06,0,,2,0.02,0,0.0,0,0.0,2,0.02,3,0.03,1,0.01,16,0.16,2,0.02,13,0.13,48,0.48,0,0.0,4,0.04,0,0.0,2,0.02,1,0.01,0,0.0
301,1,Kranj,11,Idrija,42,"OSNOVNA ŠOLA, ŠOLSKA UL. 9, SPODNJA IDRIJA",590.0,376,0.6373,376,370,6,1.0,4,0.0108,0,0.0,22,0.0595,146,0.3946,0,,16,0.0432,0,0.0,14,0.0378,1,0.0027,8,0.0216,6,0.0162,31,0.0838,5,0.0135,11,0.0297,59,0.1595,4,0.0108,35,0.0946,5,0.0135,3,0.0081,0,0.0,0,0.0
302,1,Kranj,11,Idrija,1,"PROSTORI LTO LAUFAR CERKNO, MOČNIKOVA UL. 2",646.0,488,0.7554,488,473,15,1.0,4,0.0085,0,0.0,14,0.0296,171,0.3615,0,,12,0.0254,2,0.0042,22,0.0465,2,0.0042,5,0.0106,24,0.0507,12,0.0254,9,0.019,50,0.1057,69,0.1459,4,0.0085,54,0.1142,8,0.0169,8,0.0169,3,0.0063,0,0.0
303,1,Kranj,11,Idrija,18,"PROSTORI OKREPČEVALNICE KURN K, REKA 1A",154.0,98,0.6364,98,94,4,1.0,0,0.0,0,0.0,1,0.0106,28,0.2979,0,,2,0.0213,1,0.0106,3,0.0319,0,0.0,0,0.0,1,0.0106,15,0.1596,0,0.0,9,0.0957,19,0.2021,0,0.0,5,0.0532,2,0.0213,3,0.0319,5,0.0532,0,0.0
304,1,Kranj,11,Idrija,38,"V ZGRADBI GANTAR VLADA, ČEKOVNIK 15 (POD BREGOM)",90.0,53,0.5889,53,53,0,1.0,0,0.0,0,0.0,0,0.0,17,0.3208,0,,0,0.0,0,0.0,2,0.0377,0,0.0,0,0.0,0,0.0,5,0.0943,0,0.0,2,0.0377,20,0.3774,0,0.0,4,0.0755,0,0.0,3,0.0566,0,0.0,0,0.0
305,1,Kranj,11,Idrija,12,VEČNAMENSKI OBJEKT LAZEC,452.0,294,0.6504,294,290,4,1.0,2,0.0069,0,0.0,8,0.0276,114,0.3931,0,,7,0.0241,0,0.0,18,0.0621,6,0.0207,8,0.0276,1,0.0034,21,0.0724,4,0.0138,23,0.0793,43,0.1483,2,0.0069,16,0.0552,10,0.0345,6,0.0207,0,0.0,1,0.0034
306,1,Kranj,11,Idrija,21,VEČNAMENSKI OBJEKT POČE,260.0,183,0.7038,183,182,1,1.0,1,0.0055,0,0.0,1,0.0055,40,0.2198,0,,1,0.0055,0,0.0,10,0.0549,3,0.0165,2,0.011,8,0.044,15,0.0824,8,0.044,23,0.1264,48,0.2637,3,0.0165,8,0.044,2,0.011,5,0.0275,4,0.022,0,0.0
307,1,Kranj,11,Idrija,46,"ZADRUŽNI DOM, IDRIJSKE KRNICE 26",137.0,94,0.6861,94,94,0,1.0,0,0.0,0,0.0,0,0.0,11,0.117,0,,0,0.0,1,0.0106,3,0.0319,1,0.0106,1,0.0106,4,0.0426,10,0.1064,0,0.0,10,0.1064,46,0.4894,1,0.0106,4,0.0426,0,0.0,2,0.0213,0,0.0,0,0.0
308,1,Kranj,11,Idrija,9,ZAKOJCA - STARA MLEKARNA,35.0,30,0.8571,30,30,0,1.0,0,0.0,0,0.0,1,0.0333,5,0.1667,0,,1,0.0333,0,0.0,0,0.0,0,0.0,0,0.0,0,0.0,4,0.1333,0,0.0,7,0.2333,11,0.3667,0,0.0,1,0.0333,0,0.0,0,0.0,0,0.0,0,0.0
309,1,Kranj,11,Idrija,47,"ZGRADBA FRANCA PODOBNIKA, MASORE 11",33.0,21,0.6364,21,21,0,1.0,0,0.0,0,0.0,0,0.0,4,0.1905,0,,0,0.0,0,0.0,0,0.0,0,0.0,0,0.0,1,0.0476,1,0.0476,0,0.0,0,0.0,10,0.4762,0,0.0,2,0.0952,0,0.0,3,0.1429,0,0.0,0,0.0
310,1,Kranj,11,Idrija,16,"ZGRADBA MAKUC STANKA, POLICE 10",16.0,16,1.0,14,12,2,1.0,0,0.0,0,0.0,2,0.1667,1,0.0833,0,,0,0.0,0,0.0,1,0.0833,0,0.0,0,0.0,0,0.0,0,0.0,1,0.0833,2,0.1667,3,0.25,0,0.0,2,0.1667,0,0.0,0,0.0,0,0.0,0,0.0
311,1,Kranj,11,Idrija,901,PREDČASNO GLASOVANJE,,976,,976,973,3,1.0,1,0.001,0,0.0,35,0.036,390,0.4008,0,,52,0.0534,1,0.001,54,0.0555,5,0.0051,5,0.0051,20,0.0206,59,0.0606,15,0.0154,36,0.037,153,0.1572,3,0.0031,109,0.112,13,0.0134,15,0.0154,6,0.0062,1,0.001
312,2,Postojna,1,Tolmin,69,BIVŠA GOSTILNA V BAČI PRI MODREJU 30,101.0,65,0.6436,65,63,2,1.0,0,0.0,0,0.0,1,0.0159,26,0.4127,0,,2,0.0317,0,0.0,1,0.0159,1,0.0159,2,0.0317,0,0.0,4,0.0635,0,0.0,2,0.0317,19,0.3016,1,0.0159,2,0.0317,0,0.0,0,0.0,2,0.0317,0,0.0
313,2,Postojna,1,Tolmin,13,"BIVŠA MLEKARNICA, TRNOVO OB SOČI 41",102.0,75,0.7353,75,74,1,1.0,0,0.0,1,0.0135,1,0.0135,6,0.0811,0,,3,0.0405,0,0.0,0,0.0,0,0.0,0,0.0,3,0.0405,17,0.2297,0,0.0,18,0.2432,17,0.2297,2,0.027,4,0.0541,2,0.027,0,0.0,0,0.0,0,0.0
314,2,Postojna,1,Tolmin,66,"ČAKALNICA NA ŽELEZNIŠKI POSTAJI, POSTAJA 10",83.0,56,0.6747,56,55,1,1.0,0,0.0,0,0.0,1,0.0182,25,0.4545,0,,0,0.0,0,0.0,0,0.0,0,0.0,0,0.0,1,0.0182,4,0.0727,2,0.0364,1,0.0182,4,0.0727,0,0.0,17,0.3091,0,0.0,0,0.0,0,0.0,0,0.0
315,2,Postojna,1,Tolmin,9,"ČEZSOČA 94, STARA MLEKARNA ",278.0,194,0.6978,194,191,3,1.0,3,0.0157,0,0.0,4,0.0209,76,0.3979,0,,4,0.0209,1,0.0052,8,0.0419,2,0.0105,1,0.0052,2,0.0105,12,0.0628,3,0.0157,7,0.0366,37,0.1937,0,0.0,27,0.1414,2,0.0105,2,0.0105,0,0.0,0,0.0
316,2,Postojna,1,Tolmin,72,"DOM CIRILA KOSMAČA, SLAP OB IDRIJCI 28 A",241.0,152,0.6307,152,148,4,1.0,1,0.0068,0,0.0,2,0.0135,42,0.2838,0,,3,0.0203,0,0.0,3,0.0203,2,0.0135,2,0.0135,4,0.027,17,0.1149,1,0.0068,8,0.0541,45,0.3041,3,0.0203,7,0.0473,2,0.0135,2,0.0135,3,0.0203,1,0.0068
317,2,Postojna,1,Tolmin,93,"DOM UPOKOJENCEV PETROVO BRDO, PETROVO BRDO 7",40.0,28,0.7,28,28,0,1.0,0,0.0,0,0.0,1,0.0357,5,0.1786,0,,0,0.0,0,0.0,0,0.0,0,0.0,0,0.0,0,0.0,4,0.1429,1,0.0357,7,0.25,9,0.3214,0,0.0,0,0.0,0,0.0,1,0.0357,0,0.0,0,0.0
318,2,Postojna,1,Tolmin,32,DREŽNICA 15 A - GASILSKI DOM,188.0,152,0.8085,152,151,1,1.0,1,0.0066,0,0.0,1,0.0066,7,0.0464,0,,2,0.0132,0,0.0,0,0.0,1,0.0066,1,0.0066,2,0.0132,27,0.1788,1,0.0066,30,0.1987,72,0.4768,1,0.0066,3,0.0199,2,0.0132,0,0.0,0,0.0,0,0.0
319,2,Postojna,1,Tolmin,37,"DRUŽBENI OBJEKT LADRA, LADRA 43",114.0,79,0.693,79,79,0,1.0,0,0.0,0,0.0,1,0.0127,23,0.2911,0,,1,0.0127,0,0.0,4,0.0506,1,0.0127,0,0.0,2,0.0253,2,0.0253,1,0.0127,11,0.1392,26,0.3291,0,0.0,5,0.0633,2,0.0253,0,0.0,0,0.0,0,0.0
320,2,Postojna,1,Tolmin,59,DRUŽBENI PROSTOR ČIGINJ 45 - V PRITLIČJU,167.0,103,0.6168,103,103,0,1.0,0,0.0,0,0.0,2,0.0194,34,0.3301,0,,1,0.0097,0,0.0,4,0.0388,2,0.0194,3,0.0291,3,0.0291,6,0.0583,1,0.0097,13,0.1262,18,0.1748,1,0.0097,11,0.1068,3,0.0291,0,0.0,1,0.0097,0,0.0
321,2,Postojna,1,Tolmin,60,"DRUŽBENI PROSTOR, KOZARŠČE 17",55.0,38,0.6909,38,37,1,1.0,0,0.0,0,0.0,1,0.027,10,0.2703,0,,2,0.0541,0,0.0,1,0.027,0,0.0,0,0.0,0,0.0,6,0.1622,1,0.027,2,0.0541,9,0.2432,1,0.027,2,0.0541,2,0.0541,0,0.0,0,0.0,0,0.0
322,2,Postojna,1,Tolmin,76,"DVORANA - TELOVADNICA, ŠENTVIŠKA GORA 19",190.0,125,0.6579,125,123,2,1.0,0,0.0,0,0.0,0,0.0,42,0.3415,0,,1,0.0081,0,0.0,1,0.0081,12,0.0976,1,0.0081,1,0.0081,16,0.1301,1,0.0081,8,0.065,31,0.252,3,0.0244,6,0.0488,0,0.0,0,0.0,0,0.0,0,0.0
323,2,Postojna,1,Tolmin,86,DVORANA KS GRAHOVO OB BAČI 47 - V PRITLIČJU,114.0,78,0.6842,78,77,1,1.0,1,0.013,0,0.0,3,0.039,28,0.3636,0,,3,0.039,0,0.0,1,0.013,0,0.0,1,0.013,2,0.026,8,0.1039,1,0.013,4,0.0519,12,0.1558,0,0.0,12,0.1558,1,0.013,0,0.0,0,0.0,0,0.0
324,2,Postojna,1,Tolmin,84,DVORANA PODMELEC,65.0,43,0.6615,43,42,1,1.0,1,0.0238,0,0.0,0,0.0,15,0.3571,0,,0,0.0,0,0.0,0,0.0,0,0.0,0,0.0,0,0.0,4,0.0952,0,0.0,2,0.0476,10,0.2381,0,0.0,6,0.1429,2,0.0476,0,0.0,2,0.0476,0,0.0
325,2,Postojna,1,Tolmin,39,GARAŽA LAST GASILSKEGA DRUŠTVA - VRSNO 37,95.0,75,0.7895,75,74,1,1.0,0,0.0,0,0.0,1,0.0135,6,0.0811,0,,2,0.027,0,0.0,7,0.0946,1,0.0135,0,0.0,4,0.0541,21,0.2838,0,0.0,4,0.0541,21,0.2838,0,0.0,5,0.0676,0,0.0,1,0.0135,0,0.0,1,0.0135
326,2,Postojna,1,Tolmin,63,GARAŽA SELA PRI VOLČAH 6A - (KRAGELJ ANA),73.0,51,0.6986,51,51,0,1.0,0,0.0,1,0.0196,2,0.0392,10,0.1961,0,,0,0.0,0,0.0,0,0.0,1,0.0196,1,0.0196,1,0.0196,1,0.0196,0,0.0,1,0.0196,24,0.4706,1,0.0196,4,0.0784,0,0.0,4,0.0784,0,0.0,0,0.0
327,2,Postojna,1,Tolmin,15,"GASILSKI DOM BREGINJ, BREGINJ 92",160.0,109,0.6812,109,107,2,1.0,0,0.0,0,0.0,1,0.0093,30,0.2804,0,,6,0.0561,0,0.0,1,0.0093,2,0.0187,0,0.0,0,0.0,10,0.0935,2,0.0187,18,0.1682,18,0.1682,0,0.0,10,0.0935,7,0.0654,2,0.0187,0,0.0,0,0.0
328,2,Postojna,1,Tolmin,92,"GASILSKI DOM PODBRDO, PODBRDO 8",179.0,125,0.6983,125,123,2,1.0,3,0.0244,0,0.0,1,0.0081,40,0.3252,0,,2,0.0163,1,0.0081,0,0.0,2,0.0163,1,0.0081,1,0.0081,7,0.0569,3,0.0244,7,0.0569,29,0.2358,3,0.0244,22,0.1789,1,0.0081,0,0.0,0,0.0,0,0.0
329,2,Postojna,1,Tolmin,79,"GASILSKI DOM PONIKVE, PONIKVE 26",150.0,112,0.7467,112,112,0,1.0,2,0.0179,0,0.0,0,0.0,38,0.3393,0,,2,0.0179,0,0.0,2,0.0179,3,0.0268,0,0.0,2,0.0179,4,0.0357,1,0.0089,10,0.0893,33,0.2946,0,0.0,7,0.0625,3,0.0268,4,0.0357,1,0.0089,0,0.0
330,2,Postojna,1,Tolmin,46,"GLASBENA ŠOLA TOLMIN, VHOD IZ PREŠERNOVE ULICE",703.0,399,0.5676,399,398,1,1.0,3,0.0075,1,0.0025,4,0.0101,151,0.3794,0,,22,0.0553,1,0.0025,9,0.0226,2,0.005,3,0.0075,6,0.0151,47,0.1181,4,0.0101,11,0.0276,68,0.1709,2,0.005,53,0.1332,5,0.0126,5,0.0126,1,0.0025,0,0.0
331,2,Postojna,1,Tolmin,18,GOSTILNA KUZMA BORJANA 19,112.0,66,0.5893,66,65,1,1.0,0,0.0,0,0.0,0,0.0,12,0.1846,0,,0,0.0,0,0.0,0,0.0,0,0.0,0,0.0,0,0.0,12,0.1846,3,0.0462,13,0.2,16,0.2462,1,0.0154,2,0.0308,6,0.0923,0,0.0,0,0.0,0,0.0
332,2,Postojna,1,Tolmin,75,"IZLETNIŠKA KMETIJA ŽEROVC, GORENJA TREBUŠA 40B",82.0,54,0.6585,54,54,0,1.0,0,0.0,0,0.0,4,0.0741,13,0.2407,0,,0,0.0,0,0.0,2,0.037,1,0.0185,1,0.0185,6,0.1111,2,0.037,3,0.0556,1,0.0185,18,0.3333,0,0.0,2,0.037,0,0.0,0,0.0,1,0.0185,0,0.0
333,2,Postojna,1,Tolmin,47,"KNJIŽNICA CIRILA KOSMAČA TOLMIN, TUMOV DREVORED 6",663.0,395,0.5958,395,393,2,1.0,2,0.0051,4,0.0102,1,0.0025,161,0.4097,0,,8,0.0204,1,0.0025,8,0.0204,1,0.0025,3,0.0076,7,0.0178,52,0.1323,7,0.0178,12,0.0305,68,0.173,4,0.0102,42,0.1069,5,0.0127,7,0.0178,0,0.0,0,0.0
334,2,Postojna,1,Tolmin,23,"KOBARID, GREGORČIČEVA UL. 20 - DOM A. MANFREDE",364.0,245,0.6731,245,244,1,1.0,2,0.0082,0,0.0,2,0.0082,66,0.2705,0,,7,0.0287,0,0.0,0,0.0,2,0.0082,0,0.0,0,0.0,22,0.0902,7,0.0287,30,0.123,72,0.2951,0,0.0,22,0.0902,7,0.0287,5,0.0205,0,0.0,0,0.0
335,2,Postojna,1,Tolmin,89,"KRAJEVNA SKUPNOST HUDAJUŽNA, HUDAJUŽNA 22 C",90.0,62,0.6889,62,60,2,1.0,0,0.0,0,0.0,0,0.0,24,0.4,0,,0,0.0,0,0.0,3,0.05,2,0.0333,0,0.0,0,0.0,13,0.2167,1,0.0167,4,0.0667,7,0.1167,1,0.0167,1,0.0167,3,0.05,0,0.0,0,0.0,1,0.0167
336,2,Postojna,1,Tolmin,55,KRAJEVNA SKUPNOST POLJUBINJ 62 - V PRITLIČJU,379.0,274,0.723,274,271,3,1.0,4,0.0148,1,0.0037,3,0.0111,74,0.2731,0,,8,0.0295,0,0.0,3,0.0111,3,0.0111,1,0.0037,5,0.0185,39,0.1439,7,0.0258,8,0.0295,76,0.2804,1,0.0037,31,0.1144,2,0.0074,4,0.0148,1,0.0037,0,0.0
337,2,Postojna,1,Tolmin,56,KRAJEVNA SKUPNOST PRAPETNO,103.0,69,0.6699,69,69,0,1.0,1,0.0145,0,0.0,1,0.0145,23,0.3333,0,,0,0.0,1,0.0145,0,0.0,1,0.0145,0,0.0,4,0.058,16,0.2319,0,0.0,0,0.0,14,0.2029,2,0.029,2,0.029,1,0.0145,3,0.0435,0,0.0,0,0.0
338,2,Postojna,1,Tolmin,88,KRAJEVNA SKUPNOST RUT 29,53.0,38,0.717,38,38,0,1.0,2,0.0526,0,0.0,0,0.0,11,0.2895,0,,0,0.0,0,0.0,0,0.0,1,0.0263,0,0.0,2,0.0526,7,0.1842,1,0.0263,3,0.0789,7,0.1842,0,0.0,2,0.0526,2,0.0526,0,0.0,0,0.0,0,0.0
339,2,Postojna,1,Tolmin,90,KRAJEVNA SKUPNOST STRŽIŠČE 28,47.0,31,0.6596,31,30,1,1.0,0,0.0,0,0.0,0,0.0,10,0.3333,0,,0,0.0,0,0.0,0,0.0,2,0.0667,0,0.0,1,0.0333,3,0.1,0,0.0,6,0.2,3,0.1,3,0.1,0,0.0,1,0.0333,1,0.0333,0,0.0,0,0.0
340,2,Postojna,1,Tolmin,42,"KRAJEVNA SKUPNOST VOLARJE, VOLARJE 33",213.0,167,0.784,167,164,3,1.0,1,0.0061,2,0.0122,4,0.0244,51,0.311,0,,4,0.0244,0,0.0,1,0.0061,2,0.0122,0,0.0,0,0.0,25,0.1524,0,0.0,4,0.0244,54,0.3293,2,0.0122,11,0.0671,2,0.0122,1,0.0061,0,0.0,0,0.0
341,2,Postojna,1,Tolmin,73,"KS DOLENJA TREBUŠA, DOLENJA TREBUŠA 70",294.0,188,0.6395,188,184,4,1.0,3,0.0163,0,0.0,3,0.0163,66,0.3587,0,,6,0.0326,0,0.0,1,0.0054,5,0.0272,3,0.0163,4,0.0217,22,0.1196,2,0.0109,0,0.0,56,0.3043,4,0.0217,6,0.0326,1,0.0054,1,0.0054,1,0.0054,0,0.0
342,2,Postojna,1,Tolmin,57,KULTURNA DVORANA LJUBINJ 12,115.0,87,0.7565,87,87,0,1.0,0,0.0,0,0.0,0,0.0,26,0.2989,0,,2,0.023,0,0.0,1,0.0115,1,0.0115,0,0.0,4,0.046,10,0.1149,1,0.0115,2,0.023,33,0.3793,0,0.0,4,0.046,2,0.023,1,0.0115,0,0.0,0,0.0
343,2,Postojna,1,Tolmin,5,"KULTURNI DOM BOVEC, LEDINA 6",332.0,219,0.6596,219,219,0,1.0,0,0.0,1,0.0046,3,0.0137,85,0.3881,0,,7,0.032,0,0.0,7,0.032,5,0.0228,7,0.032,7,0.032,15,0.0685,2,0.0091,5,0.0228,39,0.1781,1,0.0046,18,0.0822,1,0.0046,14,0.0639,2,0.0091,0,0.0
344,2,Postojna,1,Tolmin,6,"KULTURNI DOM BOVEC, LEDINA 6",516.0,329,0.6376,329,327,2,1.0,3,0.0092,0,0.0,8,0.0245,137,0.419,0,,7,0.0214,1,0.0031,10,0.0306,5,0.0153,4,0.0122,13,0.0398,15,0.0459,4,0.0122,7,0.0214,85,0.2599,2,0.0061,19,0.0581,2,0.0061,1,0.0031,4,0.0122,0,0.0
345,2,Postojna,1,Tolmin,24,"KULTURNI DOM KOBARID, STRESOVA ULICA 2, KOBARID",511.0,366,0.7162,366,365,1,1.0,2,0.0055,0,0.0,3,0.0082,126,0.3452,0,,13,0.0356,0,0.0,15,0.0411,2,0.0055,1,0.0027,3,0.0082,30,0.0822,2,0.0055,36,0.0986,95,0.2603,3,0.0082,21,0.0575,7,0.0192,5,0.0137,1,0.0027,0,0.0
346,2,Postojna,1,Tolmin,8,"KULTURNI DOM, LOG POD MANGARTOM 54",130.0,86,0.6615,86,85,1,1.0,1,0.0118,0,0.0,1,0.0118,24,0.2824,0,,3,0.0353,1,0.0118,3,0.0353,1,0.0118,3,0.0353,1,0.0118,2,0.0235,2,0.0235,10,0.1176,24,0.2824,4,0.0471,3,0.0353,0,0.0,2,0.0235,0,0.0,0,0.0
347,2,Postojna,1,Tolmin,38,LIBUŠNJE 4A-PIS. KONTEJNER (LAST KURINČIČ IVANA),38.0,30,0.7895,30,30,0,1.0,0,0.0,0,0.0,0,0.0,5,0.1667,0,,1,0.0333,0,0.0,0,0.0,3,0.1,1,0.0333,0,0.0,5,0.1667,0,0.0,2,0.0667,9,0.3,0,0.0,1,0.0333,0,0.0,1,0.0333,2,0.0667,0,0.0
348,2,Postojna,1,Tolmin,94,MLEKARNA BAČA PRI PODBRDU 12,22.0,13,0.5909,13,13,0,1.0,0,0.0,0,0.0,0,0.0,3,0.2308,0,,0,0.0,0,0.0,0,0.0,1,0.0769,0,0.0,0,0.0,0,0.0,1,0.0769,2,0.1538,5,0.3846,0,0.0,1,0.0769,0,0.0,0,0.0,0,0.0,0,0.0
349,2,Postojna,1,Tolmin,44,MLEKARNA DOLJE 7 - V PRITLIČJU,114.0,92,0.807,92,91,1,1.0,0,0.0,0,0.0,1,0.011,27,0.2967,0,,2,0.022,0,0.0,2,0.022,0,0.0,1,0.011,0,0.0,10,0.1099,4,0.044,7,0.0769,20,0.2198,2,0.022,8,0.0879,2,0.022,2,0.022,1,0.011,2,0.022
350,2,Postojna,1,Tolmin,34,MLEKARNA DREŽNIŠKE RAVNE - V PRITLIČJU,141.0,114,0.8085,114,114,0,1.0,0,0.0,0,0.0,0,0.0,9,0.0789,0,,2,0.0175,1,0.0088,0,0.0,2,0.0175,0,0.0,4,0.0351,36,0.3158,0,0.0,12,0.1053,41,0.3596,2,0.0175,2,0.0175,1,0.0088,1,0.0088,0,0.0,1,0.0088
351,2,Postojna,1,Tolmin,82,MLEKARNA LOGARŠČE 33,52.0,34,0.6538,34,34,0,1.0,0,0.0,0,0.0,0,0.0,14,0.4118,0,,2,0.0588,0,0.0,0,0.0,0,0.0,0,0.0,2,0.0588,2,0.0588,0,0.0,0,0.0,8,0.2353,2,0.0588,3,0.0882,1,0.0294,0,0.0,0,0.0,0,0.0
352,2,Postojna,1,Tolmin,35,MLEKARNA MAGOZD 16- V PRITLIČJU,59.0,53,0.8983,53,53,0,1.0,0,0.0,1,0.0189,2,0.0377,1,0.0189,0,,2,0.0377,0,0.0,1,0.0189,0,0.0,0,0.0,4,0.0755,12,0.2264,0,0.0,7,0.1321,21,0.3962,1,0.0189,1,0.0189,0,0.0,0,0.0,0,0.0,0,0.0
353,2,Postojna,1,Tolmin,64,MLEKARNA MODREJCE 29 A,92.0,67,0.7283,67,66,1,1.0,0,0.0,0,0.0,1,0.0152,14,0.2121,0,,1,0.0152,0,0.0,1,0.0152,1,0.0152,0,0.0,2,0.0303,14,0.2121,1,0.0152,1,0.0152,21,0.3182,3,0.0455,3,0.0455,1,0.0152,2,0.0303,0,0.0,0,0.0
354,2,Postojna,1,Tolmin,77,MLEKARNA PRAPETNO BRDO 35 - V PRITLIČJU,89.0,68,0.764,68,68,0,1.0,1,0.0147,0,0.0,0,0.0,23,0.3382,0,,2,0.0294,0,0.0,3,0.0441,2,0.0294,0,0.0,1,0.0147,5,0.0735,0,0.0,8,0.1176,16,0.2353,2,0.0294,4,0.0588,1,0.0147,0,0.0,0,0.0,0,0.0
355,2,Postojna,1,Tolmin,26,MLEKARNA SVINO 23 - V PRITLIČJU,90.0,65,0.7222,65,65,0,1.0,0,0.0,0,0.0,0,0.0,14,0.2154,0,,1,0.0154,0,0.0,0,0.0,0,0.0,1,0.0154,0,0.0,3,0.0462,1,0.0154,11,0.1692,26,0.4,3,0.0462,3,0.0462,2,0.0308,0,0.0,0,0.0,0,0.0
356,2,Postojna,1,Tolmin,50,MLEKARNA ŽABČE 30 - V PRITLIČJU,141.0,94,0.6667,94,94,0,1.0,1,0.0106,0,0.0,0,0.0,40,0.4255,0,,3,0.0319,1,0.0106,1,0.0106,2,0.0213,0,0.0,0,0.0,18,0.1915,2,0.0213,1,0.0106,16,0.1702,0,0.0,8,0.0851,1,0.0106,0,0.0,0,0.0,0,0.0
357,2,Postojna,1,Tolmin,43,MLEKARNICA V GABRJAH ŠT.9,88.0,60,0.6818,60,58,2,1.0,0,0.0,0,0.0,1,0.0172,12,0.2069,0,,0,0.0,0,0.0,1,0.0172,1,0.0172,1,0.0172,1,0.0172,13,0.2241,2,0.0345,3,0.0517,17,0.2931,1,0.0172,2,0.0345,2,0.0345,1,0.0172,0,0.0,0,0.0
358,2,Postojna,1,Tolmin,4,"OSNOVNA ŠOLA BOVEC, TRG GOLOBARSKIH ŽRTEV 17",473.0,329,0.6956,329,323,6,1.0,1,0.0031,0,0.0,12,0.0372,116,0.3591,0,,4,0.0124,0,0.0,1,0.0031,3,0.0093,4,0.0124,11,0.0341,18,0.0557,3,0.0093,29,0.0898,82,0.2539,5,0.0155,23,0.0712,1,0.0031,7,0.0217,3,0.0093,0,0.0
359,2,Postojna,1,Tolmin,70,OSNOVNA ŠOLA KANALSKI LOM 19,82.0,55,0.6707,55,54,1,1.0,0,0.0,0,0.0,0,0.0,16,0.2963,0,,1,0.0185,0,0.0,0,0.0,3,0.0556,0,0.0,0,0.0,10,0.1852,1,0.0185,6,0.1111,11,0.2037,0,0.0,4,0.0741,0,0.0,2,0.037,0,0.0,0,0.0
360,2,Postojna,1,Tolmin,61,"OSNOVNA ŠOLA MOST NA SOČI, MOST NA SOČI 18A",422.0,279,0.6611,279,279,0,1.0,2,0.0072,0,0.0,3,0.0108,93,0.3333,0,,11,0.0394,1,0.0036,7,0.0251,2,0.0072,4,0.0143,5,0.0179,20,0.0717,3,0.0108,8,0.0287,74,0.2652,4,0.0143,27,0.0968,4,0.0143,7,0.0251,3,0.0108,1,0.0036
361,2,Postojna,1,Tolmin,36,"OSNOVNA ŠOLA SMAST, SMAST 13",157.0,110,0.7006,110,110,0,1.0,1,0.0091,0,0.0,1,0.0091,23,0.2091,0,,3,0.0273,0,0.0,6,0.0545,6,0.0545,1,0.0091,2,0.0182,7,0.0636,4,0.0364,18,0.1636,23,0.2091,1,0.0091,10,0.0909,2,0.0182,1,0.0091,1,0.0091,0,0.0
362,2,Postojna,1,Tolmin,2,"OSNOVNA ŠOLA SOČA, SOČA 28",167.0,112,0.6707,112,112,0,1.0,1,0.0089,0,0.0,1,0.0089,40,0.3571,0,,5,0.0446,0,0.0,1,0.0089,0,0.0,2,0.0179,2,0.0179,3,0.0268,2,0.0179,4,0.0357,36,0.3214,1,0.0089,7,0.0625,2,0.0179,5,0.0446,0,0.0,0,0.0
363,2,Postojna,1,Tolmin,11,"OSNOVNA ŠOLA ŽAGA, ŽAGA 29",263.0,183,0.6958,183,179,4,1.0,1,0.0056,0,0.0,4,0.0223,73,0.4078,0,,2,0.0112,0,0.0,5,0.0279,2,0.0112,1,0.0056,4,0.0223,3,0.0168,1,0.0056,15,0.0838,51,0.2849,0,0.0,11,0.0615,1,0.0056,1,0.0056,3,0.0168,1,0.0056
364,2,Postojna,1,Tolmin,3,PROSTOR KRAJEVNE SKUPNOSTI KAL-KORITNICA 35,112.0,70,0.625,70,70,0,1.0,0,0.0,0,0.0,3,0.0429,33,0.4714,0,,0,0.0,0,0.0,1,0.0143,1,0.0143,1,0.0143,1,0.0143,2,0.0286,0,0.0,9,0.1286,10,0.1429,0,0.0,3,0.0429,2,0.0286,4,0.0571,0,0.0,0,0.0
365,2,Postojna,1,Tolmin,78,PROSTOR KS PEČINE 30,122.0,82,0.6721,82,77,5,1.0,1,0.013,0,0.0,0,0.0,20,0.2597,0,,3,0.039,1,0.013,0,0.0,10,0.1299,1,0.013,1,0.013,5,0.0649,0,0.0,4,0.0519,24,0.3117,1,0.013,2,0.026,0,0.0,4,0.0519,0,0.0,0,0.0
366,2,Postojna,1,Tolmin,25,"PROSTOR OB ŠPORTNEM IGRIŠČU, SUŽID",105.0,80,0.7619,80,80,0,1.0,0,0.0,0,0.0,2,0.025,15,0.1875,0,,4,0.05,0,0.0,3,0.0375,3,0.0375,1,0.0125,1,0.0125,6,0.075,0,0.0,14,0.175,28,0.35,0,0.0,1,0.0125,0,0.0,2,0.025,0,0.0,0,0.0
367,2,Postojna,1,Tolmin,28,"PROSTOR V BIVŠI OSNOVNI ŠOLI, LIVEK 11",149.0,96,0.6443,96,95,1,1.0,0,0.0,0,0.0,1,0.0105,25,0.2632,0,,1,0.0105,0,0.0,0,0.0,7,0.0737,0,0.0,0,0.0,16,0.1684,1,0.0105,6,0.0632,33,0.3474,1,0.0105,2,0.0211,2,0.0211,0,0.0,0,0.0,0,0.0
368,2,Postojna,1,Tolmin,87,PROSTORI BIVŠE TRGOVINE KORITNICA 50,117.0,84,0.7179,82,80,2,1.0,0,0.0,0,0.0,2,0.025,30,0.375,0,,2,0.025,0,0.0,6,0.075,1,0.0125,1,0.0125,2,0.025,8,0.1,3,0.0375,3,0.0375,15,0.1875,0,0.0,5,0.0625,0,0.0,2,0.025,0,0.0,0,0.0
369,2,Postojna,1,Tolmin,12,"PROSTORI GD SRPENICA, SRPENICA 80A",140.0,103,0.7357,103,103,0,1.0,0,0.0,0,0.0,0,0.0,28,0.2718,0,,4,0.0388,0,0.0,6,0.0583,2,0.0194,1,0.0097,0,0.0,7,0.068,2,0.0194,4,0.0388,43,0.4175,0,0.0,6,0.0583,0,0.0,0,0.0,0,0.0,0,0.0
370,2,Postojna,1,Tolmin,67,"PROSTORI KS IDRIJA PRI BAČI, IDRIJA PRI BAČI 51",244.0,164,0.6721,164,163,1,1.0,0,0.0,0,0.0,6,0.0368,48,0.2945,0,,5,0.0307,0,0.0,3,0.0184,2,0.0123,0,0.0,1,0.0061,27,0.1656,2,0.0123,7,0.0429,40,0.2454,1,0.0061,14,0.0859,5,0.0307,0,0.0,2,0.0123,0,0.0
371,2,Postojna,1,Tolmin,27,"PROSTORI KS IDRSKO, IDRSKO 22A",342.0,238,0.6959,238,237,1,1.0,0,0.0,0,0.0,5,0.0211,48,0.2025,0,,2,0.0084,1,0.0042,3,0.0127,6,0.0253,0,0.0,1,0.0042,28,0.1181,4,0.0169,35,0.1477,90,0.3797,1,0.0042,10,0.0422,0,0.0,1,0.0042,2,0.0084,0,0.0
372,2,Postojna,1,Tolmin,41,"PROSTORI KS KAMNO, KAMNO 29 A",195.0,146,0.7487,146,146,0,1.0,0,0.0,0,0.0,1,0.0068,44,0.3014,0,,8,0.0548,0,0.0,1,0.0068,0,0.0,2,0.0137,0,0.0,27,0.1849,0,0.0,8,0.0548,42,0.2877,2,0.0137,8,0.0548,1,0.0068,2,0.0137,0,0.0,0,0.0
373,2,Postojna,1,Tolmin,19,PROSTORI KS PODBELA,56.0,48,0.8571,48,48,0,1.0,0,0.0,0,0.0,2,0.0417,16,0.3333,0,,0,0.0,0,0.0,0,0.0,1,0.0208,0,0.0,0,0.0,3,0.0625,0,0.0,6,0.125,13,0.2708,1,0.0208,3,0.0625,2,0.0417,1,0.0208,0,0.0,0,0.0
374,2,Postojna,1,Tolmin,91,"PROSTORI LOVSKE DRUŽINE PODBRDO, PODBRDO 39",284.0,185,0.6514,185,184,1,1.0,3,0.0163,0,0.0,9,0.0489,76,0.413,0,,4,0.0217,0,0.0,6,0.0326,2,0.0109,1,0.0054,1,0.0054,12,0.0652,0,0.0,1,0.0054,35,0.1902,4,0.0217,27,0.1467,1,0.0054,1,0.0054,1,0.0054,0,0.0
375,2,Postojna,1,Tolmin,48,RUTARJEVA UL.18 - VARSTVENO DELOVNI CENTER,656.0,387,0.5899,387,384,3,1.0,2,0.0052,0,0.0,4,0.0104,139,0.362,0,,13,0.0339,2,0.0052,8,0.0208,4,0.0104,4,0.0104,8,0.0208,46,0.1198,5,0.013,21,0.0547,69,0.1797,0,0.0,42,0.1094,9,0.0234,7,0.0182,1,0.0026,0,0.0
376,2,Postojna,1,Tolmin,54,SIRARNA ČADRG 9 - V PRITLIČJU,36.0,26,0.7222,26,25,1,1.0,0,0.0,0,0.0,1,0.04,8,0.32,0,,1,0.04,0,0.0,0,0.0,0,0.0,0,0.0,0,0.0,6,0.24,0,0.0,2,0.08,5,0.2,0,0.0,0,0.0,2,0.08,0,0.0,0,0.0,0,0.0
377,2,Postojna,1,Tolmin,65,ST. HIŠA MODREJ 10 A - (LAST VOGRIČ ADRIJANE),241.0,161,0.668,161,160,1,1.0,2,0.0125,0,0.0,7,0.0438,73,0.4562,0,,2,0.0125,1,0.0062,3,0.0188,0,0.0,1,0.0062,4,0.025,13,0.0812,1,0.0062,2,0.0125,29,0.1812,1,0.0062,18,0.1125,1,0.0062,2,0.0125,0,0.0,0,0.0
378,2,Postojna,1,Tolmin,52,STANOV. HIŠA ZADLAZ-ČADRG 14 (LAST RUTAR SIMONA),23.0,15,0.6522,15,15,0,1.0,0,0.0,0,0.0,0,0.0,2,0.1333,0,,0,0.0,0,0.0,0,0.0,0,0.0,0,0.0,0,0.0,1,0.0667,0,0.0,2,0.1333,5,0.3333,2,0.1333,3,0.2,0,0.0,0,0.0,0,0.0,0,0.0
379,2,Postojna,1,Tolmin,31,STANOVANJSKA HIŠA JEVŠČEK 4,25.0,19,0.76,19,19,0,1.0,0,0.0,0,0.0,0,0.0,5,0.2632,0,,1,0.0526,0,0.0,0,0.0,0,0.0,0,0.0,0,0.0,3,0.1579,0,0.0,3,0.1579,7,0.3684,0,0.0,0,0.0,0,0.0,0,0.0,0,0.0,0,0.0
380,2,Postojna,1,Tolmin,81,STANOVANJSKA HIŠA KLAVŽE 7 - LAST ŠORLI,53.0,42,0.7925,42,41,1,1.0,0,0.0,0,0.0,0,0.0,29,0.7073,0,,2,0.0488,0,0.0,0,0.0,0,0.0,0,0.0,0,0.0,1,0.0244,0,0.0,1,0.0244,3,0.0732,1,0.0244,4,0.0976,0,0.0,0,0.0,0,0.0,0,0.0
381,2,Postojna,1,Tolmin,40,STANOVANJSKA HIŠA KRN 8 (LAST MANFREDA LIDIJE),24.0,17,0.7083,17,16,1,1.0,0,0.0,0,0.0,1,0.0625,2,0.125,0,,0,0.0,0,0.0,0,0.0,0,0.0,0,0.0,1,0.0625,1,0.0625,0,0.0,1,0.0625,9,0.5625,0,0.0,0,0.0,0,0.0,0,0.0,1,0.0625,0,0.0
382,2,Postojna,1,Tolmin,10,STANOVANJSKA HIŠA LOG ČEZSOŠKI 21(LAST ROT SELME),53.0,40,0.7547,40,39,1,1.0,0,0.0,0,0.0,0,0.0,16,0.4103,0,,0,0.0,0,0.0,2,0.0513,0,0.0,1,0.0256,0,0.0,0,0.0,0,0.0,0,0.0,12,0.3077,3,0.0769,3,0.0769,1,0.0256,0,0.0,1,0.0256,0,0.0
383,2,Postojna,1,Tolmin,58,STARA OSNOVNA ŠOLA VOLČE 25 - V PRITLIČJU,437.0,289,0.6613,289,283,6,1.0,1,0.0035,0,0.0,1,0.0035,88,0.311,0,,6,0.0212,0,0.0,3,0.0106,2,0.0071,4,0.0141,4,0.0141,25,0.0883,2,0.0071,22,0.0777,88,0.311,5,0.0177,27,0.0954,4,0.0141,1,0.0035,0,0.0,0,0.0
384,2,Postojna,1,Tolmin,83,STARA ŠOLA TEMLJINE,33.0,24,0.7273,24,23,1,1.0,0,0.0,0,0.0,1,0.0435,10,0.4348,0,,1,0.0435,0,0.0,1,0.0435,0,0.0,3,0.1304,0,0.0,1,0.0435,0,0.0,1,0.0435,3,0.1304,2,0.087,0,0.0,0,0.0,0,0.0,0,0.0,0,0.0
385,2,Postojna,1,Tolmin,49,"TOLMIN, BRUNOV DREVORED 23 - RDEČI KRIŽ",538.0,327,0.6078,327,325,2,1.0,3,0.0092,1,0.0031,3,0.0092,132,0.4062,0,,18,0.0554,1,0.0031,12,0.0369,1,0.0031,0,0.0,3,0.0092,36,0.1108,5,0.0154,9,0.0277,67,0.2062,1,0.0031,23,0.0708,5,0.0154,5,0.0154,0,0.0,0,0.0
386,2,Postojna,1,Tolmin,71,"TOLMINSKI LOM 11B, GARAŽA - BIVŠI OBRAT",68.0,62,0.9118,62,62,0,1.0,0,0.0,1,0.0161,1,0.0161,21,0.3387,0,,0,0.0,0,0.0,1,0.0161,1,0.0161,1,0.0161,0,0.0,3,0.0484,0,0.0,8,0.129,23,0.371,0,0.0,1,0.0161,0,0.0,0,0.0,0,0.0,1,0.0161
387,2,Postojna,1,Tolmin,96,TRTNIK 6,20.0,15,0.75,15,15,0,1.0,0,0.0,0,0.0,0,0.0,8,0.5333,0,,1,0.0667,0,0.0,0,0.0,0,0.0,0,0.0,0,0.0,1,0.0667,0,0.0,0,0.0,3,0.2,0,0.0,2,0.1333,0,0.0,0,0.0,0,0.0,0,0.0
388,2,Postojna,1,Tolmin,1,"TURISTIČNA PISARNA NA LOGU V TRENTI, TRENTA 41",105.0,69,0.6571,69,69,0,1.0,1,0.0145,0,0.0,3,0.0435,28,0.4058,0,,1,0.0145,0,0.0,0,0.0,0,0.0,0,0.0,1,0.0145,3,0.0435,0,0.0,8,0.1159,20,0.2899,1,0.0145,2,0.029,0,0.0,1,0.0145,0,0.0,0,0.0
389,2,Postojna,1,Tolmin,30,V GARAŽI PERATI 11 (LAST ŠURM MARIJE),50.0,35,0.7,35,34,1,1.0,0,0.0,0,0.0,0,0.0,1,0.0294,0,,0,0.0,0,0.0,0,0.0,0,0.0,2,0.0588,0,0.0,5,0.1471,2,0.0588,2,0.0588,20,0.5882,1,0.0294,1,0.0294,0,0.0,0,0.0,0,0.0,0,0.0
390,2,Postojna,1,Tolmin,33,"VAŠKI OBJEKT, PROSTOR KS",48.0,40,0.8333,40,40,0,1.0,0,0.0,0,0.0,0,0.0,4,0.1,0,,0,0.0,0,0.0,0,0.0,0,0.0,0,0.0,2,0.05,5,0.125,0,0.0,10,0.25,17,0.425,1,0.025,1,0.025,0,0.0,0,0.0,0,0.0,0,0.0
391,2,Postojna,1,Tolmin,80,"VEČNAMENSKI OBJEKT KNEŽA, KNEŽA 78 - V PRITLIČJU",178.0,125,0.7022,125,124,1,1.0,2,0.0161,0,0.0,6,0.0484,55,0.4435,0,,10,0.0806,0,0.0,3,0.0242,3,0.0242,0,0.0,1,0.0081,3,0.0242,1,0.0081,6,0.0484,9,0.0726,6,0.0484,14,0.1129,4,0.0323,1,0.0081,0,0.0,0,0.0
392,2,Postojna,1,Tolmin,14,VEČNAMENSKI OBJEKT LOGJE 4,57.0,30,0.5263,30,30,0,1.0,2,0.0667,0,0.0,0,0.0,3,0.1,0,,0,0.0,0,0.0,0,0.0,0,0.0,0,0.0,0,0.0,3,0.1,2,0.0667,3,0.1,16,0.5333,1,0.0333,0,0.0,0,0.0,0,0.0,0,0.0,0,0.0
393,2,Postojna,1,Tolmin,16,VEČNAMENSKI OBJEKT SEDLO 29,94.0,53,0.5638,53,53,0,1.0,0,0.0,0,0.0,2,0.0377,11,0.2075,0,,0,0.0,0,0.0,4,0.0755,5,0.0943,2,0.0377,0,0.0,6,0.1132,0,0.0,4,0.0755,12,0.2264,0,0.0,3,0.0566,1,0.0189,1,0.0189,1,0.0189,1,0.0189
394,2,Postojna,1,Tolmin,22,VEČNAMENSKI OBJEKT STARO SELO 54,265.0,200,0.7547,200,200,0,1.0,0,0.0,0,0.0,4,0.02,47,0.235,0,,4,0.02,0,0.0,2,0.01,5,0.025,1,0.005,2,0.01,26,0.13,1,0.005,22,0.11,72,0.36,1,0.005,8,0.04,3,0.015,2,0.01,0,0.0,0,0.0
395,2,Postojna,1,Tolmin,51,ZADLAZ ŽABČE 1,30.0,19,0.6333,19,19,0,1.0,2,0.1053,0,0.0,1,0.0526,9,0.4737,0,,0,0.0,0,0.0,0,0.0,0,0.0,0,0.0,0,0.0,1,0.0526,0,0.0,1,0.0526,3,0.1579,0,0.0,1,0.0526,1,0.0526,0,0.0,0,0.0,0,0.0
396,2,Postojna,1,Tolmin,45,"ZADRUŽNI DOM ZATOLMIN, ZATOLMIN 1",307.0,231,0.7524,231,230,1,1.0,1,0.0043,0,0.0,7,0.0304,60,0.2609,0,,9,0.0391,1,0.0043,3,0.013,5,0.0217,2,0.0087,3,0.013,44,0.1913,3,0.013,7,0.0304,69,0.3,1,0.0043,11,0.0478,2,0.0087,1,0.0043,0,0.0,1,0.0043
397,2,Postojna,1,Tolmin,21,ZBIRALNICA MLEKA POTOKI 6,47.0,37,0.7872,37,37,0,1.0,0,0.0,0,0.0,0,0.0,15,0.4054,0,,1,0.027,0,0.0,0,0.0,0,0.0,0,0.0,0,0.0,4,0.1081,0,0.0,2,0.0541,8,0.2162,2,0.0541,3,0.0811,1,0.027,0,0.0,1,0.027,0,0.0
398,2,Postojna,1,Tolmin,901,PREDČASNO GLASOVANJE,,893,,893,888,5,1.0,1,0.0011,1,0.0011,6,0.0068,376,0.4234,0,,48,0.0541,1,0.0011,27,0.0304,5,0.0056,4,0.0045,18,0.0203,65,0.0732,9,0.0101,31,0.0349,168,0.1892,3,0.0034,86,0.0968,11,0.0124,19,0.0214,9,0.0101,0,0.0
399,2,Postojna,2,Piran,5,AVDITORIJ PORTOROŽ,849.0,447,0.5265,447,439,8,1.0,4,0.0091,0,0.0,17,0.0387,166,0.3781,0,,33,0.0752,3,0.0068,6,0.0137,1,0.0023,8,0.0182,19,0.0433,25,0.0569,3,0.0068,11,0.0251,85,0.1936,3,0.0068,40,0.0911,11,0.0251,4,0.0091,0,0.0,0,0.0
400,2,Postojna,2,Piran,3,CENTER ZA STAREJŠE OBČANE LUCIJA I,995.0,508,0.5106,508,507,1,1.0,8,0.0158,1,0.002,21,0.0414,193,0.3807,0,,27,0.0533,3,0.0059,16,0.0316,2,0.0039,8,0.0158,14,0.0276,23,0.0454,12,0.0237,6,0.0118,87,0.1716,2,0.0039,49,0.0966,27,0.0533,3,0.0059,4,0.0079,1,0.002
401,2,Postojna,2,Piran,4,CENTER ZA STAREJŠE OBČANE LUCIJA II,1325.0,647,0.4883,647,637,10,1.0,6,0.0094,0,0.0,24,0.0377,260,0.4082,0,,34,0.0534,7,0.011,22,0.0345,9,0.0141,14,0.022,15,0.0235,16,0.0251,13,0.0204,7,0.011,107,0.168,4,0.0063,54,0.0848,19,0.0298,10,0.0157,13,0.0204,3,0.0047
402,2,Postojna,2,Piran,6,DOM DRUŽBENIH ORGANIZACIJ BELI KRIŽ,1626.0,958,0.5892,958,950,8,1.0,1,0.0011,2,0.0021,13,0.0137,384,0.4042,0,,53,0.0558,8,0.0084,38,0.04,8,0.0084,16,0.0168,30,0.0316,39,0.0411,19,0.02,20,0.0211,184,0.1937,7,0.0074,94,0.0989,25,0.0263,7,0.0074,1,0.0011,1,0.0011
403,2,Postojna,2,Piran,12,"DOM ZMAGA, NOVA VAS NAD DRAGONJO",196.0,139,0.7092,139,137,2,1.0,3,0.0219,0,0.0,6,0.0438,49,0.3577,0,,7,0.0511,4,0.0292,7,0.0511,1,0.0073,1,0.0073,2,0.0146,4,0.0292,1,0.0073,0,0.0,32,0.2336,0,0.0,12,0.0876,5,0.0365,1,0.0073,1,0.0073,1,0.0073
404,2,Postojna,2,Piran,7,GLASBENA ŠOLA PIRAN,1412.0,628,0.4448,628,620,8,1.0,4,0.0065,1,0.0016,11,0.0177,219,0.3532,0,,34,0.0548,14,0.0226,21,0.0339,3,0.0048,19,0.0306,15,0.0242,15,0.0242,13,0.021,8,0.0129,90,0.1452,3,0.0048,112,0.1806,29,0.0468,6,0.0097,1,0.0016,2,0.0032
405,2,Postojna,2,Piran,9,KRAJEVNA SKUPNOST STRUNJAN,516.0,343,0.6647,343,341,2,1.0,3,0.0088,0,0.0,10,0.0293,139,0.4076,0,,15,0.044,14,0.0411,15,0.044,11,0.0323,5,0.0147,6,0.0176,10,0.0293,6,0.0176,7,0.0205,42,0.1232,3,0.0088,42,0.1232,9,0.0264,2,0.0059,2,0.0059,0,0.0
406,2,Postojna,2,Piran,13,KULTURNI DOM B. JAKCA PADNA,146.0,101,0.6918,101,98,3,1.0,0,0.0,1,0.0102,5,0.051,28,0.2857,0,,4,0.0408,4,0.0408,4,0.0408,3,0.0306,2,0.0204,1,0.0102,4,0.0408,1,0.0102,4,0.0408,20,0.2041,1,0.0102,10,0.102,3,0.0306,3,0.0306,0,0.0,0,0.0
407,2,Postojna,2,Piran,1,OSNOVNA ŠOLA LUCIJA I,1697.0,927,0.5463,927,919,8,1.0,9,0.0098,1,0.0011,41,0.0446,401,0.4363,0,,29,0.0316,11,0.012,38,0.0413,6,0.0065,29,0.0316,30,0.0326,30,0.0326,15,0.0163,10,0.0109,137,0.1491,9,0.0098,84,0.0914,23,0.025,10,0.0109,6,0.0065,0,0.0
408,2,Postojna,2,Piran,2,OSNOVNA ŠOLA LUCIJA II,1352.0,750,0.5547,750,744,6,1.0,5,0.0067,0,0.0,24,0.0323,351,0.4718,0,,46,0.0618,12,0.0161,24,0.0323,5,0.0067,17,0.0228,28,0.0376,17,0.0228,8,0.0108,7,0.0094,99,0.1331,4,0.0054,63,0.0847,25,0.0336,3,0.004,5,0.0067,1,0.0013
409,2,Postojna,2,Piran,10,OSNOVNA ŠOLA SEČOVLJE,1742.0,980,0.5626,980,960,20,1.0,7,0.0073,5,0.0052,36,0.0375,381,0.3969,0,,36,0.0375,21,0.0219,39,0.0406,10,0.0104,19,0.0198,27,0.0281,35,0.0365,24,0.025,13,0.0135,146,0.1521,5,0.0052,113,0.1177,21,0.0219,8,0.0083,14,0.0146,0,0.0
410,2,Postojna,2,Piran,11,OSNOVNA ŠOLA SV. PETER,316.0,222,0.7025,222,217,5,1.0,1,0.0046,0,0.0,5,0.023,76,0.3502,0,,5,0.023,0,0.0,15,0.0691,1,0.0046,3,0.0138,10,0.0461,18,0.0829,1,0.0046,1,0.0046,49,0.2258,6,0.0276,17,0.0783,1,0.0046,6,0.0276,2,0.0092,0,0.0
411,2,Postojna,2,Piran,8,ZDRAVSTVENI DOM PIRAN,1359.0,686,0.5048,686,671,15,1.0,4,0.006,1,0.0015,10,0.0149,274,0.4083,0,,49,0.073,7,0.0104,13,0.0194,5,0.0075,10,0.0149,16,0.0238,28,0.0417,9,0.0134,11,0.0164,107,0.1595,7,0.0104,90,0.1341,18,0.0268,9,0.0134,0,0.0,3,0.0045
412,2,Postojna,2,Piran,901,PREDČASNO GLASOVANJE,,1517,,1516,1509,7,1.0,8,0.0053,4,0.0027,29,0.0192,595,0.3943,0,,100,0.0663,7,0.0046,44,0.0292,14,0.0093,17,0.0113,44,0.0292,33,0.0219,17,0.0113,24,0.0159,237,0.1571,6,0.004,263,0.1743,51,0.0338,7,0.0046,8,0.0053,1,0.0007
413,2,Postojna,3,Izola,9,BAREDI - STARA ŠOLA,128.0,92,0.7188,92,90,2,1.0,0,0.0,0,0.0,6,0.0667,22,0.2444,0,,5,0.0556,7,0.0778,2,0.0222,1,0.0111,1,0.0111,2,0.0222,5,0.0556,0,0.0,2,0.0222,22,0.2444,0,0.0,10,0.1111,5,0.0556,0,0.0,0,0.0,0,0.0
414,2,Postojna,3,Izola,11,CETORE - ZADRUŽNI DOM,134.0,82,0.6119,82,82,0,1.0,0,0.0,0,0.0,3,0.0366,27,0.3293,0,,8,0.0976,1,0.0122,0,0.0,0,0.0,3,0.0366,7,0.0854,4,0.0488,0,0.0,3,0.0366,11,0.1341,3,0.0366,7,0.0854,5,0.061,0,0.0,0,0.0,0,0.0
415,2,Postojna,3,Izola,1,DVORANA RDEČEGA KRIŽA,1084.0,625,0.5766,625,617,8,1.0,13,0.0211,2,0.0032,14,0.0227,245,0.3971,0,,31,0.0502,18,0.0292,24,0.0389,2,0.0032,14,0.0227,18,0.0292,17,0.0276,7,0.0113,13,0.0211,98,0.1588,4,0.0065,59,0.0956,28,0.0454,3,0.0049,6,0.0097,1,0.0016
416,2,Postojna,3,Izola,13,KORTE - ZADRUŽNI DOM - TD ŠPARŽIN,665.0,432,0.6496,432,431,1,1.0,3,0.007,0,0.0,17,0.0394,189,0.4385,0,,15,0.0348,12,0.0278,8,0.0186,7,0.0162,11,0.0255,15,0.0348,22,0.051,7,0.0162,9,0.0209,61,0.1415,5,0.0116,30,0.0696,11,0.0255,6,0.0139,1,0.0023,2,0.0046
417,2,Postojna,3,Izola,8,KS JAGODJE - DOBRAVA,491.0,304,0.6191,304,295,9,1.0,3,0.0102,0,0.0,12,0.0407,132,0.4475,0,,14,0.0475,3,0.0102,16,0.0542,1,0.0034,5,0.0169,8,0.0271,4,0.0136,2,0.0068,3,0.0102,49,0.1661,1,0.0034,25,0.0847,12,0.0407,1,0.0034,2,0.0068,2,0.0068
418,2,Postojna,3,Izola,4,KULTURNI DOM,1358.0,729,0.5368,729,721,8,1.0,2,0.0028,5,0.0069,13,0.018,331,0.4591,0,,45,0.0624,8,0.0111,38,0.0527,12,0.0166,11,0.0153,8,0.0111,25,0.0347,14,0.0194,16,0.0222,86,0.1193,4,0.0055,58,0.0804,30,0.0416,8,0.0111,5,0.0069,2,0.0028
419,2,Postojna,3,Izola,12,MALIJA - STARA ŠOLA,466.0,325,0.6974,325,322,3,1.0,4,0.0124,0,0.0,13,0.0404,138,0.4286,0,,14,0.0435,6,0.0186,9,0.028,2,0.0062,13,0.0404,13,0.0404,9,0.028,4,0.0124,7,0.0217,52,0.1615,2,0.0062,14,0.0435,14,0.0435,2,0.0062,6,0.0186,0,0.0
420,2,Postojna,3,Izola,14,MEDGENERACIJSKI CENTER IZOLA,1301.0,677,0.5204,677,674,3,1.0,3,0.0045,2,0.003,20,0.0297,308,0.457,0,,32,0.0475,7,0.0104,13,0.0193,6,0.0089,14,0.0208,14,0.0208,23,0.0341,8,0.0119,23,0.0341,108,0.1602,4,0.0059,58,0.0861,18,0.0267,6,0.0089,7,0.0104,0,0.0
421,2,Postojna,3,Izola,5,MESTNA KNJIŽNICA IZOLA,1305.0,739,0.5663,739,723,16,1.0,9,0.0124,0,0.0,25,0.0346,318,0.4398,0,,30,0.0415,8,0.0111,14,0.0194,14,0.0194,20,0.0277,13,0.018,26,0.036,20,0.0277,16,0.0221,104,0.1438,3,0.0041,63,0.0871,29,0.0401,5,0.0069,5,0.0069,1,0.0014
422,2,Postojna,3,Izola,6,OSNOVNA ŠOLA LIVADE,1369.0,746,0.5449,746,736,10,1.0,3,0.0041,1,0.0014,16,0.0217,336,0.4565,0,,42,0.0571,13,0.0177,20,0.0272,6,0.0082,24,0.0326,17,0.0231,13,0.0177,15,0.0204,15,0.0204,92,0.125,5,0.0068,73,0.0992,33,0.0448,6,0.0082,5,0.0068,1,0.0014
423,2,Postojna,3,Izola,7,OSNOVNA ŠOLA LIVADE - PRIZIDEK ŠOLE,1283.0,770,0.6002,770,765,5,1.0,11,0.0144,4,0.0052,17,0.0222,326,0.4261,0,,45,0.0588,13,0.017,22,0.0288,4,0.0052,9,0.0118,12,0.0157,24,0.0314,13,0.017,27,0.0353,120,0.1569,2,0.0026,77,0.1007,35,0.0458,3,0.0039,1,0.0013,0,0.0
424,2,Postojna,3,Izola,2,PALAČA MANZIOLI,1058.0,534,0.5047,534,518,16,1.0,9,0.0174,5,0.0097,22,0.0425,209,0.4035,0,,28,0.0541,17,0.0328,9,0.0174,4,0.0077,25,0.0483,8,0.0154,20,0.0386,12,0.0232,6,0.0116,78,0.1506,8,0.0154,30,0.0579,20,0.0386,2,0.0039,5,0.0097,1,0.0019
425,2,Postojna,3,Izola,10,ŠARED - VEČNAMENSKO IGRIŠČE,495.0,334,0.6747,334,329,5,1.0,5,0.0152,0,0.0,13,0.0395,162,0.4924,0,,14,0.0426,2,0.0061,5,0.0152,0,0.0,11,0.0334,6,0.0182,7,0.0213,7,0.0213,6,0.0182,53,0.1611,2,0.0061,27,0.0821,7,0.0213,2,0.0061,0,0.0,0,0.0
426,2,Postojna,3,Izola,3,"ŠPORTNA DVORANA, KRAŠKA 1A",696.0,407,0.5848,407,398,9,1.0,5,0.0126,1,0.0025,11,0.0276,165,0.4146,0,,15,0.0377,10,0.0251,7,0.0176,5,0.0126,3,0.0075,13,0.0327,15,0.0377,11,0.0276,13,0.0327,59,0.1482,1,0.0025,35,0.0879,16,0.0402,5,0.0126,8,0.0201,0,0.0
427,2,Postojna,3,Izola,901,PREDČASNO GLASOVANJE,,1480,,1480,1472,8,1.0,6,0.0041,2,0.0014,25,0.017,682,0.4633,0,,107,0.0727,9,0.0061,37,0.0251,10,0.0068,31,0.0211,36,0.0245,48,0.0326,22,0.0149,32,0.0217,209,0.142,8,0.0054,124,0.0842,46,0.0312,28,0.019,10,0.0068,0,0.0
428,2,Postojna,4,Koper 1,15,DNEVNI CENTER BARČICA - PRISOJE 1 ,791.0,470,0.5942,470,465,5,1.0,1,0.0022,0,0.0,9,0.0194,229,0.4925,0,,17,0.0366,41,0.0882,8,0.0172,4,0.0086,20,0.043,10,0.0215,8,0.0172,8,0.0172,12,0.0258,56,0.1204,3,0.0065,26,0.0559,8,0.0172,4,0.0086,1,0.0022,0,0.0
429,2,Postojna,4,Koper 1,3,DOM KS - JURČIČEVA 2 ,515.0,318,0.6175,318,315,3,1.0,2,0.0063,0,0.0,10,0.0317,147,0.4667,0,,21,0.0667,18,0.0571,8,0.0254,3,0.0095,7,0.0222,4,0.0127,5,0.0159,6,0.019,6,0.019,31,0.0984,1,0.0032,24,0.0762,17,0.054,4,0.0127,1,0.0032,0,0.0
430,2,Postojna,4,Koper 1,4,DOM KS - JURČIČEVA 2,521.0,301,0.5777,301,299,2,1.0,1,0.0033,0,0.0,9,0.0301,146,0.4883,0,,17,0.0569,11,0.0368,12,0.0401,0,0.0,4,0.0134,6,0.0201,3,0.01,3,0.01,4,0.0134,26,0.087,1,0.0033,40,0.1338,8,0.0268,3,0.01,5,0.0167,0,0.0
431,2,Postojna,4,Koper 1,24,ITALIJANSKA ŠOLA - GIMNAZIJSKI TRG 7  ,667.0,356,0.5337,356,346,10,1.0,2,0.0058,1,0.0029,6,0.0173,131,0.3786,0,,26,0.0751,28,0.0809,10,0.0289,4,0.0116,8,0.0231,7,0.0202,17,0.0491,7,0.0202,7,0.0202,41,0.1185,1,0.0029,32,0.0925,13,0.0376,2,0.0058,2,0.0058,1,0.0029
432,2,Postojna,4,Koper 1,25,ITALIJANSKA ŠOLA - GIMNAZIJSKI TRG 7 ,735.0,401,0.5456,401,394,7,1.0,2,0.0051,0,0.0,21,0.0533,159,0.4036,0,,32,0.0812,18,0.0457,11,0.0279,3,0.0076,11,0.0279,12,0.0305,14,0.0355,5,0.0127,6,0.0152,53,0.1345,3,0.0076,22,0.0558,13,0.033,5,0.0127,3,0.0076,1,0.0025
433,2,Postojna,4,Koper 1,27,OBALNI DOM UPOKOJENCEV KOPER - KROŽNA CESTA 5,690.0,431,0.6246,431,431,0,1.0,1,0.0023,1,0.0023,11,0.0255,193,0.4478,0,,8,0.0186,20,0.0464,18,0.0418,6,0.0139,12,0.0278,8,0.0186,19,0.0441,4,0.0093,13,0.0302,58,0.1346,0,0.0,34,0.0789,22,0.051,0,0.0,3,0.007,0,0.0
434,2,Postojna,4,Koper 1,10,OBALNI DOM UPOKOJENCEV KOPER - KROŽNA CESTA 5,667.0,394,0.5907,394,390,4,1.0,1,0.0026,1,0.0026,19,0.0487,181,0.4641,0,,24,0.0615,19,0.0487,10,0.0256,2,0.0051,14,0.0359,7,0.0179,5,0.0128,5,0.0128,6,0.0154,36,0.0923,1,0.0026,28,0.0718,26,0.0667,3,0.0077,2,0.0051,0,0.0
435,2,Postojna,4,Koper 1,7,OŠ ANTON UKMAR - POT V GAJ 2,596.0,331,0.5554,331,328,3,1.0,2,0.0061,1,0.003,15,0.0457,134,0.4085,0,,26,0.0793,10,0.0305,20,0.061,2,0.0061,9,0.0274,7,0.0213,4,0.0122,12,0.0366,4,0.0122,39,0.1189,2,0.0061,22,0.0671,13,0.0396,4,0.0122,2,0.0061,0,0.0
436,2,Postojna,4,Koper 1,8,OŠ ANTON UKMAR - POT V GAJ 2,513.0,288,0.5614,288,284,4,1.0,3,0.0106,0,0.0,11,0.0387,132,0.4648,0,,22,0.0775,21,0.0739,9,0.0317,2,0.007,10,0.0352,5,0.0176,2,0.007,3,0.0106,5,0.0176,22,0.0775,1,0.0035,23,0.081,9,0.0317,1,0.0035,2,0.007,1,0.0035
437,2,Postojna,4,Koper 1,9,OŠ ANTON UKMAR - POT V GAJ 2,525.0,289,0.5505,289,284,5,1.0,1,0.0035,0,0.0,11,0.0387,123,0.4331,0,,22,0.0775,25,0.088,8,0.0282,4,0.0141,11,0.0387,5,0.0176,9,0.0317,4,0.0141,3,0.0106,31,0.1092,2,0.007,15,0.0528,6,0.0211,1,0.0035,3,0.0106,0,0.0
438,2,Postojna,4,Koper 1,18,OŠ ANTON UKMAR - POT V GAJ 2,603.0,370,0.6136,370,364,6,1.0,6,0.0165,1,0.0027,14,0.0385,170,0.467,0,,19,0.0522,7,0.0192,9,0.0247,1,0.0027,11,0.0302,5,0.0137,11,0.0302,5,0.0137,3,0.0082,34,0.0934,4,0.011,32,0.0879,23,0.0632,5,0.0137,4,0.011,0,0.0
439,2,Postojna,4,Koper 1,19,OŠ ANTON UKMAR - POT V GAJ 2 ,668.0,372,0.5569,372,368,4,1.0,1,0.0027,0,0.0,12,0.0326,158,0.4293,0,,30,0.0815,12,0.0326,16,0.0435,0,0.0,12,0.0326,9,0.0245,6,0.0163,8,0.0217,4,0.0109,52,0.1413,4,0.0109,19,0.0516,16,0.0435,3,0.0082,6,0.0163,0,0.0
440,2,Postojna,4,Koper 1,5,OŠ DUŠAN BORDON - ROZMANOVA 21A,579.0,355,0.6131,355,347,8,1.0,3,0.0086,1,0.0029,3,0.0086,174,0.5014,0,,12,0.0346,13,0.0375,16,0.0461,1,0.0029,15,0.0432,5,0.0144,9,0.0259,6,0.0173,2,0.0058,39,0.1124,5,0.0144,21,0.0605,17,0.049,0,0.0,4,0.0115,1,0.0029
441,2,Postojna,4,Koper 1,6,OŠ DUŠAN BORDON - ROZMANOVA 21A,433.0,287,0.6628,287,283,4,1.0,4,0.0141,0,0.0,7,0.0247,139,0.4912,0,,23,0.0813,8,0.0283,12,0.0424,0,0.0,4,0.0141,2,0.0071,4,0.0141,8,0.0283,8,0.0283,29,0.1025,2,0.0071,17,0.0601,10,0.0353,2,0.0071,4,0.0141,0,0.0
442,2,Postojna,4,Koper 1,26,OŠ DUŠAN BORDON - ROZMANOVA 21A ,581.0,363,0.6248,363,359,4,1.0,1,0.0028,1,0.0028,8,0.0223,153,0.4262,0,,24,0.0669,16,0.0446,14,0.039,1,0.0028,11,0.0306,1,0.0028,16,0.0446,10,0.0279,10,0.0279,42,0.117,3,0.0084,24,0.0669,19,0.0529,2,0.0056,2,0.0056,1,0.0028
443,2,Postojna,4,Koper 1,12,SEDEŽ KS  - OLJČNA POT 4,1292.0,788,0.6099,788,775,13,1.0,5,0.0065,0,0.0,26,0.0335,349,0.4503,0,,33,0.0426,56,0.0723,18,0.0232,8,0.0103,26,0.0335,20,0.0258,22,0.0284,22,0.0284,4,0.0052,94,0.1213,5,0.0065,53,0.0684,19,0.0245,6,0.0077,8,0.0103,1,0.0013
444,2,Postojna,4,Koper 1,17,SEDEŽ KS - KRALJEVA 17,583.0,318,0.5455,318,317,1,1.0,4,0.0126,0,0.0,11,0.0347,134,0.4227,0,,25,0.0789,17,0.0536,9,0.0284,0,0.0,10,0.0315,9,0.0284,9,0.0284,7,0.0221,6,0.0189,42,0.1325,3,0.0095,18,0.0568,6,0.0189,2,0.0063,4,0.0126,1,0.0032
445,2,Postojna,4,Koper 1,11,SEDEŽ KS ŽUSTERNA - DOLGA REBER 5,686.0,448,0.6531,448,446,2,1.0,3,0.0067,0,0.0,11,0.0247,186,0.417,0,,40,0.0897,14,0.0314,10,0.0224,0,0.0,6,0.0135,4,0.009,23,0.0516,10,0.0224,8,0.0179,62,0.139,3,0.0067,32,0.0717,24,0.0538,7,0.0157,3,0.0067,0,0.0
446,2,Postojna,4,Koper 1,20,SEPŠ - MARTINČEV TRG 3,455.0,240,0.5275,240,239,1,1.0,0,0.0,0,0.0,6,0.0251,111,0.4644,0,,16,0.0669,17,0.0711,11,0.046,3,0.0126,11,0.046,2,0.0084,9,0.0377,5,0.0209,0,0.0,26,0.1088,0,0.0,10,0.0418,5,0.0209,5,0.0209,1,0.0042,1,0.0042
447,2,Postojna,4,Koper 1,21,SEPŠ - MARTINČEV TRG 3,674.0,349,0.5178,349,345,4,1.0,2,0.0058,2,0.0058,4,0.0116,129,0.3739,0,,32,0.0928,24,0.0696,12,0.0348,1,0.0029,18,0.0522,9,0.0261,14,0.0406,8,0.0232,1,0.0029,43,0.1246,5,0.0145,27,0.0783,10,0.029,2,0.0058,2,0.0058,0,0.0
448,2,Postojna,4,Koper 1,22,SEPŠ - MARTINČEV TRG 3,777.0,415,0.5341,415,408,7,1.0,6,0.0147,0,0.0,16,0.0392,155,0.3799,0,,40,0.098,25,0.0613,9,0.0221,2,0.0049,24,0.0588,9,0.0221,15,0.0368,9,0.0221,5,0.0123,52,0.1275,3,0.0074,23,0.0564,8,0.0196,3,0.0074,3,0.0074,1,0.0025
449,2,Postojna,4,Koper 1,23,SEPŠ - MARTINČEV TRG 3,618.0,317,0.5129,317,313,4,1.0,2,0.0064,0,0.0,10,0.0319,137,0.4377,0,,25,0.0799,19,0.0607,10,0.0319,2,0.0064,4,0.0128,10,0.0319,3,0.0096,8,0.0256,8,0.0256,29,0.0927,4,0.0128,16,0.0511,18,0.0575,4,0.0128,4,0.0128,0,0.0
450,2,Postojna,4,Koper 1,16,ŠTUDENTSKI DOM - PRISOJE 9,544.0,289,0.5312,289,280,9,1.0,0,0.0,0,0.0,7,0.025,114,0.4071,0,,29,0.1036,28,0.1,10,0.0357,0,0.0,9,0.0321,2,0.0071,8,0.0286,8,0.0286,6,0.0214,31,0.1107,4,0.0143,16,0.0571,7,0.025,1,0.0036,0,0.0,0,0.0
451,2,Postojna,4,Koper 1,13,VRTEC SEMEDELA - PRISOJE - OLJČNA POT 63 ,913.0,572,0.6265,572,559,13,1.0,3,0.0054,0,0.0,11,0.0197,268,0.4794,0,,34,0.0608,41,0.0733,17,0.0304,4,0.0072,17,0.0304,10,0.0179,8,0.0143,16,0.0286,9,0.0161,58,0.1038,5,0.0089,33,0.059,16,0.0286,4,0.0072,5,0.0089,0,0.0
452,2,Postojna,4,Koper 1,14,VRTEC SEMEDELA - PRISOJE - OLJČNA POT 63,432.0,238,0.5509,238,234,4,1.0,8,0.0342,0,0.0,5,0.0214,105,0.4487,0,,13,0.0556,23,0.0983,8,0.0342,2,0.0085,6,0.0256,5,0.0214,7,0.0299,4,0.0171,4,0.0171,18,0.0769,3,0.0128,14,0.0598,3,0.0128,2,0.0085,2,0.0085,2,0.0085
453,2,Postojna,4,Koper 1,1,VRTEC SEMEDELA - SLAVNIK - NOVA ULICA 2/B,481.0,313,0.6507,313,309,4,1.0,1,0.0032,1,0.0032,9,0.0291,119,0.3851,0,,26,0.0841,25,0.0809,9,0.0291,4,0.0129,4,0.0129,9,0.0291,5,0.0162,9,0.0291,5,0.0162,35,0.1133,1,0.0032,34,0.11,8,0.0259,3,0.0097,2,0.0065,0,0.0
454,2,Postojna,4,Koper 1,2,VRTEC SEMEDELA - SLAVNIK - NOVA ULICA 2/B,491.0,341,0.6945,341,337,4,1.0,2,0.0059,0,0.0,2,0.0059,146,0.4332,0,,22,0.0653,14,0.0415,14,0.0415,4,0.0119,9,0.0267,6,0.0178,10,0.0297,9,0.0267,5,0.0148,49,0.1454,5,0.0148,23,0.0682,11,0.0326,6,0.0178,0,0.0,0,0.0
455,2,Postojna,4,Koper 1,901,PREDČASNO GLASOVANJE,,1587,,1587,1574,13,1.0,11,0.007,0,0.0,24,0.0152,756,0.4803,0,,138,0.0877,46,0.0292,45,0.0286,5,0.0032,29,0.0184,32,0.0203,44,0.028,35,0.0222,20,0.0127,154,0.0978,5,0.0032,147,0.0934,57,0.0362,10,0.0064,14,0.0089,2,0.0013
456,2,Postojna,5,Koper 2,33,BABIČI - GASILSKI DOM,250.0,181,0.724,181,181,0,1.0,1,0.0055,0,0.0,2,0.011,96,0.5304,0,,8,0.0442,4,0.0221,16,0.0884,1,0.0055,3,0.0166,2,0.011,2,0.011,4,0.0221,1,0.0055,21,0.116,1,0.0055,17,0.0939,0,0.0,0,0.0,2,0.011,0,0.0
457,2,Postojna,5,Koper 2,27,BELVEDUR - ŠT. 2,71.0,34,0.4789,34,33,1,1.0,1,0.0303,0,0.0,1,0.0303,9,0.2727,0,,2,0.0606,5,0.1515,0,0.0,0,0.0,0,0.0,0,0.0,1,0.0303,2,0.0606,0,0.0,8,0.2424,0,0.0,0,0.0,1,0.0303,2,0.0606,1,0.0303,0,0.0
458,2,Postojna,5,Koper 2,4,BERTOKI- SEDEŽ KS,627.0,387,0.6172,387,382,5,1.0,1,0.0026,0,0.0,10,0.0262,158,0.4136,0,,23,0.0602,22,0.0576,16,0.0419,3,0.0079,13,0.034,3,0.0079,13,0.034,5,0.0131,6,0.0157,51,0.1335,3,0.0079,32,0.0838,16,0.0419,4,0.0105,3,0.0079,0,0.0
459,2,Postojna,5,Koper 2,16,BEZOVICA - DVORANA,62.0,41,0.6613,41,40,1,1.0,0,0.0,0,0.0,1,0.025,9,0.225,0,,4,0.1,1,0.025,7,0.175,0,0.0,1,0.025,1,0.025,2,0.05,0,0.0,1,0.025,4,0.1,0,0.0,7,0.175,1,0.025,1,0.025,0,0.0,0,0.0
460,2,Postojna,5,Koper 2,6,BORŠT - DOM KS,252.0,177,0.7024,177,176,1,1.0,0,0.0,1,0.0057,12,0.0682,80,0.4545,0,,12,0.0682,5,0.0284,5,0.0284,1,0.0057,8,0.0455,4,0.0227,8,0.0455,6,0.0341,3,0.017,19,0.108,1,0.0057,7,0.0398,4,0.0227,0,0.0,0,0.0,0,0.0
461,2,Postojna,5,Koper 2,29,BOŽIČI - KULTURNI DOM,1151.0,746,0.6481,746,740,6,1.0,4,0.0054,2,0.0027,25,0.0338,337,0.4554,0,,36,0.0486,46,0.0622,18,0.0243,2,0.0027,19,0.0257,24,0.0324,22,0.0297,16,0.0216,16,0.0216,88,0.1189,4,0.0054,52,0.0703,22,0.0297,3,0.0041,3,0.0041,1,0.0014
462,2,Postojna,5,Koper 2,30,BOŽIČI - KULTURNI DOM,626.0,416,0.6645,416,414,2,1.0,2,0.0048,1,0.0024,21,0.0507,188,0.4541,0,,25,0.0604,19,0.0459,9,0.0217,1,0.0024,15,0.0362,16,0.0386,7,0.0169,5,0.0121,7,0.0169,44,0.1063,1,0.0024,20,0.0483,18,0.0435,5,0.0121,9,0.0217,1,0.0024
463,2,Postojna,5,Koper 2,28,BREZOVICA - KULTURNI DOM,153.0,100,0.6536,100,98,2,1.0,0,0.0,0,0.0,0,0.0,44,0.449,0,,2,0.0204,4,0.0408,5,0.051,0,0.0,1,0.0102,0,0.0,3,0.0306,2,0.0204,0,0.0,23,0.2347,0,0.0,9,0.0918,3,0.0306,1,0.0102,0,0.0,1,0.0102
464,2,Postojna,5,Koper 2,7,ČRNI KAL - SEDEŽ KS,175.0,119,0.68,119,118,1,1.0,0,0.0,0,0.0,8,0.0678,49,0.4153,0,,4,0.0339,2,0.0169,2,0.0169,2,0.0169,6,0.0508,1,0.0085,3,0.0254,2,0.0169,0,0.0,15,0.1271,2,0.0169,10,0.0847,10,0.0847,2,0.0169,0,0.0,0,0.0
465,2,Postojna,5,Koper 2,12,ČRNOTIČE - STARA ŠOLA,86.0,65,0.7558,65,61,4,1.0,2,0.0328,0,0.0,3,0.0492,32,0.5246,0,,2,0.0328,3,0.0492,4,0.0656,0,0.0,2,0.0328,0,0.0,0,0.0,0,0.0,0,0.0,6,0.0984,0,0.0,3,0.0492,2,0.0328,0,0.0,2,0.0328,0,0.0
466,2,Postojna,5,Koper 2,19,DEKANI - KULTURNI DOM,645.0,434,0.6729,434,432,2,1.0,5,0.0116,0,0.0,12,0.0278,170,0.3935,0,,16,0.037,17,0.0394,19,0.044,4,0.0093,4,0.0093,16,0.037,20,0.0463,9,0.0208,8,0.0185,65,0.1505,1,0.0023,35,0.081,27,0.0625,3,0.0069,1,0.0023,0,0.0
467,2,Postojna,5,Koper 2,20,DEKANI - KULTURNI DOM,638.0,436,0.6834,436,434,2,1.0,4,0.0092,3,0.0069,14,0.0323,209,0.4816,0,,21,0.0484,13,0.03,21,0.0484,5,0.0115,9,0.0207,3,0.0069,17,0.0392,4,0.0092,2,0.0046,58,0.1336,2,0.0046,19,0.0438,25,0.0576,0,0.0,5,0.0115,0,0.0
468,2,Postojna,5,Koper 2,13,DOL - GASILSKI DOM,90.0,72,0.8,72,67,5,1.0,0,0.0,0,0.0,0,0.0,24,0.3582,0,,3,0.0448,2,0.0299,5,0.0746,1,0.0149,0,0.0,0,0.0,2,0.0299,1,0.0149,0,0.0,16,0.2388,0,0.0,2,0.0299,10,0.1493,0,0.0,0,0.0,1,0.0149
469,2,Postojna,5,Koper 2,9,GABROVICA - VAŠKI DOM,95.0,65,0.6842,65,64,1,1.0,0,0.0,0,0.0,0,0.0,24,0.375,0,,2,0.0312,4,0.0625,4,0.0625,0,0.0,3,0.0469,3,0.0469,3,0.0469,3,0.0469,2,0.0312,3,0.0469,0,0.0,3,0.0469,9,0.1406,0,0.0,1,0.0156,0,0.0
470,2,Postojna,5,Koper 2,48,GAŽON - ŠOLA,605.0,390,0.6446,390,386,4,1.0,1,0.0026,0,0.0,13,0.0337,161,0.4171,0,,12,0.0311,24,0.0622,10,0.0259,0,0.0,11,0.0285,12,0.0311,18,0.0466,5,0.013,3,0.0078,59,0.1528,5,0.013,30,0.0777,14,0.0363,3,0.0078,2,0.0052,3,0.0078
471,2,Postojna,5,Koper 2,21,GRAČIŠČE - KULTURNI DOM,435.0,306,0.7034,306,304,2,1.0,1,0.0033,1,0.0033,14,0.0461,107,0.352,0,,11,0.0362,22,0.0724,7,0.023,6,0.0197,7,0.023,14,0.0461,6,0.0197,7,0.023,1,0.0033,66,0.2171,2,0.0066,14,0.0461,9,0.0296,2,0.0066,6,0.0197,1,0.0033
472,2,Postojna,5,Koper 2,14,HRASTOVLJE - VAŠKI DOM,114.0,92,0.807,92,91,1,1.0,0,0.0,0,0.0,5,0.0549,34,0.3736,0,,0,0.0,1,0.011,4,0.044,2,0.022,3,0.033,4,0.044,2,0.022,0,0.0,1,0.011,24,0.2637,2,0.022,3,0.033,1,0.011,2,0.022,3,0.033,0,0.0
473,2,Postojna,5,Koper 2,11,KASTELEC - VAŠKI DOM,77.0,59,0.7662,59,59,0,1.0,0,0.0,0,0.0,3,0.0508,21,0.3559,0,,3,0.0508,4,0.0678,5,0.0847,2,0.0339,2,0.0339,0,0.0,5,0.0847,1,0.0169,3,0.0508,3,0.0508,0,0.0,1,0.0169,3,0.0508,3,0.0508,0,0.0,0,0.0
474,2,Postojna,5,Koper 2,52,KOŠTABONA - ŠOLA,197.0,148,0.7513,148,146,2,1.0,5,0.0342,0,0.0,3,0.0205,56,0.3836,0,,3,0.0205,5,0.0342,2,0.0137,1,0.0068,5,0.0342,0,0.0,11,0.0753,1,0.0068,2,0.0137,29,0.1986,0,0.0,13,0.089,4,0.0274,4,0.0274,1,0.0068,1,0.0068
475,2,Postojna,5,Koper 2,50,KRKAVČE - ZADRUŽNI DOM,250.0,159,0.636,159,159,0,1.0,0,0.0,0,0.0,5,0.0314,65,0.4088,0,,7,0.044,6,0.0377,6,0.0377,8,0.0503,7,0.044,2,0.0126,11,0.0692,4,0.0252,4,0.0252,18,0.1132,0,0.0,12,0.0755,3,0.0189,1,0.0063,0,0.0,0,0.0
476,2,Postojna,5,Koper 2,22,KUBED - DVORANA,153.0,115,0.7516,115,113,2,1.0,0,0.0,0,0.0,3,0.0265,62,0.5487,0,,5,0.0442,6,0.0531,1,0.0088,2,0.0177,5,0.0442,3,0.0265,1,0.0088,0,0.0,1,0.0088,11,0.0973,1,0.0088,6,0.0531,6,0.0531,0,0.0,0,0.0,0,0.0
477,2,Postojna,5,Koper 2,17,LOKA - POMOŽNI OBJEKT,81.0,55,0.679,55,55,0,1.0,0,0.0,0,0.0,0,0.0,26,0.4727,0,,1,0.0182,2,0.0364,1,0.0182,0,0.0,1,0.0182,0,0.0,1,0.0182,0,0.0,0,0.0,7,0.1273,0,0.0,0,0.0,15,0.2727,1,0.0182,0,0.0,0,0.0
478,2,Postojna,5,Koper 2,34,LOPAR - KULTURNI DOM,101.0,81,0.802,81,81,0,1.0,3,0.037,0,0.0,6,0.0741,35,0.4321,0,,1,0.0123,4,0.0494,3,0.037,1,0.0123,5,0.0617,2,0.0247,0,0.0,1,0.0123,1,0.0123,6,0.0741,1,0.0123,9,0.1111,2,0.0247,1,0.0123,0,0.0,0,0.0
479,2,Postojna,5,Koper 2,31,MAREZIGE - ZADRUŽNI DOM,498.0,356,0.7149,356,353,3,1.0,1,0.0028,1,0.0028,8,0.0227,160,0.4533,0,,10,0.0283,13,0.0368,14,0.0397,6,0.017,6,0.017,10,0.0283,14,0.0397,11,0.0312,2,0.0057,52,0.1473,3,0.0085,25,0.0708,11,0.0312,3,0.0085,3,0.0085,0,0.0
480,2,Postojna,5,Koper 2,23,MOVRAŽ - GASILSKI DOM,153.0,111,0.7255,111,109,2,1.0,0,0.0,0,0.0,3,0.0275,43,0.3945,0,,1,0.0092,7,0.0642,5,0.0459,1,0.0092,2,0.0183,0,0.0,6,0.055,5,0.0459,2,0.0183,21,0.1927,0,0.0,6,0.055,7,0.0642,0,0.0,0,0.0,0,0.0
481,2,Postojna,5,Koper 2,36,NARODNI DOM POBEGI,686.0,466,0.6793,466,463,3,1.0,5,0.0108,0,0.0,13,0.0281,173,0.3737,0,,12,0.0259,19,0.041,17,0.0367,8,0.0173,14,0.0302,10,0.0216,19,0.041,11,0.0238,11,0.0238,99,0.2138,3,0.0065,28,0.0605,17,0.0367,2,0.0043,1,0.0022,1,0.0022
482,2,Postojna,5,Koper 2,10,OSP - DVORANA,139.0,98,0.705,98,98,0,1.0,0,0.0,0,0.0,1,0.0102,34,0.3469,0,,7,0.0714,4,0.0408,4,0.0408,0,0.0,2,0.0204,1,0.0102,0,0.0,0,0.0,3,0.0306,19,0.1939,0,0.0,6,0.0612,13,0.1327,2,0.0204,1,0.0102,1,0.0102
483,2,Postojna,5,Koper 2,1,OŠ ANKARAN,1064.0,626,0.5883,626,619,7,1.0,2,0.0032,0,0.0,19,0.0307,260,0.42,0,,41,0.0662,20,0.0323,26,0.042,12,0.0194,15,0.0242,10,0.0162,27,0.0436,6,0.0097,13,0.021,90,0.1454,1,0.0016,38,0.0614,22,0.0355,7,0.0113,10,0.0162,0,0.0
484,2,Postojna,5,Koper 2,2,OŠ ANKARAN,774.0,526,0.6796,526,523,3,1.0,0,0.0,0,0.0,13,0.0249,232,0.4436,0,,34,0.065,15,0.0287,22,0.0421,3,0.0057,4,0.0076,24,0.0459,13,0.0249,11,0.021,13,0.0249,58,0.1109,3,0.0057,51,0.0975,21,0.0402,1,0.0019,5,0.0096,0,0.0
485,2,Postojna,5,Koper 2,3,OŠ ANKARAN,676.0,436,0.645,436,434,2,1.0,0,0.0,0,0.0,16,0.0369,204,0.47,0,,24,0.0553,9,0.0207,20,0.0461,0,0.0,10,0.023,9,0.0207,16,0.0369,10,0.023,8,0.0184,48,0.1106,2,0.0046,29,0.0668,16,0.0369,9,0.0207,3,0.0069,1,0.0023
486,2,Postojna,5,Koper 2,38,OŠ ELVIRE VATOVEC - PODRUŽNICA SV. ANTON,774.0,551,0.7119,550,546,4,1.0,2,0.0037,1,0.0018,24,0.044,244,0.4469,0,,25,0.0458,16,0.0293,22,0.0403,2,0.0037,10,0.0183,11,0.0201,16,0.0293,9,0.0165,6,0.011,78,0.1429,4,0.0073,38,0.0696,26,0.0476,6,0.011,5,0.0092,1,0.0018
487,2,Postojna,5,Koper 2,57,OŠ ELVIRE VATOVEC - PODRUŽNICA SV. ANTON,774.0,517,0.668,517,514,3,1.0,2,0.0039,1,0.0019,15,0.0292,224,0.4358,0,,34,0.0661,26,0.0506,11,0.0214,4,0.0078,11,0.0214,6,0.0117,22,0.0428,4,0.0078,10,0.0195,58,0.1128,8,0.0156,53,0.1031,16,0.0311,5,0.0097,4,0.0078,0,0.0
488,2,Postojna,5,Koper 2,5,OŠ PRADE,1046.0,720,0.6883,720,712,8,1.0,5,0.007,0,0.0,18,0.0253,309,0.434,0,,34,0.0478,32,0.0449,21,0.0295,14,0.0197,16,0.0225,15,0.0211,22,0.0309,10,0.014,14,0.0197,101,0.1419,5,0.007,51,0.0716,36,0.0506,4,0.0056,3,0.0042,2,0.0028
489,2,Postojna,5,Koper 2,47,OŠ ŠMARJE ,837.0,585,0.6989,585,582,3,1.0,4,0.0069,1,0.0017,11,0.0189,252,0.433,0,,29,0.0498,34,0.0584,14,0.0241,1,0.0017,17,0.0292,14,0.0241,27,0.0464,9,0.0155,8,0.0137,91,0.1564,2,0.0034,28,0.0481,22,0.0378,8,0.0137,6,0.0103,4,0.0069
490,2,Postojna,5,Koper 2,37,POBEGI - ČEŽARJI - SEDEŽ KS ,766.0,538,0.7023,538,532,6,1.0,2,0.0038,0,0.0,7,0.0132,263,0.4944,0,,21,0.0395,21,0.0395,16,0.0301,8,0.015,16,0.0301,7,0.0132,25,0.047,10,0.0188,9,0.0169,57,0.1071,9,0.0169,29,0.0545,24,0.0451,4,0.0075,3,0.0056,1,0.0019
491,2,Postojna,5,Koper 2,54,PODGORJE -  STARA ŠOLA ,118.0,89,0.7542,89,88,1,1.0,0,0.0,0,0.0,8,0.0909,36,0.4091,0,,6,0.0682,5,0.0568,3,0.0341,1,0.0114,1,0.0114,1,0.0114,3,0.0341,0,0.0,0,0.0,14,0.1591,0,0.0,9,0.1023,1,0.0114,0,0.0,0,0.0,0,0.0
492,2,Postojna,5,Koper 2,15,PODPEČ - PRKIČEVA HIŠA,45.0,30,0.6667,30,29,1,1.0,0,0.0,0,0.0,0,0.0,8,0.2759,0,,1,0.0345,2,0.069,0,0.0,0,0.0,0,0.0,1,0.0345,1,0.0345,0,0.0,0,0.0,9,0.3103,0,0.0,2,0.069,5,0.1724,0,0.0,0,0.0,0,0.0
493,2,Postojna,5,Koper 2,49,POMJAN - ŠOLA,205.0,127,0.6195,127,127,0,1.0,0,0.0,0,0.0,7,0.0551,52,0.4094,0,,4,0.0315,5,0.0394,6,0.0472,0,0.0,2,0.0157,3,0.0236,4,0.0315,0,0.0,7,0.0551,17,0.1339,0,0.0,12,0.0945,4,0.0315,1,0.0079,3,0.0236,0,0.0
494,2,Postojna,5,Koper 2,18,PREDLOKA - POMOŽNI OBJEKT,65.0,50,0.7692,50,49,1,1.0,0,0.0,1,0.0204,1,0.0204,15,0.3061,0,,0,0.0,2,0.0408,11,0.2245,0,0.0,0,0.0,1,0.0204,1,0.0204,0,0.0,1,0.0204,6,0.1224,0,0.0,5,0.102,4,0.0816,1,0.0204,0,0.0,0,0.0
495,2,Postojna,5,Koper 2,26,PREGARA - ŠOLA,127.0,78,0.6142,78,78,0,1.0,1,0.0128,2,0.0256,3,0.0385,23,0.2949,0,,5,0.0641,2,0.0256,2,0.0256,1,0.0128,3,0.0385,0,0.0,7,0.0897,3,0.0385,2,0.0256,14,0.1795,1,0.0128,4,0.0513,3,0.0385,2,0.0256,0,0.0,0,0.0
496,2,Postojna,5,Koper 2,51,PUČE - ŠOLA,209.0,149,0.7129,149,149,0,1.0,0,0.0,0,0.0,5,0.0336,87,0.5839,0,,8,0.0537,5,0.0336,2,0.0134,0,0.0,0,0.0,1,0.0067,6,0.0403,1,0.0067,1,0.0067,17,0.1141,2,0.0134,9,0.0604,1,0.0067,1,0.0067,0,0.0,3,0.0201
497,2,Postojna,5,Koper 2,55,RAKITOVEC - SEDEŽ KS,98.0,65,0.6633,65,64,1,1.0,4,0.0625,0,0.0,3,0.0469,16,0.25,0,,0,0.0,2,0.0312,1,0.0156,0,0.0,1,0.0156,0,0.0,8,0.125,0,0.0,1,0.0156,19,0.2969,1,0.0156,6,0.0938,2,0.0312,0,0.0,0,0.0,0,0.0
498,2,Postojna,5,Koper 2,8,RIŽANA - VRTEC,362.0,240,0.663,240,236,4,1.0,0,0.0,0,0.0,4,0.0169,82,0.3475,0,,13,0.0551,13,0.0551,13,0.0551,2,0.0085,5,0.0212,4,0.0169,10,0.0424,6,0.0254,1,0.0042,50,0.2119,1,0.0042,10,0.0424,19,0.0805,2,0.0085,1,0.0042,0,0.0
499,2,Postojna,5,Koper 2,24,SOČERGA  - ZADRUŽNI DOM,148.0,100,0.6757,100,99,1,1.0,2,0.0202,0,0.0,8,0.0808,24,0.2424,0,,9,0.0909,4,0.0404,6,0.0606,1,0.0101,0,0.0,1,0.0101,4,0.0404,5,0.0505,0,0.0,25,0.2525,1,0.0101,6,0.0606,3,0.0303,0,0.0,0,0.0,0,0.0
500,2,Postojna,5,Koper 2,40,SREDNJA TEHNIŠKA ŠOLA KOPER,882.0,549,0.6224,548,541,7,1.0,9,0.0166,1,0.0018,20,0.037,249,0.4603,0,,24,0.0444,14,0.0259,17,0.0314,7,0.0129,12,0.0222,10,0.0185,15,0.0277,6,0.0111,13,0.024,105,0.1941,0,0.0,21,0.0388,11,0.0203,5,0.0092,2,0.0037,0,0.0
501,2,Postojna,5,Koper 2,41,SREDNJA TEHNIŠKA ŠOLA KOPER,1246.0,792,0.6356,792,785,7,1.0,5,0.0064,1,0.0013,16,0.0204,345,0.4395,0,,22,0.028,53,0.0675,27,0.0344,5,0.0064,25,0.0318,10,0.0127,35,0.0446,9,0.0115,14,0.0178,114,0.1452,7,0.0089,58,0.0739,23,0.0293,11,0.014,5,0.0064,0,0.0
502,2,Postojna,5,Koper 2,42,SREDNJA TEHNIŠKA ŠOLA KOPER,646.0,376,0.582,376,372,4,1.0,1,0.0027,0,0.0,6,0.0161,167,0.4489,0,,22,0.0591,23,0.0618,12,0.0323,4,0.0108,10,0.0269,6,0.0161,9,0.0242,7,0.0188,6,0.0161,46,0.1237,3,0.0081,28,0.0753,11,0.0296,4,0.0108,6,0.0161,1,0.0027
503,2,Postojna,5,Koper 2,43,ŠKOFIJE - DVORANA BURJA,420.0,257,0.6119,257,257,0,1.0,0,0.0,0,0.0,10,0.0389,130,0.5058,0,,5,0.0195,12,0.0467,10,0.0389,3,0.0117,6,0.0233,2,0.0078,5,0.0195,3,0.0117,1,0.0039,36,0.1401,3,0.0117,13,0.0506,7,0.0272,5,0.0195,5,0.0195,1,0.0039
504,2,Postojna,5,Koper 2,45,ŠKOFIJE - DVORANA BURJA,561.0,353,0.6292,353,351,2,1.0,2,0.0057,0,0.0,11,0.0313,141,0.4017,0,,12,0.0342,14,0.0399,12,0.0342,7,0.0199,9,0.0256,10,0.0285,9,0.0256,3,0.0085,5,0.0142,68,0.1937,4,0.0114,24,0.0684,13,0.037,5,0.0142,2,0.0057,0,0.0
505,2,Postojna,5,Koper 2,46,ŠKOFIJE - DVORANA BURJA,670.0,433,0.6463,433,431,2,1.0,3,0.007,2,0.0046,9,0.0209,185,0.4292,0,,19,0.0441,20,0.0464,13,0.0302,5,0.0116,15,0.0348,9,0.0209,12,0.0278,1,0.0023,8,0.0186,74,0.1717,2,0.0046,31,0.0719,21,0.0487,0,0.0,1,0.0023,1,0.0023
506,2,Postojna,5,Koper 2,44,ŠKOFIJE - VAŠKA HIŠA,960.0,629,0.6552,629,625,4,1.0,2,0.0032,1,0.0016,24,0.0384,291,0.4656,0,,20,0.032,35,0.056,24,0.0384,6,0.0096,23,0.0368,5,0.008,31,0.0496,7,0.0112,10,0.016,69,0.1104,2,0.0032,36,0.0576,28,0.0448,9,0.0144,1,0.0016,1,0.0016
507,2,Postojna,5,Koper 2,25,TREBEŠE ŠT. 40 - LOVSKI DOM,44.0,29,0.6591,29,28,1,1.0,1,0.0357,0,0.0,0,0.0,11,0.3929,0,,1,0.0357,4,0.1429,0,0.0,0,0.0,1,0.0357,0,0.0,2,0.0714,0,0.0,0,0.0,7,0.25,0,0.0,0,0.0,1,0.0357,0,0.0,0,0.0,0,0.0
508,2,Postojna,5,Koper 2,32,TRSEK - VAŠKI DOM,43.0,16,0.3721,16,15,1,1.0,0,0.0,0,0.0,0,0.0,5,0.3333,0,,2,0.1333,1,0.0667,0,0.0,0,0.0,1,0.0667,0,0.0,1,0.0667,0,0.0,0,0.0,4,0.2667,0,0.0,1,0.0667,0,0.0,0,0.0,0,0.0,0,0.0
509,2,Postojna,5,Koper 2,35,TRUŠKE - ŠOLA,122.0,80,0.6557,80,79,1,1.0,1,0.0127,1,0.0127,3,0.038,24,0.3038,0,,7,0.0886,1,0.0127,3,0.038,0,0.0,2,0.0253,0,0.0,8,0.1013,9,0.1139,0,0.0,11,0.1392,1,0.0127,8,0.1013,0,0.0,0,0.0,0,0.0,0,0.0
510,2,Postojna,5,Koper 2,53,VANGANEL - SEDEŽ KS ,1121.0,788,0.7029,788,780,8,1.0,4,0.0051,0,0.0,22,0.0282,355,0.4551,0,,33,0.0423,43,0.0551,19,0.0244,13,0.0167,23,0.0295,12,0.0154,21,0.0269,11,0.0141,16,0.0205,125,0.1603,4,0.0051,49,0.0628,17,0.0218,5,0.0064,7,0.009,1,0.0013
511,2,Postojna,5,Koper 2,39,VANGANEL - ZADRUŽNI DOM - KONDOR,374.0,225,0.6016,225,223,2,1.0,0,0.0,2,0.009,3,0.0135,105,0.4709,0,,22,0.0987,21,0.0942,7,0.0314,3,0.0135,2,0.009,1,0.0045,3,0.0135,5,0.0224,4,0.0179,22,0.0987,1,0.0045,19,0.0852,2,0.009,1,0.0045,0,0.0,0,0.0
512,2,Postojna,5,Koper 2,56,ZAZID - VAŠKI DOM,68.0,58,0.8529,58,58,0,1.0,0,0.0,0,0.0,0,0.0,31,0.5345,0,,2,0.0345,1,0.0172,3,0.0517,0,0.0,0,0.0,1,0.0172,3,0.0517,1,0.0172,0,0.0,12,0.2069,0,0.0,2,0.0345,2,0.0345,0,0.0,0,0.0,0,0.0
513,2,Postojna,5,Koper 2,901,PREDČASNO GLASOVANJE,,1250,,1250,1244,6,1.0,1,0.0008,4,0.0032,27,0.0217,563,0.4526,0,,71,0.0571,39,0.0314,42,0.0338,16,0.0129,31,0.0249,29,0.0233,59,0.0474,17,0.0137,20,0.0161,171,0.1375,3,0.0024,95,0.0764,29,0.0233,20,0.0161,6,0.0048,1,0.0008
514,2,Postojna,6,Sežana,55,"ARTVIŽE, VAŠKI DOM, ARTVIŽE 6A",53.0,39,0.7358,39,39,0,1.0,0,0.0,0,0.0,0,0.0,15,0.3846,0,,2,0.0513,2,0.0513,0,0.0,1,0.0256,1,0.0256,0,0.0,0,0.0,1,0.0256,1,0.0256,7,0.1795,1,0.0256,7,0.1795,1,0.0256,0,0.0,0,0.0,0,0.0
515,2,Postojna,6,Sežana,1,"AVBER, BIVŠA ŠOLA",251.0,169,0.6733,169,168,1,1.0,1,0.006,0,0.0,7,0.0417,86,0.5119,0,,6,0.0357,0,0.0,5,0.0298,6,0.0357,6,0.0357,1,0.006,3,0.0179,2,0.0119,4,0.0238,22,0.131,2,0.0119,4,0.0238,9,0.0536,2,0.0119,2,0.0119,0,0.0
516,2,Postojna,6,Sežana,57,"BAČ PRI MATERIJI ŠT. 28B, GASILSKI DOM",338.0,223,0.6598,223,217,6,1.0,1,0.0046,0,0.0,8,0.0369,86,0.3963,0,,5,0.023,1,0.0046,7,0.0323,8,0.0369,5,0.023,1,0.0046,10,0.0461,8,0.0369,13,0.0599,38,0.1751,2,0.0092,6,0.0276,14,0.0645,1,0.0046,3,0.0138,0,0.0
517,2,Postojna,6,Sežana,46,"BARKA, STARA OSNOVNA ŠOLA",79.0,64,0.8101,64,61,3,1.0,2,0.0328,0,0.0,4,0.0656,15,0.2459,0,,12,0.1967,0,0.0,3,0.0492,1,0.0164,0,0.0,0,0.0,0,0.0,1,0.0164,2,0.0328,9,0.1475,0,0.0,2,0.0328,10,0.1639,0,0.0,0,0.0,0,0.0
518,2,Postojna,6,Sežana,35,"BRESTOVICA PRI KOMNU,VAŠKA SKUPNOST, ŠT.55",158.0,110,0.6962,110,108,2,1.0,0,0.0,0,0.0,1,0.0093,35,0.3241,0,,7,0.0648,0,0.0,6,0.0556,2,0.0185,3,0.0278,3,0.0278,9,0.0833,0,0.0,5,0.0463,25,0.2315,2,0.0185,2,0.0185,8,0.0741,0,0.0,0,0.0,0,0.0
519,2,Postojna,6,Sežana,58,"BREZOVICA, VAŠKI DOM",69.0,50,0.7246,50,50,0,1.0,2,0.04,0,0.0,1,0.02,17,0.34,0,,3,0.06,1,0.02,2,0.04,0,0.0,0,0.0,0,0.0,4,0.08,0,0.0,3,0.06,13,0.26,0,0.0,1,0.02,0,0.0,1,0.02,1,0.02,1,0.02
520,2,Postojna,6,Sežana,33,"BRJE PRI KOMNU, VAŠKI DOM",94.0,71,0.7553,71,71,0,1.0,1,0.0141,0,0.0,0,0.0,24,0.338,0,,5,0.0704,0,0.0,0,0.0,4,0.0563,1,0.0141,2,0.0282,6,0.0845,1,0.0141,1,0.0141,17,0.2394,1,0.0141,2,0.0282,3,0.0423,3,0.0423,0,0.0,0,0.0
521,2,Postojna,6,Sežana,43,"DANE PRI DIVAČI, VAŠKI DOM",157.0,111,0.707,111,110,1,1.0,1,0.0091,0,0.0,7,0.0636,46,0.4182,0,,3,0.0273,0,0.0,3,0.0273,1,0.0091,3,0.0273,1,0.0091,4,0.0364,2,0.0182,0,0.0,24,0.2182,2,0.0182,7,0.0636,3,0.0273,0,0.0,2,0.0182,1,0.0091
522,2,Postojna,6,Sežana,2,"DANE PRI SEŽANI, DOM NA PADULU",336.0,250,0.744,250,248,2,1.0,0,0.0,0,0.0,9,0.0363,105,0.4234,0,,17,0.0685,1,0.004,2,0.0081,10,0.0403,7,0.0282,10,0.0403,9,0.0363,3,0.0121,10,0.0403,29,0.1169,1,0.004,14,0.0565,15,0.0605,2,0.0081,3,0.0121,1,0.004
523,2,Postojna,6,Sežana,40,"DIVAČA, OSNOVNA ŠOLA",1185.0,799,0.6743,799,787,12,1.0,9,0.0114,0,0.0,35,0.0445,399,0.507,0,,43,0.0546,8,0.0102,19,0.0241,12,0.0152,12,0.0152,12,0.0152,12,0.0152,8,0.0102,12,0.0152,87,0.1105,5,0.0064,59,0.075,39,0.0496,7,0.0089,8,0.0102,1,0.0013
524,2,Postojna,6,Sežana,20,"DOL PRI VOGLJAH, ZADRUŽNI DOM",209.0,149,0.7129,149,149,0,1.0,1,0.0067,0,0.0,2,0.0134,47,0.3154,0,,7,0.047,1,0.0067,5,0.0336,5,0.0336,0,0.0,1,0.0067,6,0.0403,3,0.0201,23,0.1544,30,0.2013,4,0.0268,11,0.0738,3,0.0201,0,0.0,0,0.0,0,0.0
525,2,Postojna,6,Sežana,49,"DOLENJA VAS, V ZADRUŽNEM DOMU",239.0,179,0.749,179,176,3,1.0,3,0.017,0,0.0,9,0.0511,53,0.3011,0,,4,0.0227,2,0.0114,5,0.0284,4,0.0227,1,0.0057,1,0.0057,4,0.0227,3,0.017,4,0.0227,51,0.2898,4,0.0227,14,0.0795,10,0.0568,1,0.0057,3,0.017,0,0.0
526,2,Postojna,6,Sežana,41,"DOLJNE LEŽEČE, GOSTILNA PRI ČOTNIKU",237.0,159,0.6709,159,159,0,1.0,0,0.0,0,0.0,4,0.0252,65,0.4088,0,,11,0.0692,1,0.0063,6,0.0377,1,0.0063,1,0.0063,1,0.0063,8,0.0503,2,0.0126,3,0.0189,30,0.1887,3,0.0189,6,0.0377,16,0.1006,0,0.0,1,0.0063,0,0.0
527,2,Postojna,6,Sežana,3,"DUTOVLJE,  BUNČETOVA DOMAČIJA, DUTOVLJE 65",505.0,343,0.6792,343,341,2,1.0,1,0.0029,0,0.0,3,0.0088,133,0.39,0,,25,0.0733,3,0.0088,11,0.0323,10,0.0293,15,0.044,2,0.0059,21,0.0616,3,0.0088,5,0.0147,59,0.173,3,0.0088,19,0.0557,18,0.0528,6,0.0176,3,0.0088,1,0.0029
528,2,Postojna,6,Sežana,44,"FAMLJE, V OBJEKTU NEKDANJEGA LIV-A",496.0,333,0.6714,333,325,8,1.0,3,0.0092,0,0.0,5,0.0154,157,0.4831,0,,12,0.0369,0,0.0,12,0.0369,8,0.0246,1,0.0031,6,0.0185,15,0.0462,8,0.0246,3,0.0092,46,0.1415,6,0.0185,16,0.0492,16,0.0492,6,0.0185,4,0.0123,1,0.0031
529,2,Postojna,6,Sežana,27,"GABROVICA PRI KOMNU 47,V PROSTORIH VAŠKE SKUPNOST",155.0,122,0.7871,122,122,0,1.0,0,0.0,0,0.0,6,0.0492,47,0.3852,0,,3,0.0246,1,0.0082,1,0.0082,6,0.0492,2,0.0164,0,0.0,7,0.0574,2,0.0164,5,0.041,23,0.1885,1,0.0082,11,0.0902,5,0.041,1,0.0082,1,0.0082,0,0.0
530,2,Postojna,6,Sežana,34,"GORJANSKO, V KOTIČKU KULTURNEGA DOMA",264.0,206,0.7803,206,198,8,1.0,3,0.0152,0,0.0,3,0.0152,68,0.3434,0,,12,0.0606,1,0.0051,10,0.0505,6,0.0303,4,0.0202,3,0.0152,10,0.0505,2,0.0101,3,0.0152,33,0.1667,1,0.0051,13,0.0657,21,0.1061,5,0.0253,0,0.0,0,0.0
531,2,Postojna,6,Sežana,45,"GORNJE LEŽEČE 16,V PRIVAT HIŠI JOŽETA ČEPERJA",35.0,27,0.7714,27,27,0,1.0,0,0.0,0,0.0,1,0.037,16,0.5926,0,,1,0.037,0,0.0,2,0.0741,0,0.0,0,0.0,1,0.037,2,0.0741,0,0.0,0,0.0,1,0.037,0,0.0,2,0.0741,1,0.037,0,0.0,0,0.0,0,0.0
532,2,Postojna,6,Sežana,56,"GRADIŠČE PRI MATERIJI,PROSTORI KRAJEVNE SKUPNOSTI",112.0,78,0.6964,78,78,0,1.0,0,0.0,0,0.0,1,0.0128,18,0.2308,0,,7,0.0897,0,0.0,3,0.0385,0,0.0,4,0.0513,2,0.0256,3,0.0385,2,0.0256,1,0.0128,15,0.1923,1,0.0128,8,0.1026,11,0.141,0,0.0,1,0.0128,1,0.0128
533,2,Postojna,6,Sežana,50,"HRPELJE, VAŠKI DOM HRPELJE, NA  GORICI 2A",646.0,457,0.7074,457,451,6,1.0,4,0.0089,4,0.0089,11,0.0244,189,0.4191,0,,18,0.0399,8,0.0177,12,0.0266,5,0.0111,12,0.0266,10,0.0222,13,0.0288,7,0.0155,4,0.0089,69,0.153,1,0.0022,52,0.1153,23,0.051,5,0.0111,4,0.0089,0,0.0
534,2,Postojna,6,Sežana,39,"HRUŠEVICA, VAŠKI DOM",119.0,95,0.7983,95,93,2,1.0,0,0.0,0,0.0,0,0.0,51,0.5484,0,,1,0.0108,0,0.0,0,0.0,2,0.0215,1,0.0108,1,0.0108,2,0.0215,3,0.0323,2,0.0215,16,0.172,0,0.0,8,0.086,4,0.043,1,0.0108,0,0.0,1,0.0108
535,2,Postojna,6,Sežana,32,"IVANJI GRAD, VAŠKI DOM",94.0,75,0.7979,75,75,0,1.0,0,0.0,0,0.0,2,0.0267,32,0.4267,0,,0,0.0,1,0.0133,1,0.0133,2,0.0267,3,0.04,2,0.0267,4,0.0533,1,0.0133,3,0.04,7,0.0933,2,0.0267,4,0.0533,10,0.1333,1,0.0133,0,0.0,0,0.0
536,2,Postojna,6,Sežana,69,"JAVORJE, VAŠKI DOM",116.0,80,0.6897,80,79,1,1.0,0,0.0,0,0.0,0,0.0,28,0.3544,0,,1,0.0127,2,0.0253,0,0.0,1,0.0127,0,0.0,1,0.0127,0,0.0,0,0.0,4,0.0506,27,0.3418,2,0.0253,8,0.1013,4,0.0506,1,0.0127,0,0.0,0,0.0
537,2,Postojna,6,Sežana,8,"KAZLJE, V DOMU KS",149.0,112,0.7517,112,111,1,1.0,2,0.018,0,0.0,3,0.027,45,0.4054,0,,2,0.018,0,0.0,1,0.009,1,0.009,1,0.009,1,0.009,1,0.009,2,0.018,6,0.0541,11,0.0991,0,0.0,14,0.1261,11,0.0991,6,0.0541,4,0.036,0,0.0
538,2,Postojna,6,Sežana,68,"KLANEC PRI KOZINI, V PROSTORIH VAŠKEGA DOMA",128.0,88,0.6875,88,87,1,1.0,0,0.0,0,0.0,1,0.0115,41,0.4713,0,,6,0.069,0,0.0,3,0.0345,0,0.0,3,0.0345,0,0.0,2,0.023,4,0.046,2,0.023,11,0.1264,2,0.023,3,0.0345,8,0.092,1,0.0115,0,0.0,0,0.0
539,2,Postojna,6,Sežana,38,"KOBJEGLAVA, VAŠKI DOM, ŠT.75",205.0,145,0.7073,145,144,1,1.0,0,0.0,3,0.0208,0,0.0,58,0.4028,0,,7,0.0486,0,0.0,0,0.0,2,0.0139,5,0.0347,1,0.0069,14,0.0972,1,0.0069,8,0.0556,30,0.2083,0,0.0,6,0.0417,8,0.0556,1,0.0069,0,0.0,0,0.0
540,2,Postojna,6,Sežana,37,"KODRETI, VAŠKA SKUPNOST GORNJA BRANICA,KODRETI 10",134.0,107,0.7985,107,106,1,1.0,1,0.0094,0,0.0,0,0.0,32,0.3019,0,,3,0.0283,0,0.0,3,0.0283,2,0.0189,2,0.0189,1,0.0094,23,0.217,1,0.0094,6,0.0566,19,0.1792,0,0.0,10,0.0943,3,0.0283,0,0.0,0,0.0,0,0.0
541,2,Postojna,6,Sežana,26,"KOMEN, DVORANA KULTURNEGA DOMA, KOMEN 118",636.0,494,0.7767,494,486,8,1.0,1,0.0021,1,0.0021,10,0.0206,182,0.3745,0,,16,0.0329,1,0.0021,13,0.0267,14,0.0288,5,0.0103,6,0.0123,50,0.1029,12,0.0247,17,0.035,94,0.1934,7,0.0144,23,0.0473,27,0.0556,7,0.0144,0,0.0,0,0.0
542,2,Postojna,6,Sežana,6,"KOPRIVA,DVORANA VAŠKE SKUPNOSTI",172.0,126,0.7326,126,126,0,1.0,2,0.0159,0,0.0,0,0.0,46,0.3651,0,,16,0.127,2,0.0159,6,0.0476,2,0.0159,1,0.0079,5,0.0397,5,0.0397,3,0.0238,4,0.0317,16,0.127,6,0.0476,8,0.0635,2,0.0159,0,0.0,2,0.0159,0,0.0
543,2,Postojna,6,Sežana,53,"KOZINA, V PROSTORIH KNJIŽNICE, ISTRSKA 19",515.0,365,0.7087,365,359,6,1.0,4,0.0111,0,0.0,10,0.0279,164,0.4568,0,,6,0.0167,8,0.0223,10,0.0279,4,0.0111,9,0.0251,7,0.0195,17,0.0474,7,0.0195,2,0.0056,61,0.1699,4,0.0111,28,0.078,13,0.0362,5,0.0139,0,0.0,0,0.0
544,2,Postojna,6,Sežana,7,"KRAJNA VAS 40,V PROSTORIH VAŠKE HIŠE GEC CVETKE",98.0,83,0.8469,83,82,1,1.0,2,0.0244,0,0.0,1,0.0122,36,0.439,0,,7,0.0854,0,0.0,4,0.0488,2,0.0244,2,0.0244,2,0.0244,3,0.0366,4,0.0488,4,0.0488,4,0.0488,2,0.0244,4,0.0488,4,0.0488,0,0.0,1,0.0122,0,0.0
545,2,Postojna,6,Sežana,4,"KREPLJE, VAŠKI DOM",125.0,92,0.736,92,90,2,1.0,0,0.0,0,0.0,1,0.0111,30,0.3333,0,,0,0.0,0,0.0,1,0.0111,3,0.0333,2,0.0222,0,0.0,13,0.1444,3,0.0333,2,0.0222,25,0.2778,1,0.0111,5,0.0556,2,0.0222,1,0.0111,0,0.0,1,0.0111
546,2,Postojna,6,Sežana,24,"KRIŽ, VAŠKI DOM",684.0,492,0.7193,492,488,4,1.0,7,0.0143,0,0.0,2,0.0041,194,0.3975,0,,16,0.0328,1,0.002,18,0.0369,25,0.0512,10,0.0205,13,0.0266,25,0.0512,5,0.0102,17,0.0348,71,0.1455,6,0.0123,27,0.0553,46,0.0943,3,0.0061,2,0.0041,0,0.0
547,2,Postojna,6,Sežana,52,"KRVAVI POTOK, VAŠKI DOM",134.0,101,0.7537,101,99,2,1.0,4,0.0404,0,0.0,0,0.0,35,0.3535,0,,8,0.0808,2,0.0202,6,0.0606,1,0.0101,2,0.0202,4,0.0404,4,0.0404,2,0.0202,5,0.0505,15,0.1515,1,0.0101,6,0.0606,1,0.0101,1,0.0101,2,0.0202,0,0.0
548,2,Postojna,6,Sežana,9,"LOKEV, KULTURNI DOM",646.0,459,0.7105,459,444,15,1.0,5,0.0113,0,0.0,10,0.0225,195,0.4392,0,,16,0.036,2,0.0045,14,0.0315,34,0.0766,11,0.0248,7,0.0158,7,0.0158,6,0.0135,5,0.0113,63,0.1419,4,0.009,35,0.0788,26,0.0586,4,0.009,0,0.0,0,0.0
549,2,Postojna,6,Sežana,42,"NAKLO, VAŠKI DOM",98.0,77,0.7857,77,77,0,1.0,1,0.013,0,0.0,0,0.0,28,0.3636,0,,7,0.0909,0,0.0,3,0.039,3,0.039,5,0.0649,0,0.0,1,0.013,0,0.0,1,0.013,8,0.1039,1,0.013,8,0.1039,9,0.1169,1,0.013,1,0.013,0,0.0
550,2,Postojna,6,Sežana,60,"OBROV, V PROSTORIH BALINIŠČA",242.0,132,0.5455,132,132,0,1.0,0,0.0,0,0.0,2,0.0152,49,0.3712,0,,7,0.053,2,0.0152,0,0.0,2,0.0152,5,0.0379,0,0.0,5,0.0379,2,0.0152,5,0.0379,37,0.2803,3,0.0227,5,0.0379,6,0.0455,1,0.0076,1,0.0076,0,0.0
551,2,Postojna,6,Sežana,59,"OCIZLA-V VAŠKI HIŠI,OCIZLA 36",115.0,95,0.8261,95,94,1,1.0,2,0.0213,0,0.0,1,0.0106,41,0.4362,0,,1,0.0106,5,0.0532,3,0.0319,0,0.0,2,0.0213,4,0.0426,1,0.0106,4,0.0426,1,0.0106,15,0.1596,1,0.0106,9,0.0957,4,0.0426,0,0.0,0,0.0,0,0.0
552,2,Postojna,6,Sežana,17,"OSNOVNA ŠOLA SEŽANA (V JEDILNICI), KOSOVELOVA 6",397.0,213,0.5365,213,211,2,1.0,0,0.0,1,0.0047,9,0.0427,90,0.4265,0,,20,0.0948,3,0.0142,5,0.0237,5,0.0237,3,0.0142,8,0.0379,5,0.0237,6,0.0284,4,0.019,24,0.1137,3,0.0142,11,0.0521,9,0.0427,3,0.0142,1,0.0047,1,0.0047
553,2,Postojna,6,Sežana,15,"OTROŠKI VRTEC, ULICA JOŽETA PAHORJA 1",713.0,394,0.5526,394,387,7,1.0,4,0.0103,1,0.0026,17,0.0439,174,0.4496,0,,27,0.0698,4,0.0103,4,0.0103,4,0.0103,3,0.0078,11,0.0284,7,0.0181,13,0.0336,5,0.0129,55,0.1421,3,0.0078,32,0.0827,14,0.0362,6,0.0155,3,0.0078,0,0.0
554,2,Postojna,6,Sežana,10,"PLISKOVICA, PROSTOR BALINARSKEGA KLUBA",212.0,157,0.7406,157,156,1,1.0,3,0.0192,1,0.0064,3,0.0192,42,0.2692,0,,12,0.0769,1,0.0064,3,0.0192,2,0.0128,0,0.0,1,0.0064,14,0.0897,4,0.0256,13,0.0833,38,0.2436,1,0.0064,8,0.0513,10,0.0641,0,0.0,0,0.0,0,0.0
555,2,Postojna,6,Sežana,13,"POVIR, V PROSTORIH ZADRUŽNEGA DOMA",542.0,416,0.7675,415,405,10,1.0,6,0.0148,0,0.0,6,0.0148,177,0.437,0,,7,0.0173,2,0.0049,11,0.0272,14,0.0346,9,0.0222,5,0.0123,24,0.0593,6,0.0148,20,0.0494,63,0.1556,3,0.0074,28,0.0691,14,0.0346,9,0.0222,1,0.0025,0,0.0
556,2,Postojna,6,Sežana,61,"PREŠNICA, OSNOVNA ŠOLA",147.0,109,0.7415,109,109,0,1.0,0,0.0,0,0.0,1,0.0092,42,0.3853,0,,1,0.0092,1,0.0092,4,0.0367,4,0.0367,3,0.0275,0,0.0,6,0.055,4,0.0367,5,0.0459,21,0.1927,2,0.0183,8,0.0734,3,0.0275,2,0.0183,2,0.0183,0,0.0
557,2,Postojna,6,Sežana,62,"RODIK, PROSTORI VAŠKEGA DOMA, RODIK 6",246.0,181,0.7358,181,177,4,1.0,1,0.0056,2,0.0113,3,0.0169,77,0.435,0,,14,0.0791,5,0.0282,8,0.0452,2,0.0113,0,0.0,0,0.0,11,0.0621,2,0.0113,0,0.0,21,0.1186,2,0.0113,14,0.0791,15,0.0847,0,0.0,0,0.0,0,0.0
558,2,Postojna,6,Sežana,14,"SEDEŽ OBČINE SEŽANA, PARTIZANSKA CESTA 4",643.0,354,0.5505,354,352,2,1.0,1,0.0028,0,0.0,7,0.0199,132,0.375,0,,39,0.1108,1,0.0028,9,0.0256,9,0.0256,8,0.0227,12,0.0341,20,0.0568,4,0.0114,22,0.0625,40,0.1136,3,0.0085,16,0.0455,20,0.0568,7,0.0199,2,0.0057,0,0.0
559,2,Postojna,6,Sežana,48,"SENOŽEČE, VEČNAMENSKA DVORANA RUDOLFA  CVETKA",557.0,394,0.7074,394,387,7,1.0,8,0.0207,3,0.0078,21,0.0543,144,0.3721,0,,13,0.0336,2,0.0052,14,0.0362,12,0.031,9,0.0233,11,0.0284,9,0.0233,3,0.0078,14,0.0362,61,0.1576,7,0.0181,35,0.0904,18,0.0465,2,0.0052,1,0.0026,0,0.0
560,2,Postojna,6,Sežana,5,"SKOPO, VAŠKA DVORANA",190.0,134,0.7053,134,132,2,1.0,0,0.0,0,0.0,7,0.053,62,0.4697,0,,11,0.0833,0,0.0,1,0.0076,2,0.0152,0,0.0,2,0.0152,3,0.0227,2,0.0152,5,0.0379,20,0.1515,2,0.0152,5,0.0379,6,0.0455,3,0.0227,1,0.0076,0,0.0
561,2,Postojna,6,Sežana,63,"SLIVJE, KRAJEVNA SKUPNOST",385.0,246,0.639,246,243,3,1.0,1,0.0041,0,0.0,3,0.0123,120,0.4938,0,,0,0.0,3,0.0123,5,0.0206,8,0.0329,6,0.0247,6,0.0247,6,0.0247,4,0.0165,6,0.0247,41,0.1687,3,0.0123,18,0.0741,9,0.037,1,0.0041,1,0.0041,2,0.0082
562,2,Postojna,6,Sežana,18,STARA OSNOVNA ŠOLA V SEŽANI,968.0,564,0.5826,564,557,7,1.0,1,0.0018,2,0.0036,8,0.0144,250,0.4488,0,,34,0.061,1,0.0018,17,0.0305,2,0.0036,6,0.0108,10,0.018,27,0.0485,15,0.0269,19,0.0341,75,0.1346,9,0.0162,35,0.0628,37,0.0664,6,0.0108,3,0.0054,0,0.0
563,2,Postojna,6,Sežana,30,"SVETO, STARA ŠOLA, ŠT.68",176.0,135,0.767,135,134,1,1.0,0,0.0,0,0.0,3,0.0224,59,0.4403,0,,8,0.0597,0,0.0,5,0.0373,12,0.0896,1,0.0075,0,0.0,3,0.0224,1,0.0075,4,0.0299,22,0.1642,1,0.0075,8,0.0597,3,0.0224,1,0.0075,3,0.0224,0,0.0
564,2,Postojna,6,Sežana,31,"ŠKRBINA, STARA ŠOLA",176.0,132,0.75,132,128,4,1.0,2,0.0156,0,0.0,1,0.0078,50,0.3906,0,,9,0.0703,0,0.0,1,0.0078,4,0.0312,7,0.0547,0,0.0,9,0.0703,2,0.0156,2,0.0156,28,0.2188,0,0.0,2,0.0156,7,0.0547,1,0.0078,3,0.0234,0,0.0
565,2,Postojna,6,Sežana,36,"ŠTANJEL, ZADRUŽNI DOM, ŠT.59A",522.0,384,0.7356,384,381,3,1.0,3,0.0079,0,0.0,4,0.0105,128,0.336,0,,14,0.0367,0,0.0,6,0.0157,12,0.0315,4,0.0105,7,0.0184,32,0.084,5,0.0131,16,0.042,78,0.2047,9,0.0236,13,0.0341,49,0.1286,0,0.0,0,0.0,1,0.0026
566,2,Postojna,6,Sežana,21,"ŠTJAK, V BIVŠI ŠOLI",173.0,113,0.6532,113,107,6,1.0,0,0.0,0,0.0,1,0.0093,35,0.3271,0,,4,0.0374,0,0.0,3,0.028,6,0.0561,3,0.028,0,0.0,8,0.0748,4,0.0374,0,0.0,22,0.2056,1,0.0093,10,0.0935,8,0.0748,1,0.0093,0,0.0,1,0.0093
567,2,Postojna,6,Sežana,22,"ŠTORJE, ZADRUŽNI DOM",367.0,274,0.7466,274,270,4,1.0,0,0.0,2,0.0074,6,0.0222,121,0.4481,0,,13,0.0481,0,0.0,17,0.063,6,0.0222,6,0.0222,8,0.0296,8,0.0296,6,0.0222,12,0.0444,30,0.1111,1,0.0037,15,0.0556,9,0.0333,6,0.0222,4,0.0148,0,0.0
568,2,Postojna,6,Sežana,25,"TABOR, V PROSTORIH ŠOLE, TABOR ŠT.9",249.0,171,0.6867,171,171,0,1.0,0,0.0,0,0.0,6,0.0351,49,0.2865,0,,9,0.0526,0,0.0,2,0.0117,16,0.0936,1,0.0058,7,0.0409,20,0.117,0,0.0,5,0.0292,28,0.1637,0,0.0,13,0.076,12,0.0702,0,0.0,1,0.0058,2,0.0117
569,2,Postojna,6,Sežana,64,"TATRE, VAŠKI DOM",41.0,34,0.8293,34,34,0,1.0,0,0.0,0,0.0,0,0.0,10,0.2941,0,,1,0.0294,0,0.0,0,0.0,1,0.0294,1,0.0294,0,0.0,0,0.0,0,0.0,0,0.0,17,0.5,0,0.0,4,0.1176,0,0.0,0,0.0,0,0.0,0,0.0
570,2,Postojna,6,Sežana,29,"TOMAČEVICA, VAŠKI DOM",130.0,105,0.8077,105,104,1,1.0,0,0.0,0,0.0,2,0.0192,45,0.4327,0,,4,0.0385,0,0.0,8,0.0769,10,0.0962,4,0.0385,1,0.0096,4,0.0385,1,0.0096,4,0.0385,14,0.1346,0,0.0,3,0.0288,3,0.0288,0,0.0,0,0.0,1,0.0096
571,2,Postojna,6,Sežana,23,"TOMAJ,SEDEŽ KRAJEVNE SKUPNOSTI",248.0,171,0.6895,171,171,0,1.0,1,0.0058,0,0.0,3,0.0175,86,0.5029,0,,2,0.0117,0,0.0,3,0.0175,2,0.0117,3,0.0175,6,0.0351,13,0.076,3,0.0175,7,0.0409,21,0.1228,1,0.0058,4,0.0234,13,0.076,1,0.0058,2,0.0117,0,0.0
572,2,Postojna,6,Sežana,51,"TUBLJE PRI HRPELJAH, GOSTILNA KRIŽMAN, TUBLJE 24",161.0,112,0.6957,112,112,0,1.0,1,0.0089,0,0.0,0,0.0,56,0.5,0,,0,0.0,5,0.0446,2,0.0179,2,0.0179,2,0.0179,0,0.0,6,0.0536,0,0.0,6,0.0536,23,0.2054,2,0.0179,3,0.0268,3,0.0268,1,0.0089,0,0.0,0,0.0
573,2,Postojna,6,Sežana,12,"TUBLJE PRI KOMNU,VAŠKA HIŠA KNEZ DRAGICE,H.ŠT.16",47.0,38,0.8085,38,38,0,1.0,0,0.0,0,0.0,1,0.0263,7,0.1842,0,,5,0.1316,0,0.0,1,0.0263,1,0.0263,1,0.0263,1,0.0263,1,0.0263,0,0.0,4,0.1053,9,0.2368,1,0.0263,3,0.0789,3,0.0789,0,0.0,0,0.0,0,0.0
574,2,Postojna,6,Sežana,47,"VAREJE, VAŠKI DOM OB BALINIŠČU",74.0,44,0.5946,44,44,0,1.0,1,0.0227,0,0.0,1,0.0227,19,0.4318,0,,0,0.0,0,0.0,4,0.0909,4,0.0909,0,0.0,0,0.0,1,0.0227,0,0.0,0,0.0,5,0.1136,0,0.0,7,0.1591,2,0.0455,0,0.0,0,0.0,0,0.0
575,2,Postojna,6,Sežana,16,"VDC KOPER -ENOTA SEŽANA,UL. J.PAHORJA 3",797.0,438,0.5496,438,431,7,1.0,1,0.0023,0,0.0,11,0.0255,183,0.4246,0,,36,0.0835,7,0.0162,17,0.0394,4,0.0093,6,0.0139,8,0.0186,11,0.0255,11,0.0255,9,0.0209,50,0.116,4,0.0093,38,0.0882,23,0.0534,9,0.0209,3,0.007,0,0.0
576,2,Postojna,6,Sežana,11,"VELIKI DOL, DVORANA STARE ŠOLE",99.0,72,0.7273,72,70,2,1.0,0,0.0,0,0.0,1,0.0143,24,0.3429,0,,3,0.0429,1,0.0143,1,0.0143,4,0.0571,4,0.0571,1,0.0143,4,0.0571,1,0.0143,2,0.0286,15,0.2143,1,0.0143,4,0.0571,4,0.0571,0,0.0,0,0.0,0,0.0
577,2,Postojna,6,Sežana,28,VOLČJI GRAD ŠT.24,73.0,63,0.863,63,63,0,1.0,0,0.0,0,0.0,1,0.0159,31,0.4921,0,,6,0.0952,0,0.0,0,0.0,3,0.0476,0,0.0,0,0.0,5,0.0794,0,0.0,0,0.0,10,0.1587,0,0.0,4,0.0635,3,0.0476,0,0.0,0,0.0,0,0.0
578,2,Postojna,6,Sežana,54,"VRHPOLJE, VAŠKI DOM",61.0,51,0.8361,51,51,0,1.0,3,0.0588,0,0.0,1,0.0196,25,0.4902,0,,4,0.0784,1,0.0196,0,0.0,0,0.0,4,0.0784,0,0.0,0,0.0,0,0.0,0,0.0,6,0.1176,2,0.0392,3,0.0588,2,0.0392,0,0.0,0,0.0,0,0.0
579,2,Postojna,6,Sežana,19,"ZAV. ZA GAS. IN REŠ.SL. SEŽANA, BAZOVIŠKA UL. 13",591.0,396,0.6701,396,391,5,1.0,2,0.0051,0,0.0,12,0.0307,149,0.3811,0,,20,0.0512,4,0.0102,11,0.0281,11,0.0281,9,0.023,19,0.0486,8,0.0205,10,0.0256,6,0.0153,58,0.1483,7,0.0179,27,0.0691,25,0.0639,5,0.0128,4,0.0102,4,0.0102
580,2,Postojna,6,Sežana,901,PREDČASNO GLASOVANJE,,1298,,1298,1288,10,1.0,5,0.0039,1,0.0008,27,0.021,618,0.4798,0,,97,0.0753,2,0.0016,38,0.0295,17,0.0132,27,0.021,27,0.021,45,0.0349,18,0.014,26,0.0202,145,0.1126,13,0.0101,87,0.0675,68,0.0528,20,0.0155,7,0.0054,0,0.0
581,2,Postojna,7,Ilirska Bistrica,11,"BAR KOČANIJA, TRPČANE",111.0,69,0.6216,69,69,0,1.0,0,0.0,0,0.0,5,0.0725,17,0.2464,0,,0,0.0,0,0.0,4,0.058,0,0.0,0,0.0,0,0.0,5,0.0725,0,0.0,6,0.087,24,0.3478,2,0.029,5,0.0725,0,0.0,1,0.0145,0,0.0,0,0.0
582,2,Postojna,7,Ilirska Bistrica,14,"BIVŠA GOSTILNA, NOVOKRAČINE 46",173.0,110,0.6358,110,105,5,1.0,1,0.0095,0,0.0,4,0.0381,48,0.4571,0,,5,0.0476,0,0.0,2,0.019,1,0.0095,5,0.0476,0,0.0,10,0.0952,0,0.0,3,0.0286,13,0.1238,2,0.019,7,0.0667,2,0.019,0,0.0,2,0.019,0,0.0
583,2,Postojna,7,Ilirska Bistrica,41,"BIVŠA OŠ, PREM",136.0,85,0.625,83,81,2,1.0,1,0.0123,0,0.0,0,0.0,17,0.2099,0,,1,0.0123,0,0.0,2,0.0247,1,0.0123,0,0.0,1,0.0123,22,0.2716,2,0.0247,2,0.0247,23,0.284,0,0.0,5,0.0617,3,0.037,1,0.0123,0,0.0,0,0.0
584,2,Postojna,7,Ilirska Bistrica,36,BIVŠA ŠOLSKA STAVBA OSTROŽNO BRDO,79.0,43,0.5443,43,42,1,1.0,1,0.0238,0,0.0,0,0.0,4,0.0952,0,,1,0.0238,0,0.0,1,0.0238,3,0.0714,3,0.0714,1,0.0238,0,0.0,0,0.0,4,0.0952,16,0.381,1,0.0238,2,0.0476,2,0.0476,1,0.0238,2,0.0476,0,0.0
585,2,Postojna,7,Ilirska Bistrica,17,"BIVŠA ŠOLSKA STAVBA, VELIKO BRDO",74.0,47,0.6351,47,47,0,1.0,0,0.0,0,0.0,0,0.0,11,0.234,0,,2,0.0426,0,0.0,2,0.0426,1,0.0213,0,0.0,0,0.0,5,0.1064,1,0.0213,3,0.0638,8,0.1702,0,0.0,11,0.234,2,0.0426,0,0.0,0,0.0,1,0.0213
586,2,Postojna,7,Ilirska Bistrica,42,ČELJE - DVORANA KS,50.0,34,0.68,34,34,0,1.0,0,0.0,0,0.0,0,0.0,5,0.1471,0,,3,0.0882,0,0.0,2,0.0588,1,0.0294,1,0.0294,0,0.0,3,0.0882,0,0.0,2,0.0588,13,0.3824,0,0.0,3,0.0882,1,0.0294,0,0.0,0,0.0,0,0.0
587,2,Postojna,7,Ilirska Bistrica,16,DOLENJE PRI JELŠANAH 6,156.0,91,0.5833,91,88,3,1.0,0,0.0,0,0.0,0,0.0,32,0.3636,0,,3,0.0341,0,0.0,2,0.0227,2,0.0227,2,0.0227,2,0.0227,10,0.1136,1,0.0114,3,0.0341,22,0.25,4,0.0455,3,0.0341,2,0.0227,0,0.0,0,0.0,0,0.0
588,2,Postojna,7,Ilirska Bistrica,12,"DOM NA SELIH, PODGRAJE 75",451.0,292,0.6475,292,282,10,1.0,3,0.0106,2,0.0071,4,0.0142,58,0.2057,0,,8,0.0284,1,0.0035,11,0.039,5,0.0177,5,0.0177,1,0.0035,29,0.1028,2,0.0071,17,0.0603,115,0.4078,3,0.0106,11,0.039,3,0.0106,2,0.0071,2,0.0071,0,0.0
589,2,Postojna,7,Ilirska Bistrica,33,"DRUŠTVENI PROSTORI , TOMINJE",84.0,43,0.5119,43,42,1,1.0,0,0.0,0,0.0,0,0.0,14,0.3333,0,,0,0.0,0,0.0,0,0.0,0,0.0,3,0.0714,2,0.0476,4,0.0952,1,0.0238,2,0.0476,9,0.2143,2,0.0476,4,0.0952,1,0.0238,0,0.0,0,0.0,0,0.0
590,2,Postojna,7,Ilirska Bistrica,50,GASILSKI DOM  KORITNICE,113.0,71,0.6283,71,70,1,1.0,0,0.0,0,0.0,0,0.0,23,0.3286,0,,2,0.0286,0,0.0,0,0.0,3,0.0429,3,0.0429,0,0.0,4,0.0571,3,0.0429,1,0.0143,20,0.2857,1,0.0143,7,0.1,0,0.0,3,0.0429,0,0.0,0,0.0
591,2,Postojna,7,Ilirska Bistrica,15,GASILSKI DOM JELŠANE,247.0,154,0.6235,154,150,4,1.0,2,0.0133,0,0.0,10,0.0667,39,0.26,0,,6,0.04,3,0.02,7,0.0467,1,0.0067,4,0.0267,1,0.0067,14,0.0933,3,0.02,0,0.0,31,0.2067,11,0.0733,8,0.0533,7,0.0467,1,0.0067,1,0.0067,1,0.0067
592,2,Postojna,7,Ilirska Bistrica,48,GASILSKI DOM KNEŽAK,369.0,254,0.6883,254,252,2,1.0,3,0.0119,0,0.0,6,0.0238,73,0.2897,0,,11,0.0437,0,0.0,7,0.0278,11,0.0437,1,0.004,3,0.0119,45,0.1786,5,0.0198,3,0.0119,58,0.2302,2,0.0079,12,0.0476,7,0.0278,2,0.0079,3,0.0119,0,0.0
593,2,Postojna,7,Ilirska Bistrica,7,GASILSKI DOM VRBOVO,244.0,157,0.6434,157,157,0,1.0,0,0.0,0,0.0,3,0.0191,52,0.3312,0,,7,0.0446,1,0.0064,5,0.0318,5,0.0318,1,0.0064,1,0.0064,29,0.1847,3,0.0191,3,0.0191,35,0.2229,3,0.0191,4,0.0255,1,0.0064,2,0.0127,1,0.0064,1,0.0064
594,2,Postojna,7,Ilirska Bistrica,13,"GOSTILNA ""SABRINA"" SUŠAK",75.0,48,0.64,48,47,1,1.0,0,0.0,0,0.0,1,0.0213,15,0.3191,0,,0,0.0,0,0.0,6,0.1277,0,0.0,1,0.0213,0,0.0,5,0.1064,0,0.0,1,0.0213,11,0.234,0,0.0,5,0.1064,2,0.0426,0,0.0,0,0.0,0,0.0
595,2,Postojna,7,Ilirska Bistrica,10,"GOSTILNA CELIN, KUTEŽEVO",191.0,142,0.7435,142,142,0,1.0,1,0.007,0,0.0,1,0.007,33,0.2324,0,,5,0.0352,1,0.007,4,0.0282,1,0.007,0,0.0,6,0.0423,27,0.1901,2,0.0141,12,0.0845,34,0.2394,3,0.0211,8,0.0563,2,0.0141,2,0.0141,0,0.0,0,0.0
596,2,Postojna,7,Ilirska Bistrica,35,GOSTILNA PIZZERIA ŠKORPION REČICA 1A,367.0,233,0.6349,233,225,8,1.0,1,0.0044,0,0.0,3,0.0133,54,0.24,0,,4,0.0178,0,0.0,15,0.0667,3,0.0133,1,0.0044,3,0.0133,44,0.1956,4,0.0178,4,0.0178,64,0.2844,2,0.0089,6,0.0267,10,0.0444,5,0.0222,2,0.0089,0,0.0
597,2,Postojna,7,Ilirska Bistrica,21,GRAD DOLNJI ZEMON -PROSTORI KS,390.0,253,0.6487,253,249,4,1.0,4,0.0161,0,0.0,6,0.0241,65,0.261,0,,6,0.0241,1,0.004,9,0.0361,5,0.0201,2,0.008,0,0.0,55,0.2209,3,0.012,8,0.0321,53,0.2129,2,0.008,18,0.0723,6,0.0241,1,0.004,5,0.0201,0,0.0
598,2,Postojna,7,Ilirska Bistrica,9,JABLANICA 32A,125.0,90,0.72,90,89,1,1.0,0,0.0,0,0.0,1,0.0112,30,0.3371,0,,3,0.0337,0,0.0,0,0.0,4,0.0449,2,0.0225,1,0.0112,12,0.1348,0,0.0,6,0.0674,28,0.3146,1,0.0112,1,0.0112,0,0.0,0,0.0,0,0.0,0,0.0
599,2,Postojna,7,Ilirska Bistrica,37,JANEŽEVO BRDO 12,18.0,15,0.8333,15,13,2,1.0,0,0.0,0,0.0,0,0.0,1,0.0769,0,,1,0.0769,0,0.0,0,0.0,0,0.0,0,0.0,0,0.0,5,0.3846,0,0.0,3,0.2308,3,0.2308,0,0.0,0,0.0,0,0.0,0,0.0,0,0.0,0,0.0
600,2,Postojna,7,Ilirska Bistrica,4,"JURČIČEVA 1, ILIRSKA BISTRICA",670.0,414,0.6179,414,408,6,1.0,2,0.0049,1,0.0025,10,0.0245,167,0.4093,0,,15,0.0368,0,0.0,8,0.0196,3,0.0074,10,0.0245,1,0.0025,62,0.152,6,0.0147,7,0.0172,78,0.1912,4,0.0098,15,0.0368,8,0.0196,7,0.0172,3,0.0074,1,0.0025
601,2,Postojna,7,Ilirska Bistrica,38,KILOVČE 13,32.0,25,0.7812,25,25,0,1.0,1,0.04,0,0.0,0,0.0,11,0.44,0,,1,0.04,0,0.0,0,0.0,0,0.0,1,0.04,0,0.0,0,0.0,0,0.0,0,0.0,4,0.16,5,0.2,0,0.0,0,0.0,1,0.04,1,0.04,0,0.0
602,2,Postojna,7,Ilirska Bistrica,2,"LEVSTIKOVA 5, ILIRSKA BISTRICA",612.0,346,0.5654,346,342,4,1.0,5,0.0146,0,0.0,7,0.0205,133,0.3889,0,,17,0.0497,1,0.0029,23,0.0673,1,0.0029,3,0.0088,3,0.0088,29,0.0848,4,0.0117,10,0.0292,74,0.2164,4,0.0117,11,0.0322,10,0.0292,4,0.0117,3,0.0088,0,0.0
603,2,Postojna,7,Ilirska Bistrica,45,MEREČE 22,58.0,44,0.7586,44,44,0,1.0,0,0.0,0,0.0,0,0.0,7,0.1591,0,,2,0.0455,0,0.0,0,0.0,0,0.0,0,0.0,0,0.0,10,0.2273,1,0.0227,5,0.1136,15,0.3409,0,0.0,3,0.0682,1,0.0227,0,0.0,0,0.0,0,0.0
604,2,Postojna,7,Ilirska Bistrica,49,"NA BALINCU, BAČ",370.0,278,0.7514,278,270,8,1.0,2,0.0074,0,0.0,5,0.0185,60,0.2222,0,,9,0.0333,3,0.0111,8,0.0296,24,0.0889,2,0.0074,6,0.0222,26,0.0963,1,0.0037,14,0.0519,76,0.2815,7,0.0259,14,0.0519,6,0.0222,5,0.0185,2,0.0074,0,0.0
605,2,Postojna,7,Ilirska Bistrica,19,"NA BALINCU, KOSEZE",285.0,204,0.7158,204,200,4,1.0,1,0.005,0,0.0,9,0.045,55,0.275,0,,4,0.02,1,0.005,8,0.04,7,0.035,0,0.0,1,0.005,46,0.23,3,0.015,5,0.025,45,0.225,1,0.005,6,0.03,4,0.02,2,0.01,1,0.005,1,0.005
606,2,Postojna,7,Ilirska Bistrica,18,"NA BALINCU, MALA BUKOVICA ",132.0,99,0.75,99,97,2,1.0,0,0.0,0,0.0,1,0.0103,26,0.268,0,,0,0.0,0,0.0,5,0.0515,2,0.0206,0,0.0,1,0.0103,21,0.2165,0,0.0,3,0.0309,27,0.2784,4,0.0412,5,0.0515,0,0.0,1,0.0103,1,0.0103,0,0.0
607,2,Postojna,7,Ilirska Bistrica,1,OSNOVNA ŠOLA ANTONA ŽNIDERŠIČA ILIRSKA BISTRICA,614.0,335,0.5456,335,326,9,1.0,4,0.0123,0,0.0,4,0.0123,120,0.3681,0,,21,0.0644,1,0.0031,16,0.0491,3,0.0092,2,0.0061,3,0.0092,31,0.0951,6,0.0184,8,0.0245,68,0.2086,5,0.0153,17,0.0521,14,0.0429,3,0.0092,0,0.0,0,0.0
608,2,Postojna,7,Ilirska Bistrica,3,"OSNOVNA ŠOLA DRAGOTINA KETTEJA, ILIRSKA BISTRICA",654.0,384,0.5872,383,378,5,1.0,2,0.0053,2,0.0053,2,0.0053,155,0.4101,0,,28,0.0741,1,0.0026,15,0.0397,7,0.0185,5,0.0132,1,0.0026,33,0.0873,2,0.0053,19,0.0503,62,0.164,5,0.0132,13,0.0344,17,0.045,4,0.0106,5,0.0132,0,0.0
609,2,Postojna,7,Ilirska Bistrica,25,OSNOVNA ŠOLA PODGRAD,469.0,325,0.693,325,320,5,1.0,13,0.0406,0,0.0,3,0.0094,107,0.3344,0,,17,0.0531,1,0.0031,9,0.0281,3,0.0094,1,0.0031,3,0.0094,39,0.1219,7,0.0219,5,0.0156,74,0.2312,7,0.0219,20,0.0625,5,0.0156,1,0.0031,5,0.0156,0,0.0
610,2,Postojna,7,Ilirska Bistrica,30,OSNOVNA ŠOLA PREGARJE,305.0,193,0.6328,193,192,1,1.0,1,0.0052,0,0.0,6,0.0312,62,0.3229,0,,4,0.0208,0,0.0,7,0.0365,3,0.0156,2,0.0104,1,0.0052,28,0.1458,1,0.0052,5,0.026,50,0.2604,0,0.0,14,0.0729,7,0.0365,0,0.0,0,0.0,1,0.0052
611,2,Postojna,7,Ilirska Bistrica,23,PAVLICA 6,28.0,16,0.5714,16,16,0,1.0,0,0.0,0,0.0,0,0.0,1,0.0625,0,,0,0.0,0,0.0,1,0.0625,0,0.0,0,0.0,0,0.0,2,0.125,0,0.0,2,0.125,8,0.5,1,0.0625,0,0.0,0,0.0,0,0.0,1,0.0625,0,0.0
612,2,Postojna,7,Ilirska Bistrica,46,POMOŽNI VAŠKI PROSTOR PODSTENJE,59.0,46,0.7797,46,46,0,1.0,0,0.0,0,0.0,1,0.0217,5,0.1087,0,,0,0.0,1,0.0217,2,0.0435,0,0.0,0,0.0,0,0.0,15,0.3261,4,0.087,5,0.1087,7,0.1522,1,0.0217,5,0.1087,0,0.0,0,0.0,0,0.0,0,0.0
613,2,Postojna,7,Ilirska Bistrica,5,"PREDAVALNICA-VHOD BIVŠI TRANSPORT, ŠERCERJEVA 17",673.0,380,0.5646,380,377,3,1.0,2,0.0053,0,0.0,6,0.0159,135,0.3581,0,,24,0.0637,1,0.0027,19,0.0504,6,0.0159,1,0.0027,0,0.0,53,0.1406,4,0.0106,10,0.0265,76,0.2016,3,0.008,18,0.0477,12,0.0318,5,0.0133,1,0.0027,1,0.0027
614,2,Postojna,7,Ilirska Bistrica,39,PREM 1,106.0,78,0.7358,78,76,2,1.0,0,0.0,0,0.0,1,0.0132,17,0.2237,0,,1,0.0132,0,0.0,1,0.0132,0,0.0,0,0.0,2,0.0263,26,0.3421,0,0.0,0,0.0,20,0.2632,0,0.0,3,0.0395,3,0.0395,0,0.0,2,0.0263,0,0.0
615,2,Postojna,7,Ilirska Bistrica,47,PROSTORI KS ŠEMBIJE,228.0,173,0.7588,173,172,1,1.0,1,0.0058,1,0.0058,3,0.0174,57,0.3314,0,,10,0.0581,0,0.0,9,0.0523,6,0.0349,0,0.0,0,0.0,19,0.1105,2,0.0116,4,0.0233,40,0.2326,11,0.064,5,0.0291,2,0.0116,1,0.0058,1,0.0058,0,0.0
616,2,Postojna,7,Ilirska Bistrica,27,"RAČICE, NA PLESIŠČU",124.0,75,0.6048,75,74,1,1.0,2,0.027,0,0.0,2,0.027,23,0.3108,0,,4,0.0541,0,0.0,3,0.0405,0,0.0,2,0.027,0,0.0,2,0.027,1,0.0135,1,0.0135,16,0.2162,5,0.0676,7,0.0946,4,0.0541,0,0.0,2,0.027,0,0.0
617,2,Postojna,7,Ilirska Bistrica,40,RATEČEVO BRDO 2,32.0,32,1.0,32,31,1,1.0,0,0.0,0,0.0,0,0.0,3,0.0968,0,,0,0.0,0,0.0,5,0.1613,5,0.1613,0,0.0,2,0.0645,3,0.0968,0,0.0,0,0.0,11,0.3548,1,0.0323,1,0.0323,0,0.0,0,0.0,0,0.0,0,0.0
618,2,Postojna,7,Ilirska Bistrica,43,SMRJE 56,98.0,71,0.7245,71,66,5,1.0,0,0.0,0,0.0,0,0.0,12,0.1818,0,,1,0.0152,0,0.0,0,0.0,0,0.0,0,0.0,0,0.0,46,0.697,0,0.0,0,0.0,4,0.0606,1,0.0152,0,0.0,1,0.0152,1,0.0152,0,0.0,0,0.0
619,2,Postojna,7,Ilirska Bistrica,24,STAROD 49 A,42.0,33,0.7857,33,33,0,1.0,0,0.0,0,0.0,0,0.0,10,0.303,0,,0,0.0,3,0.0909,0,0.0,0,0.0,2,0.0606,0,0.0,7,0.2121,0,0.0,0,0.0,9,0.2727,0,0.0,2,0.0606,0,0.0,0,0.0,0,0.0,0,0.0
620,2,Postojna,7,Ilirska Bistrica,34,STAVBA BIVŠE ŠOLE HARIJE,248.0,163,0.6573,163,161,2,1.0,0,0.0,0,0.0,2,0.0124,54,0.3354,0,,4,0.0248,2,0.0124,4,0.0248,3,0.0186,5,0.0311,1,0.0062,24,0.1491,0,0.0,4,0.0248,47,0.2919,1,0.0062,3,0.0186,3,0.0186,4,0.0248,0,0.0,0,0.0
621,2,Postojna,7,Ilirska Bistrica,44,"TOPOLC, GOSTILNA KAMBRA, TOPOLC 8A",275.0,181,0.6582,181,178,3,1.0,0,0.0,0,0.0,4,0.0225,56,0.3146,0,,4,0.0225,0,0.0,4,0.0225,3,0.0169,5,0.0281,1,0.0056,41,0.2303,2,0.0112,14,0.0787,32,0.1798,0,0.0,7,0.0393,3,0.0169,2,0.0112,0,0.0,0,0.0
622,2,Postojna,7,Ilirska Bistrica,31,VAŠKA BRUNARICA PRELOŽE,54.0,27,0.5,27,25,2,1.0,1,0.04,0,0.0,0,0.0,17,0.68,0,,1,0.04,0,0.0,1,0.04,0,0.0,1,0.04,0,0.0,1,0.04,0,0.0,0,0.0,1,0.04,0,0.0,2,0.08,0,0.0,0,0.0,0,0.0,0,0.0
623,2,Postojna,7,Ilirska Bistrica,22,VAŠKI DOM GORNJI ZEMON ,80.0,50,0.625,50,50,0,1.0,1,0.02,1,0.02,1,0.02,15,0.3,0,,2,0.04,0,0.0,5,0.1,0,0.0,0,0.0,0,0.0,5,0.1,2,0.04,0,0.0,15,0.3,1,0.02,1,0.02,0,0.0,0,0.0,1,0.02,0,0.0
624,2,Postojna,7,Ilirska Bistrica,29,VAŠKI DOM HRUŠICA,259.0,185,0.7143,185,181,4,1.0,0,0.0,1,0.0055,1,0.0055,48,0.2652,0,,3,0.0166,1,0.0055,6,0.0331,1,0.0055,10,0.0552,0,0.0,13,0.0718,3,0.0166,10,0.0552,73,0.4033,2,0.011,5,0.0276,2,0.011,2,0.011,0,0.0,0,0.0
625,2,Postojna,7,Ilirska Bistrica,6,"VAŠKI DOM JASEN, JASEN 15C",228.0,159,0.6974,159,157,2,1.0,0,0.0,0,0.0,2,0.0127,45,0.2866,0,,4,0.0255,0,0.0,4,0.0255,2,0.0127,0,0.0,1,0.0064,28,0.1783,1,0.0064,10,0.0637,47,0.2994,0,0.0,4,0.0255,0,0.0,7,0.0446,0,0.0,2,0.0127
626,2,Postojna,7,Ilirska Bistrica,26,VAŠKI DOM PODBEŽE ,67.0,43,0.6418,43,42,1,1.0,0,0.0,0,0.0,0,0.0,14,0.3333,0,,0,0.0,1,0.0238,3,0.0714,1,0.0238,2,0.0476,0,0.0,11,0.2619,0,0.0,1,0.0238,6,0.1429,0,0.0,2,0.0476,1,0.0238,0,0.0,0,0.0,0,0.0
627,2,Postojna,7,Ilirska Bistrica,28,"VAŠKI DOM SABONJE, SABONJE 47",55.0,39,0.7091,39,38,1,1.0,1,0.0263,0,0.0,0,0.0,9,0.2368,0,,0,0.0,0,0.0,4,0.1053,1,0.0263,1,0.0263,0,0.0,3,0.0789,0,0.0,3,0.0789,16,0.4211,0,0.0,0,0.0,0,0.0,0,0.0,0,0.0,0,0.0
628,2,Postojna,7,Ilirska Bistrica,20,VAŠKI DOM VELIKA BUKOVICA,206.0,135,0.6553,135,135,0,1.0,1,0.0074,0,0.0,4,0.0296,28,0.2074,0,,0,0.0,0,0.0,11,0.0815,6,0.0444,2,0.0148,1,0.0074,22,0.163,3,0.0222,4,0.0296,40,0.2963,0,0.0,6,0.0444,5,0.037,0,0.0,2,0.0148,0,0.0
629,2,Postojna,7,Ilirska Bistrica,32,VAŠKI DOM ZAJELŠJE,49.0,40,0.8163,40,39,1,1.0,0,0.0,0,0.0,2,0.0513,3,0.0769,0,,0,0.0,0,0.0,1,0.0256,1,0.0256,1,0.0256,0,0.0,13,0.3333,0,0.0,0,0.0,12,0.3077,4,0.1026,1,0.0256,0,0.0,1,0.0256,0,0.0,0,0.0
630,2,Postojna,7,Ilirska Bistrica,8,"VAŠKI DOM, VRBICA 24",133.0,89,0.6692,89,87,2,1.0,0,0.0,0,0.0,4,0.046,25,0.2874,0,,0,0.0,1,0.0115,6,0.069,2,0.023,2,0.023,0,0.0,13,0.1494,1,0.0115,8,0.092,17,0.1954,4,0.046,4,0.046,0,0.0,0,0.0,0,0.0,0,0.0
631,2,Postojna,7,Ilirska Bistrica,901,PREDČASNO GLASOVANJE,,682,,682,678,4,1.0,1,0.0015,0,0.0,20,0.0295,291,0.4292,0,,38,0.056,1,0.0015,34,0.0501,5,0.0074,5,0.0074,5,0.0074,74,0.1091,9,0.0133,32,0.0472,98,0.1445,4,0.0059,25,0.0369,19,0.028,13,0.0192,4,0.0059,0,0.0
632,2,Postojna,8,Postojna,17,"AVLA INŠT. ZA RAZIS. KRASA ZRC SAZU, TITOV TRG 2",534.0,288,0.5393,288,288,0,1.0,0,0.0,2,0.0069,3,0.0104,86,0.2986,0,,21,0.0729,1,0.0035,22,0.0764,1,0.0035,11,0.0382,3,0.0104,15,0.0521,5,0.0174,11,0.0382,69,0.2396,4,0.0139,15,0.0521,12,0.0417,4,0.0139,3,0.0104,0,0.0
633,2,Postojna,8,Postojna,18,"AVLA KULTURNEGA DOMA POSTOJNA,GREGORČIČEV DREV.2A",316.0,152,0.481,152,151,1,1.0,1,0.0066,0,0.0,6,0.0397,71,0.4702,0,,7,0.0464,2,0.0132,12,0.0795,3,0.0199,1,0.0066,2,0.0132,4,0.0265,0,0.0,1,0.0066,15,0.0993,2,0.0132,16,0.106,6,0.0397,2,0.0132,0,0.0,0,0.0
634,2,Postojna,8,Postojna,19,"AVLA KULTURNEGA DOMA POSTOJNA,GREGORČIČEV DREV.2A",582.0,300,0.5155,300,298,2,1.0,3,0.0101,1,0.0034,11,0.0369,114,0.3826,0,,19,0.0638,7,0.0235,21,0.0705,4,0.0134,5,0.0168,12,0.0403,7,0.0235,7,0.0235,7,0.0235,46,0.1544,6,0.0201,16,0.0537,9,0.0302,2,0.0067,0,0.0,1,0.0034
635,2,Postojna,8,Postojna,37,DOM KRAJANOV BOLK,389.0,292,0.7506,292,289,3,1.0,1,0.0035,0,0.0,6,0.0208,93,0.3218,0,,10,0.0346,3,0.0104,18,0.0623,8,0.0277,4,0.0138,3,0.0104,19,0.0657,6,0.0208,11,0.0381,78,0.2699,6,0.0208,14,0.0484,5,0.0173,2,0.0069,2,0.0069,0,0.0
636,2,Postojna,8,Postojna,44,DOM KRAJANOV KOČE,241.0,170,0.7054,170,167,3,1.0,1,0.006,1,0.006,3,0.018,63,0.3772,0,,1,0.006,0,0.0,9,0.0539,5,0.0299,0,0.0,0,0.0,8,0.0479,2,0.012,5,0.0299,52,0.3114,2,0.012,8,0.0479,6,0.0359,1,0.006,0,0.0,0,0.0
637,2,Postojna,8,Postojna,27,DOM UPOKOJENCEV POSTOJNA,684.0,394,0.576,394,386,8,1.0,4,0.0104,0,0.0,5,0.013,146,0.3782,0,,25,0.0648,6,0.0155,37,0.0959,3,0.0078,2,0.0052,11,0.0285,17,0.044,4,0.0104,9,0.0233,65,0.1684,2,0.0052,30,0.0777,16,0.0415,4,0.0104,0,0.0,0,0.0
638,2,Postojna,8,Postojna,5,GASILSKI DOM PALČJE,176.0,132,0.75,132,131,1,1.0,1,0.0076,0,0.0,2,0.0153,34,0.2595,0,,3,0.0229,0,0.0,8,0.0611,11,0.084,0,0.0,4,0.0305,10,0.0763,2,0.0153,1,0.0076,41,0.313,0,0.0,8,0.0611,5,0.0382,0,0.0,1,0.0076,0,0.0
639,2,Postojna,8,Postojna,36,GASILSKI DOM RAZDRTO,140.0,104,0.7429,104,104,0,1.0,5,0.0481,0,0.0,3,0.0288,31,0.2981,0,,9,0.0865,0,0.0,9,0.0865,3,0.0288,2,0.0192,2,0.0192,7,0.0673,0,0.0,2,0.0192,18,0.1731,0,0.0,10,0.0962,2,0.0192,1,0.0096,0,0.0,0,0.0
640,2,Postojna,8,Postojna,7,GASILSKI DOM ZAGORJE,516.0,353,0.6841,353,348,5,1.0,9,0.0259,2,0.0057,8,0.023,126,0.3621,0,,9,0.0259,0,0.0,9,0.0259,16,0.046,8,0.023,9,0.0259,26,0.0747,12,0.0345,12,0.0345,71,0.204,5,0.0144,14,0.0402,5,0.0144,5,0.0144,1,0.0029,1,0.0029
641,2,Postojna,8,Postojna,20,"GOSTILNA ""BRNE""",966.0,526,0.5445,526,521,5,1.0,0,0.0,0,0.0,9,0.0173,198,0.38,0,,34,0.0653,6,0.0115,47,0.0902,1,0.0019,6,0.0115,14,0.0269,26,0.0499,11,0.0211,11,0.0211,102,0.1958,2,0.0038,28,0.0537,14,0.0269,10,0.0192,2,0.0038,0,0.0
642,2,Postojna,8,Postojna,39,"GOSTILNA ČERNAČ, RAKITNIK 39",476.0,345,0.7248,345,345,0,1.0,4,0.0116,0,0.0,4,0.0116,106,0.3072,0,,19,0.0551,0,0.0,31,0.0899,7,0.0203,4,0.0116,5,0.0145,33,0.0957,5,0.0145,11,0.0319,80,0.2319,7,0.0203,16,0.0464,8,0.0232,2,0.0058,2,0.0058,1,0.0029
643,2,Postojna,8,Postojna,15,"GOSTILNA MIRANDA, SELCE",193.0,140,0.7254,140,139,1,1.0,2,0.0144,0,0.0,2,0.0144,28,0.2014,0,,7,0.0504,2,0.0144,0,0.0,3,0.0216,0,0.0,1,0.0072,13,0.0935,2,0.0144,6,0.0432,64,0.4604,6,0.0432,1,0.0072,1,0.0072,0,0.0,0,0.0,1,0.0072
644,2,Postojna,8,Postojna,12,"HIŠA BIŠČAK ANTON, BUJE",40.0,33,0.825,33,33,0,1.0,0,0.0,0,0.0,2,0.0606,16,0.4848,0,,1,0.0303,1,0.0303,1,0.0303,2,0.0606,0,0.0,2,0.0606,1,0.0303,0,0.0,0,0.0,4,0.1212,0,0.0,2,0.0606,0,0.0,0,0.0,1,0.0303,0,0.0
645,2,Postojna,8,Postojna,43,"HIŠA ČIČ, ZAGON 3A",159.0,121,0.761,121,119,2,1.0,0,0.0,0,0.0,1,0.0084,31,0.2605,0,,3,0.0252,0,0.0,3,0.0252,3,0.0252,0,0.0,1,0.0084,6,0.0504,0,0.0,1,0.0084,61,0.5126,2,0.0168,7,0.0588,0,0.0,0,0.0,0,0.0,0,0.0
646,2,Postojna,8,Postojna,11,HIŠA DOLGAN VOLČE,49.0,33,0.6735,33,32,1,1.0,0,0.0,0,0.0,0,0.0,8,0.25,0,,0,0.0,0,0.0,0,0.0,1,0.0312,2,0.0625,0,0.0,2,0.0625,0,0.0,1,0.0312,15,0.4688,1,0.0312,2,0.0625,0,0.0,0,0.0,0,0.0,0,0.0
647,2,Postojna,8,Postojna,10,"HIŠA POŽAR, ČEPNO 15",42.0,36,0.8571,36,33,3,1.0,0,0.0,0,0.0,0,0.0,13,0.3939,0,,0,0.0,0,0.0,1,0.0303,0,0.0,0,0.0,2,0.0606,6,0.1818,0,0.0,2,0.0606,4,0.1212,1,0.0303,1,0.0303,3,0.0909,0,0.0,0,0.0,0,0.0
648,2,Postojna,8,Postojna,33,"KULT. DOM, ŠMIHEL POD NANOSOM",159.0,122,0.7673,122,121,1,1.0,0,0.0,0,0.0,0,0.0,25,0.2066,0,,6,0.0496,0,0.0,1,0.0083,2,0.0165,1,0.0083,3,0.0248,2,0.0165,3,0.0248,3,0.0248,48,0.3967,0,0.0,27,0.2231,0,0.0,0,0.0,0,0.0,0,0.0
649,2,Postojna,8,Postojna,31,KULTURNI DOM BUKOVJE,485.0,324,0.668,324,317,7,1.0,2,0.0063,1,0.0032,2,0.0063,114,0.3596,0,,9,0.0284,2,0.0063,23,0.0726,11,0.0347,3,0.0095,3,0.0095,9,0.0284,6,0.0189,15,0.0473,72,0.2271,10,0.0315,22,0.0694,10,0.0315,2,0.0063,1,0.0032,0,0.0
650,2,Postojna,8,Postojna,38,KULTURNI DOM HRAŠČE,413.0,297,0.7191,297,296,1,1.0,3,0.0101,1,0.0034,3,0.0101,117,0.3953,0,,5,0.0169,1,0.0034,19,0.0642,10,0.0338,6,0.0203,0,0.0,21,0.0709,11,0.0372,10,0.0338,58,0.1959,1,0.0034,23,0.0777,6,0.0203,0,0.0,1,0.0034,0,0.0
651,2,Postojna,8,Postojna,6,KULTURNI DOM JURŠČE,121.0,77,0.6364,77,76,1,1.0,3,0.0395,0,0.0,0,0.0,16,0.2105,0,,3,0.0395,1,0.0132,2,0.0263,15,0.1974,1,0.0132,0,0.0,2,0.0263,2,0.0263,3,0.0395,19,0.25,1,0.0132,3,0.0395,3,0.0395,0,0.0,2,0.0263,0,0.0
652,2,Postojna,8,Postojna,32,KULTURNI DOM LANDOL,136.0,110,0.8088,110,109,1,1.0,0,0.0,0,0.0,0,0.0,41,0.3761,0,,3,0.0275,1,0.0092,4,0.0367,3,0.0275,0,0.0,0,0.0,11,0.1009,2,0.0183,2,0.0183,32,0.2936,2,0.0183,8,0.0734,0,0.0,0,0.0,0,0.0,0,0.0
653,2,Postojna,8,Postojna,29,KULTURNI DOM MIROSLAVA VILHARJA PLANINA,634.0,441,0.6956,441,431,10,1.0,4,0.0093,0,0.0,11,0.0255,126,0.2923,0,,24,0.0557,4,0.0093,24,0.0557,7,0.0162,9,0.0209,7,0.0162,35,0.0812,3,0.007,8,0.0186,111,0.2575,6,0.0139,26,0.0603,16,0.0371,8,0.0186,2,0.0046,0,0.0
654,2,Postojna,8,Postojna,42,KULTURNI DOM OREHEK,168.0,125,0.744,125,124,1,1.0,1,0.0081,0,0.0,3,0.0242,35,0.2823,0,,5,0.0403,3,0.0242,4,0.0323,1,0.0081,1,0.0081,2,0.0161,3,0.0242,2,0.0161,2,0.0161,52,0.4194,1,0.0081,3,0.0242,6,0.0484,0,0.0,0,0.0,0,0.0
655,2,Postojna,8,Postojna,30,KULTURNI DOM STUDENO,342.0,248,0.7251,248,247,1,1.0,2,0.0081,3,0.0121,2,0.0081,71,0.2874,0,,6,0.0243,0,0.0,13,0.0526,1,0.004,5,0.0202,6,0.0243,20,0.081,4,0.0162,16,0.0648,62,0.251,2,0.0081,21,0.085,8,0.0324,5,0.0202,0,0.0,0,0.0
656,2,Postojna,8,Postojna,35,KULTURNI DOM VELIKO UBELJSKO,215.0,152,0.707,152,149,3,1.0,1,0.0067,0,0.0,2,0.0134,34,0.2282,0,,9,0.0604,1,0.0067,7,0.047,4,0.0268,4,0.0268,0,0.0,9,0.0604,1,0.0067,14,0.094,51,0.3423,1,0.0067,3,0.0201,7,0.047,0,0.0,1,0.0067,0,0.0
657,2,Postojna,8,Postojna,41,"KULTURNI DOM, SLAVINA 31",193.0,136,0.7047,136,136,0,1.0,2,0.0147,0,0.0,3,0.0221,29,0.2132,0,,1,0.0074,2,0.0147,3,0.0221,2,0.0147,3,0.0221,1,0.0074,13,0.0956,4,0.0294,3,0.0221,55,0.4044,4,0.0294,4,0.0294,6,0.0441,0,0.0,1,0.0074,0,0.0
658,2,Postojna,8,Postojna,21,"O.Š. ""A. GLOBOČNIKA"", POSTOJNA",591.0,311,0.5262,311,308,3,1.0,3,0.0097,0,0.0,2,0.0065,105,0.3409,0,,10,0.0325,6,0.0195,33,0.1071,2,0.0065,10,0.0325,6,0.0195,14,0.0455,6,0.0195,9,0.0292,58,0.1883,2,0.0065,24,0.0779,11,0.0357,1,0.0032,6,0.0195,0,0.0
659,2,Postojna,8,Postojna,22,"O.Š. ""A. GLOBOČNIKA"", POSTOJNA",527.0,267,0.5066,267,266,1,1.0,2,0.0075,0,0.0,7,0.0263,96,0.3609,0,,25,0.094,6,0.0226,26,0.0977,2,0.0075,1,0.0038,3,0.0113,8,0.0301,4,0.015,5,0.0188,45,0.1692,2,0.0075,21,0.0789,9,0.0338,2,0.0075,1,0.0038,1,0.0038
660,2,Postojna,8,Postojna,23,"O.Š. ""A. GLOBOČNIKA"", POSTOJNA",702.0,345,0.4915,345,339,6,1.0,2,0.0059,1,0.0029,18,0.0531,134,0.3953,0,,26,0.0767,10,0.0295,28,0.0826,3,0.0088,7,0.0206,3,0.0088,12,0.0354,2,0.0059,1,0.0029,47,0.1386,2,0.0059,18,0.0531,19,0.056,4,0.0118,2,0.0059,0,0.0
661,2,Postojna,8,Postojna,9,O.Š. DOLNJA KOŠANA 61,598.0,408,0.6823,408,404,4,1.0,6,0.0149,0,0.0,8,0.0198,121,0.2995,0,,17,0.0421,1,0.0025,15,0.0371,7,0.0173,2,0.005,4,0.0099,9,0.0223,5,0.0124,23,0.0569,122,0.302,9,0.0223,40,0.099,6,0.0149,4,0.0099,5,0.0124,0,0.0
662,2,Postojna,8,Postojna,34,O.Š. HRUŠEVJE,379.0,266,0.7018,266,260,6,1.0,0,0.0,1,0.0038,9,0.0346,87,0.3346,0,,17,0.0654,0,0.0,11,0.0423,12,0.0462,3,0.0115,2,0.0077,10,0.0385,3,0.0115,9,0.0346,55,0.2115,3,0.0115,23,0.0885,12,0.0462,2,0.0077,0,0.0,1,0.0038
663,2,Postojna,8,Postojna,24,"O.Š.""A. GLOBOČNIKA"", POSTOJNA",507.0,276,0.5444,276,275,1,1.0,2,0.0073,2,0.0073,7,0.0255,127,0.4618,0,,14,0.0509,3,0.0109,26,0.0945,0,0.0,6,0.0218,3,0.0109,15,0.0545,3,0.0109,4,0.0145,35,0.1273,1,0.0036,13,0.0473,12,0.0436,1,0.0036,1,0.0036,0,0.0
664,2,Postojna,8,Postojna,25,"O.Š.""A. GLOBOČNIKA"", POSTOJNA",433.0,213,0.4919,213,212,1,1.0,0,0.0,0,0.0,3,0.0142,57,0.2689,0,,10,0.0472,5,0.0236,22,0.1038,3,0.0142,4,0.0189,4,0.0189,13,0.0613,4,0.0189,7,0.033,34,0.1604,2,0.0094,23,0.1085,16,0.0755,3,0.0142,2,0.0094,0,0.0
665,2,Postojna,8,Postojna,1,OSNOVNA ŠOLA PIVKA,777.0,449,0.5779,449,444,5,1.0,12,0.027,0,0.0,8,0.018,157,0.3536,0,,18,0.0405,3,0.0068,15,0.0338,16,0.036,7,0.0158,9,0.0203,40,0.0901,10,0.0225,21,0.0473,75,0.1689,9,0.0203,22,0.0495,13,0.0293,5,0.0113,4,0.009,0,0.0
666,2,Postojna,8,Postojna,2,OSNOVNA ŠOLA PIVKA,624.0,400,0.641,400,394,6,1.0,10,0.0254,2,0.0051,14,0.0355,147,0.3731,0,,10,0.0254,6,0.0152,15,0.0381,8,0.0203,8,0.0203,12,0.0305,19,0.0482,5,0.0127,8,0.0203,93,0.236,5,0.0127,19,0.0482,5,0.0127,3,0.0076,4,0.0102,1,0.0025
667,2,Postojna,8,Postojna,3,OSNOVNA ŠOLA PIVKA,872.0,589,0.6755,589,583,6,1.0,3,0.0051,4,0.0069,7,0.012,182,0.3122,0,,11,0.0189,2,0.0034,24,0.0412,16,0.0274,3,0.0051,1,0.0017,37,0.0635,9,0.0154,17,0.0292,220,0.3774,5,0.0086,25,0.0429,11,0.0189,5,0.0086,0,0.0,1,0.0017
668,2,Postojna,8,Postojna,8,OSNOVNA ŠOLA ŠMIHEL,469.0,327,0.6972,327,326,1,1.0,2,0.0061,0,0.0,8,0.0245,64,0.1963,0,,4,0.0123,1,0.0031,5,0.0153,6,0.0184,3,0.0092,4,0.0123,26,0.0798,3,0.0092,23,0.0706,147,0.4509,4,0.0123,12,0.0368,11,0.0337,2,0.0061,1,0.0031,0,0.0
669,2,Postojna,8,Postojna,40,OŠ PRESTRANEK,568.0,364,0.6408,364,359,5,1.0,4,0.0111,1,0.0028,9,0.0251,121,0.337,0,,18,0.0501,2,0.0056,17,0.0474,6,0.0167,9,0.0251,3,0.0084,11,0.0306,8,0.0223,9,0.0251,84,0.234,3,0.0084,26,0.0724,21,0.0585,7,0.0195,0,0.0,0,0.0
670,2,Postojna,8,Postojna,28,"PODJETNIŠKI INKUBATOR, VELIKI OTOK 44B",144.0,102,0.7083,102,102,0,1.0,1,0.0098,0,0.0,1,0.0098,20,0.1961,0,,13,0.1275,0,0.0,5,0.049,2,0.0196,0,0.0,3,0.0294,6,0.0588,2,0.0196,0,0.0,34,0.3333,1,0.0098,2,0.0196,2,0.0196,6,0.0588,4,0.0392,0,0.0
671,2,Postojna,8,Postojna,16,SREDNJA GOZDARSKA IN LESARSKA ŠOLA POSTOJNA,852.0,543,0.6373,543,539,4,1.0,3,0.0056,1,0.0019,7,0.013,206,0.3822,0,,22,0.0408,2,0.0037,31,0.0575,9,0.0167,9,0.0167,11,0.0204,27,0.0501,17,0.0315,15,0.0278,113,0.2096,4,0.0074,33,0.0612,21,0.039,8,0.0148,0,0.0,0,0.0
672,2,Postojna,8,Postojna,14,"STARA  O.Š., KAL 90",277.0,210,0.7581,210,206,4,1.0,4,0.0194,0,0.0,7,0.034,68,0.3301,0,,8,0.0388,0,0.0,6,0.0291,6,0.0291,2,0.0097,2,0.0097,9,0.0437,7,0.034,9,0.0437,64,0.3107,2,0.0097,6,0.0291,4,0.0194,2,0.0097,0,0.0,0,0.0
673,2,Postojna,8,Postojna,13,"VAŠKA HIŠA, SUHORJE 23A",52.0,36,0.6923,36,36,0,1.0,1,0.0278,0,0.0,1,0.0278,5,0.1389,0,,0,0.0,0,0.0,0,0.0,1,0.0278,1,0.0278,3,0.0833,2,0.0556,1,0.0278,6,0.1667,9,0.25,0,0.0,2,0.0556,4,0.1111,0,0.0,0,0.0,0,0.0
674,2,Postojna,8,Postojna,901,PREDČASNO GLASOVANJE,,1677,,1677,1665,12,1.0,7,0.0042,2,0.0012,26,0.0156,723,0.4342,0,,118,0.0709,7,0.0042,129,0.0775,23,0.0138,22,0.0132,36,0.0216,65,0.039,15,0.009,38,0.0228,290,0.1742,4,0.0024,76,0.0456,55,0.033,21,0.0126,6,0.0036,2,0.0012
675,2,Postojna,9,Nova Gorica 1,53,"AVTOBUSNA ČAKALNICA, BATE",121.0,82,0.6777,82,80,2,1.0,0,0.0,0,0.0,1,0.0125,51,0.6375,0,,3,0.0375,0,0.0,1,0.0125,1,0.0125,1,0.0125,0,0.0,0,0.0,0,0.0,0,0.0,19,0.2375,2,0.025,0,0.0,1,0.0125,0,0.0,0,0.0,0,0.0
676,2,Postojna,9,Nova Gorica 1,2,"BIVŠA CARINARNICA, BREG PRI GOLEM BRDU 1A",47.0,36,0.766,36,36,0,1.0,0,0.0,0,0.0,0,0.0,12,0.3333,0,,0,0.0,0,0.0,0,0.0,2,0.0556,0,0.0,0,0.0,3,0.0833,0,0.0,5,0.1389,11,0.3056,0,0.0,1,0.0278,0,0.0,2,0.0556,0,0.0,0,0.0
677,2,Postojna,9,Nova Gorica 1,55,"BIVŠA OŠ, LOKOVEC 82",162.0,108,0.6667,108,107,1,1.0,2,0.0187,0,0.0,0,0.0,73,0.6822,0,,0,0.0,1,0.0093,2,0.0187,0,0.0,2,0.0187,1,0.0093,10,0.0935,0,0.0,1,0.0093,8,0.0748,3,0.028,2,0.0187,0,0.0,0,0.0,2,0.0187,0,0.0
678,2,Postojna,9,Nova Gorica 1,56,"BIVŠA OŠ, LOKVE 30",97.0,63,0.6495,63,63,0,1.0,1,0.0159,0,0.0,1,0.0159,36,0.5714,0,,0,0.0,0,0.0,0,0.0,0,0.0,1,0.0159,2,0.0317,2,0.0317,1,0.0159,2,0.0317,11,0.1746,0,0.0,4,0.0635,1,0.0159,1,0.0159,0,0.0,0,0.0
679,2,Postojna,9,Nova Gorica 1,46,"BIVŠA OŠ, SPODNJA BRANICA 29",87.0,72,0.8276,72,71,1,1.0,5,0.0704,0,0.0,3,0.0423,26,0.3662,0,,2,0.0282,1,0.0141,1,0.0141,1,0.0141,1,0.0141,1,0.0141,5,0.0704,0,0.0,1,0.0141,22,0.3099,0,0.0,0,0.0,1,0.0141,0,0.0,1,0.0141,0,0.0
680,2,Postojna,9,Nova Gorica 1,42,"BIVŠA OŠ, VOJŠČICA 37",179.0,146,0.8156,146,142,4,1.0,2,0.0141,0,0.0,2,0.0141,91,0.6408,0,,3,0.0211,0,0.0,3,0.0211,1,0.007,1,0.007,0,0.0,7,0.0493,3,0.0211,1,0.007,18,0.1268,1,0.007,4,0.0282,2,0.0141,3,0.0211,0,0.0,0,0.0
681,2,Postojna,9,Nova Gorica 1,18,"BIVŠI MARKET MERCATOR ANHOVO, ANHOVO 67",220.0,166,0.7545,166,163,3,1.0,2,0.0123,0,0.0,3,0.0184,62,0.3804,0,,8,0.0491,0,0.0,4,0.0245,3,0.0184,4,0.0245,1,0.0061,6,0.0368,7,0.0429,5,0.0307,29,0.1779,1,0.0061,7,0.0429,1,0.0061,18,0.1104,0,0.0,2,0.0123
682,2,Postojna,9,Nova Gorica 1,27,BODREŽ 2,85.0,57,0.6706,57,57,0,1.0,3,0.0526,0,0.0,0,0.0,5,0.0877,0,,0,0.0,0,0.0,2,0.0351,0,0.0,0,0.0,0,0.0,16,0.2807,0,0.0,5,0.0877,22,0.386,1,0.0175,1,0.0175,0,0.0,2,0.0351,0,0.0,0,0.0
683,2,Postojna,9,Nova Gorica 1,17,"BRIŠKI DOM PRI ŽUPNIŠČU BILJANA, BILJANA 12",184.0,128,0.6957,128,128,0,1.0,0,0.0,4,0.0312,2,0.0156,45,0.3516,0,,4,0.0312,0,0.0,2,0.0156,2,0.0156,1,0.0078,3,0.0234,9,0.0703,1,0.0078,5,0.0391,40,0.3125,0,0.0,10,0.0781,0,0.0,0,0.0,0,0.0,0,0.0
684,2,Postojna,9,Nova Gorica 1,34,"DOM KRAJANOV NEGOVAN NEMEC, BILJE",961.0,654,0.6805,654,646,8,1.0,0,0.0,3,0.0046,8,0.0124,269,0.4164,0,,10,0.0155,4,0.0062,13,0.0201,14,0.0217,8,0.0124,17,0.0263,38,0.0588,5,0.0077,13,0.0201,125,0.1935,12,0.0186,74,0.1146,15,0.0232,10,0.0155,7,0.0108,1,0.0015
685,2,Postojna,9,Nova Gorica 1,13,"DOM UPOKOJENCEV, PODSABOTIN 27",178.0,135,0.7584,135,135,0,1.0,1,0.0074,0,0.0,3,0.0222,63,0.4667,0,,4,0.0296,0,0.0,1,0.0074,6,0.0444,2,0.0148,0,0.0,10,0.0741,3,0.0222,7,0.0519,16,0.1185,2,0.0148,15,0.1111,1,0.0074,1,0.0074,0,0.0,0,0.0
686,2,Postojna,9,Nova Gorica 1,32,"DOM VALENTINA STANIČA, ROČINJ 59",245.0,168,0.6857,168,167,1,1.0,0,0.0,0,0.0,3,0.018,44,0.2635,0,,5,0.0299,0,0.0,5,0.0299,5,0.0299,2,0.012,1,0.006,18,0.1078,3,0.018,2,0.012,65,0.3892,1,0.006,3,0.018,2,0.012,8,0.0479,0,0.0,0,0.0
687,2,Postojna,9,Nova Gorica 1,25,DVORANA ŠPORTNEGA PARKA MORSKO,166.0,120,0.7229,120,119,1,1.0,2,0.0168,0,0.0,3,0.0252,42,0.3529,0,,1,0.0084,0,0.0,4,0.0336,2,0.0168,0,0.0,5,0.042,6,0.0504,1,0.0084,2,0.0168,30,0.2521,1,0.0084,7,0.0588,5,0.042,5,0.042,1,0.0084,2,0.0168
688,2,Postojna,9,Nova Gorica 1,36,"HIŠA DOBRE VOLJE (PRITLIČJE), MIREN 138",1217.0,834,0.6853,834,828,6,1.0,5,0.006,0,0.0,17,0.0205,317,0.3829,0,,27,0.0326,4,0.0048,16,0.0193,11,0.0133,8,0.0097,17,0.0205,76,0.0918,17,0.0205,25,0.0302,207,0.25,4,0.0048,44,0.0531,15,0.0181,10,0.0121,8,0.0097,0,0.0
689,2,Postojna,9,Nova Gorica 1,15,"HIŠA KULTURE, ŠMARTNO 38",406.0,296,0.7291,296,294,2,1.0,1,0.0034,0,0.0,2,0.0068,123,0.4184,0,,4,0.0136,1,0.0034,4,0.0136,7,0.0238,1,0.0034,8,0.0272,12,0.0408,4,0.0136,9,0.0306,99,0.3367,3,0.0102,14,0.0476,0,0.0,0,0.0,1,0.0034,1,0.0034
690,2,Postojna,9,Nova Gorica 1,26,"INFORMACIJSKA TOČKA PRI JEZERU, KANALSKI VRH",53.0,42,0.7925,42,40,2,1.0,1,0.025,0,0.0,1,0.025,13,0.325,0,,0,0.0,0,0.0,0,0.0,2,0.05,0,0.0,0,0.0,3,0.075,1,0.025,0,0.0,13,0.325,2,0.05,3,0.075,0,0.0,1,0.025,0,0.0,0,0.0
691,2,Postojna,9,Nova Gorica 1,50,"KULTURNI DOM (NA HRIBU), GRADIŠČE NAD PRVAČINO 95",291.0,179,0.6151,179,179,0,1.0,0,0.0,0,0.0,2,0.0112,91,0.5084,0,,13,0.0726,0,0.0,6,0.0335,3,0.0168,3,0.0168,2,0.0112,5,0.0279,2,0.0112,2,0.0112,25,0.1397,6,0.0335,11,0.0615,5,0.0279,0,0.0,3,0.0168,0,0.0
692,2,Postojna,9,Nova Gorica 1,51,"KULTURNI DOM (PRITLIČJE), GRGAR 47",656.0,452,0.689,452,447,5,1.0,1,0.0022,0,0.0,5,0.0112,196,0.4385,0,,18,0.0403,0,0.0,2,0.0045,8,0.0179,8,0.0179,10,0.0224,43,0.0962,6,0.0134,13,0.0291,90,0.2013,8,0.0179,18,0.0403,7,0.0157,8,0.0179,5,0.0112,1,0.0022
693,2,Postojna,9,Nova Gorica 1,21,"KULTURNI DOM DESKLE, SREBRNIČEVA UL. 18",944.0,579,0.6133,579,572,7,1.0,9,0.0157,0,0.0,10,0.0175,226,0.3951,0,,35,0.0612,2,0.0035,12,0.021,7,0.0122,12,0.021,7,0.0122,33,0.0577,9,0.0157,14,0.0245,106,0.1853,7,0.0122,28,0.049,7,0.0122,42,0.0734,6,0.0105,0,0.0
694,2,Postojna,9,Nova Gorica 1,31,"KULTURNI DOM LIG, LIG 1",133.0,80,0.6015,80,80,0,1.0,1,0.0125,0,0.0,2,0.025,21,0.2625,0,,0,0.0,0,0.0,1,0.0125,0,0.0,1,0.0125,2,0.025,9,0.1125,0,0.0,0,0.0,39,0.4875,1,0.0125,0,0.0,1,0.0125,1,0.0125,1,0.0125,0,0.0
695,2,Postojna,9,Nova Gorica 1,44,"KULTURNI DOM, BRANIK 75",827.0,634,0.7666,634,630,4,1.0,2,0.0032,0,0.0,12,0.019,259,0.4111,0,,9,0.0143,3,0.0048,13,0.0206,9,0.0143,13,0.0206,13,0.0206,41,0.0651,10,0.0159,19,0.0302,153,0.2429,4,0.0063,47,0.0746,6,0.0095,14,0.0222,3,0.0048,0,0.0
696,2,Postojna,9,Nova Gorica 1,12,"KULTURNI DOM, HUM 54",329.0,245,0.7447,245,242,3,1.0,2,0.0083,0,0.0,2,0.0083,96,0.3967,0,,13,0.0537,0,0.0,5,0.0207,11,0.0455,3,0.0124,2,0.0083,4,0.0165,1,0.0041,22,0.0909,58,0.2397,1,0.0041,15,0.062,2,0.0083,5,0.0207,0,0.0,0,0.0
697,2,Postojna,9,Nova Gorica 1,35,"KULTURNI DOM, KOSTANJEVICA NA KRASU 75",262.0,193,0.7366,193,191,2,1.0,4,0.0209,0,0.0,4,0.0209,66,0.3455,0,,9,0.0471,0,0.0,2,0.0105,2,0.0105,4,0.0209,10,0.0524,7,0.0366,5,0.0262,5,0.0262,30,0.1571,1,0.0052,23,0.1204,13,0.0681,3,0.0157,2,0.0105,1,0.0052
698,2,Postojna,9,Nova Gorica 1,63,"KULTURNI DOM, ŠEMPAS 29",932.0,675,0.7242,675,669,6,1.0,0,0.0,3,0.0045,13,0.0194,266,0.3976,0,,21,0.0314,2,0.003,14,0.0209,11,0.0164,18,0.0269,7,0.0105,29,0.0433,8,0.012,20,0.0299,187,0.2795,4,0.006,36,0.0538,14,0.0209,8,0.012,7,0.0105,1,0.0015
699,2,Postojna,9,Nova Gorica 1,1,"OŠ ALOJZA GRADNIKA DOBROVO, TRG 25. MAJA 9",419.0,297,0.7088,297,295,2,1.0,3,0.0102,1,0.0034,8,0.0271,124,0.4203,0,,18,0.061,0,0.0,2,0.0068,4,0.0136,7,0.0237,5,0.0169,21,0.0712,7,0.0237,7,0.0237,57,0.1932,1,0.0034,22,0.0746,4,0.0136,2,0.0068,2,0.0068,0,0.0
700,2,Postojna,9,Nova Gorica 1,47,"OŠ ČEPOVAN, ČEPOVAN 87",289.0,212,0.7336,212,211,1,1.0,2,0.0095,0,0.0,7,0.0332,112,0.5308,0,,4,0.019,0,0.0,4,0.019,1,0.0047,3,0.0142,5,0.0237,7,0.0332,3,0.0142,3,0.0142,32,0.1517,3,0.0142,20,0.0948,2,0.0095,3,0.0142,0,0.0,0,0.0
701,2,Postojna,9,Nova Gorica 1,48,"OŠ DORNBERK, GREGORČIČEVA UL. 30A",962.0,660,0.6861,660,650,10,1.0,1,0.0015,2,0.0031,0,0.0,268,0.4123,0,,6,0.0092,0,0.0,5,0.0077,7,0.0108,5,0.0077,7,0.0108,106,0.1631,5,0.0077,10,0.0154,196,0.3015,3,0.0046,14,0.0215,10,0.0154,5,0.0077,0,0.0,0,0.0
702,2,Postojna,9,Nova Gorica 1,49,"OŠ DORNBERK, GREGORČIČEVA UL. 30A",458.0,304,0.6638,304,303,1,1.0,2,0.0066,1,0.0033,4,0.0132,88,0.2904,0,,4,0.0132,1,0.0033,5,0.0165,2,0.0066,2,0.0066,3,0.0099,52,0.1716,6,0.0198,8,0.0264,102,0.3366,3,0.0099,13,0.0429,3,0.0099,4,0.0132,0,0.0,0,0.0
703,2,Postojna,9,Nova Gorica 1,28,"OŠ KANAL - VOLIŠČE ŠT. 1, GRADNIKOVA UL. 25",764.0,506,0.6623,506,502,4,1.0,4,0.008,0,0.0,5,0.01,193,0.3845,0,,19,0.0378,0,0.0,5,0.01,7,0.0139,13,0.0259,3,0.006,38,0.0757,8,0.0159,10,0.0199,112,0.2231,2,0.004,26,0.0518,10,0.0199,41,0.0817,5,0.01,1,0.002
704,2,Postojna,9,Nova Gorica 1,29,"OŠ KANAL - VOLIŠČE ŠT. 2, GRADNIKOVA UL. 25",440.0,296,0.6727,296,296,0,1.0,7,0.0236,0,0.0,9,0.0304,104,0.3514,0,,8,0.027,2,0.0068,10,0.0338,1,0.0034,3,0.0101,4,0.0135,17,0.0574,5,0.0169,7,0.0236,76,0.2568,2,0.0068,23,0.0777,3,0.0101,10,0.0338,5,0.0169,0,0.0
705,2,Postojna,9,Nova Gorica 1,61,"OŠ RENČE, TRG 31",866.0,617,0.7125,617,615,2,1.0,4,0.0065,0,0.0,9,0.0146,294,0.478,0,,14,0.0228,0,0.0,14,0.0228,8,0.013,7,0.0114,7,0.0114,48,0.078,9,0.0146,7,0.0114,107,0.174,10,0.0163,45,0.0732,20,0.0325,8,0.013,1,0.0016,3,0.0049
706,2,Postojna,9,Nova Gorica 1,62,"OŠ RENČE, TRG 31",869.0,572,0.6582,572,570,2,1.0,4,0.007,3,0.0053,9,0.0158,273,0.4789,0,,20,0.0351,3,0.0053,10,0.0175,13,0.0228,7,0.0123,7,0.0123,38,0.0667,6,0.0105,12,0.0211,97,0.1702,3,0.0053,39,0.0684,13,0.0228,10,0.0175,3,0.0053,0,0.0
707,2,Postojna,9,Nova Gorica 1,22,"PROSTOR PGD AVČE, AVČE 26",189.0,119,0.6296,119,113,6,1.0,1,0.0088,1,0.0088,0,0.0,43,0.3805,0,,7,0.0619,2,0.0177,5,0.0442,0,0.0,1,0.0088,1,0.0088,1,0.0088,0,0.0,0,0.0,26,0.2301,0,0.0,19,0.1681,3,0.0265,3,0.0265,0,0.0,0,0.0
708,2,Postojna,9,Nova Gorica 1,24,"PROSTOR TR DRUŠTVO GLOBOČAK, KAMBREŠKO 12",87.0,50,0.5747,50,50,0,1.0,0,0.0,0,0.0,1,0.02,17,0.34,0,,1,0.02,0,0.0,0,0.0,0,0.0,0,0.0,0,0.0,5,0.1,0,0.0,1,0.02,13,0.26,1,0.02,8,0.16,1,0.02,1,0.02,1,0.02,0,0.0
709,2,Postojna,9,Nova Gorica 1,43,"SEDEŽ KS (PRI TRGOVINI), BANJŠICE 86",203.0,138,0.6798,138,138,0,1.0,1,0.0072,0,0.0,1,0.0072,59,0.4275,0,,2,0.0145,0,0.0,3,0.0217,5,0.0362,6,0.0435,1,0.0072,7,0.0507,3,0.0217,2,0.0145,33,0.2391,1,0.0072,6,0.0435,5,0.0362,2,0.0145,1,0.0072,0,0.0
710,2,Postojna,9,Nova Gorica 1,52,"SEDEŽ KS, GRGARSKE RAVNE 30",145.0,97,0.669,97,94,3,1.0,1,0.0106,0,0.0,2,0.0213,53,0.5638,0,,3,0.0319,0,0.0,2,0.0213,1,0.0106,1,0.0106,0,0.0,0,0.0,2,0.0213,0,0.0,22,0.234,1,0.0106,3,0.0319,2,0.0213,0,0.0,1,0.0106,0,0.0
711,2,Postojna,9,Nova Gorica 1,23,"SEDEŽ KS, KAL NAD KANALOM 111E",275.0,163,0.5927,163,161,2,1.0,1,0.0062,0,0.0,5,0.0311,41,0.2547,0,,7,0.0435,0,0.0,2,0.0124,3,0.0186,0,0.0,4,0.0248,18,0.1118,4,0.0248,8,0.0497,45,0.2795,0,0.0,16,0.0994,2,0.0124,5,0.0311,0,0.0,0,0.0
712,2,Postojna,9,Nova Gorica 1,38,"SEDEŽ KS, OPATJE SELO 14",488.0,361,0.7398,361,360,1,1.0,3,0.0083,1,0.0028,5,0.0139,154,0.4278,0,,8,0.0222,0,0.0,15,0.0417,7,0.0194,8,0.0222,1,0.0028,16,0.0444,6,0.0167,11,0.0306,77,0.2139,3,0.0083,28,0.0778,9,0.025,3,0.0083,3,0.0083,2,0.0056
713,2,Postojna,9,Nova Gorica 1,57,"SEDEŽ KS, OSEK 46F",796.0,572,0.7186,572,564,8,1.0,6,0.0106,0,0.0,8,0.0142,212,0.3759,0,,17,0.0301,1,0.0018,24,0.0426,12,0.0213,5,0.0089,18,0.0319,51,0.0904,3,0.0053,17,0.0301,134,0.2376,4,0.0071,30,0.0532,7,0.0124,10,0.0177,4,0.0071,1,0.0018
714,2,Postojna,9,Nova Gorica 1,39,"SEDEŽ KS, SELA NA KRASU 35",181.0,134,0.7403,133,132,1,1.0,1,0.0076,1,0.0076,3,0.0227,70,0.5303,0,,3,0.0227,1,0.0076,4,0.0303,7,0.053,0,0.0,1,0.0076,3,0.0227,0,0.0,1,0.0076,23,0.1742,0,0.0,9,0.0682,5,0.0379,0,0.0,0,0.0,0,0.0
715,2,Postojna,9,Nova Gorica 1,64,"SEDEŽ KS, TRNOVO 39",428.0,294,0.6869,294,291,3,1.0,0,0.0,0,0.0,5,0.0172,139,0.4777,0,,7,0.0241,0,0.0,13,0.0447,4,0.0137,1,0.0034,8,0.0275,9,0.0309,3,0.0103,3,0.0103,56,0.1924,6,0.0206,23,0.079,2,0.0069,11,0.0378,1,0.0034,0,0.0
716,2,Postojna,9,Nova Gorica 1,3,"SEDEŽ VS, KOŽBANA 6A",96.0,74,0.7708,74,73,1,1.0,1,0.0137,0,0.0,1,0.0137,24,0.3288,0,,1,0.0137,0,0.0,2,0.0274,1,0.0137,3,0.0411,0,0.0,3,0.0411,2,0.0274,0,0.0,27,0.3699,1,0.0137,4,0.0548,3,0.0411,0,0.0,0,0.0,0,0.0
717,2,Postojna,9,Nova Gorica 1,40,"STARA ŠOLA, TEMNICA 10",178.0,134,0.7528,134,133,1,1.0,3,0.0226,0,0.0,1,0.0075,58,0.4361,0,,4,0.0301,2,0.015,2,0.015,3,0.0226,1,0.0075,4,0.0301,16,0.1203,0,0.0,1,0.0075,28,0.2105,0,0.0,7,0.0526,3,0.0226,0,0.0,0,0.0,0,0.0
718,2,Postojna,9,Nova Gorica 1,58,"ŠOLA GLASBE IN UMETNOSTI OZLINKA, OZELJAN 49B",849.0,584,0.6879,584,575,9,1.0,5,0.0087,0,0.0,7,0.0122,232,0.4035,0,,19,0.033,1,0.0017,14,0.0243,7,0.0122,6,0.0104,10,0.0174,42,0.073,2,0.0035,18,0.0313,152,0.2643,7,0.0122,30,0.0522,9,0.0157,2,0.0035,12,0.0209,0,0.0
719,2,Postojna,9,Nova Gorica 1,33,ŠPORTNI PARK DOBLAR,65.0,47,0.7231,47,46,1,1.0,0,0.0,0,0.0,0,0.0,14,0.3043,0,,2,0.0435,0,0.0,3,0.0652,3,0.0652,0,0.0,0,0.0,4,0.087,1,0.0217,0,0.0,13,0.2826,0,0.0,4,0.087,0,0.0,2,0.0435,0,0.0,0,0.0
720,2,Postojna,9,Nova Gorica 1,37,ŠPORTNI PARK OREHOVLJE,381.0,267,0.7008,267,263,4,1.0,1,0.0038,0,0.0,4,0.0152,101,0.384,0,,6,0.0228,0,0.0,4,0.0152,14,0.0532,5,0.019,2,0.0076,12,0.0456,7,0.0266,7,0.0266,62,0.2357,4,0.0152,21,0.0798,11,0.0418,1,0.0038,1,0.0038,0,0.0
721,2,Postojna,9,Nova Gorica 1,4,"ŠPORTNO IGRIŠČE ""ČELO"", HRUŠEVLJE",535.0,398,0.7439,398,395,3,1.0,2,0.0051,0,0.0,2,0.0051,161,0.4076,0,,11,0.0278,0,0.0,7,0.0177,18,0.0456,4,0.0101,2,0.0051,15,0.038,4,0.0101,15,0.038,102,0.2582,6,0.0152,38,0.0962,5,0.0127,1,0.0025,2,0.0051,0,0.0
722,2,Postojna,9,Nova Gorica 1,19,"ŠPORTNO REKREATIVNO DRUŠTVO LOŽICE, LOŽICE 8",239.0,161,0.6736,161,160,1,1.0,1,0.0062,0,0.0,2,0.0125,61,0.3812,0,,4,0.025,0,0.0,1,0.0062,0,0.0,0,0.0,0,0.0,11,0.0688,3,0.0188,2,0.0125,60,0.375,1,0.0062,2,0.0125,0,0.0,9,0.0562,3,0.0188,0,0.0
723,2,Postojna,9,Nova Gorica 1,8,"VAŠKI DOM, VIŠNJEVIK 33",249.0,167,0.6707,167,164,3,1.0,0,0.0,2,0.0122,2,0.0122,60,0.3659,0,,1,0.0061,0,0.0,4,0.0244,11,0.0671,1,0.0061,3,0.0183,10,0.061,2,0.0122,12,0.0732,37,0.2256,2,0.0122,9,0.0549,5,0.0305,3,0.0183,0,0.0,0,0.0
724,2,Postojna,9,Nova Gorica 1,10,"VAŠKI DOM, VRHOVLJE PRI KOJSKEM 18",90.0,74,0.8222,74,74,0,1.0,2,0.027,0,0.0,1,0.0135,35,0.473,0,,4,0.0541,2,0.027,1,0.0135,0,0.0,0,0.0,0,0.0,3,0.0405,1,0.0135,3,0.0405,15,0.2027,0,0.0,5,0.0676,0,0.0,2,0.027,0,0.0,0,0.0
725,2,Postojna,9,Nova Gorica 1,30,"VEČNAMENSKI OBJEKT, LEVPA 27",236.0,160,0.678,160,157,3,1.0,1,0.0064,0,0.0,5,0.0318,46,0.293,0,,4,0.0255,1,0.0064,0,0.0,3,0.0191,0,0.0,3,0.0191,23,0.1465,3,0.0191,1,0.0064,42,0.2675,0,0.0,11,0.0701,7,0.0446,5,0.0318,2,0.0127,0,0.0
726,2,Postojna,9,Nova Gorica 1,41,"VEČNAMENSKI OBJEKT, LIPA 17",87.0,66,0.7586,66,65,1,1.0,1,0.0154,0,0.0,3,0.0462,21,0.3231,0,,1,0.0154,0,0.0,1,0.0154,0,0.0,0,0.0,7,0.1077,5,0.0769,1,0.0154,1,0.0154,9,0.1385,1,0.0154,8,0.1231,1,0.0154,5,0.0769,0,0.0,0,0.0
727,2,Postojna,9,Nova Gorica 1,54,"VEČNAMENSKI OBJEKT, LOKOVEC 205A",64.0,48,0.75,48,48,0,1.0,1,0.0208,0,0.0,0,0.0,27,0.5625,0,,1,0.0208,0,0.0,1,0.0208,2,0.0417,1,0.0208,2,0.0417,1,0.0208,0,0.0,0,0.0,7,0.1458,1,0.0208,1,0.0208,1,0.0208,0,0.0,2,0.0417,0,0.0
728,2,Postojna,9,Nova Gorica 1,14,"VEČNAMENSKI PROSTOR, GORNJE CEROVO 12C",350.0,257,0.7343,257,254,3,1.0,1,0.0039,0,0.0,2,0.0079,114,0.4488,0,,6,0.0236,1,0.0039,6,0.0236,7,0.0276,9,0.0354,3,0.0118,10,0.0394,1,0.0039,12,0.0472,69,0.2717,1,0.0039,8,0.0315,3,0.0118,1,0.0039,0,0.0,0,0.0
729,2,Postojna,9,Nova Gorica 1,6,"VEČNAMENSKI PROSTOR, KOZANA 59",311.0,233,0.7492,233,231,2,1.0,3,0.013,0,0.0,5,0.0216,77,0.3333,0,,5,0.0216,3,0.013,2,0.0087,10,0.0433,1,0.0043,2,0.0087,16,0.0693,5,0.0216,6,0.026,77,0.3333,3,0.013,13,0.0563,2,0.0087,0,0.0,1,0.0043,0,0.0
730,2,Postojna,9,Nova Gorica 1,5,"VILA VIPOLŽE, VIPOLŽE 29",364.0,259,0.7115,259,257,2,1.0,0,0.0,0,0.0,6,0.0233,111,0.4319,0,,11,0.0428,2,0.0078,1,0.0039,6,0.0233,2,0.0078,3,0.0117,18,0.07,5,0.0195,7,0.0272,52,0.2023,1,0.0039,19,0.0739,12,0.0467,0,0.0,1,0.0039,0,0.0
731,2,Postojna,9,Nova Gorica 1,9,"VRTEC KOJSKO, KOJSKO 69",257.0,179,0.6965,179,178,1,1.0,2,0.0112,0,0.0,3,0.0169,75,0.4213,0,,0,0.0,1,0.0056,7,0.0393,8,0.0449,3,0.0169,1,0.0056,8,0.0449,3,0.0169,12,0.0674,38,0.2135,1,0.0056,13,0.073,2,0.0112,0,0.0,1,0.0056,0,0.0
732,2,Postojna,9,Nova Gorica 1,59,"VRTEC PRVAČINA, PRVAČINA 48A",958.0,631,0.6587,631,625,6,1.0,5,0.008,1,0.0016,29,0.0464,283,0.4528,0,,12,0.0192,6,0.0096,5,0.008,5,0.008,9,0.0144,19,0.0304,25,0.04,10,0.016,16,0.0256,138,0.2208,10,0.016,37,0.0592,8,0.0128,0,0.0,4,0.0064,3,0.0048
733,2,Postojna,9,Nova Gorica 1,7,"ZADRUŽNI DOM, FOJANA 25",179.0,124,0.6927,124,124,0,1.0,1,0.0081,0,0.0,0,0.0,49,0.3952,0,,2,0.0161,0,0.0,3,0.0242,3,0.0242,0,0.0,3,0.0242,5,0.0403,3,0.0242,2,0.0161,31,0.25,2,0.0161,17,0.1371,2,0.0161,0,0.0,1,0.0081,0,0.0
734,2,Postojna,9,Nova Gorica 1,16,"ZADRUŽNI DOM, MEDANA 16",472.0,346,0.7331,346,342,4,1.0,1,0.0029,0,0.0,1,0.0029,152,0.4444,0,,9,0.0263,0,0.0,4,0.0117,26,0.076,10,0.0292,5,0.0146,8,0.0234,4,0.0117,14,0.0409,84,0.2456,0,0.0,13,0.038,1,0.0029,6,0.0175,3,0.0088,1,0.0029
735,2,Postojna,9,Nova Gorica 1,45,"ZADRUŽNI DOM, PRESERJE 25",379.0,276,0.7282,276,275,1,1.0,2,0.0073,0,0.0,5,0.0182,136,0.4945,0,,8,0.0291,0,0.0,6,0.0218,2,0.0073,9,0.0327,3,0.0109,20,0.0727,5,0.0182,1,0.0036,55,0.2,1,0.0036,13,0.0473,3,0.0109,6,0.0218,0,0.0,0,0.0
736,2,Postojna,9,Nova Gorica 1,11,"ZADRUŽNI DOM, VEDRIJAN 34",142.0,108,0.7606,108,108,0,1.0,1,0.0093,0,0.0,5,0.0463,31,0.287,0,,1,0.0093,0,0.0,0,0.0,4,0.037,1,0.0093,2,0.0185,7,0.0648,1,0.0093,5,0.0463,44,0.4074,0,0.0,3,0.0278,1,0.0093,2,0.0185,0,0.0,0,0.0
737,2,Postojna,9,Nova Gorica 1,20,"ŽELEZNIŠKA POSTAJA PLAVE, VOJKOVA ULICA 28",267.0,204,0.764,204,201,3,1.0,0,0.0,1,0.005,1,0.005,69,0.3433,0,,7,0.0348,0,0.0,3,0.0149,3,0.0149,1,0.005,1,0.005,14,0.0697,9,0.0448,8,0.0398,63,0.3134,1,0.005,7,0.0348,2,0.01,11,0.0547,0,0.0,0,0.0
738,2,Postojna,9,Nova Gorica 1,60,"ŽUPNIŠČE RAVNICA, RAVNICA 12",229.0,157,0.6856,157,156,1,1.0,1,0.0064,1,0.0064,0,0.0,55,0.3526,0,,8,0.0513,0,0.0,4,0.0256,12,0.0769,1,0.0064,0,0.0,23,0.1474,2,0.0128,3,0.0192,35,0.2244,2,0.0128,3,0.0192,5,0.0321,1,0.0064,0,0.0,0,0.0
739,2,Postojna,9,Nova Gorica 1,901,PREDČASNO GLASOVANJE,,1357,,1357,1354,3,1.0,6,0.0044,6,0.0044,16,0.0118,628,0.4638,0,,69,0.051,3,0.0022,22,0.0162,29,0.0214,15,0.0111,27,0.0199,73,0.0539,21,0.0155,33,0.0244,250,0.1846,4,0.003,83,0.0613,15,0.0111,34,0.0251,19,0.014,1,0.0007
740,2,Postojna,10,Nova Gorica 2,16,"BIVŠI MALOOBMEJNI PREHOD, ERJAVČEVA ULICA 53",325.0,206,0.6338,206,204,2,1.0,2,0.0098,0,0.0,2,0.0098,72,0.3529,0,,8,0.0392,1,0.0049,6,0.0294,4,0.0196,6,0.0294,5,0.0245,11,0.0539,4,0.0196,7,0.0343,51,0.25,1,0.0049,21,0.1029,2,0.0098,1,0.0049,0,0.0,0,0.0
741,2,Postojna,10,Nova Gorica 2,1,BUKOVICA - OSNOVNA ŠOLA - BUKOVICA 44,935.0,657,0.7027,657,648,9,1.0,2,0.0031,1,0.0015,8,0.0123,300,0.463,0,,24,0.037,2,0.0031,6,0.0093,3,0.0046,29,0.0448,9,0.0139,29,0.0448,10,0.0154,17,0.0262,123,0.1898,6,0.0093,53,0.0818,15,0.0231,8,0.0123,2,0.0031,1,0.0015
742,2,Postojna,10,Nova Gorica 2,28,CENTER STAREJŠIH ŠEMPETER-CESTA PREKO. BRIGAD 62A,548.0,388,0.708,388,387,1,1.0,3,0.0078,1,0.0026,11,0.0284,153,0.3953,0,,18,0.0465,1,0.0026,7,0.0181,4,0.0103,22,0.0568,7,0.0181,20,0.0517,7,0.0181,7,0.0181,81,0.2093,1,0.0026,30,0.0775,8,0.0207,6,0.0155,0,0.0,0,0.0
743,2,Postojna,10,Nova Gorica 2,4,"GORIŠKA KNJIŽNICA FRANCETA BEVKA,TRG E.KARDELJA 4",382.0,212,0.555,212,212,0,1.0,2,0.0094,1,0.0047,4,0.0189,71,0.3349,0,,15,0.0708,0,0.0,4,0.0189,9,0.0425,19,0.0896,4,0.0189,10,0.0472,1,0.0047,6,0.0283,26,0.1226,3,0.0142,20,0.0943,6,0.0283,4,0.0189,7,0.033,0,0.0
744,2,Postojna,10,Nova Gorica 2,12,"GORIŠKI CENTER- VDC NOVA GORICA, SEDEJEVA UL. 10",814.0,453,0.5565,453,449,4,1.0,2,0.0045,2,0.0045,15,0.0334,200,0.4454,0,,20,0.0445,1,0.0022,10,0.0223,3,0.0067,31,0.069,8,0.0178,13,0.029,5,0.0111,7,0.0156,84,0.1871,6,0.0134,24,0.0535,8,0.0178,7,0.0156,3,0.0067,0,0.0
745,2,Postojna,10,Nova Gorica 2,3,KMETIJSKO-GOZDARSKI ZAVOD - ŠOLA - PRI HRASTU 18,869.0,624,0.7181,624,621,3,1.0,2,0.0032,1,0.0016,6,0.0097,362,0.5829,0,,15,0.0242,0,0.0,13,0.0209,3,0.0048,10,0.0161,8,0.0129,41,0.066,13,0.0209,19,0.0306,85,0.1369,1,0.0016,22,0.0354,12,0.0193,6,0.0097,2,0.0032,0,0.0
746,2,Postojna,10,Nova Gorica 2,17,KRAJEVNA SKUPNOST NOVA GORICA - ERJAVČEVA ULICA 4,358.0,212,0.5922,212,210,2,1.0,1,0.0048,0,0.0,10,0.0476,92,0.4381,0,,17,0.081,0,0.0,5,0.0238,2,0.0095,9,0.0429,6,0.0286,5,0.0238,2,0.0095,4,0.019,28,0.1333,0,0.0,18,0.0857,5,0.0238,5,0.0238,1,0.0048,0,0.0
747,2,Postojna,10,Nova Gorica 2,24,"KRAJEVNA SKUPNOST SOLKAN, TRG JOŽETA SREBRNIČA 7",528.0,380,0.7197,380,374,6,1.0,3,0.008,1,0.0027,5,0.0134,152,0.4064,0,,12,0.0321,0,0.0,11,0.0294,5,0.0134,14,0.0374,13,0.0348,21,0.0561,9,0.0241,8,0.0214,77,0.2059,2,0.0053,22,0.0588,14,0.0374,2,0.0053,3,0.008,0,0.0
748,2,Postojna,10,Nova Gorica 2,20,"KROMBERK-PODJETJE MEGATERM, CESTA 25. JUNIJA 1G",486.0,295,0.607,295,292,3,1.0,2,0.0068,1,0.0034,0,0.0,146,0.5,0,,12,0.0411,0,0.0,2,0.0068,5,0.0171,12,0.0411,2,0.0068,21,0.0719,7,0.024,8,0.0274,50,0.1712,1,0.0034,14,0.0479,5,0.0171,2,0.0068,2,0.0068,0,0.0
749,2,Postojna,10,Nova Gorica 2,2,"KS KROMBERK-LOKE, ULICA VINKA VODOPIVCA 90",1007.0,713,0.708,713,705,8,1.0,2,0.0028,3,0.0043,9,0.0128,371,0.5262,0,,17,0.0241,2,0.0028,14,0.0199,13,0.0184,19,0.027,4,0.0057,16,0.0227,13,0.0184,22,0.0312,135,0.1915,5,0.0071,37,0.0525,13,0.0184,5,0.0071,4,0.0057,1,0.0014
750,2,Postojna,10,Nova Gorica 2,23,KULTURNI DOM STARA GORA - STARA GORA 14,166.0,114,0.6867,114,114,0,1.0,0,0.0,0,0.0,2,0.0175,74,0.6491,0,,1,0.0088,0,0.0,3,0.0263,0,0.0,1,0.0088,0,0.0,2,0.0175,0,0.0,4,0.0351,10,0.0877,0,0.0,11,0.0965,2,0.0175,4,0.0351,0,0.0,0,0.0
751,2,Postojna,10,Nova Gorica 2,14,"MEDPODJETNIŠKI IZOBRAŽEVALNI CENTER,CANKARJEVA 8A",668.0,406,0.6078,406,403,3,1.0,1,0.0025,2,0.005,6,0.0149,201,0.4988,0,,11,0.0273,4,0.0099,4,0.0099,2,0.005,12,0.0298,8,0.0199,16,0.0397,3,0.0074,5,0.0124,79,0.196,3,0.0074,22,0.0546,18,0.0447,5,0.0124,1,0.0025,0,0.0
752,2,Postojna,10,Nova Gorica 2,15,"MEDPODJETNIŠKI IZOBRAŽEVALNI CENTER,CANKARJEVA 8A",549.0,304,0.5537,304,301,3,1.0,2,0.0066,0,0.0,2,0.0066,140,0.4651,0,,15,0.0498,0,0.0,5,0.0166,6,0.0199,24,0.0797,7,0.0233,7,0.0233,5,0.0166,4,0.0133,50,0.1661,0,0.0,24,0.0797,4,0.0133,6,0.0199,0,0.0,0,0.0
753,2,Postojna,10,Nova Gorica 2,29,"OBČINSKA UPRAVA-CORONINIJEV DVOREC,TRG I. ROBA 3A",1194.0,801,0.6709,801,793,8,1.0,6,0.0076,0,0.0,9,0.0113,295,0.372,0,,33,0.0416,3,0.0038,16,0.0202,25,0.0315,30,0.0378,9,0.0113,61,0.0769,10,0.0126,17,0.0214,173,0.2182,7,0.0088,70,0.0883,22,0.0277,7,0.0088,0,0.0,0,0.0
754,2,Postojna,10,Nova Gorica 2,6,OSNOVNA ŠOLA KOZARA - KIDRIČEVA ULICA 35,501.0,283,0.5649,283,278,5,1.0,5,0.018,1,0.0036,7,0.0252,119,0.4281,0,,12,0.0432,0,0.0,7,0.0252,6,0.0216,14,0.0504,8,0.0288,9,0.0324,4,0.0144,4,0.0144,47,0.1691,7,0.0252,13,0.0468,8,0.0288,2,0.0072,3,0.0108,2,0.0072
755,2,Postojna,10,Nova Gorica 2,13,OSNOVNA ŠOLA LEDINE - CANKARJEVA ULICA 23,598.0,313,0.5234,313,307,6,1.0,1,0.0033,0,0.0,3,0.0098,142,0.4625,0,,20,0.0651,3,0.0098,7,0.0228,2,0.0065,21,0.0684,5,0.0163,5,0.0163,11,0.0358,5,0.0163,52,0.1694,1,0.0033,18,0.0586,6,0.0195,3,0.0098,2,0.0065,0,0.0
756,2,Postojna,10,Nova Gorica 2,11,OSNOVNA ŠOLA LEDINE - CANKARJEVA ULICA 23,668.0,411,0.6153,411,410,1,1.0,1,0.0024,3,0.0073,4,0.0098,183,0.4463,0,,28,0.0683,2,0.0049,4,0.0098,1,0.0024,19,0.0463,11,0.0268,8,0.0195,5,0.0122,5,0.0122,74,0.1805,5,0.0122,34,0.0829,13,0.0317,6,0.0146,4,0.0098,0,0.0
757,2,Postojna,10,Nova Gorica 2,8,"OSNOVNA ŠOLA MILOJKE ŠTRUKELJ, DELPINOVA ULICA 7",555.0,321,0.5784,321,320,1,1.0,1,0.0031,0,0.0,4,0.0125,192,0.6,0,,18,0.0562,0,0.0,3,0.0094,5,0.0156,9,0.0281,7,0.0219,3,0.0094,4,0.0125,4,0.0125,36,0.1125,5,0.0156,24,0.075,3,0.0094,1,0.0031,0,0.0,1,0.0031
758,2,Postojna,10,Nova Gorica 2,25,OSNOVNA ŠOLA SOLKAN - ŠOLSKA ULICA 25,747.0,521,0.6975,521,518,3,1.0,2,0.0039,2,0.0039,4,0.0077,223,0.4305,0,,37,0.0714,1,0.0019,5,0.0097,5,0.0097,19,0.0367,6,0.0116,31,0.0598,6,0.0116,7,0.0135,121,0.2336,1,0.0019,32,0.0618,12,0.0232,4,0.0077,0,0.0,0,0.0
759,2,Postojna,10,Nova Gorica 2,27,"OSNOVNA ŠOLA SOLKAN, ŠOLSKA ULICA 25",387.0,231,0.5969,231,229,2,1.0,1,0.0044,0,0.0,7,0.0306,101,0.441,0,,5,0.0218,2,0.0087,1,0.0044,1,0.0044,7,0.0306,3,0.0131,10,0.0437,5,0.0218,5,0.0218,48,0.2096,4,0.0175,18,0.0786,5,0.0218,2,0.0087,4,0.0175,0,0.0
760,2,Postojna,10,Nova Gorica 2,32,"OSNOVNA ŠOLA VOGRSKO, VOGRSKO 99",775.0,570,0.7355,570,563,7,1.0,6,0.0107,1,0.0018,11,0.0195,244,0.4334,0,,11,0.0195,2,0.0036,11,0.0195,8,0.0142,30,0.0533,7,0.0124,21,0.0373,4,0.0071,10,0.0178,114,0.2025,5,0.0089,60,0.1066,11,0.0195,6,0.0107,1,0.0018,0,0.0
761,2,Postojna,10,Nova Gorica 2,34,"OSNOVNA ŠOLA VRTOJBA, ULICA 9. SEPTEMBRA 132A",800.0,587,0.7338,587,580,7,1.0,2,0.0034,1,0.0017,4,0.0069,198,0.3414,0,,15,0.0259,0,0.0,5,0.0086,6,0.0103,25,0.0431,16,0.0276,47,0.081,3,0.0052,19,0.0328,158,0.2724,9,0.0155,49,0.0845,16,0.0276,5,0.0086,1,0.0017,1,0.0017
762,2,Postojna,10,Nova Gorica 2,7,"OŠ FRANA ERJAVCA, KIDRIČEVA ULICA 36",635.0,399,0.6283,399,396,3,1.0,0,0.0,2,0.0051,5,0.0126,197,0.4975,0,,21,0.053,1,0.0025,9,0.0227,7,0.0177,12,0.0303,3,0.0076,17,0.0429,3,0.0076,9,0.0227,64,0.1616,1,0.0025,24,0.0606,14,0.0354,1,0.0025,6,0.0152,0,0.0
763,2,Postojna,10,Nova Gorica 2,5,"SEJNA DVORANA MONG, TRG EDVARDA KARDELJA 1",421.0,182,0.4323,182,181,1,1.0,2,0.011,0,0.0,5,0.0276,71,0.3923,0,,8,0.0442,2,0.011,3,0.0166,0,0.0,4,0.0221,3,0.0166,9,0.0497,3,0.0166,7,0.0387,36,0.1989,2,0.011,19,0.105,1,0.0055,4,0.0221,2,0.011,0,0.0
764,2,Postojna,10,Nova Gorica 2,10,"SEJNA DVORANA MONG, TRG EDVARDA KARDELJA 1",538.0,260,0.4833,260,257,3,1.0,1,0.0039,0,0.0,9,0.035,134,0.5214,0,,17,0.0661,1,0.0039,4,0.0156,2,0.0078,10,0.0389,3,0.0117,7,0.0272,3,0.0117,3,0.0117,43,0.1673,4,0.0156,10,0.0389,3,0.0117,1,0.0039,2,0.0078,0,0.0
765,2,Postojna,10,Nova Gorica 2,18,SREDNJA EKONOMSKA IN TRGOVSKA ŠOLA- ERJAVČEVA 8,736.0,412,0.5598,412,408,4,1.0,3,0.0074,0,0.0,6,0.0147,221,0.5417,0,,23,0.0564,3,0.0074,9,0.0221,4,0.0098,12,0.0294,7,0.0172,11,0.027,4,0.0098,6,0.0147,46,0.1127,4,0.0098,33,0.0809,13,0.0319,2,0.0049,0,0.0,1,0.0025
766,2,Postojna,10,Nova Gorica 2,19,"SREDNJA EKONOMSKA IN TRGOVSKA ŠOLA, ERJAVČEVA 8",758.0,442,0.5831,442,440,2,1.0,1,0.0023,2,0.0045,7,0.0159,196,0.4455,0,,28,0.0636,1,0.0023,6,0.0136,5,0.0114,22,0.05,11,0.025,16,0.0364,5,0.0114,8,0.0182,94,0.2136,4,0.0091,20,0.0455,10,0.0227,2,0.0045,2,0.0045,0,0.0
767,2,Postojna,10,Nova Gorica 2,30,"ŠEMPETER-OŠ IVANA ROBA, UL. ANDREJA GABRŠČKA 1",449.0,301,0.6704,301,298,3,1.0,2,0.0067,0,0.0,5,0.0168,107,0.3591,0,,17,0.057,2,0.0067,12,0.0403,5,0.0168,10,0.0336,5,0.0168,14,0.047,12,0.0403,16,0.0537,50,0.1678,3,0.0101,27,0.0906,8,0.0268,1,0.0034,1,0.0034,1,0.0034
768,2,Postojna,10,Nova Gorica 2,31,"ULICA IVANA SULIČA 12/A, ŠEMPETER",646.0,455,0.7043,455,452,3,1.0,4,0.0088,1,0.0022,5,0.0111,206,0.4558,0,,16,0.0354,0,0.0,6,0.0133,4,0.0088,16,0.0354,5,0.0111,25,0.0553,3,0.0066,12,0.0265,82,0.1814,2,0.0044,48,0.1062,11,0.0243,4,0.0088,1,0.0022,1,0.0022
769,2,Postojna,10,Nova Gorica 2,22,"UNIVERZA V NOVI GORICI, VIPAVSKA C. 13, R. DOLINA",813.0,530,0.6519,530,527,3,1.0,7,0.0133,0,0.0,15,0.0285,242,0.4592,0,,25,0.0474,1,0.0019,6,0.0114,5,0.0095,19,0.0361,6,0.0114,14,0.0266,6,0.0114,15,0.0285,86,0.1632,5,0.0095,52,0.0987,15,0.0285,6,0.0114,2,0.0038,0,0.0
770,2,Postojna,10,Nova Gorica 2,26,"VRTEC JULKE PAVLETIČ, ULICA L.SLOKARJA 8, SOLKAN",782.0,521,0.6662,521,517,4,1.0,4,0.0077,2,0.0039,6,0.0116,242,0.4681,0,,16,0.0309,1,0.0019,6,0.0116,3,0.0058,11,0.0213,8,0.0155,24,0.0464,7,0.0135,14,0.0271,118,0.2282,3,0.0058,28,0.0542,12,0.0232,12,0.0232,0,0.0,0,0.0
771,2,Postojna,10,Nova Gorica 2,33,"VRTOJBA- MLADINSKI CENTER, ULICA 9. SEPTEMBRA 72",1171.0,856,0.731,856,851,5,1.0,4,0.0047,3,0.0035,13,0.0153,364,0.4277,0,,19,0.0223,3,0.0035,15,0.0176,13,0.0153,22,0.0259,9,0.0106,51,0.0599,14,0.0165,20,0.0235,197,0.2315,9,0.0106,59,0.0693,20,0.0235,9,0.0106,7,0.0082,0,0.0
772,2,Postojna,10,Nova Gorica 2,9,"ZVEZA KULTURNIH DRUŠTEV,UL. GRADNIKOVE BRIGADE 25",581.0,316,0.5439,316,312,4,1.0,0,0.0,0,0.0,10,0.0321,151,0.484,0,,18,0.0577,0,0.0,8,0.0256,5,0.016,21,0.0673,6,0.0192,7,0.0224,1,0.0032,5,0.016,40,0.1282,0,0.0,26,0.0833,5,0.016,6,0.0192,3,0.0096,0,0.0
773,2,Postojna,10,Nova Gorica 2,21,"ŽELVA D.O.O. - VDC, AJŠEVICA 42",242.0,172,0.7107,172,171,1,1.0,0,0.0,0,0.0,3,0.0175,69,0.4035,0,,4,0.0234,1,0.0058,4,0.0234,6,0.0351,7,0.0409,2,0.0117,13,0.076,2,0.0117,3,0.0175,44,0.2573,1,0.0058,6,0.0351,4,0.0234,0,0.0,2,0.0117,0,0.0
774,2,Postojna,10,Nova Gorica 2,901,PREDČASNO GLASOVANJE,,2783,,2783,2763,20,1.0,12,0.0043,3,0.0011,33,0.0119,1463,0.5295,0,,171,0.0619,13,0.0047,37,0.0134,23,0.0083,67,0.0242,50,0.0181,90,0.0326,25,0.009,55,0.0199,354,0.1281,13,0.0047,254,0.0919,67,0.0242,28,0.0101,5,0.0018,0,0.0
775,2,Postojna,11,Ajdovščina,36,"AVLA KULTURNE DVORANE , GLAVNI TRG 15, VIPAVA",413.0,316,0.7651,316,308,8,1.0,2,0.0065,0,0.0,4,0.013,76,0.2468,0,,9,0.0292,1,0.0032,4,0.013,6,0.0195,4,0.013,8,0.026,56,0.1818,3,0.0097,12,0.039,86,0.2792,4,0.013,20,0.0649,7,0.0227,4,0.013,2,0.0065,0,0.0
776,2,Postojna,11,Ajdovščina,5,"DOM KRAJANOV AJDOVŠČINA, PREŠERNOVA ULICA 26",561.0,369,0.6578,369,367,2,1.0,0,0.0,1,0.0027,4,0.0109,118,0.3215,0,,15,0.0409,3,0.0082,2,0.0054,3,0.0082,5,0.0136,5,0.0136,45,0.1226,7,0.0191,9,0.0245,109,0.297,3,0.0082,27,0.0736,7,0.0191,3,0.0082,1,0.0027,0,0.0
777,2,Postojna,11,Ajdovščina,19,"DOM KRAJANOV CESTA, CESTA 94A",448.0,308,0.6875,308,306,2,1.0,2,0.0065,0,0.0,2,0.0065,103,0.3366,0,,13,0.0425,3,0.0098,3,0.0098,2,0.0065,0,0.0,8,0.0261,41,0.134,6,0.0196,10,0.0327,71,0.232,2,0.0065,31,0.1013,7,0.0229,2,0.0065,0,0.0,0,0.0
778,2,Postojna,11,Ajdovščina,25,"DOM KRAJANOV PLANINA, PLANINA 58",485.0,337,0.6948,337,332,5,1.0,4,0.012,0,0.0,1,0.003,102,0.3072,0,,10,0.0301,1,0.003,8,0.0241,10,0.0301,4,0.012,1,0.003,49,0.1476,5,0.0151,6,0.0181,94,0.2831,1,0.003,28,0.0843,3,0.009,4,0.012,1,0.003,0,0.0
779,2,Postojna,11,Ajdovščina,17,"DOM KRAJANOV STOMAŽ, STOMAŽ 36",242.0,181,0.7479,181,179,2,1.0,1,0.0056,0,0.0,6,0.0335,26,0.1453,0,,6,0.0335,3,0.0168,5,0.0279,4,0.0223,2,0.0112,8,0.0447,24,0.1341,3,0.0168,1,0.0056,73,0.4078,5,0.0279,6,0.0335,3,0.0168,3,0.0168,0,0.0,0,0.0
780,2,Postojna,11,Ajdovščina,31,"DOM KRAJANOV, GOJAČE 48",254.0,174,0.685,174,171,3,1.0,1,0.0058,0,0.0,3,0.0175,57,0.3333,0,,8,0.0468,1,0.0058,1,0.0058,7,0.0409,2,0.0117,5,0.0292,27,0.1579,2,0.0117,6,0.0351,42,0.2456,0,0.0,7,0.0409,0,0.0,2,0.0117,0,0.0,0,0.0
781,2,Postojna,11,Ajdovščina,29,"DOM KRAJANOV, KAMNJE 61",352.0,255,0.7244,255,254,1,1.0,3,0.0118,0,0.0,3,0.0118,72,0.2835,0,,6,0.0236,2,0.0079,6,0.0236,6,0.0236,4,0.0157,6,0.0236,21,0.0827,12,0.0472,8,0.0315,71,0.2795,3,0.0118,29,0.1142,2,0.0079,0,0.0,0,0.0,0,0.0
782,2,Postojna,11,Ajdovščina,21,"DOM KRAJANOV, PLAČE 27 A",209.0,171,0.8182,171,168,3,1.0,0,0.0,0,0.0,0,0.0,55,0.3274,0,,5,0.0298,0,0.0,2,0.0119,1,0.006,4,0.0238,5,0.0298,19,0.1131,9,0.0536,4,0.0238,34,0.2024,0,0.0,21,0.125,4,0.0238,5,0.0298,0,0.0,0,0.0
783,2,Postojna,11,Ajdovščina,8,"DOM KRAJANOV, ŽAPUŽE 10",373.0,243,0.6515,243,243,0,1.0,0,0.0,0,0.0,3,0.0123,77,0.3169,0,,5,0.0206,2,0.0082,2,0.0082,4,0.0165,2,0.0082,2,0.0082,40,0.1646,9,0.037,3,0.0123,64,0.2634,1,0.0041,26,0.107,2,0.0082,1,0.0041,0,0.0,0,0.0
784,2,Postojna,11,Ajdovščina,14,"DOM TABORNIKOV NA KOVKU, KOVK 13",101.0,85,0.8416,85,85,0,1.0,0,0.0,0,0.0,2,0.0235,21,0.2471,0,,4,0.0471,0,0.0,1,0.0118,0,0.0,2,0.0235,0,0.0,15,0.1765,0,0.0,1,0.0118,31,0.3647,1,0.0118,5,0.0588,1,0.0118,0,0.0,1,0.0118,0,0.0
785,2,Postojna,11,Ajdovščina,11,"DVORANA EDMUNDA ČIBEJA, LOKAVEC 126A",927.0,667,0.7195,667,659,8,1.0,7,0.0106,1,0.0015,10,0.0152,185,0.2807,0,,21,0.0319,4,0.0061,15,0.0228,10,0.0152,12,0.0182,15,0.0228,68,0.1032,19,0.0288,9,0.0137,178,0.2701,5,0.0076,72,0.1093,15,0.0228,10,0.0152,3,0.0046,0,0.0
786,2,Postojna,11,Ajdovščina,9,"DVORANA KS DOLGA POLJANA, DOLGA POLJANA 17",299.0,243,0.8127,243,240,3,1.0,4,0.0167,0,0.0,1,0.0042,79,0.3292,0,,12,0.05,0,0.0,3,0.0125,10,0.0417,4,0.0167,2,0.0083,48,0.2,2,0.0083,2,0.0083,49,0.2042,3,0.0125,13,0.0542,3,0.0125,4,0.0167,0,0.0,1,0.0042
787,2,Postojna,11,Ajdovščina,13,"DVORANA KS OTLICA, OTLICA 47",246.0,171,0.6951,171,165,6,1.0,0,0.0,0,0.0,1,0.0061,59,0.3576,0,,4,0.0242,0,0.0,4,0.0242,3,0.0182,0,0.0,2,0.0121,15,0.0909,3,0.0182,1,0.0061,47,0.2848,2,0.0121,17,0.103,4,0.0242,2,0.0121,0,0.0,1,0.0061
788,2,Postojna,11,Ajdovščina,12,"DVORANA KS PREDMEJA, PREDMEJA 93A ",303.0,221,0.7294,221,220,1,1.0,1,0.0045,0,0.0,1,0.0045,111,0.5045,0,,4,0.0182,0,0.0,10,0.0455,0,0.0,2,0.0091,0,0.0,6,0.0273,0,0.0,3,0.0136,28,0.1273,0,0.0,42,0.1909,6,0.0273,5,0.0227,1,0.0045,0,0.0
789,2,Postojna,11,Ajdovščina,26,"DVORANA KS VELIKE ŽABLJE, VELIKE ŽABLJE 88A",266.0,187,0.703,187,184,3,1.0,0,0.0,0,0.0,3,0.0163,39,0.212,0,,4,0.0217,0,0.0,12,0.0652,9,0.0489,3,0.0163,0,0.0,40,0.2174,8,0.0435,4,0.0217,45,0.2446,0,0.0,13,0.0707,3,0.0163,1,0.0054,0,0.0,0,0.0
790,2,Postojna,11,Ajdovščina,39,"DVORANA KS, GRADIŠČE PRI VIPAVI 35B",195.0,156,0.8,156,152,4,1.0,0,0.0,1,0.0066,1,0.0066,35,0.2303,0,,5,0.0329,2,0.0132,1,0.0066,6,0.0395,3,0.0197,2,0.0132,34,0.2237,2,0.0132,2,0.0132,36,0.2368,3,0.0197,17,0.1118,0,0.0,1,0.0066,1,0.0066,0,0.0
791,2,Postojna,11,Ajdovščina,35,"ENOTA LAVRIČEVE KNJIŽNICE VIPAVA,BEBLERJEVA UL.17",557.0,380,0.6822,380,374,6,1.0,2,0.0053,0,0.0,12,0.0321,117,0.3128,0,,13,0.0348,0,0.0,3,0.008,4,0.0107,7,0.0187,5,0.0134,73,0.1952,9,0.0241,13,0.0348,75,0.2005,1,0.0027,25,0.0668,8,0.0214,5,0.0134,2,0.0053,0,0.0
792,2,Postojna,11,Ajdovščina,23,"GASILSKI DOM ŠMARJE, ŠMARJE 48A",330.0,239,0.7242,239,238,1,1.0,2,0.0084,1,0.0042,3,0.0126,85,0.3571,0,,10,0.042,1,0.0042,6,0.0252,5,0.021,3,0.0126,5,0.021,24,0.1008,1,0.0042,1,0.0042,58,0.2437,1,0.0042,29,0.1218,2,0.0084,1,0.0042,0,0.0,0,0.0
793,2,Postojna,11,Ajdovščina,42,"KRAJEVNA SKUPNOST (STARA ŠOLA), ERZELJ 17",67.0,56,0.8358,56,55,1,1.0,0,0.0,0,0.0,6,0.1091,23,0.4182,0,,1,0.0182,0,0.0,3,0.0545,1,0.0182,1,0.0182,1,0.0182,5,0.0909,1,0.0182,1,0.0182,8,0.1455,0,0.0,2,0.0364,0,0.0,0,0.0,2,0.0364,0,0.0
794,2,Postojna,11,Ajdovščina,46,"KRAJEVNA SKUPNOST (STARA ŠOLA), LOZICE 34",209.0,163,0.7799,163,162,1,1.0,1,0.0062,0,0.0,1,0.0062,21,0.1296,0,,5,0.0309,0,0.0,6,0.037,2,0.0123,0,0.0,2,0.0123,19,0.1173,1,0.0062,7,0.0432,74,0.4568,3,0.0185,19,0.1173,1,0.0062,0,0.0,0,0.0,0,0.0
795,2,Postojna,11,Ajdovščina,41,"KRAJEVNA SKUPNOST (STARA ŠOLA), LOŽE 53",292.0,221,0.7568,221,217,4,1.0,0,0.0,1,0.0046,2,0.0092,45,0.2074,0,,1,0.0046,0,0.0,1,0.0046,8,0.0369,1,0.0046,3,0.0138,53,0.2442,4,0.0184,2,0.0092,78,0.3594,1,0.0046,8,0.0369,4,0.0184,4,0.0184,0,0.0,1,0.0046
796,2,Postojna,11,Ajdovščina,20,"KRAJEVNA SKUPNOST VIPAVSKI KRIŽ, VIPAVSKI KRIŽ 8",377.0,237,0.6286,237,232,5,1.0,1,0.0043,0,0.0,2,0.0086,68,0.2931,0,,11,0.0474,2,0.0086,5,0.0216,1,0.0043,0,0.0,2,0.0086,43,0.1853,7,0.0302,5,0.0216,48,0.2069,2,0.0086,29,0.125,1,0.0043,4,0.0172,1,0.0043,0,0.0
797,2,Postojna,11,Ajdovščina,44,"KULTURNA DVORANA PODRAGA, PODRAGA 7",273.0,216,0.7912,216,216,0,1.0,3,0.0139,0,0.0,2,0.0093,68,0.3148,0,,1,0.0046,0,0.0,4,0.0185,4,0.0185,8,0.037,3,0.0139,35,0.162,5,0.0231,4,0.0185,57,0.2639,0,0.0,19,0.088,0,0.0,2,0.0093,0,0.0,1,0.0046
798,2,Postojna,11,Ajdovščina,27,"KULTURNI DOM DOBRAVLJE, DOBRAVLJE 34A",378.0,316,0.836,316,310,6,1.0,1,0.0032,1,0.0032,7,0.0226,99,0.3194,0,,9,0.029,2,0.0065,14,0.0452,2,0.0065,2,0.0065,4,0.0129,41,0.1323,4,0.0129,4,0.0129,75,0.2419,1,0.0032,36,0.1161,4,0.0129,2,0.0065,1,0.0032,1,0.0032
799,2,Postojna,11,Ajdovščina,45,"KULTURNI DOM JANKA PREMRLA - VOJKA, PODNANOS 71",656.0,496,0.7561,496,494,2,1.0,4,0.0081,0,0.0,4,0.0081,78,0.1579,0,,9,0.0182,1,0.002,6,0.0121,4,0.0081,1,0.002,8,0.0162,148,0.2996,10,0.0202,22,0.0445,175,0.3543,3,0.0061,12,0.0243,2,0.004,0,0.0,7,0.0142,0,0.0
800,2,Postojna,11,Ajdovščina,32,"KULTURNI DOM SELO, SELO 39A",341.0,262,0.7683,262,257,5,1.0,2,0.0078,0,0.0,5,0.0195,102,0.3969,0,,3,0.0117,2,0.0078,4,0.0156,3,0.0117,3,0.0117,5,0.0195,13,0.0506,4,0.0156,12,0.0467,59,0.2296,0,0.0,30,0.1167,6,0.0233,3,0.0117,1,0.0039,0,0.0
801,2,Postojna,11,Ajdovščina,22,"MARTINOVA DVORANA V GABERJAH, GABERJE 37",141.0,97,0.6879,97,96,1,1.0,1,0.0104,1,0.0104,2,0.0208,23,0.2396,0,,3,0.0312,0,0.0,0,0.0,3,0.0312,1,0.0104,1,0.0104,18,0.1875,3,0.0312,4,0.0417,28,0.2917,1,0.0104,3,0.0312,0,0.0,2,0.0208,2,0.0208,0,0.0
802,2,Postojna,11,Ajdovščina,15,"OSNOVNA ŠOLA COL, COL 35",716.0,498,0.6955,498,496,2,1.0,0,0.0,2,0.004,7,0.0141,97,0.1956,0,,11,0.0222,1,0.002,5,0.0101,7,0.0141,5,0.0101,3,0.006,94,0.1895,2,0.004,8,0.0161,192,0.3871,8,0.0161,42,0.0847,4,0.0081,5,0.0101,3,0.006,0,0.0
803,2,Postojna,11,Ajdovščina,43,"OSNOVNA ŠOLA NA GOČAH, GOČE 6",156.0,112,0.7179,112,109,3,1.0,1,0.0092,0,0.0,3,0.0275,29,0.2661,0,,7,0.0642,2,0.0183,1,0.0092,4,0.0367,0,0.0,0,0.0,34,0.3119,0,0.0,1,0.0092,23,0.211,0,0.0,4,0.0367,0,0.0,0,0.0,0,0.0,0,0.0
804,2,Postojna,11,Ajdovščina,6,"OSNOVNA ŠOLA ŠTURJE, BEVKOVA ULICA 22, AJDOVŠČINA",862.0,534,0.6195,534,525,9,1.0,3,0.0057,1,0.0019,5,0.0095,153,0.2914,0,,27,0.0514,3,0.0057,5,0.0095,5,0.0095,9,0.0171,9,0.0171,65,0.1238,10,0.019,11,0.021,132,0.2514,2,0.0038,56,0.1067,14,0.0267,9,0.0171,5,0.0095,1,0.0019
805,2,Postojna,11,Ajdovščina,34,"OSNOVNA ŠOLA V ČRNIČAH, ČRNIČE 27",473.0,326,0.6892,326,323,3,1.0,3,0.0093,0,0.0,3,0.0093,91,0.2817,0,,10,0.031,2,0.0062,4,0.0124,16,0.0495,4,0.0124,5,0.0155,33,0.1022,5,0.0155,6,0.0186,91,0.2817,6,0.0186,33,0.1022,6,0.0186,2,0.0062,2,0.0062,1,0.0031
806,2,Postojna,11,Ajdovščina,16,"OSNOVNA ŠOLA V PODKRAJU, PODKRAJ 9",573.0,409,0.7138,409,405,4,1.0,2,0.0049,1,0.0025,8,0.0198,42,0.1037,0,,4,0.0099,0,0.0,8,0.0198,4,0.0099,1,0.0025,3,0.0074,68,0.1679,1,0.0025,4,0.0099,217,0.5358,7,0.0173,32,0.079,0,0.0,3,0.0074,0,0.0,0,0.0
807,2,Postojna,11,Ajdovščina,38,"OSNOVNA ŠOLA V VRHPOLJU, VRHPOLJE 41",728.0,534,0.7335,534,529,5,1.0,3,0.0057,0,0.0,11,0.0208,80,0.1512,0,,5,0.0095,2,0.0038,15,0.0284,6,0.0113,4,0.0076,6,0.0113,137,0.259,7,0.0132,24,0.0454,193,0.3648,6,0.0113,20,0.0378,6,0.0113,2,0.0038,2,0.0038,0,0.0
808,2,Postojna,11,Ajdovščina,30,"OSNOVNA ŠOLA V VRTOVINU, VRTOVIN 74",396.0,298,0.7525,298,297,1,1.0,1,0.0034,0,0.0,7,0.0236,80,0.2694,0,,2,0.0067,2,0.0067,7,0.0236,4,0.0135,4,0.0135,13,0.0438,32,0.1077,5,0.0168,5,0.0168,98,0.33,2,0.0067,28,0.0943,4,0.0135,2,0.0067,1,0.0034,0,0.0
809,2,Postojna,11,Ajdovščina,1,"OŠ DANILA LOKARJA, CESTA 5. MAJA 15, AJDOVŠČINA",623.0,395,0.634,395,391,4,1.0,2,0.0051,0,0.0,4,0.0102,119,0.3043,0,,15,0.0384,1,0.0026,11,0.0281,2,0.0051,3,0.0077,6,0.0153,68,0.1739,9,0.023,12,0.0307,89,0.2276,2,0.0051,36,0.0921,5,0.0128,3,0.0077,4,0.0102,0,0.0
810,2,Postojna,11,Ajdovščina,37,"OŠ DRAGA BAJCA VIPAVA, VINARSKA CESTA 4",527.0,388,0.7362,388,376,12,1.0,7,0.0186,0,0.0,2,0.0053,85,0.2261,0,,15,0.0399,0,0.0,7,0.0186,3,0.008,4,0.0106,3,0.008,70,0.1862,4,0.0106,2,0.0053,123,0.3271,1,0.0027,35,0.0931,13,0.0346,2,0.0053,0,0.0,0,0.0
811,2,Postojna,11,Ajdovščina,4,"OTROŠKI VRTEC OB HUBLJU, OB HUBLJU 1, AJDOVŠČINA",563.0,388,0.6892,388,383,5,1.0,2,0.0052,1,0.0026,7,0.0183,125,0.3264,0,,18,0.047,1,0.0026,12,0.0313,5,0.0131,7,0.0183,13,0.0339,32,0.0836,7,0.0183,4,0.0104,77,0.201,7,0.0183,51,0.1332,8,0.0209,5,0.0131,1,0.0026,0,0.0
812,2,Postojna,11,Ajdovščina,7,"OTROŠKI VRTEC RIBNIK, POT V ŽAPUŽE 14, AJDOVŠČINA",1144.0,726,0.6346,726,716,10,1.0,2,0.0028,4,0.0056,10,0.014,237,0.331,0,,37,0.0517,2,0.0028,20,0.0279,5,0.007,15,0.0209,7,0.0098,75,0.1047,10,0.014,19,0.0265,155,0.2165,6,0.0084,83,0.1159,11,0.0154,14,0.0196,4,0.0056,0,0.0
813,2,Postojna,11,Ajdovščina,40,"PROSTORI KRAJEVNE SKUPNOSTI SLAP, SLAP 58",320.0,234,0.7312,234,232,2,1.0,3,0.0129,3,0.0129,1,0.0043,47,0.2026,0,,5,0.0216,0,0.0,2,0.0086,9,0.0388,1,0.0043,2,0.0086,50,0.2155,6,0.0259,2,0.0086,70,0.3017,2,0.0086,16,0.069,4,0.0172,4,0.0172,5,0.0216,0,0.0
814,2,Postojna,11,Ajdovščina,18,"PROSTORI KS SKRILJE, SKRILJE 39",259.0,201,0.7761,200,200,0,1.0,0,0.0,0,0.0,7,0.035,45,0.225,0,,6,0.03,1,0.005,5,0.025,3,0.015,4,0.02,3,0.015,32,0.16,3,0.015,5,0.025,65,0.325,2,0.01,14,0.07,2,0.01,3,0.015,0,0.0,0,0.0
815,2,Postojna,11,Ajdovščina,3,"PROSTOVOLJNO GASILSKO DRUŠTVO, TOVARNIŠKA C. 3 G",476.0,286,0.6008,286,281,5,1.0,1,0.0036,1,0.0036,6,0.0214,101,0.3594,0,,18,0.0641,1,0.0036,8,0.0285,3,0.0107,5,0.0178,6,0.0214,33,0.1174,7,0.0249,1,0.0036,40,0.1423,1,0.0036,39,0.1388,4,0.0142,2,0.0071,4,0.0142,0,0.0
816,2,Postojna,11,Ajdovščina,10,"STARA ŠOLA BUDANJE, BUDANJE 37",681.0,525,0.7709,525,515,10,1.0,13,0.0252,0,0.0,7,0.0136,93,0.1806,0,,9,0.0175,1,0.0019,5,0.0097,8,0.0155,2,0.0039,3,0.0058,115,0.2233,8,0.0155,15,0.0291,199,0.3864,4,0.0078,23,0.0447,6,0.0117,4,0.0078,0,0.0,0,0.0
817,2,Postojna,11,Ajdovščina,2,"STAVBA OBČINE AJDOVŠČINA, CESTA 5. MAJA 6A",533.0,343,0.6435,343,341,2,1.0,7,0.0205,0,0.0,6,0.0176,96,0.2815,0,,13,0.0381,0,0.0,6,0.0176,3,0.0088,2,0.0059,8,0.0235,44,0.129,8,0.0235,5,0.0147,90,0.2639,4,0.0117,38,0.1114,7,0.0205,4,0.0117,0,0.0,0,0.0
818,2,Postojna,11,Ajdovščina,33,"STAVBA V ŠPORTNEM PARKU BATUJE, BATUJE 38B",281.0,191,0.6797,191,189,2,1.0,0,0.0,2,0.0106,1,0.0053,71,0.3757,0,,7,0.037,0,0.0,6,0.0317,2,0.0106,4,0.0212,4,0.0212,14,0.0741,3,0.0159,6,0.0317,37,0.1958,7,0.037,18,0.0952,3,0.0159,3,0.0159,0,0.0,1,0.0053
819,2,Postojna,11,Ajdovščina,28,"UČNI CENTER BRJE, BRJE 53",305.0,227,0.7443,227,226,1,1.0,3,0.0133,0,0.0,7,0.031,104,0.4602,0,,6,0.0265,0,0.0,5,0.0221,1,0.0044,7,0.031,1,0.0044,13,0.0575,2,0.0088,25,0.1106,28,0.1239,3,0.0133,14,0.0619,2,0.0088,3,0.0133,2,0.0088,0,0.0
820,2,Postojna,11,Ajdovščina,24,"VEČNAMENSKI PROSTOR NA USTJAH, USTJE 18",371.0,254,0.6846,254,251,3,1.0,0,0.0,0,0.0,2,0.008,63,0.251,0,,6,0.0239,1,0.004,1,0.004,4,0.0159,13,0.0518,2,0.008,35,0.1394,8,0.0319,9,0.0359,82,0.3267,3,0.012,16,0.0637,2,0.008,4,0.0159,0,0.0,0,0.0
821,2,Postojna,11,Ajdovščina,901,PREDČASNO GLASOVANJE,,1495,,1494,1483,11,1.0,5,0.0034,1,0.0007,23,0.0155,556,0.3749,0,,90,0.0607,2,0.0013,34,0.0229,6,0.004,23,0.0155,32,0.0216,162,0.1092,23,0.0155,31,0.0209,276,0.1861,1,0.0007,173,0.1167,17,0.0115,19,0.0128,9,0.0061,0,0.0
822,3,Ljubljana Center,1,Logatec,20,"ANA ŽNIDARŠIČ, BLOČICE 5",156.0,133,0.8526,128,127,1,1.0,0,0.0,0,0.0,5,0.0394,33,0.2598,0,,8,0.063,0,0.0,6,0.0472,1,0.0079,7,0.0551,1,0.0079,5,0.0394,3,0.0236,5,0.0394,37,0.2913,2,0.0157,11,0.0866,2,0.0157,1,0.0079,0,0.0,0,
823,3,Ljubljana Center,1,Logatec,35,BRUNARICA NA OVINKU GREAREVEC 2A,201.0,149,0.7413,149,148,1,1.0,0,0.0,0,0.0,9,0.0608,61,0.4122,0,,5,0.0338,0,0.0,4,0.027,3,0.0203,5,0.0338,2,0.0135,9,0.0608,2,0.0135,16,0.1081,21,0.1419,2,0.0135,3,0.0203,1,0.0068,2,0.0135,3,0.0203,0,
824,3,Ljubljana Center,1,Logatec,10,GASILSKI DOM BEZULJAK,176.0,130,0.7386,130,128,2,1.0,0,0.0,0,0.0,1,0.0078,26,0.2031,0,,3,0.0234,0,0.0,2,0.0156,4,0.0312,1,0.0078,2,0.0156,17,0.1328,2,0.0156,3,0.0234,60,0.4688,0,0.0,2,0.0156,3,0.0234,2,0.0156,0,0.0,0,
825,3,Ljubljana Center,1,Logatec,15,GASILSKI DOM CAJNARJE,220.0,169,0.7682,169,169,0,1.0,0,0.0,0,0.0,3,0.0178,50,0.2959,0,,3,0.0178,2,0.0118,1,0.0059,2,0.0118,4,0.0237,4,0.0237,18,0.1065,3,0.0178,3,0.0178,65,0.3846,0,0.0,9,0.0533,1,0.0059,0,0.0,1,0.0059,0,
826,3,Ljubljana Center,1,Logatec,4,GASILSKI DOM DOLENJA VAS,380.0,259,0.6816,259,256,3,1.0,0,0.0,0,0.0,6,0.0234,74,0.2891,0,,4,0.0156,1,0.0039,10,0.0391,5,0.0195,0,0.0,4,0.0156,38,0.1484,2,0.0078,3,0.0117,82,0.3203,4,0.0156,18,0.0703,3,0.0117,2,0.0078,0,0.0,0,
827,3,Ljubljana Center,1,Logatec,5,GASILSKI DOM DOLENJE JEZERO,194.0,143,0.7371,143,143,0,1.0,0,0.0,0,0.0,4,0.028,20,0.1399,0,,1,0.007,1,0.007,3,0.021,2,0.014,1,0.007,4,0.028,24,0.1678,0,0.0,3,0.021,68,0.4755,2,0.014,2,0.014,6,0.042,1,0.007,1,0.007,0,
828,3,Ljubljana Center,1,Logatec,18,GASILSKI DOM GORENJE JEZERO,119.0,82,0.6891,82,81,1,1.0,0,0.0,0,0.0,1,0.0123,28,0.3457,0,,5,0.0617,0,0.0,3,0.037,3,0.037,0,0.0,2,0.0247,5,0.0617,2,0.0247,5,0.0617,21,0.2593,0,0.0,5,0.0617,1,0.0123,0,0.0,0,0.0,0,
829,3,Ljubljana Center,1,Logatec,13,GASILSKI DOM GORENJE OTAVE,105.0,82,0.781,82,82,0,1.0,0,0.0,0,0.0,0,0.0,22,0.2683,0,,0,0.0,1,0.0122,1,0.0122,1,0.0122,1,0.0122,0,0.0,5,0.061,2,0.0244,2,0.0244,45,0.5488,0,0.0,1,0.0122,1,0.0122,0,0.0,0,0.0,0,
830,3,Ljubljana Center,1,Logatec,9,GASILSKI DOM IVANJE SELO,177.0,139,0.7853,139,136,3,1.0,0,0.0,0,0.0,2,0.0147,29,0.2132,0,,3,0.0221,2,0.0147,4,0.0294,1,0.0074,1,0.0074,2,0.0147,37,0.2721,1,0.0074,3,0.0221,38,0.2794,3,0.0221,5,0.0368,4,0.0294,1,0.0074,0,0.0,0,
831,3,Ljubljana Center,1,Logatec,17,GASILSKI DOM MARTINJAK,242.0,181,0.7479,181,180,1,1.0,1,0.0056,0,0.0,6,0.0333,44,0.2444,0,,1,0.0056,0,0.0,10,0.0556,4,0.0222,3,0.0167,5,0.0278,11,0.0611,3,0.0167,11,0.0611,64,0.3556,1,0.0056,10,0.0556,2,0.0111,3,0.0167,1,0.0056,0,
832,3,Ljubljana Center,1,Logatec,24,GASILSKI DOM MEDVEDJE BRDO,161.0,106,0.6584,106,104,2,1.0,0,0.0,0,0.0,1,0.0096,24,0.2308,0,,0,0.0,0,0.0,5,0.0481,1,0.0096,3,0.0288,3,0.0288,14,0.1346,0,0.0,15,0.1442,35,0.3365,0,0.0,1,0.0096,2,0.0192,0,0.0,0,0.0,0,
833,3,Ljubljana Center,1,Logatec,14,GASILSKI DOM SVETI VID,188.0,120,0.6383,120,120,0,1.0,1,0.0083,0,0.0,3,0.025,27,0.225,0,,2,0.0167,0,0.0,1,0.0083,1,0.0083,1,0.0083,3,0.025,18,0.15,1,0.0083,0,0.0,50,0.4167,7,0.0583,5,0.0417,0,0.0,0,0.0,0,0.0,0,
834,3,Ljubljana Center,1,Logatec,8,GASILSKI DOM UNEC,621.0,452,0.7279,452,450,2,1.0,0,0.0,1,0.0022,3,0.0067,161,0.3578,0,,14,0.0311,12,0.0267,16,0.0356,3,0.0067,3,0.0067,8,0.0178,50,0.1111,7,0.0156,14,0.0311,118,0.2622,5,0.0111,27,0.06,3,0.0067,2,0.0044,3,0.0067,0,
835,3,Ljubljana Center,1,Logatec,45,GASILSKI DOM VELIKE BLOKE,330.0,241,0.7303,241,240,1,1.0,0,0.0,0,0.0,1,0.0042,58,0.2417,0,,15,0.0625,2,0.0083,2,0.0083,6,0.025,3,0.0125,4,0.0167,34,0.1417,4,0.0167,2,0.0083,75,0.3125,8,0.0333,19,0.0792,2,0.0083,4,0.0167,1,0.0042,0,
836,3,Ljubljana Center,1,Logatec,16,GASILSKI DOM ŽEROVNICA,323.0,229,0.709,229,225,4,1.0,1,0.0044,0,0.0,4,0.0178,72,0.32,0,,7,0.0311,1,0.0044,6,0.0267,3,0.0133,7,0.0311,2,0.0089,16,0.0711,2,0.0089,19,0.0844,61,0.2711,4,0.0178,13,0.0578,2,0.0089,4,0.0178,1,0.0044,0,
837,3,Ljubljana Center,1,Logatec,40,"GOSTIŠČE MLAKAR, MARKOVEC 15A",315.0,224,0.7111,224,222,2,1.0,0,0.0,0,0.0,4,0.018,76,0.3423,0,,4,0.018,2,0.009,10,0.045,8,0.036,3,0.0135,2,0.009,13,0.0586,1,0.0045,5,0.0225,44,0.1982,5,0.0225,40,0.1802,3,0.0135,0,0.0,2,0.009,0,
838,3,Ljubljana Center,1,Logatec,49,"KRAŠEVEC BOJAN, STUDENEC NA BLOKAH 12A",212.0,155,0.7311,155,155,0,1.0,0,0.0,0,0.0,4,0.0258,23,0.1484,0,,3,0.0194,0,0.0,5,0.0323,11,0.071,0,0.0,1,0.0065,25,0.1613,1,0.0065,12,0.0774,52,0.3355,5,0.0323,7,0.0452,2,0.0129,4,0.0258,0,0.0,0,
839,3,Ljubljana Center,1,Logatec,11,"KULTURNO DRUŽABNO SREDIŠČE, TD MENIŠIJA, BEGUNJE",840.0,602,0.7167,602,596,6,1.0,0,0.0,3,0.005,13,0.0218,171,0.2869,0,,12,0.0201,3,0.005,12,0.0201,4,0.0067,6,0.0101,13,0.0218,51,0.0856,13,0.0218,13,0.0218,229,0.3842,9,0.0151,30,0.0503,7,0.0117,6,0.0101,1,0.0017,0,
840,3,Ljubljana Center,1,Logatec,37,"MEDGENERACIJSKI CENTER GABER, STARI TRG PRI LOŽU",896.0,672,0.75,672,666,6,1.0,3,0.0045,0,0.0,7,0.0105,201,0.3018,0,,21,0.0315,6,0.009,20,0.03,7,0.0105,6,0.009,23,0.0345,52,0.0781,9,0.0135,20,0.03,152,0.2282,4,0.006,108,0.1622,14,0.021,7,0.0105,6,0.009,0,
841,3,Ljubljana Center,1,Logatec,38,"OKREPČEVALNICA, LOŽ",468.0,347,0.7415,347,344,3,1.0,0,0.0,0,0.0,7,0.0203,125,0.3634,0,,9,0.0262,2,0.0058,1,0.0029,8,0.0233,1,0.0029,6,0.0174,24,0.0698,9,0.0262,4,0.0116,79,0.2297,13,0.0378,42,0.1221,6,0.0174,3,0.0087,5,0.0145,0,
842,3,Ljubljana Center,1,Logatec,28,OŠ 8 TALCEV LOGATEC,1339.0,790,0.59,790,780,10,1.0,7,0.009,3,0.0038,33,0.0423,263,0.3372,0,,51,0.0654,3,0.0038,38,0.0487,6,0.0077,8,0.0103,10,0.0128,57,0.0731,10,0.0128,53,0.0679,147,0.1885,6,0.0077,32,0.041,36,0.0462,11,0.0141,6,0.0077,0,
843,3,Ljubljana Center,1,Logatec,30,OŠ 8 TALCEV LOGATEC,1757.0,1085,0.6175,1085,1083,2,1.0,2,0.0018,0,0.0,21,0.0194,396,0.3657,0,,48,0.0443,2,0.0018,48,0.0443,9,0.0083,21,0.0194,34,0.0314,108,0.0997,20,0.0185,41,0.0379,224,0.2068,10,0.0092,50,0.0462,32,0.0295,11,0.0102,6,0.0055,0,
844,3,Ljubljana Center,1,Logatec,6,OŠ JOŽETA KRAJCA RAKEK,934.0,622,0.666,622,612,10,1.0,2,0.0033,0,0.0,14,0.0229,257,0.4199,0,,14,0.0229,7,0.0114,20,0.0327,6,0.0098,8,0.0131,19,0.031,52,0.085,16,0.0261,15,0.0245,87,0.1422,8,0.0131,49,0.0801,24,0.0392,13,0.0212,1,0.0016,0,
845,3,Ljubljana Center,1,Logatec,3,OŠ NOTRANJSKI ODRED CERKNICA,1010.0,680,0.6733,680,675,5,1.0,3,0.0044,1,0.0015,11,0.0163,222,0.3289,0,,25,0.037,3,0.0044,42,0.0622,5,0.0074,5,0.0074,11,0.0163,73,0.1081,9,0.0133,15,0.0222,183,0.2711,5,0.0074,38,0.0563,9,0.0133,10,0.0148,5,0.0074,0,
846,3,Ljubljana Center,1,Logatec,44,OŠ NOVA VAS,532.0,373,0.7011,373,369,4,1.0,3,0.0081,1,0.0027,8,0.0217,97,0.2629,0,,3,0.0081,3,0.0081,10,0.0271,9,0.0244,11,0.0298,11,0.0298,51,0.1382,8,0.0217,12,0.0325,116,0.3144,3,0.0081,17,0.0461,1,0.0027,2,0.0054,3,0.0081,0,
847,3,Ljubljana Center,1,Logatec,22,OŠ ROVTE,1014.0,778,0.7673,778,770,8,1.0,2,0.0026,1,0.0013,4,0.0052,95,0.1234,0,,8,0.0104,0,0.0,12,0.0156,24,0.0312,4,0.0052,16,0.0208,146,0.1896,20,0.026,84,0.1091,316,0.4104,6,0.0078,19,0.0247,5,0.0065,8,0.0104,0,0.0,0,
848,3,Ljubljana Center,1,Logatec,34,OŠ TABOR LOGATEC,1561.0,1068,0.6842,1068,1058,10,1.0,4,0.0038,0,0.0,23,0.0217,390,0.3686,0,,44,0.0416,5,0.0047,49,0.0463,15,0.0142,11,0.0104,22,0.0208,101,0.0955,20,0.0189,60,0.0567,201,0.19,17,0.0161,50,0.0473,33,0.0312,10,0.0095,3,0.0028,0,
849,3,Ljubljana Center,1,Logatec,7,PISARNA KRAJEVNEGA URADA RAKEK,727.0,526,0.7235,526,521,5,1.0,2,0.0038,0,0.0,22,0.0422,186,0.357,0,,26,0.0499,7,0.0134,19,0.0365,7,0.0134,1,0.0019,12,0.023,64,0.1228,6,0.0115,17,0.0326,94,0.1804,6,0.0115,25,0.048,12,0.023,12,0.023,3,0.0058,0,
850,3,Ljubljana Center,1,Logatec,19,POŠ 11.MAJ GRAHOVO,377.0,270,0.7162,270,266,4,1.0,0,0.0,1,0.0038,5,0.0188,112,0.4211,0,,12,0.0451,3,0.0113,4,0.015,3,0.0113,2,0.0075,6,0.0226,21,0.0789,8,0.0301,8,0.0301,57,0.2143,3,0.0113,11,0.0414,5,0.0188,3,0.0113,2,0.0075,0,
851,3,Ljubljana Center,1,Logatec,33,POŠ HOTEDRŠICA,654.0,462,0.7064,462,457,5,1.0,1,0.0022,0,0.0,9,0.0197,118,0.2582,0,,14,0.0306,2,0.0044,16,0.035,8,0.0175,3,0.0066,5,0.0109,45,0.0985,9,0.0197,39,0.0853,133,0.291,6,0.0131,33,0.0722,12,0.0263,4,0.0088,0,0.0,0,
852,3,Ljubljana Center,1,Logatec,39,POŠ IGA VAS,880.0,650,0.7386,650,646,4,1.0,2,0.0031,1,0.0015,13,0.0201,196,0.3034,0,,8,0.0124,3,0.0046,20,0.031,16,0.0248,8,0.0124,15,0.0232,91,0.1409,7,0.0108,11,0.017,179,0.2771,4,0.0062,62,0.096,6,0.0093,1,0.0015,3,0.0046,0,
853,3,Ljubljana Center,1,Logatec,26,POŠ LAZE,327.0,214,0.6544,214,213,1,1.0,2,0.0094,1,0.0047,0,0.0,63,0.2958,0,,8,0.0376,0,0.0,9,0.0423,7,0.0329,3,0.0141,1,0.0047,13,0.061,5,0.0235,14,0.0657,56,0.2629,5,0.0235,18,0.0845,5,0.0235,2,0.0094,1,0.0047,0,
854,3,Ljubljana Center,1,Logatec,25,POŠ ROVTARSKE ŽIBRŠE,186.0,143,0.7688,143,143,0,1.0,0,0.0,0,0.0,5,0.035,27,0.1888,0,,0,0.0,0,0.0,3,0.021,7,0.049,0,0.0,3,0.021,10,0.0699,2,0.014,12,0.0839,67,0.4685,2,0.014,3,0.021,1,0.007,1,0.007,0,0.0,0,
855,3,Ljubljana Center,1,Logatec,27,POŠ VRH SVETIH TREH KRALJEV,272.0,230,0.8456,230,227,3,1.0,0,0.0,0,0.0,7,0.0308,28,0.1233,0,,1,0.0044,1,0.0044,5,0.022,9,0.0396,2,0.0088,5,0.022,34,0.1498,4,0.0176,17,0.0749,98,0.4317,3,0.0132,8,0.0352,4,0.0176,1,0.0044,0,0.0,0,
856,3,Ljubljana Center,1,Logatec,1,"STAVBA OBČINE CERKNICA, CESTA 4.MAJA 53",1049.0,595,0.5672,595,591,4,1.0,3,0.0051,2,0.0034,9,0.0152,207,0.3503,0,,18,0.0305,6,0.0102,23,0.0389,8,0.0135,12,0.0203,17,0.0288,65,0.11,9,0.0152,10,0.0169,129,0.2183,6,0.0102,41,0.0694,14,0.0237,10,0.0169,2,0.0034,0,
857,3,Ljubljana Center,1,Logatec,2,"STAVBA UPRAVNE ENOTE CERKNICA, CESTA 4. MAJA 24",1042.0,568,0.5451,568,563,5,1.0,2,0.0036,1,0.0018,5,0.0089,221,0.3925,0,,20,0.0355,2,0.0036,30,0.0533,5,0.0089,10,0.0178,16,0.0284,59,0.1048,8,0.0142,12,0.0213,107,0.1901,4,0.0071,42,0.0746,13,0.0231,4,0.0071,2,0.0036,0,
858,3,Ljubljana Center,1,Logatec,23,"ŠOLA LOG, ZAPLANA",191.0,148,0.7749,148,145,3,1.0,0,0.0,0,0.0,1,0.0069,19,0.131,0,,7,0.0483,0,0.0,4,0.0276,1,0.0069,0,0.0,4,0.0276,16,0.1103,1,0.0069,10,0.069,73,0.5034,2,0.0138,3,0.0207,2,0.0138,2,0.0138,0,0.0,0,
859,3,Ljubljana Center,1,Logatec,31,UPRAVNI CENTER LOGATEC,986.0,573,0.5811,573,564,9,1.0,3,0.0053,1,0.0018,15,0.0266,215,0.3812,0,,19,0.0337,0,0.0,23,0.0408,4,0.0071,11,0.0195,13,0.023,51,0.0904,4,0.0071,28,0.0496,114,0.2021,5,0.0089,38,0.0674,11,0.0195,7,0.0124,2,0.0035,0,
860,3,Ljubljana Center,1,Logatec,32,UPRAVNI CENTER LOGATEC,1340.0,730,0.5448,730,721,9,1.0,1,0.0014,4,0.0055,15,0.0208,237,0.3287,0,,30,0.0416,3,0.0042,30,0.0416,5,0.0069,12,0.0166,22,0.0305,81,0.1123,20,0.0277,39,0.0541,126,0.1748,3,0.0042,48,0.0666,30,0.0416,12,0.0166,3,0.0042,0,
861,3,Ljubljana Center,1,Logatec,47,VEČNAMENSKI OBJEKT SVETA TROJICA,195.0,144,0.7385,144,144,0,1.0,0,0.0,0,0.0,1,0.0069,32,0.2222,0,,5,0.0347,0,0.0,4,0.0278,2,0.0139,1,0.0069,3,0.0208,15,0.1042,2,0.0139,5,0.0347,57,0.3958,1,0.0069,5,0.0347,4,0.0278,3,0.0208,4,0.0278,0,
862,3,Ljubljana Center,1,Logatec,43,VEČNAMENSKI OBJEKT-BIVŠA POŠ BABNO POLJE,244.0,164,0.6721,164,160,4,1.0,0,0.0,0,0.0,3,0.0188,61,0.3812,0,,4,0.025,2,0.0125,10,0.0625,6,0.0375,2,0.0125,2,0.0125,16,0.1,4,0.025,2,0.0125,22,0.1375,2,0.0125,16,0.1,4,0.025,2,0.0125,2,0.0125,0,
863,3,Ljubljana Center,1,Logatec,36,ZAVOD ZA VZGOJO IN IZOBRAŽEVANJE LOGATEC,566.0,396,0.6996,396,390,6,1.0,0,0.0,2,0.0051,13,0.0333,135,0.3462,0,,28,0.0718,2,0.0051,13,0.0333,3,0.0077,7,0.0179,9,0.0231,33,0.0846,5,0.0128,26,0.0667,74,0.1897,3,0.0077,18,0.0462,15,0.0385,4,0.0103,0,0.0,0,
864,3,Ljubljana Center,1,Logatec,901,PREDČASNO GLASOVANJE,,1462,,1462,1458,4,1.0,2,0.0014,1,0.0007,22,0.0151,647,0.4438,0,,89,0.061,0,0.0,52,0.0357,17,0.0117,19,0.013,36,0.0247,110,0.0754,28,0.0192,51,0.035,213,0.1461,8,0.0055,80,0.0549,57,0.0391,21,0.0144,5,0.0034,0,
865,3,Ljubljana Center,1,Logatec,902,PREDČASNO GLASOVANJE UE CERKNICA,,1015,,1015,1011,4,1.0,3,0.003,2,0.002,18,0.0178,446,0.4411,0,,59,0.0584,6,0.0059,34,0.0336,10,0.0099,16,0.0158,22,0.0218,88,0.087,8,0.0079,21,0.0208,187,0.185,5,0.0049,55,0.0544,19,0.0188,7,0.0069,5,0.0049,0,
866,3,Ljubljana Center,2,Vrhnika,27,BIVŠA ŠOLA ZAPLANA,710.0,435,0.6127,435,429,6,1.0,1,0.0023,0,0.0,9,0.021,136,0.317,0,,14,0.0326,3,0.007,22,0.0513,7,0.0163,9,0.021,29,0.0676,40,0.0932,6,0.014,12,0.028,98,0.2284,5,0.0117,14,0.0326,14,0.0326,6,0.014,4,0.0093,0,
867,3,Ljubljana Center,2,Vrhnika,8,CANKARJEV DOM VRHNIKA,1056.0,683,0.6468,683,679,4,1.0,4,0.0059,0,0.0,23,0.0339,241,0.3549,0,,42,0.0619,9,0.0133,31,0.0457,7,0.0103,13,0.0191,19,0.028,25,0.0368,11,0.0162,21,0.0309,138,0.2032,9,0.0133,47,0.0692,25,0.0368,10,0.0147,4,0.0059,0,
868,3,Ljubljana Center,2,Vrhnika,28,"DOM GASILCEV IN KRAJANOV PADEŽ,POKOJIŠČE IN ZAVRH",97.0,78,0.8041,78,78,0,1.0,0,0.0,0,0.0,1,0.0128,20,0.2564,0,,1,0.0128,0,0.0,4,0.0513,0,0.0,2,0.0256,0,0.0,7,0.0897,2,0.0256,4,0.0513,30,0.3846,1,0.0128,1,0.0128,4,0.0513,1,0.0128,0,0.0,0,
869,3,Ljubljana Center,2,Vrhnika,6,DOM KRAJANOV DOL-LAZE,608.0,444,0.7303,444,436,8,1.0,3,0.0069,1,0.0023,12,0.0275,171,0.3922,0,,20,0.0459,4,0.0092,19,0.0436,2,0.0046,10,0.0229,8,0.0183,24,0.055,10,0.0229,8,0.0183,100,0.2294,3,0.0069,18,0.0413,10,0.0229,4,0.0092,9,0.0206,0,
870,3,Ljubljana Center,2,Vrhnika,18,"DOM KRAJANOV DRAGOMER, NA GRIVI 5, DRAGOMER ",825.0,620,0.7515,620,616,4,1.0,0,0.0,2,0.0032,6,0.0097,263,0.4269,0,,28,0.0455,0,0.0,17,0.0276,5,0.0081,6,0.0097,9,0.0146,40,0.0649,8,0.013,14,0.0227,144,0.2338,4,0.0065,37,0.0601,16,0.026,13,0.0211,4,0.0065,0,
871,3,Ljubljana Center,2,Vrhnika,25,DOM KRAJEVNE SKUPNOSTI SINJA GORICA,402.0,288,0.7164,288,285,3,1.0,6,0.0211,0,0.0,11,0.0386,95,0.3333,0,,7,0.0246,3,0.0105,15,0.0526,3,0.0105,6,0.0211,4,0.014,28,0.0982,6,0.0211,20,0.0702,54,0.1895,4,0.014,12,0.0421,4,0.014,7,0.0246,0,0.0,0,
872,3,Ljubljana Center,2,Vrhnika,21,DOM KS STARA VRHNIKA,551.0,388,0.7042,388,385,3,1.0,1,0.0026,0,0.0,4,0.0104,121,0.3143,0,,14,0.0364,3,0.0078,20,0.0519,8,0.0208,2,0.0052,14,0.0364,40,0.1039,3,0.0078,3,0.0078,105,0.2727,1,0.0026,19,0.0494,18,0.0468,3,0.0078,6,0.0156,0,
873,3,Ljubljana Center,2,Vrhnika,14,DOM UPOKOJENCEV,902.0,605,0.6707,604,597,7,1.0,1,0.0017,6,0.0101,8,0.0134,227,0.3802,0,,27,0.0452,3,0.005,13,0.0218,5,0.0084,9,0.0151,5,0.0084,50,0.0838,6,0.0101,10,0.0168,145,0.2429,10,0.0168,39,0.0653,14,0.0235,18,0.0302,1,0.0017,0,
874,3,Ljubljana Center,2,Vrhnika,13,"ELEKTRO LJUBLJANA, LJUBLJANSKA CESTA 23, VRHNIKA",613.0,399,0.6509,399,396,3,1.0,1,0.0025,0,0.0,9,0.0227,167,0.4217,0,,10,0.0253,0,0.0,26,0.0657,2,0.0051,7,0.0177,6,0.0152,18,0.0455,9,0.0227,13,0.0328,69,0.1742,6,0.0152,22,0.0556,20,0.0505,5,0.0126,6,0.0152,0,
875,3,Ljubljana Center,2,Vrhnika,5,GASILSKI DOM BREG PRI BOROVNICI,387.0,265,0.6848,265,261,4,1.0,3,0.0115,0,0.0,13,0.0498,85,0.3257,0,,17,0.0651,0,0.0,12,0.046,3,0.0115,4,0.0153,0,0.0,21,0.0805,7,0.0268,9,0.0345,61,0.2337,4,0.0153,16,0.0613,3,0.0115,3,0.0115,0,0.0,0,
876,3,Ljubljana Center,2,Vrhnika,20,GASILSKI DOM DRENOV GRIČ,1034.0,789,0.7631,787,782,5,1.0,1,0.0013,1,0.0013,17,0.0217,270,0.3453,0,,29,0.0371,5,0.0064,37,0.0473,2,0.0026,22,0.0281,21,0.0269,62,0.0793,14,0.0179,18,0.023,220,0.2813,8,0.0102,29,0.0371,12,0.0153,8,0.0102,6,0.0077,0,
877,3,Ljubljana Center,2,Vrhnika,24,GASILSKI DOM LIGOJNA,462.0,336,0.7273,336,332,4,1.0,0,0.0,0,0.0,11,0.0331,86,0.259,0,,10,0.0301,0,0.0,11,0.0331,4,0.012,5,0.0151,11,0.0331,37,0.1114,8,0.0241,13,0.0392,102,0.3072,8,0.0241,11,0.0331,7,0.0211,7,0.0211,1,0.003,0,
878,3,Ljubljana Center,2,Vrhnika,19,GASILSKI DOM LOG PRI BREZOVICI,647.0,442,0.6832,442,436,6,1.0,0,0.0,1,0.0023,7,0.0161,181,0.4151,0,,19,0.0436,0,0.0,20,0.0459,4,0.0092,11,0.0252,13,0.0298,28,0.0642,9,0.0206,12,0.0275,87,0.1995,6,0.0138,20,0.0459,12,0.0275,5,0.0115,1,0.0023,0,
879,3,Ljubljana Center,2,Vrhnika,32,GASILSKI DOM LOG PRI BREZOVICI,732.0,522,0.7131,522,522,0,1.0,1,0.0019,0,0.0,11,0.0211,226,0.433,0,,22,0.0421,3,0.0057,13,0.0249,3,0.0057,6,0.0115,13,0.0249,38,0.0728,6,0.0115,11,0.0211,106,0.2031,4,0.0077,36,0.069,16,0.0307,4,0.0077,3,0.0057,0,
880,3,Ljubljana Center,2,Vrhnika,23,GASILSKI DOM PODLIPA,637.0,447,0.7017,447,443,4,1.0,1,0.0023,0,0.0,8,0.0181,104,0.2348,0,,4,0.009,0,0.0,11,0.0248,10,0.0226,4,0.009,5,0.0113,49,0.1106,8,0.0181,13,0.0293,195,0.4402,2,0.0045,17,0.0384,6,0.0135,4,0.009,2,0.0045,0,
881,3,Ljubljana Center,2,Vrhnika,16,GASILSKI DOM VERD,755.0,458,0.6066,458,456,2,1.0,2,0.0044,2,0.0044,5,0.011,206,0.4518,0,,18,0.0395,1,0.0022,34,0.0746,1,0.0022,7,0.0154,11,0.0241,21,0.0461,7,0.0154,10,0.0219,72,0.1579,7,0.0154,24,0.0526,19,0.0417,6,0.0132,3,0.0066,0,
882,3,Ljubljana Center,2,Vrhnika,17,GASILSKI DOM VERD,835.0,581,0.6958,581,578,3,1.0,0,0.0,1,0.0017,26,0.045,220,0.3806,0,,21,0.0363,2,0.0035,27,0.0467,4,0.0069,8,0.0138,16,0.0277,46,0.0796,15,0.026,17,0.0294,125,0.2163,11,0.019,19,0.0329,10,0.0173,4,0.0069,6,0.0104,0,
883,3,Ljubljana Center,2,Vrhnika,12,"GASILSKI DOM VRHNIKA, JELOVŠKOVA ULICA 3",811.0,535,0.6597,535,524,11,1.0,3,0.0057,0,0.0,10,0.0191,199,0.3798,0,,32,0.0611,0,0.0,34,0.0649,5,0.0095,8,0.0153,13,0.0248,39,0.0744,15,0.0286,12,0.0229,92,0.1756,3,0.0057,25,0.0477,14,0.0267,12,0.0229,8,0.0153,0,
884,3,Ljubljana Center,2,Vrhnika,29,"GD DRAGOMER-LUKOVICA, NA GRIVI 5, DRAGOMER",759.0,579,0.7628,579,577,2,1.0,4,0.0069,0,0.0,15,0.026,229,0.3969,0,,29,0.0503,0,0.0,16,0.0277,6,0.0104,9,0.0156,4,0.0069,52,0.0901,12,0.0208,12,0.0208,126,0.2184,6,0.0104,29,0.0503,18,0.0312,7,0.0121,3,0.0052,0,
885,3,Ljubljana Center,2,Vrhnika,30,"GOSTILNA TURŠIČ, VOLJČEVA CESTA 3",746.0,539,0.7225,539,532,7,1.0,3,0.0056,1,0.0019,10,0.0188,195,0.3665,0,,20,0.0376,0,0.0,22,0.0414,8,0.015,16,0.0301,20,0.0376,40,0.0752,11,0.0207,12,0.0226,104,0.1955,3,0.0056,30,0.0564,20,0.0376,16,0.0301,1,0.0019,0,
886,3,Ljubljana Center,2,Vrhnika,22,KULTURNI DOM BEVKE,765.0,554,0.7242,554,548,6,1.0,1,0.0018,2,0.0036,17,0.031,163,0.2974,0,,7,0.0128,0,0.0,25,0.0456,0,0.0,3,0.0055,16,0.0292,59,0.1077,10,0.0182,6,0.0109,190,0.3467,4,0.0073,9,0.0164,18,0.0328,13,0.0237,5,0.0091,0,
887,3,Ljubljana Center,2,Vrhnika,1,"LOVSKI DOM BOROVNICA, MIKLAVIČEVA CESTA 2A",465.0,348,0.7484,348,343,5,1.0,1,0.0029,0,0.0,2,0.0058,150,0.4373,0,,21,0.0612,1,0.0029,14,0.0408,1,0.0029,7,0.0204,7,0.0204,29,0.0845,8,0.0233,6,0.0175,54,0.1574,3,0.0087,20,0.0583,9,0.0262,3,0.0087,7,0.0204,0,
888,3,Ljubljana Center,2,Vrhnika,3,OBČINA BOROVNICA,476.0,351,0.7374,351,348,3,1.0,1,0.0029,0,0.0,9,0.0259,107,0.3075,0,,9,0.0259,2,0.0057,14,0.0402,3,0.0086,11,0.0316,5,0.0144,31,0.0891,10,0.0287,10,0.0287,85,0.2443,5,0.0144,20,0.0575,10,0.0287,8,0.023,8,0.023,0,
889,3,Ljubljana Center,2,Vrhnika,2,OSNOVNA ŠOLA BOROVNICA,1023.0,678,0.6628,678,674,4,1.0,2,0.003,2,0.003,11,0.0163,270,0.4006,0,,38,0.0564,5,0.0074,25,0.0371,6,0.0089,20,0.0297,11,0.0163,42,0.0623,15,0.0223,11,0.0163,121,0.1795,5,0.0074,58,0.0861,23,0.0341,5,0.0074,4,0.0059,0,
890,3,Ljubljana Center,2,Vrhnika,10,"OSNOVNA ŠOLA IVANA CANKARJA, LOŠCA 1",687.0,387,0.5633,387,383,4,1.0,1,0.0026,0,0.0,13,0.0339,151,0.3943,0,,23,0.0601,7,0.0183,18,0.047,5,0.0131,16,0.0418,5,0.0131,13,0.0339,9,0.0235,11,0.0287,49,0.1279,3,0.0078,25,0.0653,16,0.0418,16,0.0418,2,0.0052,0,
891,3,Ljubljana Center,2,Vrhnika,11,"OSNOVNA ŠOLA IVANA CANKARJA, LOŠCA 1",435.0,267,0.6138,267,267,0,1.0,0,0.0,2,0.0075,8,0.03,127,0.4757,0,,14,0.0524,2,0.0075,11,0.0412,2,0.0075,6,0.0225,7,0.0262,5,0.0187,5,0.0187,6,0.0225,32,0.1199,1,0.0037,20,0.0749,11,0.0412,6,0.0225,2,0.0075,0,
892,3,Ljubljana Center,2,Vrhnika,31,"OŠ A.M. SLOMŠKA, POD HRUŠEVCO 33, VRHNIKA",530.0,316,0.5962,316,316,0,1.0,2,0.0063,1,0.0032,10,0.0316,145,0.4589,0,,15,0.0475,3,0.0095,16,0.0506,2,0.0063,11,0.0348,13,0.0411,6,0.019,9,0.0285,5,0.0158,32,0.1013,1,0.0032,23,0.0728,14,0.0443,6,0.019,2,0.0063,0,
893,3,Ljubljana Center,2,Vrhnika,26,PROSTORI KS BLATNA BREZOVICA (OB BIVŠI TRGOVINI),282.0,210,0.7447,210,209,1,1.0,0,0.0,0,0.0,8,0.0383,77,0.3684,0,,2,0.0096,1,0.0048,12,0.0574,2,0.0096,2,0.0096,3,0.0144,18,0.0861,5,0.0239,5,0.0239,48,0.2297,6,0.0287,9,0.0431,7,0.0335,4,0.0191,0,0.0,0,
894,3,Ljubljana Center,2,Vrhnika,7,"ST.HIŠA J.KOROŠEC, BREZOVICA PRI BOROVNICI 10A",453.0,346,0.7638,346,344,2,1.0,0,0.0,0,0.0,5,0.0145,111,0.3227,0,,6,0.0174,0,0.0,10,0.0291,5,0.0145,4,0.0116,3,0.0087,37,0.1076,4,0.0116,13,0.0378,117,0.3401,1,0.0029,10,0.0291,5,0.0145,8,0.0233,5,0.0145,0,
895,3,Ljubljana Center,2,Vrhnika,15,"ŽUPNIJSKI VRTEC VRHNIKA, HRIB 2, VRHNIKA",520.0,358,0.6885,358,353,5,1.0,0,0.0,0,0.0,7,0.0198,130,0.3683,0,,14,0.0397,1,0.0028,17,0.0482,0,0.0,6,0.017,6,0.017,28,0.0793,1,0.0028,10,0.0283,97,0.2748,2,0.0057,20,0.0567,10,0.0283,4,0.0113,0,0.0,0,
896,3,Ljubljana Center,2,Vrhnika,901,PREDČASNO GLASOVANJE,,2062,,2062,2058,4,1.0,0,0.0,1,0.0005,40,0.0194,922,0.448,0,,149,0.0724,8,0.0039,88,0.0428,10,0.0049,28,0.0136,49,0.0238,100,0.0486,50,0.0243,67,0.0326,302,0.1467,12,0.0058,124,0.0603,51,0.0248,43,0.0209,14,0.0068,0,
897,3,Ljubljana Center,3,Ljubljana Vič - Rudnik 1,30,"""SKEDENJ""PIJAVA GORICA,GASILSKA ULICA, ŠKOFLJICA",666.0,501,0.7523,501,499,2,1.0,1,0.002,0,0.0,4,0.008,170,0.3407,0,,15,0.0301,4,0.008,22,0.0441,9,0.018,10,0.02,3,0.006,43,0.0862,6,0.012,8,0.016,141,0.2826,7,0.014,28,0.0561,19,0.0381,5,0.01,4,0.008,0,
898,3,Ljubljana Center,3,Ljubljana Vič - Rudnik 1,41,"DOM KRAJANOV VNANJE GORICE, NOVA POT 5, BREZOVICA",880.0,683,0.7761,683,678,5,1.0,2,0.0029,1,0.0015,22,0.0324,239,0.3525,0,,22,0.0324,5,0.0074,25,0.0369,5,0.0074,21,0.031,8,0.0118,37,0.0546,18,0.0265,16,0.0236,160,0.236,11,0.0162,36,0.0531,31,0.0457,16,0.0236,3,0.0044,0,
899,3,Ljubljana Center,3,Ljubljana Vič - Rudnik 1,10,"DOM KRAJANOV VNANJE GORICE, NOVA POT 5, BREZOVICA",1064.0,856,0.8045,856,850,6,1.0,5,0.0059,2,0.0024,21,0.0247,281,0.3306,0,,33,0.0388,5,0.0059,35,0.0412,2,0.0024,24,0.0282,13,0.0153,90,0.1059,19,0.0224,30,0.0353,211,0.2482,5,0.0059,27,0.0318,27,0.0318,12,0.0141,8,0.0094,0,
900,3,Ljubljana Center,3,Ljubljana Vič - Rudnik 1,32,"DRUŠTVENI PROSTORI GRADIŠČE, GRADIŠČE, ŠKOFLJICA",974.0,734,0.7536,734,729,5,1.0,2,0.0027,4,0.0055,22,0.0302,326,0.4472,0,,36,0.0494,2,0.0027,22,0.0302,8,0.011,17,0.0233,21,0.0288,43,0.059,17,0.0233,16,0.0219,101,0.1385,15,0.0206,46,0.0631,15,0.0206,11,0.0151,5,0.0069,0,
901,3,Ljubljana Center,3,Ljubljana Vič - Rudnik 1,14,"DRUŽABNI OBJEKT""SENOŽETKA"", IŠKA LOKA",222.0,165,0.7432,165,161,4,1.0,0,0.0,1,0.0062,6,0.0373,38,0.236,0,,2,0.0124,1,0.0062,11,0.0683,0,0.0,0,0.0,0,0.0,6,0.0373,1,0.0062,35,0.2174,43,0.2671,3,0.0186,6,0.0373,3,0.0186,1,0.0062,4,0.0248,0,
902,3,Ljubljana Center,3,Ljubljana Vič - Rudnik 1,23,"GASILSKI DOM BARJE,PERUZZIJEVA 101,1000 LJUBLJANA",1352.0,936,0.6923,936,934,2,1.0,3,0.0032,6,0.0064,17,0.0182,373,0.3994,0,,33,0.0353,8,0.0086,44,0.0471,8,0.0086,19,0.0203,21,0.0225,77,0.0824,18,0.0193,29,0.031,180,0.1927,5,0.0054,39,0.0418,37,0.0396,14,0.015,3,0.0032,0,
903,3,Ljubljana Center,3,Ljubljana Vič - Rudnik 1,24,"GASILSKI DOM BARJE,PERUZZIJEVA 101,1000 LJUBLJANA",1450.0,975,0.6724,974,963,11,1.0,2,0.0021,1,0.001,28,0.0291,391,0.406,0,,42,0.0436,1,0.001,39,0.0405,7,0.0073,18,0.0187,13,0.0135,58,0.0602,15,0.0156,33,0.0343,198,0.2056,8,0.0083,53,0.055,40,0.0415,9,0.0093,7,0.0073,0,
904,3,Ljubljana Center,3,Ljubljana Vič - Rudnik 1,16,"GASILSKI DOM GOLO, GOLO 5A",987.0,766,0.7761,766,761,5,1.0,2,0.0026,1,0.0013,30,0.0394,311,0.4087,0,,36,0.0473,1,0.0013,31,0.0407,4,0.0053,12,0.0158,27,0.0355,27,0.0355,10,0.0131,49,0.0644,115,0.1511,11,0.0145,40,0.0526,29,0.0381,14,0.0184,11,0.0145,0,
905,3,Ljubljana Center,3,Ljubljana Vič - Rudnik 1,15,GASILSKI DOM MATENA,206.0,152,0.7379,152,151,1,1.0,0,0.0,0,0.0,6,0.0397,33,0.2185,0,,1,0.0066,0,0.0,2,0.0132,3,0.0199,2,0.0132,1,0.0066,11,0.0728,2,0.0132,16,0.106,59,0.3907,6,0.0397,5,0.0331,2,0.0132,2,0.0132,0,0.0,0,
906,3,Ljubljana Center,3,Ljubljana Vič - Rudnik 1,17,GASILSKI DOM ŠKRILJE,382.0,283,0.7408,283,281,2,1.0,0,0.0,2,0.0071,7,0.0249,98,0.3488,0,,23,0.0819,0,0.0,9,0.032,2,0.0071,7,0.0249,2,0.0071,15,0.0534,2,0.0071,9,0.032,66,0.2349,8,0.0285,21,0.0747,5,0.0178,4,0.0142,1,0.0036,0,
907,3,Ljubljana Center,3,Ljubljana Vič - Rudnik 1,40,"GASILSKI DOM TURJAK, TURJAK 17G",677.0,536,0.7917,536,526,10,1.0,1,0.0019,2,0.0038,12,0.0228,175,0.3327,0,,14,0.0266,3,0.0057,24,0.0456,6,0.0114,22,0.0418,17,0.0323,63,0.1198,8,0.0152,12,0.0228,117,0.2224,8,0.0152,22,0.0418,9,0.0171,9,0.0171,2,0.0038,0,
908,3,Ljubljana Center,3,Ljubljana Vič - Rudnik 1,20,GASILSKI DOM VRBLJENE,324.0,223,0.6883,223,223,0,1.0,0,0.0,0,0.0,7,0.0314,62,0.278,0,,2,0.009,1,0.0045,7,0.0314,2,0.009,4,0.0179,2,0.009,14,0.0628,2,0.009,19,0.0852,76,0.3408,4,0.0179,15,0.0673,3,0.0135,3,0.0135,0,0.0,0,
909,3,Ljubljana Center,3,Ljubljana Vič - Rudnik 1,3,"GASILSKI DOM, KAMNIK POD KRIMOM 151A, PRESERJE",792.0,609,0.7689,609,607,2,1.0,3,0.0049,0,0.0,13,0.0214,193,0.318,0,,13,0.0214,3,0.0049,30,0.0494,4,0.0066,9,0.0148,13,0.0214,49,0.0807,16,0.0264,17,0.028,182,0.2998,8,0.0132,27,0.0445,13,0.0214,11,0.0181,3,0.0049,0,
910,3,Ljubljana Center,3,Ljubljana Vič - Rudnik 1,1,"GD, GORIČICA POD KRIMOM 29, 1352 PRESERJE",276.0,212,0.7681,212,211,1,1.0,2,0.0095,1,0.0047,6,0.0284,62,0.2938,0,,5,0.0237,1,0.0047,6,0.0284,3,0.0142,1,0.0047,4,0.019,20,0.0948,2,0.0095,5,0.0237,77,0.3649,0,0.0,8,0.0379,4,0.019,1,0.0047,3,0.0142,0,
911,3,Ljubljana Center,3,Ljubljana Vič - Rudnik 1,5,"KULTURNI DOM PODPEČ, JEZERO 21, 1352 PRESERJE",1070.0,821,0.7673,821,817,4,1.0,5,0.0061,4,0.0049,23,0.0282,262,0.3207,0,,33,0.0404,2,0.0024,22,0.0269,3,0.0037,19,0.0233,16,0.0196,62,0.0759,24,0.0294,34,0.0416,184,0.2252,18,0.022,39,0.0477,33,0.0404,21,0.0257,13,0.0159,0,
912,3,Ljubljana Center,3,Ljubljana Vič - Rudnik 1,37,KULTURNI DOM ROB,639.0,464,0.7261,464,453,11,1.0,5,0.011,1,0.0022,18,0.0397,150,0.3311,0,,23,0.0508,2,0.0044,17,0.0375,3,0.0066,26,0.0574,10,0.0221,30,0.0662,5,0.011,17,0.0375,89,0.1965,9,0.0199,22,0.0486,13,0.0287,4,0.0088,9,0.0199,0,
913,3,Ljubljana Center,3,Ljubljana Vič - Rudnik 1,12,"NOVI GASILSKI DOM IG, GASILSKA ULICA 39",896.0,686,0.7656,686,678,8,1.0,1,0.0015,1,0.0015,16,0.0236,257,0.3791,0,,21,0.031,2,0.0029,24,0.0354,1,0.0015,6,0.0088,10,0.0147,28,0.0413,20,0.0295,39,0.0575,164,0.2419,9,0.0133,40,0.059,23,0.0339,12,0.0177,4,0.0059,0,
914,3,Ljubljana Center,3,Ljubljana Vič - Rudnik 1,27,"OBČINA ŠKOFLJICA, ŠMARSKA C. 3,  ŠKOFLJICA",1162.0,828,0.7126,828,823,5,1.0,2,0.0024,0,0.0,24,0.0292,290,0.3524,0,,34,0.0413,3,0.0036,43,0.0522,6,0.0073,17,0.0207,13,0.0158,68,0.0826,21,0.0255,21,0.0255,195,0.2369,7,0.0085,40,0.0486,23,0.0279,13,0.0158,3,0.0036,0,
915,3,Ljubljana Center,3,Ljubljana Vič - Rudnik 1,26,"OBČINA ŠKOFLJICA, ŠMARSKA C. 3, ŠKOFLJICA",1834.0,1353,0.7377,1353,1346,7,1.0,4,0.003,6,0.0045,27,0.0201,475,0.3529,0,,46,0.0342,4,0.003,41,0.0305,5,0.0037,19,0.0141,33,0.0245,124,0.0921,20,0.0149,34,0.0253,352,0.2615,10,0.0074,69,0.0513,52,0.0386,21,0.0156,4,0.003,0,
916,3,Ljubljana Center,3,Ljubljana Vič - Rudnik 1,33,"OBČINA VELIKE LAŠČE, LEVSTIKOV TRG 1",1043.0,786,0.7536,786,783,3,1.0,0,0.0,0,0.0,24,0.0307,194,0.2478,0,,15,0.0192,0,0.0,12,0.0153,1,0.0013,87,0.1111,8,0.0102,122,0.1558,14,0.0179,22,0.0281,226,0.2886,8,0.0102,29,0.037,12,0.0153,6,0.0077,3,0.0038,0,
917,3,Ljubljana Center,3,Ljubljana Vič - Rudnik 1,34,"OBČINA VELIKE LAŠČE, LEVSTIKOV TRG 1",1139.0,871,0.7647,871,865,6,1.0,1,0.0012,0,0.0,19,0.022,230,0.2659,0,,18,0.0208,0,0.0,19,0.022,8,0.0092,56,0.0647,2,0.0023,128,0.148,17,0.0197,28,0.0324,254,0.2936,16,0.0185,47,0.0543,11,0.0127,9,0.0104,2,0.0023,0,
918,3,Ljubljana Center,3,Ljubljana Vič - Rudnik 1,31,"OBJEKT SMRJENE - PRI MARINČKU, SMRJENE 8",693.0,520,0.7504,520,515,5,1.0,2,0.0039,1,0.0019,11,0.0214,241,0.468,0,,16,0.0311,2,0.0039,14,0.0272,1,0.0019,10,0.0194,8,0.0155,28,0.0544,14,0.0272,14,0.0272,93,0.1806,6,0.0117,33,0.0641,14,0.0272,2,0.0039,5,0.0097,0,
919,3,Ljubljana Center,3,Ljubljana Vič - Rudnik 1,11,"OSNOVNA ŠOLA IG, TROŠTOVA ULICA 24, IG",1032.0,731,0.7083,731,725,6,1.0,4,0.0055,2,0.0028,22,0.0303,282,0.389,0,,23,0.0317,3,0.0041,24,0.0331,4,0.0055,8,0.011,6,0.0083,29,0.04,11,0.0152,54,0.0745,184,0.2538,7,0.0097,39,0.0538,12,0.0166,5,0.0069,6,0.0083,0,
920,3,Ljubljana Center,3,Ljubljana Vič - Rudnik 1,4,"OŠ PRESERJE, PRESERJE 60, 1352 PRESERJE",403.0,319,0.7916,319,318,1,1.0,0,0.0,0,0.0,14,0.044,112,0.3522,0,,5,0.0157,0,0.0,17,0.0535,0,0.0,6,0.0189,9,0.0283,18,0.0566,7,0.022,7,0.022,94,0.2956,5,0.0157,11,0.0346,10,0.0314,3,0.0094,0,0.0,0,
921,3,Ljubljana Center,3,Ljubljana Vič - Rudnik 1,7,"OŠ RAKITNA, RAKITNA 66",603.0,469,0.7778,469,466,3,1.0,0,0.0,3,0.0064,18,0.0386,125,0.2682,0,,15,0.0322,0,0.0,16,0.0343,5,0.0107,6,0.0129,24,0.0515,27,0.0579,8,0.0172,19,0.0408,153,0.3283,6,0.0129,18,0.0386,10,0.0215,11,0.0236,2,0.0043,0,
922,3,Ljubljana Center,3,Ljubljana Vič - Rudnik 1,21,"PGD IŠKA VAS, IŠKA VAS 31, IG",577.0,450,0.7799,450,444,6,1.0,0,0.0,2,0.0045,10,0.0225,199,0.4482,0,,10,0.0225,0,0.0,6,0.0135,0,0.0,4,0.009,3,0.0068,16,0.036,13,0.0293,22,0.0495,109,0.2455,5,0.0113,24,0.0541,12,0.027,6,0.0135,3,0.0068,0,
923,3,Ljubljana Center,3,Ljubljana Vič - Rudnik 1,13,"PGD KOT, 1292 IG",195.0,149,0.7641,149,145,4,1.0,0,0.0,1,0.0069,3,0.0207,45,0.3103,0,,6,0.0414,0,0.0,5,0.0345,2,0.0138,3,0.0207,2,0.0138,3,0.0207,0,0.0,23,0.1586,36,0.2483,0,0.0,5,0.0345,4,0.0276,7,0.0483,0,0.0,0,
924,3,Ljubljana Center,3,Ljubljana Vič - Rudnik 1,18,"PODRUŽNIČNA OŠ TOMIŠELJ, TOMIŠELJ 30, IG",242.0,161,0.6653,161,161,0,1.0,0,0.0,0,0.0,6,0.0373,63,0.3913,0,,9,0.0559,1,0.0062,7,0.0435,0,0.0,0,0.0,0,0.0,10,0.0621,2,0.0124,4,0.0248,41,0.2547,0,0.0,8,0.0497,8,0.0497,1,0.0062,1,0.0062,0,
925,3,Ljubljana Center,3,Ljubljana Vič - Rudnik 1,19,"PODRUŽNIČNA OŠ TOMIŠELJ, TOMIŠELJ 30, IG",414.0,309,0.7464,309,306,3,1.0,2,0.0065,0,0.0,20,0.0654,103,0.3366,0,,14,0.0458,0,0.0,6,0.0196,3,0.0098,3,0.0098,4,0.0131,16,0.0523,4,0.0131,18,0.0588,80,0.2614,9,0.0294,16,0.0523,3,0.0098,2,0.0065,3,0.0098,0,
926,3,Ljubljana Center,3,Ljubljana Vič - Rudnik 1,29,"PODRUŽNIČNA OŠ ŽELIMLJE, ŽELIMLJE 43",389.0,306,0.7866,306,303,3,1.0,1,0.0033,1,0.0033,8,0.0264,95,0.3135,0,,9,0.0297,1,0.0033,11,0.0363,3,0.0099,8,0.0264,7,0.0231,32,0.1056,9,0.0297,7,0.0231,78,0.2574,5,0.0165,16,0.0528,11,0.0363,0,0.0,1,0.0033,0,
927,3,Ljubljana Center,3,Ljubljana Vič - Rudnik 1,8,"ZD NOTRANJE GORICE, PODPEŠKA C. 380",1096.0,790,0.7208,790,784,6,1.0,3,0.0038,5,0.0064,28,0.0357,300,0.3827,0,,39,0.0497,3,0.0038,22,0.0281,6,0.0077,10,0.0128,8,0.0102,59,0.0753,15,0.0191,23,0.0293,162,0.2066,4,0.0051,54,0.0689,27,0.0344,10,0.0128,6,0.0077,0,
928,3,Ljubljana Center,3,Ljubljana Vič - Rudnik 1,9,"ZD NOTRANJE GORICE, PODPEŠKA C. 380",1010.0,696,0.6891,696,684,12,1.0,3,0.0044,2,0.0029,22,0.0322,234,0.3421,0,,27,0.0395,5,0.0073,19,0.0278,15,0.0219,14,0.0205,9,0.0132,43,0.0629,15,0.0219,10,0.0146,186,0.2719,13,0.019,30,0.0439,13,0.019,15,0.0219,9,0.0132,0,
929,3,Ljubljana Center,3,Ljubljana Vič - Rudnik 1,901,PREDČASNO GLASOVANJE,,1207,,1207,1206,1,1.0,0,0.0,1,0.0008,38,0.0315,549,0.4552,0,,85,0.0705,0,0.0,38,0.0315,6,0.005,24,0.0199,29,0.024,87,0.0721,25,0.0207,27,0.0224,180,0.1493,3,0.0025,62,0.0514,28,0.0232,21,0.0174,3,0.0025,0,
930,3,Ljubljana Center,4,Ljubljana Vič - Rudnik 2,14,"GASILSKI DOM ORLE, ORLE 39",189.0,151,0.7989,151,150,1,1.0,1,0.0067,0,0.0,4,0.0267,45,0.3,0,,3,0.02,0,0.0,4,0.0267,0,0.0,1,0.0067,0,0.0,25,0.1667,2,0.0133,6,0.04,53,0.3533,0,0.0,3,0.02,1,0.0067,2,0.0133,0,0.0,0,
931,3,Ljubljana Center,4,Ljubljana Vič - Rudnik 2,10,"OŠ LIVADA, ULICA DUŠANA KRAIGHERJA 2",908.0,585,0.6443,585,578,7,1.0,4,0.0069,2,0.0035,20,0.0346,251,0.4343,0,,49,0.0848,3,0.0052,30,0.0519,2,0.0035,8,0.0138,6,0.0104,21,0.0363,10,0.0173,9,0.0156,86,0.1488,6,0.0104,35,0.0606,21,0.0363,9,0.0156,6,0.0104,0,
932,3,Ljubljana Center,4,Ljubljana Vič - Rudnik 2,16,"OŠ LIVADA, ULICA DUŠANA KRAIGHERJA 2",797.0,389,0.4881,389,387,2,1.0,7,0.0181,0,0.0,14,0.0362,192,0.4961,0,,22,0.0568,3,0.0078,19,0.0491,2,0.0052,11,0.0284,10,0.0258,4,0.0103,6,0.0155,10,0.0258,46,0.1189,6,0.0155,18,0.0465,13,0.0336,0,0.0,4,0.0103,0,
933,3,Ljubljana Center,4,Ljubljana Vič - Rudnik 2,12,"OŠ LIVADA, ULICA DUŠANA KRAIGHERJA 2, LJUBLJANA",737.0,367,0.498,367,364,3,1.0,1,0.0027,0,0.0,15,0.0412,154,0.4231,0,,25,0.0687,5,0.0137,14,0.0385,0,0.0,21,0.0577,4,0.011,14,0.0385,7,0.0192,5,0.0137,50,0.1374,5,0.0137,25,0.0687,9,0.0247,7,0.0192,3,0.0082,0,
934,3,Ljubljana Center,4,Ljubljana Vič - Rudnik 2,11,"OŠ OSKARJA KOVAČIČA, OB DOLENJSKI ŽELEZNICI 48",1322.0,891,0.674,891,884,7,1.0,2,0.0023,4,0.0045,17,0.0192,328,0.371,0,,52,0.0588,2,0.0023,37,0.0419,1,0.0011,12,0.0136,27,0.0305,60,0.0679,22,0.0249,19,0.0215,197,0.2229,3,0.0034,57,0.0645,24,0.0271,15,0.017,5,0.0057,0,
935,3,Ljubljana Center,4,Ljubljana Vič - Rudnik 2,5,"OŠ OSKARJA KOVAČIČA, OB DOLENJSKI ŽELEZNICI 48",1211.0,845,0.6978,845,843,2,1.0,3,0.0036,4,0.0047,17,0.0202,312,0.3701,0,,55,0.0652,1,0.0012,35,0.0415,5,0.0059,21,0.0249,14,0.0166,46,0.0546,31,0.0368,22,0.0261,177,0.21,15,0.0178,39,0.0463,35,0.0415,10,0.0119,1,0.0012,0,
936,3,Ljubljana Center,4,Ljubljana Vič - Rudnik 2,6,"OŠ OSKARJA KOVAČIČA, OB DOLENJSKI ŽELEZNICI 48",1607.0,1119,0.6963,1119,1109,10,1.0,3,0.0027,2,0.0018,25,0.0225,496,0.4472,0,,52,0.0469,4,0.0036,49,0.0442,6,0.0054,11,0.0099,9,0.0081,65,0.0586,23,0.0207,29,0.0261,203,0.183,10,0.009,68,0.0613,41,0.037,11,0.0099,2,0.0018,0,
937,3,Ljubljana Center,4,Ljubljana Vič - Rudnik 2,8,"OŠ OSKARJA KOVAČIČA, OB DOLENJSKI ŽELEZNICI 48",1294.0,796,0.6151,796,790,6,1.0,2,0.0025,2,0.0025,16,0.0203,336,0.4253,0,,51,0.0646,0,0.0,28,0.0354,1,0.0013,14,0.0177,21,0.0266,72,0.0911,16,0.0203,12,0.0152,117,0.1481,6,0.0076,52,0.0658,25,0.0316,15,0.019,4,0.0051,0,
938,3,Ljubljana Center,4,Ljubljana Vič - Rudnik 2,9,"OŠ OSKARJA KOVAČIČA, OB DOLENJSKI ŽELEZNICI 48",1905.0,1197,0.6283,1197,1188,9,1.0,4,0.0034,6,0.0051,23,0.0194,493,0.415,0,,82,0.069,6,0.0051,52,0.0438,3,0.0025,25,0.021,17,0.0143,84,0.0707,29,0.0244,29,0.0244,187,0.1574,12,0.0101,77,0.0648,38,0.032,17,0.0143,4,0.0034,0,
939,3,Ljubljana Center,4,Ljubljana Vič - Rudnik 2,3,"OŠ TRNOVO, KARUNOVA UL. 14A",838.0,553,0.6599,553,548,5,1.0,0,0.0,0,0.0,4,0.0073,209,0.3814,0,,73,0.1332,3,0.0055,28,0.0511,1,0.0018,7,0.0128,12,0.0219,28,0.0511,13,0.0237,11,0.0201,77,0.1405,0,0.0,32,0.0584,35,0.0639,13,0.0237,2,0.0036,0,
940,3,Ljubljana Center,4,Ljubljana Vič - Rudnik 2,4,"OŠ TRNOVO, KARUNOVA UL. 14A",903.0,562,0.6224,562,558,4,1.0,1,0.0018,1,0.0018,4,0.0072,207,0.371,0,,60,0.1075,0,0.0,23,0.0412,4,0.0072,8,0.0143,14,0.0251,33,0.0591,11,0.0197,16,0.0287,90,0.1613,8,0.0143,41,0.0735,30,0.0538,6,0.0108,1,0.0018,0,
941,3,Ljubljana Center,4,Ljubljana Vič - Rudnik 2,1,"OŠ TRNOVO, KARUNOVA UL. 14A, LJUBLJANA",926.0,624,0.6739,624,620,4,1.0,0,0.0,2,0.0032,9,0.0145,236,0.3806,0,,48,0.0774,2,0.0032,28,0.0452,1,0.0016,9,0.0145,14,0.0226,44,0.071,14,0.0226,13,0.021,113,0.1823,4,0.0065,38,0.0613,30,0.0484,14,0.0226,1,0.0016,0,
942,3,Ljubljana Center,4,Ljubljana Vič - Rudnik 2,2,"OŠ TRNOVO, KARUNOVA UL. 14A, LJUBLJANA",881.0,563,0.639,563,562,1,1.0,0,0.0,0,0.0,11,0.0196,245,0.4359,0,,53,0.0943,0,0.0,24,0.0427,4,0.0071,7,0.0125,9,0.016,18,0.032,12,0.0214,12,0.0214,88,0.1566,5,0.0089,34,0.0605,26,0.0463,9,0.016,5,0.0089,0,
943,3,Ljubljana Center,4,Ljubljana Vič - Rudnik 2,13,"PODRUŽNIČNA ŠOLA LAVRICA,KAMNIKARJEVA 6,ŠKOFLJICA",1190.0,891,0.7487,891,884,7,1.0,1,0.0011,1,0.0011,12,0.0136,356,0.4027,0,,52,0.0588,1,0.0011,32,0.0362,5,0.0057,17,0.0192,14,0.0158,68,0.0769,15,0.017,31,0.0351,167,0.1889,6,0.0068,57,0.0645,31,0.0351,16,0.0181,2,0.0023,0,
944,3,Ljubljana Center,4,Ljubljana Vič - Rudnik 2,15,"PODRUŽNIČNA ŠOLA LAVRICA,KAMNIKARJEVA 6,ŠKOFLJICA",1132.0,835,0.7376,835,831,4,1.0,2,0.0024,3,0.0036,7,0.0084,347,0.4176,0,,24,0.0289,3,0.0036,22,0.0265,5,0.006,22,0.0265,18,0.0217,49,0.059,15,0.0181,13,0.0156,212,0.2551,12,0.0144,41,0.0493,15,0.0181,19,0.0229,2,0.0024,0,
945,3,Ljubljana Center,4,Ljubljana Vič - Rudnik 2,901,PREDČASNO GLASOVANJE,,1861,,1861,1856,5,1.0,3,0.0016,3,0.0016,17,0.0092,889,0.479,0,,189,0.1018,2,0.0011,69,0.0372,12,0.0065,30,0.0162,31,0.0167,103,0.0555,28,0.0151,42,0.0226,223,0.1202,3,0.0016,120,0.0647,58,0.0312,26,0.014,8,0.0043,0,
946,3,Ljubljana Center,5,Ljubljana Vič - Rudnik 3,8,"BIOTEHNIŠKI IZOBRAŽ. CENTER, C. V MESTNI LOG 47",1101.0,754,0.6848,754,750,4,1.0,1,0.0013,0,0.0,13,0.0173,322,0.4293,0,,50,0.0667,3,0.004,24,0.032,6,0.008,11,0.0147,13,0.0173,46,0.0613,13,0.0173,21,0.028,137,0.1827,5,0.0067,36,0.048,38,0.0507,7,0.0093,4,0.0053,0,
947,3,Ljubljana Center,5,Ljubljana Vič - Rudnik 3,3,"DIJAŠKI DOM VIČ, GERBIČEVA UL. 51A, LJUBLJANA",503.0,323,0.6421,323,318,5,1.0,2,0.0063,2,0.0063,12,0.0377,130,0.4088,0,,28,0.0881,2,0.0063,11,0.0346,3,0.0094,5,0.0157,3,0.0094,15,0.0472,5,0.0157,10,0.0314,45,0.1415,1,0.0031,29,0.0912,10,0.0314,5,0.0157,0,0.0,0,
948,3,Ljubljana Center,5,Ljubljana Vič - Rudnik 3,7,"DOM GASILCEV, CESTA V MESTNI LOG 31",844.0,622,0.737,622,619,3,1.0,1,0.0016,0,0.0,4,0.0065,247,0.399,0,,49,0.0792,2,0.0032,19,0.0307,2,0.0032,4,0.0065,6,0.0097,34,0.0549,14,0.0226,24,0.0388,133,0.2149,0,0.0,35,0.0565,25,0.0404,16,0.0258,4,0.0065,0,
949,3,Ljubljana Center,5,Ljubljana Vič - Rudnik 3,1,"DOM STAREJŠIH OBČANOV, KOPALIŠKA UL. 10",820.0,548,0.6683,548,544,4,1.0,2,0.0037,1,0.0018,21,0.0386,208,0.3824,0,,51,0.0938,2,0.0037,20,0.0368,2,0.0037,7,0.0129,13,0.0239,30,0.0551,14,0.0257,10,0.0184,77,0.1415,4,0.0074,48,0.0882,24,0.0441,10,0.0184,0,0.0,0,
950,3,Ljubljana Center,5,Ljubljana Vič - Rudnik 3,9,"JP VOKA SNAGA D.O.O., CESTA DVEH CESARJEV 111, LJ",645.0,369,0.5721,369,367,2,1.0,2,0.0054,1,0.0027,11,0.03,184,0.5014,0,,29,0.079,1,0.0027,13,0.0354,1,0.0027,12,0.0327,5,0.0136,4,0.0109,6,0.0163,2,0.0054,41,0.1117,6,0.0163,25,0.0681,14,0.0381,3,0.0082,7,0.0191,0,
951,3,Ljubljana Center,5,Ljubljana Vič - Rudnik 3,4,"OSNOVNA ŠOLA VIČ, TRŽAŠKA CESTA 74, LJUBLJANA",876.0,534,0.6096,534,531,3,1.0,0,0.0,5,0.0094,11,0.0207,208,0.3917,0,,55,0.1036,0,0.0,15,0.0282,3,0.0056,7,0.0132,6,0.0113,21,0.0395,13,0.0245,19,0.0358,70,0.1318,3,0.0056,46,0.0866,26,0.049,19,0.0358,4,0.0075,0,
952,3,Ljubljana Center,5,Ljubljana Vič - Rudnik 3,5,"OSNOVNA ŠOLA VIČ, TRŽAŠKA CESTA 74, LJUBLJANA",1030.0,648,0.6291,648,641,7,1.0,4,0.0062,1,0.0016,16,0.025,251,0.3916,0,,57,0.0889,0,0.0,29,0.0452,3,0.0047,12,0.0187,8,0.0125,43,0.0671,15,0.0234,16,0.025,79,0.1232,4,0.0062,54,0.0842,32,0.0499,12,0.0187,5,0.0078,0,
953,3,Ljubljana Center,5,Ljubljana Vič - Rudnik 3,2,"OŠ KOLEZIJA, CESTA V MESTNI LOG 46",917.0,616,0.6718,616,612,4,1.0,1,0.0016,3,0.0049,9,0.0147,265,0.433,0,,54,0.0882,1,0.0016,21,0.0343,0,0.0,19,0.031,15,0.0245,48,0.0784,10,0.0163,9,0.0147,68,0.1111,2,0.0033,43,0.0703,21,0.0343,22,0.0359,1,0.0016,0,
954,3,Ljubljana Center,5,Ljubljana Vič - Rudnik 3,6,"OŠ KOLEZIJA, SPLITSKA ULICA 13",357.0,246,0.6891,246,245,1,1.0,0,0.0,1,0.0041,3,0.0122,87,0.3551,0,,16,0.0653,3,0.0122,8,0.0327,2,0.0082,8,0.0327,3,0.0122,18,0.0735,5,0.0204,8,0.0327,46,0.1878,3,0.0122,18,0.0735,13,0.0531,3,0.0122,0,0.0,0,
955,3,Ljubljana Center,5,Ljubljana Vič - Rudnik 3,12,"OŠ VIČ, ABRAMOVA UL. 26",961.0,666,0.693,666,663,3,1.0,2,0.003,1,0.0015,7,0.0106,255,0.3846,0,,39,0.0588,0,0.0,29,0.0437,4,0.006,13,0.0196,12,0.0181,38,0.0573,16,0.0241,18,0.0271,133,0.2006,5,0.0075,44,0.0664,34,0.0513,11,0.0166,2,0.003,0,
956,3,Ljubljana Center,5,Ljubljana Vič - Rudnik 3,13,"OŠ VIČ, ABRAMOVA UL. 26",1284.0,878,0.6838,877,872,5,1.0,3,0.0034,3,0.0034,18,0.0206,353,0.4048,0,,83,0.0952,1,0.0011,31,0.0356,5,0.0057,20,0.0229,20,0.0229,47,0.0539,16,0.0183,21,0.0241,113,0.1296,3,0.0034,75,0.086,45,0.0516,10,0.0115,5,0.0057,0,
957,3,Ljubljana Center,5,Ljubljana Vič - Rudnik 3,14,"OŠ VIČ, ABRAMOVA UL. 26",836.0,519,0.6208,516,513,3,1.0,5,0.0097,1,0.0019,5,0.0097,228,0.4444,0,,38,0.0741,8,0.0156,30,0.0585,2,0.0039,7,0.0136,0,0.0,12,0.0234,10,0.0195,4,0.0078,75,0.1462,7,0.0136,43,0.0838,24,0.0468,10,0.0195,4,0.0078,0,
958,3,Ljubljana Center,5,Ljubljana Vič - Rudnik 3,15,"OŠ VIČ, ABRAMOVA UL. 26",1130.0,727,0.6434,727,722,5,1.0,5,0.0069,1,0.0014,17,0.0235,304,0.4211,0,,54,0.0748,1,0.0014,30,0.0416,3,0.0042,16,0.0222,10,0.0139,29,0.0402,19,0.0263,13,0.018,106,0.1468,5,0.0069,65,0.09,26,0.036,11,0.0152,7,0.0097,0,
959,3,Ljubljana Center,5,Ljubljana Vič - Rudnik 3,16,"OŠ VRHOVCI, C. NA BOKALCE 1",920.0,676,0.7348,676,674,2,1.0,2,0.003,3,0.0045,13,0.0193,263,0.3902,0,,28,0.0415,2,0.003,35,0.0519,2,0.003,6,0.0089,9,0.0134,50,0.0742,15,0.0223,14,0.0208,105,0.1558,4,0.0059,79,0.1172,24,0.0356,18,0.0267,2,0.003,0,
960,3,Ljubljana Center,5,Ljubljana Vič - Rudnik 3,17,"OŠ VRHOVCI, C. NA BOKALCE 1",1478.0,1025,0.6935,1025,1021,4,1.0,2,0.002,1,0.001,25,0.0245,343,0.3359,0,,96,0.094,6,0.0059,54,0.0529,5,0.0049,10,0.0098,8,0.0078,73,0.0715,19,0.0186,25,0.0245,205,0.2008,9,0.0088,89,0.0872,30,0.0294,17,0.0167,4,0.0039,0,
961,3,Ljubljana Center,5,Ljubljana Vič - Rudnik 3,10,"PROSTORI MOL, TBILISIJSKA UL. 22A, LJUBLJANA",909.0,609,0.67,609,603,6,1.0,1,0.0017,0,0.0,14,0.0232,263,0.4362,0,,50,0.0829,1,0.0017,20,0.0332,2,0.0033,17,0.0282,13,0.0216,33,0.0547,11,0.0182,11,0.0182,95,0.1575,9,0.0149,34,0.0564,18,0.0299,6,0.01,5,0.0083,0,
962,3,Ljubljana Center,5,Ljubljana Vič - Rudnik 3,11,"PROSTORI MOL, TBILISIJSKA UL. 22A, LJUBLJANA",798.0,521,0.6529,521,511,10,1.0,3,0.0059,2,0.0039,11,0.0215,212,0.4149,0,,39,0.0763,3,0.0059,28,0.0548,1,0.002,11,0.0215,11,0.0215,18,0.0352,10,0.0196,9,0.0176,77,0.1507,4,0.0078,33,0.0646,24,0.047,10,0.0196,5,0.0098,0,
963,3,Ljubljana Center,5,Ljubljana Vič - Rudnik 3,901,PREDČASNO GLASOVANJE,,1912,,1912,1912,0,1.0,4,0.0021,1,0.0005,20,0.0105,831,0.4346,0,,224,0.1172,0,0.0,59,0.0309,6,0.0031,33,0.0173,27,0.0141,72,0.0377,34,0.0178,36,0.0188,264,0.1381,3,0.0016,166,0.0868,80,0.0418,47,0.0246,5,0.0026,0,
964,3,Ljubljana Center,6,Ljubljana Vič - Rudnik 4,29,"BTF - ODD. ZA LESARSTVO, ROŽNA DOLINA C. VIII/34",1253.0,859,0.6856,859,850,9,1.0,1,0.0012,0,0.0,13,0.0153,329,0.3871,0,,81,0.0953,0,0.0,30,0.0353,2,0.0024,17,0.02,18,0.0212,44,0.0518,25,0.0294,23,0.0271,145,0.1706,4,0.0047,58,0.0682,37,0.0435,20,0.0235,3,0.0035,0,
965,3,Ljubljana Center,6,Ljubljana Vič - Rudnik 4,30,"BTF - ODD. ZA LESARSTVO, ROŽNA DOLINA C. VIII/34",1403.0,967,0.6892,962,957,5,1.0,0,0.0,3,0.0031,13,0.0136,350,0.3657,0,,72,0.0752,0,0.0,50,0.0522,3,0.0031,21,0.0219,8,0.0084,62,0.0648,17,0.0178,39,0.0408,187,0.1954,9,0.0094,60,0.0627,41,0.0428,19,0.0199,3,0.0031,0,
966,3,Ljubljana Center,6,Ljubljana Vič - Rudnik 4,16,"DOM IVANA CANKARJA V ŠENTJOŠTU,ŠENTJOŠT 13,HORJUL",353.0,309,0.8754,309,307,2,1.0,0,0.0,2,0.0065,4,0.013,7,0.0228,0,,4,0.013,0,0.0,6,0.0195,14,0.0456,0,0.0,2,0.0065,65,0.2117,1,0.0033,27,0.0879,166,0.5407,0,0.0,5,0.0163,3,0.0098,0,0.0,1,0.0033,0,
967,3,Ljubljana Center,6,Ljubljana Vič - Rudnik 4,22,"DOM KRAJANOV ČRNI VRH 37A, 1355 POLHOV GRADEC",476.0,367,0.771,367,367,0,1.0,0,0.0,1,0.0027,4,0.0109,42,0.1144,0,,11,0.03,0,0.0,7,0.0191,7,0.0191,1,0.0027,4,0.0109,35,0.0954,14,0.0381,6,0.0163,215,0.5858,2,0.0054,7,0.0191,3,0.0082,5,0.0136,3,0.0082,0,
968,3,Ljubljana Center,6,Ljubljana Vič - Rudnik 4,24,"FAKULTETA ZA ELEKTROTEHNIKO,TRŽAŠKA C. 25, LJ.",982.0,624,0.6354,622,620,2,1.0,1,0.0016,0,0.0,5,0.0081,230,0.371,0,,94,0.1516,0,0.0,20,0.0323,4,0.0065,5,0.0081,12,0.0194,33,0.0532,25,0.0403,12,0.0194,87,0.1403,4,0.0065,49,0.079,24,0.0387,15,0.0242,0,0.0,0,
969,3,Ljubljana Center,6,Ljubljana Vič - Rudnik 4,25,"FAKULTETA ZA ELEKTROTEHNIKO,TRŽAŠKA C. 25, LJ.",1118.0,633,0.5662,633,622,11,1.0,2,0.0032,1,0.0016,10,0.0161,248,0.3987,0,,92,0.1479,1,0.0016,28,0.045,3,0.0048,16,0.0257,10,0.0161,33,0.0531,12,0.0193,8,0.0129,73,0.1174,8,0.0129,33,0.0531,28,0.045,11,0.0177,5,0.008,0,
970,3,Ljubljana Center,6,Ljubljana Vič - Rudnik 4,10,GASILSKI DOM VRZDENEC,409.0,306,0.7482,306,300,6,1.0,1,0.0033,1,0.0033,15,0.05,61,0.2033,0,,17,0.0567,1,0.0033,16,0.0533,9,0.03,3,0.01,9,0.03,11,0.0367,9,0.03,5,0.0167,117,0.39,3,0.01,11,0.0367,4,0.0133,7,0.0233,0,0.0,0,
971,3,Ljubljana Center,6,Ljubljana Vič - Rudnik 4,11,"GASILSKI DOM ŽAŽAR, ŽAŽAR 24",155.0,133,0.8581,133,133,0,1.0,0,0.0,0,0.0,0,0.0,13,0.0977,0,,1,0.0075,0,0.0,4,0.0301,0,0.0,0,0.0,2,0.015,27,0.203,0,0.0,4,0.0301,80,0.6015,1,0.0075,0,0.0,0,0.0,1,0.0075,0,0.0,0,
972,3,Ljubljana Center,6,Ljubljana Vič - Rudnik 4,12,"GASILSKI DOM, PODOLNICA 50A, HORJUL",278.0,199,0.7158,199,199,0,1.0,0,0.0,1,0.005,5,0.0251,34,0.1709,0,,4,0.0201,0,0.0,14,0.0704,1,0.005,3,0.0151,5,0.0251,18,0.0905,3,0.0151,2,0.0101,95,0.4774,3,0.0151,8,0.0402,3,0.0151,0,0.0,0,0.0,0,
973,3,Ljubljana Center,6,Ljubljana Vič - Rudnik 4,17,"GD BUTAJNOVA, BUTAJNOVA 23,1354 HORJUL",254.0,184,0.7244,184,183,1,1.0,0,0.0,0,0.0,0,0.0,26,0.1421,0,,2,0.0109,0,0.0,5,0.0273,8,0.0437,3,0.0164,7,0.0383,10,0.0546,4,0.0219,1,0.0055,107,0.5847,1,0.0055,8,0.0437,0,0.0,0,0.0,1,0.0055,0,
974,3,Ljubljana Center,6,Ljubljana Vič - Rudnik 4,20,"GD DVOR PRI POLHOVEM GRADCU,1355 POLHOV GRADEC",573.0,435,0.7592,435,429,6,1.0,3,0.007,1,0.0023,7,0.0163,135,0.3147,0,,11,0.0256,0,0.0,20,0.0466,6,0.014,6,0.014,5,0.0117,44,0.1026,8,0.0186,11,0.0256,134,0.3124,3,0.007,13,0.0303,11,0.0256,8,0.0186,3,0.007,0,
975,3,Ljubljana Center,6,Ljubljana Vič - Rudnik 4,7,"GD HRUŠEVO, HRUŠEVO 2A, 1356 DOBROVA",408.0,308,0.7549,308,307,1,1.0,0,0.0,0,0.0,9,0.0293,123,0.4007,0,,11,0.0358,0,0.0,7,0.0228,2,0.0065,4,0.013,7,0.0228,25,0.0814,11,0.0358,6,0.0195,70,0.228,2,0.0065,14,0.0456,7,0.0228,6,0.0195,3,0.0098,0,
976,3,Ljubljana Center,6,Ljubljana Vič - Rudnik 4,28,"GD KOZARJE, CESTA NA KLJUČ 56",1227.0,903,0.7359,903,893,10,1.0,5,0.0056,0,0.0,16,0.0179,345,0.3863,0,,45,0.0504,5,0.0056,31,0.0347,13,0.0146,11,0.0123,13,0.0146,61,0.0683,11,0.0123,15,0.0168,219,0.2452,8,0.009,59,0.0661,22,0.0246,10,0.0112,4,0.0045,0,
977,3,Ljubljana Center,6,Ljubljana Vič - Rudnik 4,9,"GD PODSMREKA, PODSMREKA 58, 1356 DOBROVA",501.0,378,0.7545,378,374,4,1.0,1,0.0027,0,0.0,6,0.016,128,0.3422,0,,2,0.0053,3,0.008,15,0.0401,5,0.0134,6,0.016,3,0.008,26,0.0695,7,0.0187,8,0.0214,136,0.3636,4,0.0107,10,0.0267,6,0.016,5,0.0134,3,0.008,0,
978,3,Ljubljana Center,6,Ljubljana Vič - Rudnik 4,13,GD ZAKLANEC,157.0,126,0.8025,126,126,0,1.0,1,0.0079,0,0.0,3,0.0238,37,0.2937,0,,1,0.0079,0,0.0,1,0.0079,0,0.0,1,0.0079,5,0.0397,12,0.0952,0,0.0,1,0.0079,54,0.4286,3,0.0238,3,0.0238,3,0.0238,1,0.0079,0,0.0,0,
979,3,Ljubljana Center,6,Ljubljana Vič - Rudnik 4,21,"GD ZALOG-SETNIK, SETNIK 5 B,1355 POLHOV GRADEC",136.0,110,0.8088,110,110,0,1.0,0,0.0,0,0.0,0,0.0,19,0.1727,0,,2,0.0182,0,0.0,1,0.0091,2,0.0182,0,0.0,0,0.0,12,0.1091,4,0.0364,6,0.0545,60,0.5455,0,0.0,4,0.0364,0,0.0,0,0.0,0,0.0,0,
980,3,Ljubljana Center,6,Ljubljana Vič - Rudnik 4,27,"OBRTNA ZBORNICA VIČ, TRŽAŠKA CESTA 207",913.0,612,0.6703,612,609,3,1.0,3,0.0049,1,0.0016,10,0.0164,238,0.3908,0,,29,0.0476,3,0.0049,30,0.0493,6,0.0099,7,0.0115,14,0.023,49,0.0805,15,0.0246,20,0.0328,109,0.179,1,0.0016,28,0.046,32,0.0525,8,0.0131,6,0.0099,0,
981,3,Ljubljana Center,6,Ljubljana Vič - Rudnik 4,31,"OBRTNA ZBORNICA VIČ, TRŽAŠKA CESTA 207",1098.0,716,0.6521,716,713,3,1.0,0,0.0,0,0.0,22,0.0309,339,0.4755,0,,44,0.0617,3,0.0042,29,0.0407,6,0.0084,20,0.0281,14,0.0196,23,0.0323,12,0.0168,15,0.021,99,0.1388,3,0.0042,49,0.0687,26,0.0365,7,0.0098,2,0.0028,0,
982,3,Ljubljana Center,6,Ljubljana Vič - Rudnik 4,1,"OŠ BREZOVICA PRI LJ., ŠOLSKA ULICA 15, BREZOVICA",1279.0,902,0.7052,902,896,6,1.0,6,0.0067,0,0.0,24,0.0268,318,0.3549,0,,45,0.0502,3,0.0033,23,0.0257,10,0.0112,18,0.0201,17,0.019,56,0.0625,16,0.0179,54,0.0603,192,0.2143,16,0.0179,55,0.0614,22,0.0246,12,0.0134,9,0.01,0,
983,3,Ljubljana Center,6,Ljubljana Vič - Rudnik 4,2,"OŠ BREZOVICA PRI LJ., ŠOLSKA ULICA 15, BREZOVICA",1101.0,789,0.7166,789,786,3,1.0,4,0.0051,0,0.0,11,0.014,336,0.4275,0,,39,0.0496,2,0.0025,37,0.0471,8,0.0102,10,0.0127,12,0.0153,49,0.0623,12,0.0153,26,0.0331,132,0.1679,4,0.0051,47,0.0598,31,0.0394,23,0.0293,3,0.0038,0,
984,3,Ljubljana Center,6,Ljubljana Vič - Rudnik 4,3,"OŠ DOBROVA, CESTA 7.MAJA 20, 1356 DOBROVA",1030.0,787,0.7641,787,779,8,1.0,1,0.0013,0,0.0,12,0.0154,267,0.3427,0,,32,0.0411,2,0.0026,29,0.0372,7,0.009,10,0.0128,26,0.0334,42,0.0539,21,0.027,23,0.0295,241,0.3094,7,0.009,31,0.0398,15,0.0193,9,0.0116,4,0.0051,0,
985,3,Ljubljana Center,6,Ljubljana Vič - Rudnik 4,14,"OŠ HORJUL, ŠOLSKA ULICA 44",672.0,540,0.8036,540,535,5,1.0,1,0.0019,1,0.0019,4,0.0075,106,0.1981,0,,13,0.0243,1,0.0019,24,0.0449,14,0.0262,4,0.0075,11,0.0206,56,0.1047,9,0.0168,23,0.043,225,0.4206,5,0.0093,22,0.0411,8,0.015,7,0.0131,1,0.0019,0,
986,3,Ljubljana Center,6,Ljubljana Vič - Rudnik 4,15,"OŠ HORJUL, ŠOLSKA ULICA 44",544.0,422,0.7757,422,418,4,1.0,2,0.0048,0,0.0,11,0.0263,88,0.2105,0,,10,0.0239,0,0.0,21,0.0502,12,0.0287,2,0.0048,8,0.0191,34,0.0813,11,0.0263,20,0.0478,169,0.4043,7,0.0167,18,0.0431,3,0.0072,2,0.0048,0,0.0,0,
987,3,Ljubljana Center,6,Ljubljana Vič - Rudnik 4,19,"OŠ POLHOV GRADEC, POLHOV GRADEC 95, POLH. GRADEC",1173.0,879,0.7494,879,875,4,1.0,1,0.0011,1,0.0011,7,0.008,269,0.3074,0,,28,0.032,1,0.0011,24,0.0274,13,0.0149,7,0.008,27,0.0309,79,0.0903,13,0.0149,21,0.024,308,0.352,8,0.0091,35,0.04,17,0.0194,12,0.0137,4,0.0046,0,
988,3,Ljubljana Center,6,Ljubljana Vič - Rudnik 4,4,"POSLOVNI PROSTOR KOPRIVEC,BREZJE 10, 1356 DOBROVA",350.0,263,0.7514,263,259,4,1.0,0,0.0,0,0.0,5,0.0193,83,0.3205,0,,10,0.0386,1,0.0039,12,0.0463,2,0.0077,2,0.0077,4,0.0154,14,0.0541,8,0.0309,6,0.0232,85,0.3282,6,0.0232,12,0.0463,3,0.0116,6,0.0232,0,0.0,0,
989,3,Ljubljana Center,6,Ljubljana Vič - Rudnik 4,6,"ŠPORTNI CENTER GABRJE, 1356 DOBROVA",895.0,681,0.7609,681,680,1,1.0,0,0.0,2,0.0029,15,0.0221,247,0.3632,0,,32,0.0471,2,0.0029,33,0.0485,1,0.0015,9,0.0132,8,0.0118,40,0.0588,17,0.025,20,0.0294,185,0.2721,11,0.0162,31,0.0456,18,0.0265,8,0.0118,1,0.0015,0,
990,3,Ljubljana Center,6,Ljubljana Vič - Rudnik 4,26,"TEHNOLOŠKI PARK LJ, TEHNOLOŠKI PARK 19 (STAVBA B)",1842.0,1226,0.6656,1224,1216,8,1.0,4,0.0033,5,0.0041,32,0.0263,512,0.4211,0,,76,0.0625,3,0.0025,56,0.0461,2,0.0016,29,0.0238,25,0.0206,74,0.0609,27,0.0222,20,0.0164,210,0.1727,8,0.0066,75,0.0617,33,0.0271,16,0.0132,9,0.0074,0,
991,3,Ljubljana Center,6,Ljubljana Vič - Rudnik 4,901,PREDČASNO GLASOVANJE,,1738,,1738,1731,7,1.0,2,0.0012,6,0.0035,30,0.0173,774,0.4471,0,,171,0.0988,2,0.0012,34,0.0196,11,0.0064,39,0.0225,27,0.0156,90,0.052,34,0.0196,39,0.0225,252,0.1456,10,0.0058,117,0.0676,56,0.0324,29,0.0168,8,0.0046,0,
992,3,Ljubljana Center,7,Ljubljana Center,9,"DOM UPOKOJENCEV POLJANE, ULICA JANEZA PAVLA II. 4",770.0,448,0.5818,448,444,4,1.0,1,0.0023,2,0.0045,4,0.009,169,0.3806,0,,44,0.0991,0,0.0,18,0.0405,2,0.0045,12,0.027,4,0.009,31,0.0698,12,0.027,11,0.0248,63,0.1419,5,0.0113,27,0.0608,26,0.0586,11,0.0248,2,0.0045,0,
993,3,Ljubljana Center,7,Ljubljana Center,15,"INFO TOČKA 65+, MAČKOVA 1, LJUBLJANA",1235.0,514,0.4162,514,514,0,1.0,3,0.0058,1,0.0019,8,0.0156,190,0.3696,0,,61,0.1187,2,0.0039,14,0.0272,1,0.0019,15,0.0292,12,0.0233,34,0.0661,17,0.0331,14,0.0272,92,0.179,2,0.0039,28,0.0545,11,0.0214,6,0.0117,3,0.0058,0,
994,3,Ljubljana Center,7,Ljubljana Center,20,"OŠ MAJDE VRHOVNIK, GREGORČIČEVA UL. 16, LJUBLJANA",784.0,434,0.5536,434,431,3,1.0,1,0.0023,1,0.0023,4,0.0093,140,0.3248,0,,55,0.1276,0,0.0,18,0.0418,3,0.007,8,0.0186,4,0.0093,19,0.0441,21,0.0487,12,0.0278,88,0.2042,2,0.0046,30,0.0696,8,0.0186,15,0.0348,2,0.0046,0,
995,3,Ljubljana Center,7,Ljubljana Center,3,"OŠ MAJDE VRHOVNIK, GREGORČIČEVA UL.16",688.0,391,0.5683,391,390,1,1.0,1,0.0026,1,0.0026,7,0.0179,115,0.2949,0,,83,0.2128,0,0.0,11,0.0282,2,0.0051,13,0.0333,10,0.0256,30,0.0769,9,0.0231,13,0.0333,39,0.1,2,0.0051,22,0.0564,18,0.0462,12,0.0308,2,0.0051,0,
996,3,Ljubljana Center,7,Ljubljana Center,4,"OŠ MAJDE VRHOVNIK, GREGORČIČEVA UL.16",946.0,568,0.6004,568,567,1,1.0,2,0.0035,0,0.0,9,0.0159,224,0.3951,0,,82,0.1446,0,0.0,23,0.0406,4,0.0071,12,0.0212,4,0.0071,28,0.0494,9,0.0159,16,0.0282,97,0.1711,2,0.0035,33,0.0582,13,0.0229,9,0.0159,0,0.0,0,
997,3,Ljubljana Center,7,Ljubljana Center,11,"OŠ POLJANE, ZEMLJEMERSKA UL. 7",849.0,527,0.6207,527,523,4,1.0,0,0.0,2,0.0038,8,0.0153,215,0.4111,0,,63,0.1205,2,0.0038,23,0.044,4,0.0076,5,0.0096,4,0.0076,20,0.0382,12,0.0229,9,0.0172,72,0.1377,3,0.0057,38,0.0727,27,0.0516,16,0.0306,0,0.0,0,
998,3,Ljubljana Center,7,Ljubljana Center,10,"OŠ POLJANE, ZEMLJEMERSKA UL. 7, LJUBLJANA",820.0,447,0.5451,447,447,0,1.0,2,0.0045,3,0.0067,10,0.0224,172,0.3848,0,,48,0.1074,1,0.0022,17,0.038,3,0.0067,15,0.0336,8,0.0179,27,0.0604,7,0.0157,4,0.0089,63,0.1409,2,0.0045,25,0.0559,27,0.0604,10,0.0224,3,0.0067,0,
999,3,Ljubljana Center,7,Ljubljana Center,13,"OŠ PRULE, PRULE 13, LJ., PROSTOR GALERIJA",824.0,507,0.6153,507,507,0,1.0,1,0.002,3,0.0059,18,0.0355,187,0.3688,0,,79,0.1558,0,0.0,24,0.0473,0,0.0,6,0.0118,10,0.0197,24,0.0473,13,0.0256,11,0.0217,70,0.1381,2,0.0039,31,0.0611,21,0.0414,6,0.0118,1,0.002,0,
1000,3,Ljubljana Center,7,Ljubljana Center,14,"OŠ PRULE, PRULE 13, LJ., PROSTOR GALERIJA",781.0,493,0.6312,493,490,3,1.0,3,0.0061,1,0.002,7,0.0143,176,0.3592,0,,84,0.1714,0,0.0,16,0.0327,3,0.0061,8,0.0163,11,0.0224,25,0.051,22,0.0449,16,0.0327,57,0.1163,4,0.0082,33,0.0673,15,0.0306,6,0.0122,3,0.0061,0,
1001,3,Ljubljana Center,7,Ljubljana Center,5,"OŠ TONETA ČUFARJA, ČUFARJEVA ULICA 11, LJUBLJANA",667.0,336,0.5037,336,335,1,1.0,1,0.003,0,0.0,5,0.0149,130,0.3881,0,,36,0.1075,1,0.003,13,0.0388,1,0.003,7,0.0209,3,0.009,22,0.0657,13,0.0388,6,0.0179,56,0.1672,2,0.006,16,0.0478,13,0.0388,10,0.0299,0,0.0,0,
1002,3,Ljubljana Center,7,Ljubljana Center,6,"OŠ TONETA ČUFARJA, ČUFARJEVA ULICA 11, LJUBLJANA",836.0,463,0.5538,463,460,3,1.0,1,0.0022,3,0.0065,9,0.0196,185,0.4022,0,,52,0.113,1,0.0022,16,0.0348,4,0.0087,10,0.0217,10,0.0217,18,0.0391,8,0.0174,12,0.0261,61,0.1326,2,0.0043,30,0.0652,23,0.05,13,0.0283,2,0.0043,0,
1003,3,Ljubljana Center,7,Ljubljana Center,7,"OŠ TONETA ČUFARJA, ČUFARJEVA ULICA 11, LJUBLJANA",1347.0,759,0.5635,759,757,2,1.0,0,0.0,1,0.0013,8,0.0106,296,0.391,0,,117,0.1546,3,0.004,32,0.0423,3,0.004,16,0.0211,13,0.0172,42,0.0555,14,0.0185,14,0.0185,94,0.1242,6,0.0079,41,0.0542,44,0.0581,12,0.0159,1,0.0013,0,
1004,3,Ljubljana Center,7,Ljubljana Center,19,"OŠ TONETA ČUFARJA, ČUFARJEVA ULICA 11, LJUBLJANA",1058.0,606,0.5728,606,603,3,1.0,1,0.0017,1,0.0017,5,0.0083,212,0.3516,0,,101,0.1675,2,0.0033,18,0.0299,4,0.0066,9,0.0149,8,0.0133,34,0.0564,13,0.0216,9,0.0149,104,0.1725,6,0.01,42,0.0697,20,0.0332,12,0.0199,2,0.0033,0,
1005,3,Ljubljana Center,7,Ljubljana Center,16,"OŠ VODMAT, POTRČEVA UL. 1",916.0,561,0.6124,560,559,1,1.0,1,0.0018,2,0.0036,11,0.0197,207,0.3703,0,,65,0.1163,0,0.0,16,0.0286,1,0.0018,8,0.0143,17,0.0304,29,0.0519,14,0.025,5,0.0089,100,0.1789,5,0.0089,42,0.0751,28,0.0501,6,0.0107,2,0.0036,0,
1006,3,Ljubljana Center,7,Ljubljana Center,17,"OŠ VODMAT, POTRČEVA ULICA 1, LJUBLJANA",716.0,457,0.6383,457,457,0,1.0,1,0.0022,0,0.0,10,0.0219,208,0.4551,0,,59,0.1291,0,0.0,15,0.0328,0,0.0,10,0.0219,7,0.0153,13,0.0284,8,0.0175,5,0.0109,68,0.1488,5,0.0109,21,0.046,18,0.0394,8,0.0175,1,0.0022,0,
1007,3,Ljubljana Center,7,Ljubljana Center,18,"PROSTORI MOL, ROZMANOVA UL.12",854.0,529,0.6194,529,527,2,1.0,0,0.0,0,0.0,2,0.0038,204,0.3871,0,,80,0.1518,0,0.0,19,0.0361,2,0.0038,6,0.0114,7,0.0133,34,0.0645,14,0.0266,14,0.0266,73,0.1385,5,0.0095,39,0.074,20,0.038,8,0.0152,0,0.0,0,
1008,3,Ljubljana Center,7,Ljubljana Center,1,"PROSTORI MOL, ŠTEFANOVA UL. 11",1346.0,716,0.5319,716,712,4,1.0,7,0.0098,0,0.0,12,0.0169,276,0.3876,0,,103,0.1447,0,0.0,27,0.0379,5,0.007,13,0.0183,15,0.0211,33,0.0463,18,0.0253,11,0.0154,99,0.139,3,0.0042,32,0.0449,39,0.0548,16,0.0225,3,0.0042,0,
1009,3,Ljubljana Center,7,Ljubljana Center,8,"SREDNJA ZDRAVSTVENA ŠOLA LJUBLJANA,POLJANSKA C.61",1306.0,824,0.6309,824,818,6,1.0,0,0.0,2,0.0024,11,0.0134,324,0.3961,0,,121,0.1479,4,0.0049,38,0.0465,5,0.0061,23,0.0281,22,0.0269,31,0.0379,28,0.0342,6,0.0073,110,0.1345,13,0.0159,47,0.0575,18,0.022,10,0.0122,5,0.0061,0,
1010,3,Ljubljana Center,7,Ljubljana Center,21,"SREDNJA ZDRAVSTVENA ŠOLA LJUBLJANA,POLJANSKA C.61",1014.0,632,0.6233,632,628,4,1.0,1,0.0016,0,0.0,14,0.0223,231,0.3678,0,,84,0.1338,0,0.0,26,0.0414,2,0.0032,11,0.0175,12,0.0191,40,0.0637,15,0.0239,18,0.0287,94,0.1497,2,0.0032,37,0.0589,24,0.0382,15,0.0239,2,0.0032,0,
1011,3,Ljubljana Center,7,Ljubljana Center,901,PREDČASNO GLASOVANJE,,3181,,3181,3168,13,1.0,3,0.0009,2,0.0006,27,0.0085,1306,0.4122,0,,573,0.1809,2,0.0006,96,0.0303,13,0.0041,52,0.0164,46,0.0145,150,0.0473,36,0.0114,67,0.0211,365,0.1152,14,0.0044,243,0.0767,104,0.0328,61,0.0193,8,0.0025,0,
1012,3,Ljubljana Center,8,Ljubljana Šiška 1,5,"GIMNAZIJA LJUBLJANA - ŠIŠKA, ALJAŽEVA UL.32",819.0,509,0.6215,509,508,1,1.0,0,0.0,1,0.002,4,0.0079,245,0.4823,0,,56,0.1102,0,0.0,23,0.0453,3,0.0059,8,0.0157,5,0.0098,24,0.0472,9,0.0177,11,0.0217,60,0.1181,2,0.0039,31,0.061,15,0.0295,8,0.0157,3,0.0059,0,
1013,3,Ljubljana Center,8,Ljubljana Šiška 1,7,"GIMNAZIJA LJUBLJANA - ŠIŠKA, ALJAŽEVA UL.32",657.0,448,0.6819,448,446,2,1.0,0,0.0,1,0.0022,3,0.0067,191,0.4283,0,,38,0.0852,3,0.0067,6,0.0135,4,0.009,16,0.0359,6,0.0135,21,0.0471,11,0.0247,4,0.009,82,0.1839,3,0.0067,30,0.0673,17,0.0381,10,0.0224,0,0.0,0,
1014,3,Ljubljana Center,8,Ljubljana Šiška 1,9,"OŠ RIHARDA JAKOPIČA, DERČEVA UL.1",507.0,280,0.5523,280,280,0,1.0,2,0.0071,3,0.0107,6,0.0214,109,0.3893,0,,39,0.1393,3,0.0107,21,0.075,1,0.0036,5,0.0179,0,0.0,12,0.0429,7,0.025,2,0.0071,34,0.1214,2,0.0071,18,0.0643,12,0.0429,3,0.0107,1,0.0036,0,
1015,3,Ljubljana Center,8,Ljubljana Šiška 1,10,"OŠ RIHARDA JAKOPIČA, DERČEVA UL.1",449.0,267,0.5947,267,266,1,1.0,0,0.0,1,0.0038,9,0.0338,113,0.4248,0,,30,0.1128,0,0.0,17,0.0639,1,0.0038,10,0.0376,6,0.0226,2,0.0075,6,0.0226,2,0.0075,34,0.1278,0,0.0,24,0.0902,7,0.0263,4,0.015,0,0.0,0,
1016,3,Ljubljana Center,8,Ljubljana Šiška 1,18,"OŠ RIHARDA JAKOPIČA, DERČEVA UL.1",419.0,256,0.611,256,254,2,1.0,0,0.0,2,0.0079,11,0.0433,107,0.4213,0,,27,0.1063,0,0.0,18,0.0709,1,0.0039,7,0.0276,3,0.0118,9,0.0354,2,0.0079,6,0.0236,33,0.1299,1,0.0039,14,0.0551,8,0.0315,1,0.0039,4,0.0157,0,
1017,3,Ljubljana Center,8,Ljubljana Šiška 1,19,"OŠ RIHARDA JAKOPIČA, DERČEVA UL.1",1134.0,721,0.6358,721,717,4,1.0,2,0.0028,4,0.0056,19,0.0265,309,0.431,0,,55,0.0767,2,0.0028,39,0.0544,5,0.007,22,0.0307,11,0.0153,23,0.0321,16,0.0223,20,0.0279,94,0.1311,4,0.0056,56,0.0781,20,0.0279,14,0.0195,2,0.0028,0,
1018,3,Ljubljana Center,8,Ljubljana Šiška 1,12,"OŠ RIHARDA JAKOPIČA, DERČEVA ULICA 1",1015.0,633,0.6236,633,630,3,1.0,3,0.0048,1,0.0016,5,0.0079,263,0.4175,0,,53,0.0841,1,0.0016,35,0.0556,5,0.0079,12,0.019,9,0.0143,41,0.0651,18,0.0286,7,0.0111,97,0.154,6,0.0095,38,0.0603,20,0.0317,12,0.019,4,0.0063,0,
1019,3,Ljubljana Center,8,Ljubljana Šiška 1,11,"OŠ SP. ŠIŠKA, GASILSKA C. 17",468.0,268,0.5726,268,266,2,1.0,0,0.0,0,0.0,8,0.0301,120,0.4511,0,,36,0.1353,3,0.0113,7,0.0263,1,0.0038,5,0.0188,2,0.0075,6,0.0226,3,0.0113,1,0.0038,37,0.1391,1,0.0038,18,0.0677,13,0.0489,2,0.0075,3,0.0113,0,
1020,3,Ljubljana Center,8,Ljubljana Šiška 1,2,"OŠ SP. ŠIŠKA, GASILSKA C. 17",1239.0,766,0.6182,766,760,6,1.0,3,0.0039,1,0.0013,17,0.0224,303,0.3987,0,,74,0.0974,0,0.0,28,0.0368,7,0.0092,19,0.025,11,0.0145,35,0.0461,17,0.0224,19,0.025,118,0.1553,8,0.0105,42,0.0553,38,0.05,17,0.0224,3,0.0039,0,
1021,3,Ljubljana Center,8,Ljubljana Šiška 1,1,"OŠ SP. ŠIŠKA, GASILSKA C.17",1029.0,579,0.5627,579,577,2,1.0,2,0.0035,2,0.0035,13,0.0225,227,0.3934,0,,64,0.1109,2,0.0035,12,0.0208,5,0.0087,14,0.0243,11,0.0191,25,0.0433,20,0.0347,18,0.0312,81,0.1404,4,0.0069,37,0.0641,25,0.0433,13,0.0225,2,0.0035,0,
1022,3,Ljubljana Center,8,Ljubljana Šiška 1,8,"OŠ SP.ŠIŠKA, GASILSKA C.17",362.0,207,0.5718,207,207,0,1.0,0,0.0,0,0.0,3,0.0145,90,0.4348,0,,13,0.0628,1,0.0048,7,0.0338,0,0.0,13,0.0628,4,0.0193,6,0.029,5,0.0242,4,0.0193,26,0.1256,1,0.0048,17,0.0821,9,0.0435,5,0.0242,3,0.0145,0,
1023,3,Ljubljana Center,8,Ljubljana Šiška 1,16,"OŠ VALENTINA VODNIKA, ADAMIČEVA UL. 16",1087.0,692,0.6366,692,688,4,1.0,1,0.0015,1,0.0015,18,0.0262,305,0.4433,0,,66,0.0959,1,0.0015,25,0.0363,3,0.0044,21,0.0305,13,0.0189,44,0.064,22,0.032,10,0.0145,67,0.0974,3,0.0044,48,0.0698,21,0.0305,14,0.0203,5,0.0073,0,
1024,3,Ljubljana Center,8,Ljubljana Šiška 1,23,"OŠ VALENTINA VODNIKA, ADAMIČEVA UL.16",751.0,460,0.6125,460,453,7,1.0,3,0.0066,3,0.0066,14,0.0309,211,0.4658,0,,30,0.0662,3,0.0066,18,0.0397,0,0.0,15,0.0331,8,0.0177,26,0.0574,7,0.0155,5,0.011,45,0.0993,4,0.0088,39,0.0861,11,0.0243,9,0.0199,2,0.0044,0,
1025,3,Ljubljana Center,8,Ljubljana Šiška 1,24,"OŠ VALENTINA VODNIKA, ADAMIČEVA UL.16",609.0,409,0.6716,406,405,1,1.0,0,0.0,0,0.0,2,0.0049,178,0.4395,0,,37,0.0914,0,0.0,21,0.0519,0,0.0,10,0.0247,4,0.0099,14,0.0346,10,0.0247,6,0.0148,73,0.1802,3,0.0074,20,0.0494,23,0.0568,2,0.0049,2,0.0049,0,
1026,3,Ljubljana Center,8,Ljubljana Šiška 1,21,"PROSTORI MOL, KEBETOVA UL.1",831.0,528,0.6354,528,525,3,1.0,0,0.0,3,0.0057,7,0.0133,240,0.4571,0,,52,0.099,0,0.0,20,0.0381,4,0.0076,15,0.0286,11,0.021,15,0.0286,13,0.0248,8,0.0152,65,0.1238,3,0.0057,26,0.0495,22,0.0419,19,0.0362,2,0.0038,0,
1027,3,Ljubljana Center,8,Ljubljana Šiška 1,14,"VRTEC ANDERSEN, DERČEVA UL.10",845.0,529,0.626,529,528,1,1.0,1,0.0019,0,0.0,13,0.0246,249,0.4716,0,,54,0.1023,1,0.0019,16,0.0303,3,0.0057,15,0.0284,11,0.0208,17,0.0322,20,0.0379,7,0.0133,53,0.1004,5,0.0095,33,0.0625,16,0.0303,10,0.0189,4,0.0076,0,
1028,3,Ljubljana Center,8,Ljubljana Šiška 1,22,"VRTEC NAJDIHOJCA, GORAZDOVA UL.6",690.0,457,0.6623,457,456,1,1.0,2,0.0044,4,0.0088,4,0.0088,229,0.5022,0,,52,0.114,2,0.0044,17,0.0373,1,0.0022,9,0.0197,12,0.0263,15,0.0329,15,0.0329,7,0.0154,35,0.0768,1,0.0022,29,0.0636,19,0.0417,3,0.0066,0,0.0,0,
1029,3,Ljubljana Center,8,Ljubljana Šiška 1,901,PREDČASNO GLASOVANJE,,1887,,1887,1884,3,1.0,4,0.0021,3,0.0016,11,0.0058,869,0.4613,0,,252,0.1338,0,0.0,68,0.0361,13,0.0069,36,0.0191,39,0.0207,65,0.0345,37,0.0196,23,0.0122,209,0.1109,6,0.0032,140,0.0743,62,0.0329,34,0.018,13,0.0069,0,
1030,3,Ljubljana Center,9,Ljubljana Šiška 2,19,"DOM STAREJŠIH OBČANOV DRAVLJE, KUNAVERJEVA UL.15",1175.0,828,0.7047,828,820,8,1.0,5,0.0061,2,0.0024,15,0.0183,309,0.3768,0,,65,0.0793,4,0.0049,28,0.0341,1,0.0012,17,0.0207,13,0.0159,63,0.0768,23,0.028,16,0.0195,133,0.1622,4,0.0049,65,0.0793,29,0.0354,25,0.0305,3,0.0037,0,
1031,3,Ljubljana Center,9,Ljubljana Šiška 2,21,"GD PODUTIK, DOLNIŠKA C.18",917.0,613,0.6685,613,609,4,1.0,0,0.0,1,0.0016,5,0.0082,257,0.422,0,,43,0.0706,2,0.0033,28,0.046,9,0.0148,14,0.023,17,0.0279,27,0.0443,12,0.0197,7,0.0115,98,0.1609,2,0.0033,52,0.0854,27,0.0443,7,0.0115,1,0.0016,0,
1032,3,Ljubljana Center,9,Ljubljana Šiška 2,22,"GD PODUTIK, DOLNIŠKA C.18",1322.0,923,0.6982,923,919,4,1.0,2,0.0022,3,0.0033,22,0.0239,347,0.3776,0,,55,0.0598,0,0.0,43,0.0468,8,0.0087,28,0.0305,24,0.0261,74,0.0805,13,0.0141,16,0.0174,199,0.2165,9,0.0098,39,0.0424,20,0.0218,7,0.0076,10,0.0109,0,
1033,3,Ljubljana Center,9,Ljubljana Šiška 2,23,"GD PODUTIK, DOLNIŠKA C.18",898.0,607,0.6759,607,602,5,1.0,0,0.0,1,0.0017,5,0.0083,265,0.4402,0,,43,0.0714,4,0.0066,30,0.0498,1,0.0017,22,0.0365,6,0.01,36,0.0598,11,0.0183,10,0.0166,79,0.1312,7,0.0116,54,0.0897,16,0.0266,10,0.0166,2,0.0033,0,
1034,3,Ljubljana Center,9,Ljubljana Šiška 2,17,"OŠ DRAVLJE, KLOPČIČEVA UL.1",660.0,431,0.653,430,426,4,1.0,4,0.0094,3,0.007,18,0.0423,185,0.4343,0,,33,0.0775,6,0.0141,13,0.0305,2,0.0047,10,0.0235,4,0.0094,16,0.0376,3,0.007,5,0.0117,50,0.1174,2,0.0047,50,0.1174,14,0.0329,4,0.0094,4,0.0094,0,
1035,3,Ljubljana Center,9,Ljubljana Šiška 2,18,"OŠ DRAVLJE, KLOPČIČEVA UL.1",663.0,423,0.638,423,423,0,1.0,5,0.0118,3,0.0071,14,0.0331,183,0.4326,0,,26,0.0615,0,0.0,15,0.0355,0,0.0,11,0.026,8,0.0189,10,0.0236,9,0.0213,7,0.0165,41,0.0969,2,0.0047,54,0.1277,24,0.0567,8,0.0189,3,0.0071,0,
1036,3,Ljubljana Center,9,Ljubljana Šiška 2,10,"OŠ HINKA SMREKARJA, GORAZDOVA UL. 16",521.0,335,0.643,335,335,0,1.0,1,0.003,0,0.0,6,0.0179,140,0.4179,0,,30,0.0896,0,0.0,15,0.0448,2,0.006,9,0.0269,4,0.0119,14,0.0418,6,0.0179,4,0.0119,50,0.1493,7,0.0209,25,0.0746,14,0.0418,5,0.0149,3,0.009,0,
1037,3,Ljubljana Center,9,Ljubljana Šiška 2,11,"OŠ HINKA SMREKARJA, GORAZDOVA UL. 16",1836.0,917,0.4995,917,908,9,1.0,1,0.0011,1,0.0011,54,0.0595,350,0.3855,0,,94,0.1035,9,0.0099,53,0.0584,4,0.0044,45,0.0496,15,0.0165,25,0.0275,23,0.0253,17,0.0187,85,0.0936,10,0.011,85,0.0936,21,0.0231,11,0.0121,5,0.0055,0,
1038,3,Ljubljana Center,9,Ljubljana Šiška 2,12,"OŠ HINKA SMREKARJA, GORAZDOVA UL. 16",831.0,451,0.5427,451,444,7,1.0,1,0.0023,0,0.0,19,0.0428,185,0.4167,0,,40,0.0901,0,0.0,16,0.036,1,0.0023,14,0.0315,9,0.0203,27,0.0608,10,0.0225,4,0.009,46,0.1036,5,0.0113,39,0.0878,22,0.0495,2,0.0045,4,0.009,0,
1039,3,Ljubljana Center,9,Ljubljana Šiška 2,9,"OŠ HINKA SMREKARJA, GORAZDOVA UL.16",627.0,392,0.6252,392,390,2,1.0,3,0.0077,0,0.0,15,0.0385,165,0.4231,0,,51,0.1308,0,0.0,7,0.0179,1,0.0026,3,0.0077,16,0.041,7,0.0179,7,0.0179,3,0.0077,48,0.1231,2,0.0051,37,0.0949,21,0.0538,4,0.0103,0,0.0,0,
1040,3,Ljubljana Center,9,Ljubljana Šiška 2,3,"OŠ KOSEZE, LEDARSKA UL. 23",628.0,421,0.6704,421,418,3,1.0,2,0.0048,1,0.0024,12,0.0287,154,0.3684,0,,45,0.1077,0,0.0,16,0.0383,2,0.0048,8,0.0191,9,0.0215,23,0.055,5,0.012,12,0.0287,42,0.1005,5,0.012,43,0.1029,26,0.0622,12,0.0287,1,0.0024,0,
1041,3,Ljubljana Center,9,Ljubljana Šiška 2,4,"OŠ KOSEZE, LEDARSKA UL. 23",650.0,442,0.68,442,439,3,1.0,2,0.0046,0,0.0,10,0.0228,177,0.4032,0,,51,0.1162,3,0.0068,27,0.0615,2,0.0046,6,0.0137,2,0.0046,10,0.0228,9,0.0205,7,0.0159,56,0.1276,1,0.0023,38,0.0866,23,0.0524,11,0.0251,4,0.0091,0,
1042,3,Ljubljana Center,9,Ljubljana Šiška 2,5,"OŠ KOSEZE, LEDARSKA UL. 23",630.0,421,0.6683,421,421,0,1.0,0,0.0,3,0.0071,8,0.019,178,0.4228,0,,41,0.0974,2,0.0048,25,0.0594,0,0.0,6,0.0143,6,0.0143,18,0.0428,9,0.0214,4,0.0095,39,0.0926,1,0.0024,43,0.1021,20,0.0475,11,0.0261,7,0.0166,0,
1043,3,Ljubljana Center,9,Ljubljana Šiška 2,6,"OŠ KOSEZE, LEDARSKA UL. 23",642.0,453,0.7056,453,449,4,1.0,5,0.0111,0,0.0,5,0.0111,198,0.441,0,,44,0.098,1,0.0022,20,0.0445,3,0.0067,7,0.0156,7,0.0156,33,0.0735,6,0.0134,9,0.02,47,0.1047,7,0.0156,30,0.0668,18,0.0401,7,0.0156,2,0.0045,0,
1044,3,Ljubljana Center,9,Ljubljana Šiška 2,7,"OŠ KOSEZE, LEDARSKA UL. 23",682.0,465,0.6818,465,463,2,1.0,1,0.0022,5,0.0108,5,0.0108,175,0.378,0,,36,0.0778,2,0.0043,26,0.0562,3,0.0065,7,0.0151,3,0.0065,28,0.0605,13,0.0281,10,0.0216,86,0.1857,2,0.0043,33,0.0713,21,0.0454,4,0.0086,3,0.0065,0,
1045,3,Ljubljana Center,9,Ljubljana Šiška 2,8,"OŠ KOSEZE, LEDARSKA UL. 23",1489.0,980,0.6582,980,974,6,1.0,3,0.0031,3,0.0031,20,0.0205,368,0.3778,0,,76,0.078,0,0.0,32,0.0329,10,0.0103,14,0.0144,7,0.0072,80,0.0821,20,0.0205,31,0.0318,179,0.1838,5,0.0051,66,0.0678,43,0.0441,16,0.0164,1,0.001,0,
1046,3,Ljubljana Center,9,Ljubljana Šiška 2,14,"OŠ VALENTINA VODNIKA, ADAMIČEVA UL.16",1046.0,662,0.6329,662,659,3,1.0,0,0.0,2,0.003,14,0.0212,261,0.3961,0,,49,0.0744,2,0.003,31,0.047,4,0.0061,17,0.0258,13,0.0197,31,0.047,18,0.0273,12,0.0182,94,0.1426,4,0.0061,67,0.1017,22,0.0334,13,0.0197,5,0.0076,0,
1047,3,Ljubljana Center,9,Ljubljana Šiška 2,16,"OŠ VALENTINA VODNIKA, ADAMIČEVA UL.16",731.0,461,0.6306,461,458,3,1.0,3,0.0066,2,0.0044,6,0.0131,175,0.3821,0,,38,0.083,4,0.0087,24,0.0524,3,0.0066,19,0.0415,8,0.0175,13,0.0284,6,0.0131,7,0.0153,68,0.1485,3,0.0066,42,0.0917,21,0.0459,12,0.0262,4,0.0087,0,
1048,3,Ljubljana Center,9,Ljubljana Šiška 2,1,"OŠ VALENTINA VODNIKA, ADAMIČEVA UL.16",710.0,458,0.6451,458,456,2,1.0,2,0.0044,2,0.0044,12,0.0263,196,0.4298,0,,38,0.0833,1,0.0022,17,0.0373,4,0.0088,12,0.0263,7,0.0154,15,0.0329,7,0.0154,8,0.0175,63,0.1382,2,0.0044,36,0.0789,26,0.057,5,0.011,3,0.0066,0,
1049,3,Ljubljana Center,9,Ljubljana Šiška 2,2,"OŠ VALENTINA VODNIKA, ADAMIČEVA UL.16",420.0,295,0.7024,295,292,3,1.0,3,0.0103,0,0.0,6,0.0205,85,0.2911,0,,20,0.0685,0,0.0,14,0.0479,4,0.0137,8,0.0274,2,0.0068,24,0.0822,2,0.0068,10,0.0342,49,0.1678,2,0.0068,37,0.1267,15,0.0514,10,0.0342,1,0.0034,0,
1050,3,Ljubljana Center,9,Ljubljana Šiška 2,901,PREDČASNO GLASOVANJE,,2087,,2087,2085,2,1.0,3,0.0014,1,0.0005,36,0.0173,881,0.4225,0,,272,0.1305,4,0.0019,57,0.0273,8,0.0038,34,0.0163,34,0.0163,90,0.0432,31,0.0149,50,0.024,251,0.1204,5,0.0024,195,0.0935,83,0.0398,43,0.0206,7,0.0034,0,
1051,3,Ljubljana Center,10,Ljubljana Šiška 3,8,"GASILSKI DOM, PRUŠNIKOVA UL.57",1112.0,749,0.6736,749,745,4,1.0,2,0.0027,2,0.0027,14,0.0188,293,0.3933,0,,70,0.094,1,0.0013,30,0.0403,5,0.0067,15,0.0201,13,0.0174,35,0.047,21,0.0282,19,0.0255,124,0.1664,5,0.0067,51,0.0685,31,0.0416,13,0.0174,1,0.0013,0,
1052,3,Ljubljana Center,10,Ljubljana Šiška 3,10,"GASILSKI DOM, VIŽMARSKA POT 9",910.0,680,0.7473,680,675,5,1.0,2,0.003,0,0.0,6,0.0089,288,0.4267,0,,40,0.0593,0,0.0,31,0.0459,6,0.0089,9,0.0133,16,0.0237,53,0.0785,16,0.0237,25,0.037,119,0.1763,8,0.0119,23,0.0341,21,0.0311,7,0.0104,5,0.0074,0,
1053,3,Ljubljana Center,10,Ljubljana Šiška 3,11,"GASILSKI DOM, VIŽMARSKA POT 9",637.0,437,0.686,437,433,4,1.0,0,0.0,1,0.0023,5,0.0115,156,0.3603,0,,29,0.067,0,0.0,17,0.0393,4,0.0092,3,0.0069,7,0.0162,35,0.0808,11,0.0254,15,0.0346,110,0.254,2,0.0046,18,0.0416,12,0.0277,4,0.0092,4,0.0092,0,
1054,3,Ljubljana Center,10,Ljubljana Šiška 3,9,"MOL - LJUDSKI DOM, PRUŠNIKOVA UL.99",906.0,610,0.6733,610,604,6,1.0,1,0.0017,0,0.0,20,0.0331,222,0.3675,0,,43,0.0712,3,0.005,25,0.0414,6,0.0099,10,0.0166,5,0.0083,50,0.0828,12,0.0199,11,0.0182,123,0.2036,5,0.0083,42,0.0695,13,0.0215,7,0.0116,6,0.0099,0,
1055,3,Ljubljana Center,10,Ljubljana Šiška 3,15,"MOL - LJUDSKI DOM, PRUŠNIKOVA UL.99",834.0,544,0.6523,543,537,6,1.0,1,0.0019,0,0.0,11,0.0205,242,0.4507,0,,35,0.0652,0,0.0,30,0.0559,4,0.0074,11,0.0205,13,0.0242,19,0.0354,7,0.013,10,0.0186,54,0.1006,7,0.013,46,0.0857,33,0.0615,10,0.0186,4,0.0074,0,
1056,3,Ljubljana Center,10,Ljubljana Šiška 3,16,"MOL - LJUDSKI DOM, PRUŠNIKOVA UL.99",787.0,491,0.6239,491,491,0,1.0,1,0.002,1,0.002,18,0.0367,192,0.391,0,,32,0.0652,0,0.0,26,0.053,5,0.0102,16,0.0326,10,0.0204,35,0.0713,13,0.0265,5,0.0102,71,0.1446,4,0.0081,36,0.0733,15,0.0305,6,0.0122,5,0.0102,0,
1057,3,Ljubljana Center,10,Ljubljana Šiška 3,14,"MOL - SLUŽBA ZA LOKALNO SAMOUPRAVO, KOSIJEVA UL.1",1115.0,756,0.678,756,752,4,1.0,3,0.004,3,0.004,23,0.0306,279,0.371,0,,31,0.0412,5,0.0066,33,0.0439,2,0.0027,21,0.0279,13,0.0173,39,0.0519,12,0.016,21,0.0279,177,0.2354,8,0.0106,34,0.0452,20,0.0266,18,0.0239,10,0.0133,0,
1058,3,Ljubljana Center,10,Ljubljana Šiška 3,1,"MOL-DOM KRAJANOV, DRAVELJSKA UL.44",1133.0,724,0.639,724,720,4,1.0,3,0.0042,1,0.0014,20,0.0278,289,0.4014,0,,51,0.0708,3,0.0042,26,0.0361,1,0.0014,10,0.0139,19,0.0264,40,0.0556,13,0.0181,22,0.0306,121,0.1681,6,0.0083,58,0.0806,20,0.0278,10,0.0139,7,0.0097,0,
1059,3,Ljubljana Center,10,Ljubljana Šiška 3,2,"MOL-DOM KRAJANOV, DRAVELJSKA UL.44",1124.0,700,0.6228,700,695,5,1.0,4,0.0058,3,0.0043,16,0.023,289,0.4158,0,,56,0.0806,0,0.0,16,0.023,4,0.0058,18,0.0259,21,0.0302,25,0.036,16,0.023,14,0.0201,88,0.1266,7,0.0101,68,0.0978,37,0.0532,9,0.0129,4,0.0058,0,
1060,3,Ljubljana Center,10,Ljubljana Šiška 3,3,"MOL-DOM KRAJANOV, DRAVELJSKA UL.44",892.0,497,0.5572,497,494,3,1.0,1,0.002,1,0.002,15,0.0304,208,0.4211,0,,36,0.0729,0,0.0,21,0.0425,3,0.0061,11,0.0223,6,0.0121,19,0.0385,7,0.0142,12,0.0243,80,0.1619,1,0.002,44,0.0891,21,0.0425,8,0.0162,0,0.0,0,
1061,3,Ljubljana Center,10,Ljubljana Šiška 3,4,"OŠ KOSEZE, LEDARSKA UL.23",622.0,408,0.6559,408,407,1,1.0,2,0.0049,0,0.0,5,0.0123,178,0.4373,0,,22,0.0541,3,0.0074,12,0.0295,5,0.0123,6,0.0147,4,0.0098,23,0.0565,12,0.0295,4,0.0098,78,0.1916,4,0.0098,21,0.0516,18,0.0442,9,0.0221,1,0.0025,0,
1062,3,Ljubljana Center,10,Ljubljana Šiška 3,5,"OŠ MIŠKA KRANJCA, KAMNOGORIŠKA C.35",1121.0,744,0.6637,744,740,4,1.0,2,0.0027,3,0.0041,20,0.027,353,0.477,0,,49,0.0662,1,0.0014,23,0.0311,1,0.0014,20,0.027,5,0.0068,47,0.0635,18,0.0243,18,0.0243,98,0.1324,3,0.0041,33,0.0446,28,0.0378,14,0.0189,4,0.0054,0,
1063,3,Ljubljana Center,10,Ljubljana Šiška 3,6,"OŠ MIŠKA KRANJCA, KAMNOGORIŠKA C.35",919.0,641,0.6975,641,638,3,1.0,1,0.0016,1,0.0016,14,0.0219,260,0.4075,0,,45,0.0705,1,0.0016,33,0.0517,5,0.0078,13,0.0204,6,0.0094,29,0.0455,13,0.0204,6,0.0094,96,0.1505,4,0.0063,62,0.0972,24,0.0376,21,0.0329,4,0.0063,0,
1064,3,Ljubljana Center,10,Ljubljana Šiška 3,7,"OŠ MIŠKA KRANJCA, KAMNOGORIŠKA C.35",721.0,498,0.6907,498,495,3,1.0,1,0.002,0,0.0,15,0.0303,200,0.404,0,,34,0.0687,3,0.0061,16,0.0323,3,0.0061,17,0.0343,10,0.0202,25,0.0505,4,0.0081,10,0.0202,95,0.1919,5,0.0101,30,0.0606,12,0.0242,11,0.0222,4,0.0081,0,
1065,3,Ljubljana Center,10,Ljubljana Šiška 3,17,"OŠ VIŽMARJE - BROD, NA GAJU 2",594.0,426,0.7172,426,423,3,1.0,0,0.0,0,0.0,7,0.0165,189,0.4468,0,,14,0.0331,1,0.0024,14,0.0331,4,0.0095,6,0.0142,13,0.0307,25,0.0591,10,0.0236,12,0.0284,75,0.1773,1,0.0024,22,0.052,26,0.0615,3,0.0071,1,0.0024,0,
1066,3,Ljubljana Center,10,Ljubljana Šiška 3,18,"OŠ VIŽMARJE - BROD, NA GAJU 2",679.0,498,0.7334,498,496,2,1.0,0,0.0,3,0.006,13,0.0262,190,0.3831,0,,25,0.0504,0,0.0,17,0.0343,2,0.004,6,0.0121,7,0.0141,40,0.0806,11,0.0222,16,0.0323,107,0.2157,6,0.0121,31,0.0625,16,0.0323,3,0.006,3,0.006,0,
1067,3,Ljubljana Center,10,Ljubljana Šiška 3,13,"OŠ VIŽMARJE - BROD, NA GAJU 2",586.0,427,0.7287,427,427,0,1.0,1,0.0023,1,0.0023,9,0.0211,180,0.4215,0,,28,0.0656,1,0.0023,35,0.082,3,0.007,11,0.0258,5,0.0117,27,0.0632,10,0.0234,10,0.0234,59,0.1382,5,0.0117,15,0.0351,23,0.0539,4,0.0094,0,0.0,0,
1068,3,Ljubljana Center,10,Ljubljana Šiška 3,12,"PROSTORI  MOL, NA GMAJNI 1, LJUBLJANA-ŠENTVID",1308.0,931,0.7118,931,927,4,1.0,1,0.0011,1,0.0011,22,0.0237,393,0.4239,0,,51,0.055,4,0.0043,42,0.0453,7,0.0076,13,0.014,18,0.0194,61,0.0658,14,0.0151,31,0.0334,164,0.1769,7,0.0076,46,0.0496,29,0.0313,19,0.0205,4,0.0043,0,
1069,3,Ljubljana Center,10,Ljubljana Šiška 3,901,PREDČASNO GLASOVANJE,,1787,,1787,1783,4,1.0,3,0.0017,4,0.0022,36,0.0202,828,0.4644,0,,179,0.1004,2,0.0011,77,0.0432,9,0.005,23,0.0129,28,0.0157,66,0.037,20,0.0112,41,0.023,227,0.1273,7,0.0039,132,0.074,64,0.0359,32,0.0179,5,0.0028,0,
1070,3,Ljubljana Center,11,Ljubljana Šiška 4,33,"DOM GASILCEV IN KRAJANOV TACEN, PLOČANSKA UL.8",1173.0,864,0.7366,864,851,13,1.0,3,0.0035,1,0.0012,13,0.0153,326,0.3831,0,,31,0.0364,0,0.0,36,0.0423,8,0.0094,17,0.02,8,0.0094,70,0.0823,15,0.0176,24,0.0282,194,0.228,12,0.0141,44,0.0517,24,0.0282,20,0.0235,5,0.0059,0,
1071,3,Ljubljana Center,11,Ljubljana Šiška 4,4,"DOM KRAJANOV MOŠE, MOŠE, SMLEDNIK",224.0,179,0.7991,179,175,4,1.0,0,0.0,1,0.0057,3,0.0171,60,0.3429,0,,7,0.04,0,0.0,7,0.04,2,0.0114,3,0.0171,4,0.0229,18,0.1029,8,0.0457,1,0.0057,31,0.1771,1,0.0057,17,0.0971,4,0.0229,6,0.0343,2,0.0114,0,
1072,3,Ljubljana Center,11,Ljubljana Šiška 4,8,DOM KRAJANOV V HRAŠAH,348.0,268,0.7701,268,267,1,1.0,1,0.0037,0,0.0,9,0.0337,107,0.4007,0,,6,0.0225,0,0.0,12,0.0449,3,0.0112,4,0.015,7,0.0262,26,0.0974,5,0.0187,4,0.015,63,0.236,3,0.0112,8,0.03,8,0.03,1,0.0037,0,0.0,0,
1073,3,Ljubljana Center,11,Ljubljana Šiška 4,25,"DOM KRAJANOV VODICE, KOPITARJEV TRG",1324.0,1013,0.7651,1013,1007,6,1.0,3,0.003,1,0.001,35,0.0348,305,0.3029,0,,30,0.0298,5,0.005,48,0.0477,13,0.0129,18,0.0179,19,0.0189,120,0.1192,25,0.0248,24,0.0238,277,0.2751,7,0.007,32,0.0318,32,0.0318,5,0.005,8,0.0079,0,
1074,3,Ljubljana Center,11,Ljubljana Šiška 4,2,"DOM KRAJANOV, ZG. PIRNIČE 6, MEDVODE",783.0,599,0.765,599,595,4,1.0,0,0.0,0,0.0,6,0.0101,270,0.4538,0,,19,0.0319,2,0.0034,20,0.0336,5,0.0084,7,0.0118,16,0.0269,50,0.084,8,0.0134,10,0.0168,117,0.1966,6,0.0101,24,0.0403,15,0.0252,7,0.0118,13,0.0218,0,
1075,3,Ljubljana Center,11,Ljubljana Šiška 4,3,"DOM KRAJANOV, ZG. PIRNIČE 6, MEDVODE",789.0,592,0.7503,592,589,3,1.0,0,0.0,0,0.0,17,0.0289,218,0.3701,0,,20,0.034,3,0.0051,26,0.0441,1,0.0017,14,0.0238,21,0.0357,52,0.0883,13,0.0221,13,0.0221,129,0.219,10,0.017,23,0.039,20,0.034,7,0.0119,2,0.0034,0,
1076,3,Ljubljana Center,11,Ljubljana Šiška 4,35,"GASILSKI DOM MEDNO, MEDNO 79",345.0,252,0.7304,252,251,1,1.0,1,0.004,0,0.0,1,0.004,94,0.3745,0,,18,0.0717,0,0.0,24,0.0956,0,0.0,2,0.008,5,0.0199,21,0.0837,3,0.012,6,0.0239,46,0.1833,3,0.012,11,0.0438,11,0.0438,2,0.008,3,0.012,0,
1077,3,Ljubljana Center,11,Ljubljana Šiška 4,1,"GASILSKI DOM, SP. PIRNIČE 7A",1145.0,884,0.7721,884,879,5,1.0,5,0.0057,2,0.0023,31,0.0353,332,0.3777,0,,33,0.0375,1,0.0011,36,0.041,7,0.008,11,0.0125,29,0.033,62,0.0705,13,0.0148,19,0.0216,212,0.2412,2,0.0023,31,0.0353,23,0.0262,21,0.0239,9,0.0102,0,
1078,3,Ljubljana Center,11,Ljubljana Šiška 4,34,"GD STANEŽIČE, STANEŽIČE 64",713.0,532,0.7461,532,528,4,1.0,0,0.0,0,0.0,9,0.017,228,0.4318,0,,29,0.0549,2,0.0038,16,0.0303,5,0.0095,11,0.0208,5,0.0095,39,0.0739,10,0.0189,15,0.0284,90,0.1705,9,0.017,26,0.0492,22,0.0417,11,0.0208,1,0.0019,0,
1079,3,Ljubljana Center,11,Ljubljana Šiška 4,16,"KRAJEVNA SKUPNOST TRNOVEC, TRNOVEC 25C, MEDVODE",153.0,121,0.7908,121,120,1,1.0,0,0.0,0,0.0,3,0.025,28,0.2333,0,,5,0.0417,0,0.0,4,0.0333,3,0.025,6,0.05,1,0.0083,19,0.1583,1,0.0083,8,0.0667,22,0.1833,5,0.0417,5,0.0417,7,0.0583,3,0.025,0,0.0,0,
1080,3,Ljubljana Center,11,Ljubljana Šiška 4,22,"KS VAŠE - GORIČANE, GORIČANE 39",844.0,659,0.7808,659,652,7,1.0,7,0.0107,3,0.0046,22,0.0337,274,0.4202,0,,24,0.0368,1,0.0015,36,0.0552,8,0.0123,12,0.0184,3,0.0046,44,0.0675,15,0.023,15,0.023,113,0.1733,8,0.0123,32,0.0491,22,0.0337,9,0.0138,4,0.0061,0,
1081,3,Ljubljana Center,11,Ljubljana Šiška 4,7,"KULTURNI DOM SMLEDNIK, SMLEDNIK 55, SMLEDNIK",455.0,327,0.7187,327,322,5,1.0,2,0.0062,0,0.0,7,0.0217,119,0.3696,0,,15,0.0466,0,0.0,18,0.0559,3,0.0093,6,0.0186,2,0.0062,30,0.0932,9,0.028,9,0.028,65,0.2019,4,0.0124,15,0.0466,9,0.028,2,0.0062,7,0.0217,0,
1082,3,Ljubljana Center,11,Ljubljana Šiška 4,10,"OBČINA MEDVODE, C. KOMANDANTA STANETA 12, MEDVODE",532.0,338,0.6353,338,335,3,1.0,1,0.003,0,0.0,16,0.0478,161,0.4806,0,,17,0.0507,2,0.006,11,0.0328,1,0.003,3,0.009,9,0.0269,9,0.0269,6,0.0179,8,0.0239,41,0.1224,5,0.0149,18,0.0537,20,0.0597,6,0.0179,1,0.003,0,
1083,3,Ljubljana Center,11,Ljubljana Šiška 4,11,"OBČINA MEDVODE, C. KOMANDANTA STANETA 12, MEDVODE",526.0,320,0.6084,320,317,3,1.0,1,0.0032,4,0.0126,17,0.0536,129,0.4069,0,,7,0.0221,2,0.0063,24,0.0757,0,0.0,6,0.0189,5,0.0158,9,0.0284,5,0.0158,17,0.0536,45,0.142,0,0.0,18,0.0568,21,0.0662,5,0.0158,2,0.0063,0,
1084,3,Ljubljana Center,11,Ljubljana Šiška 4,12,"OSNOVNA ŠOLA MEDVODE, OSTROVRHARJEVA UL.4",657.0,458,0.6971,458,455,3,1.0,5,0.011,0,0.0,11,0.0242,179,0.3934,0,,31,0.0681,7,0.0154,20,0.044,2,0.0044,10,0.022,5,0.011,25,0.0549,10,0.022,12,0.0264,80,0.1758,7,0.0154,24,0.0527,19,0.0418,5,0.011,3,0.0066,0,
1085,3,Ljubljana Center,11,Ljubljana Šiška 4,13,"OSNOVNA ŠOLA MEDVODE, OSTROVRHARJEVA UL.4",831.0,583,0.7016,583,577,6,1.0,2,0.0035,1,0.0017,19,0.0329,254,0.4402,0,,30,0.052,2,0.0035,32,0.0555,0,0.0,10,0.0173,11,0.0191,46,0.0797,9,0.0156,11,0.0191,81,0.1404,2,0.0035,32,0.0555,30,0.052,4,0.0069,1,0.0017,0,
1086,3,Ljubljana Center,11,Ljubljana Šiška 4,17,"OSNOVNA ŠOLA PRESKA,  PREŠKA CESTA 22,  MEDVODE",683.0,508,0.7438,508,501,7,1.0,6,0.012,1,0.002,15,0.0299,188,0.3752,0,,25,0.0499,1,0.002,20,0.0399,7,0.014,9,0.018,6,0.012,28,0.0559,5,0.01,7,0.014,94,0.1876,8,0.016,35,0.0699,29,0.0579,15,0.0299,2,0.004,0,
1087,3,Ljubljana Center,11,Ljubljana Šiška 4,18,"OSNOVNA ŠOLA PRESKA,  PREŠKA CESTA 22,  MEDVODE",740.0,526,0.7108,526,523,3,1.0,1,0.0019,1,0.0019,31,0.0593,175,0.3346,0,,23,0.044,3,0.0057,19,0.0363,17,0.0325,13,0.0249,10,0.0191,27,0.0516,9,0.0172,8,0.0153,119,0.2275,10,0.0191,29,0.0554,21,0.0402,7,0.0134,0,0.0,0,
1088,3,Ljubljana Center,11,Ljubljana Šiška 4,19,"OSNOVNA ŠOLA PRESKA, PREŠKA CESTA 22, MEDVODE ",444.0,341,0.768,341,336,5,1.0,2,0.006,1,0.003,14,0.0417,94,0.2798,0,,6,0.0179,4,0.0119,9,0.0268,11,0.0327,5,0.0149,9,0.0268,39,0.1161,4,0.0119,15,0.0446,83,0.247,5,0.0149,18,0.0536,11,0.0327,6,0.0179,0,0.0,0,
1089,3,Ljubljana Center,11,Ljubljana Šiška 4,20,"OSNOVNA ŠOLA PRESKA, PREŠKA CESTA 22, MEDVODE",604.0,479,0.793,479,474,5,1.0,1,0.0021,0,0.0,17,0.0359,166,0.3502,0,,15,0.0316,0,0.0,21,0.0443,12,0.0253,5,0.0105,8,0.0169,56,0.1181,12,0.0253,19,0.0401,91,0.192,4,0.0084,23,0.0485,13,0.0274,9,0.019,2,0.0042,0,
1090,3,Ljubljana Center,11,Ljubljana Šiška 4,30,"OSNOVNA ŠOLA ŠMARTNO, CESTA V GAMELJNE 7",696.0,497,0.7141,497,494,3,1.0,2,0.004,1,0.002,5,0.0101,227,0.4595,0,,26,0.0526,1,0.002,24,0.0486,1,0.002,3,0.0061,1,0.002,28,0.0567,15,0.0304,16,0.0324,89,0.1802,4,0.0081,31,0.0628,14,0.0283,5,0.0101,1,0.002,0,
1091,3,Ljubljana Center,11,Ljubljana Šiška 4,31,"OSNOVNA ŠOLA ŠMARTNO, CESTA V GAMELJNE 7",978.0,722,0.7382,722,715,7,1.0,3,0.0042,0,0.0,10,0.014,300,0.4196,0,,40,0.0559,0,0.0,17,0.0238,3,0.0042,12,0.0168,14,0.0196,47,0.0657,15,0.021,16,0.0224,144,0.2014,7,0.0098,40,0.0559,26,0.0364,19,0.0266,2,0.0028,0,
1092,3,Ljubljana Center,11,Ljubljana Šiška 4,32,"OSNOVNA ŠOLA ŠMARTNO, CESTA V GAMELJNE 7",1143.0,854,0.7472,854,852,2,1.0,3,0.0035,5,0.0059,16,0.0188,296,0.3474,0,,47,0.0552,2,0.0023,35,0.0411,6,0.007,14,0.0164,6,0.007,73,0.0857,23,0.027,28,0.0329,174,0.2042,7,0.0082,62,0.0728,33,0.0387,18,0.0211,4,0.0047,0,
1093,3,Ljubljana Center,11,Ljubljana Šiška 4,6,"OŠ SIMONA JENKA, SMLEDNIK 73, SMLEDNIK",413.0,322,0.7797,322,320,2,1.0,1,0.0031,1,0.0031,5,0.0156,113,0.3531,0,,21,0.0656,2,0.0062,14,0.0438,6,0.0188,7,0.0219,5,0.0156,21,0.0656,6,0.0188,2,0.0062,90,0.2812,2,0.0062,15,0.0469,4,0.0125,5,0.0156,0,0.0,0,
1094,3,Ljubljana Center,11,Ljubljana Šiška 4,28,"PGD BUKOVICA - UTIK, UTIK 45",695.0,547,0.7871,547,546,1,1.0,0,0.0,1,0.0018,14,0.0256,165,0.3022,0,,16,0.0293,1,0.0018,34,0.0623,7,0.0128,8,0.0147,9,0.0165,87,0.1593,14,0.0256,15,0.0275,134,0.2454,7,0.0128,15,0.0275,13,0.0238,2,0.0037,4,0.0073,0,
1095,3,Ljubljana Center,11,Ljubljana Šiška 4,27,"PGD POLJE, POLJE 5A, VODICE",229.0,195,0.8515,195,193,2,1.0,0,0.0,0,0.0,10,0.0518,62,0.3212,0,,4,0.0207,1,0.0052,13,0.0674,0,0.0,3,0.0155,2,0.0104,34,0.1762,5,0.0259,2,0.0104,31,0.1606,5,0.0259,14,0.0725,5,0.0259,1,0.0052,1,0.0052,0,
1096,3,Ljubljana Center,11,Ljubljana Šiška 4,24,"PGD REPNJE, REPNJE 30",359.0,288,0.8022,288,287,1,1.0,0,0.0,0,0.0,14,0.0488,74,0.2578,0,,9,0.0314,2,0.007,14,0.0488,0,0.0,8,0.0279,7,0.0244,38,0.1324,18,0.0627,0,0.0,84,0.2927,4,0.0139,11,0.0383,2,0.007,2,0.007,0,0.0,0,
1097,3,Ljubljana Center,11,Ljubljana Šiška 4,29,"PGD ŠINKOV TURN, KOSEZE 26",610.0,490,0.8033,490,487,3,1.0,1,0.0021,0,0.0,15,0.0308,141,0.2895,0,,12,0.0246,5,0.0103,29,0.0595,5,0.0103,10,0.0205,11,0.0226,70,0.1437,13,0.0267,12,0.0246,115,0.2361,4,0.0082,21,0.0431,13,0.0267,7,0.0144,3,0.0062,0,
1098,3,Ljubljana Center,11,Ljubljana Šiška 4,26,"PGD ZAPOGE, ZAPOGE 2",278.0,195,0.7014,195,193,2,1.0,3,0.0155,0,0.0,6,0.0311,77,0.399,0,,4,0.0207,4,0.0207,9,0.0466,1,0.0052,3,0.0155,2,0.0104,23,0.1192,2,0.0104,3,0.0155,45,0.2332,0,0.0,4,0.0207,4,0.0207,1,0.0052,2,0.0104,0,
1099,3,Ljubljana Center,11,Ljubljana Šiška 4,9,"PGD ZBILJE, ZBILJE 44, MEDVODE",702.0,511,0.7279,511,510,1,1.0,1,0.002,3,0.0059,18,0.0353,185,0.3627,0,,14,0.0275,3,0.0059,20,0.0392,2,0.0039,1,0.002,9,0.0176,40,0.0784,16,0.0314,3,0.0059,123,0.2412,2,0.0039,33,0.0647,13,0.0255,17,0.0333,7,0.0137,0,
1100,3,Ljubljana Center,11,Ljubljana Šiška 4,21,"PODRUŽNIČNA OSNOVNA ŠOLA SORA, SORA 1 B, MEDVODE",767.0,582,0.7588,582,579,3,1.0,2,0.0035,0,0.0,11,0.019,207,0.3575,0,,19,0.0328,4,0.0069,16,0.0276,12,0.0207,9,0.0155,12,0.0207,53,0.0915,13,0.0225,15,0.0259,132,0.228,7,0.0121,33,0.057,12,0.0207,12,0.0207,10,0.0173,0,
1101,3,Ljubljana Center,11,Ljubljana Šiška 4,15,PODRUŽNIČNA OSNOVNA ŠOLA TOPOL,228.0,164,0.7193,164,161,3,1.0,0,0.0,0,0.0,3,0.0186,52,0.323,0,,2,0.0124,0,0.0,6,0.0373,6,0.0373,1,0.0062,5,0.0311,15,0.0932,5,0.0311,8,0.0497,39,0.2422,3,0.0186,6,0.0373,2,0.0124,6,0.0373,2,0.0124,0,
1102,3,Ljubljana Center,11,Ljubljana Šiška 4,5,"T.Z. DRAGOČAJNA - MOŠE, DRAGOČAJNA 14A, SMLEDNIK",231.0,178,0.7706,178,176,2,1.0,3,0.017,0,0.0,3,0.017,62,0.3523,0,,8,0.0455,0,0.0,7,0.0398,3,0.017,0,0.0,3,0.017,8,0.0455,5,0.0284,3,0.017,45,0.2557,2,0.0114,15,0.0852,4,0.0227,4,0.0227,1,0.0057,0,
1103,3,Ljubljana Center,11,Ljubljana Šiška 4,14,"VRTEC MEDVODE, ENOTA SENICA, ZGORNJA SENICA 45",670.0,529,0.7896,529,522,7,1.0,2,0.0038,3,0.0057,17,0.0326,179,0.3429,0,,11,0.0211,4,0.0077,24,0.046,7,0.0134,5,0.0096,13,0.0249,63,0.1207,15,0.0287,12,0.023,110,0.2107,9,0.0172,25,0.0479,15,0.0287,5,0.0096,3,0.0057,0,
1104,3,Ljubljana Center,11,Ljubljana Šiška 4,23,"ZADRUŽNI DOM V SKARUČNI, SKARUČNA 42",374.0,291,0.7781,291,291,0,1.0,0,0.0,0,0.0,2,0.0069,91,0.3127,0,,13,0.0447,0,0.0,11,0.0378,1,0.0034,2,0.0069,6,0.0206,45,0.1546,7,0.0241,7,0.0241,74,0.2543,1,0.0034,15,0.0515,10,0.0344,5,0.0172,1,0.0034,0,
1105,3,Ljubljana Center,11,Ljubljana Šiška 4,901,PREDČASNO GLASOVANJE,,1318,,1318,1316,2,1.0,2,0.0015,1,0.0008,52,0.0395,610,0.4635,0,,94,0.0714,3,0.0023,47,0.0357,2,0.0015,21,0.016,22,0.0167,73,0.0555,20,0.0152,29,0.022,187,0.1421,9,0.0068,87,0.0661,34,0.0258,22,0.0167,1,0.0008,0,
1106,4,Ljubljana Bežigrad,1,Kočevje,5,"AVLA GIMNAZIJE, LJUBLJANSKA 12",848.0,393,0.4634,393,388,5,1.0,4,0.0103,0,0.0,9,0.0232,154,0.3969,0,,17,0.0438,2,0.0052,8,0.0206,2,0.0052,7,0.018,4,0.0103,14,0.0361,2,0.0052,2,0.0052,81,0.2088,8,0.0206,55,0.1418,12,0.0309,5,0.0129,2,0.0052,0,
1107,4,Ljubljana Bežigrad,1,Kočevje,39,"BANJA LOKA, V HIŠI ŠT. 7",130.0,80,0.6154,80,79,1,1.0,0,0.0,0,0.0,2,0.0253,23,0.2911,0,,1,0.0127,0,0.0,2,0.0253,0,0.0,1,0.0127,1,0.0127,10,0.1266,1,0.0127,2,0.0253,18,0.2278,3,0.038,15,0.1899,0,0.0,0,0.0,0,0.0,0,
1108,4,Ljubljana Bežigrad,1,Kočevje,48,BELICA 7-V HIŠI MIKLIČ ANGELCE,42.0,19,0.4524,19,19,0,1.0,0,0.0,0,0.0,0,0.0,9,0.4737,0,,0,0.0,0,0.0,0,0.0,0,0.0,0,0.0,0,0.0,1,0.0526,1,0.0526,0,0.0,3,0.1579,1,0.0526,3,0.1579,1,0.0526,0,0.0,0,0.0,0,
1109,4,Ljubljana Bežigrad,1,Kočevje,27,"BIVŠA GOSTILNA RADAR, KOČEVSKA CESTA 6",683.0,425,0.6223,425,422,3,1.0,3,0.0071,1,0.0024,7,0.0166,177,0.4194,0,,14,0.0332,1,0.0024,15,0.0355,1,0.0024,5,0.0118,4,0.0095,21,0.0498,4,0.0095,10,0.0237,65,0.154,7,0.0166,66,0.1564,14,0.0332,5,0.0118,2,0.0047,0,
1110,4,Ljubljana Bežigrad,1,Kočevje,49,"BOSLJIVA LOKA 15A, PROSTORI PRI BIVŠI TRGOVINI AN",59.0,39,0.661,39,39,0,1.0,4,0.1026,0,0.0,0,0.0,11,0.2821,0,,0,0.0,0,0.0,0,0.0,0,0.0,1,0.0256,0,0.0,8,0.2051,0,0.0,0,0.0,5,0.1282,2,0.0513,7,0.1795,1,0.0256,0,0.0,0,0.0,0,
1111,4,Ljubljana Bežigrad,1,Kočevje,20,CVIŠLERJI - PROSTORI VAŠKEGA DOMA,207.0,122,0.5894,122,122,0,1.0,0,0.0,1,0.0082,7,0.0574,49,0.4016,0,,6,0.0492,0,0.0,0,0.0,1,0.0082,0,0.0,1,0.0082,3,0.0246,0,0.0,2,0.0164,33,0.2705,7,0.0574,11,0.0902,1,0.0082,0,0.0,0,0.0,0,
1112,4,Ljubljana Bežigrad,1,Kočevje,9,GASILSKI DOM NA ROŠKI CESTI 10,254.0,155,0.6102,155,150,5,1.0,0,0.0,1,0.0067,3,0.02,62,0.4133,0,,4,0.0267,1,0.0067,4,0.0267,0,0.0,4,0.0267,0,0.0,7,0.0467,2,0.0133,2,0.0133,25,0.1667,4,0.0267,20,0.1333,9,0.06,2,0.0133,0,0.0,0,
1113,4,Ljubljana Bežigrad,1,Kočevje,24,"GASILSKI DOM, DOLNJE LOŽINE 1A",271.0,197,0.7269,197,195,2,1.0,1,0.0051,0,0.0,2,0.0103,81,0.4154,0,,2,0.0103,0,0.0,3,0.0154,3,0.0154,5,0.0256,4,0.0205,6,0.0308,0,0.0,1,0.0051,40,0.2051,1,0.0051,39,0.2,5,0.0256,0,0.0,2,0.0103,0,
1114,4,Ljubljana Bežigrad,1,Kočevje,19,"GASILSKI DOM, KLINJA VAS 46",177.0,121,0.6836,121,121,0,1.0,0,0.0,0,0.0,2,0.0165,47,0.3884,0,,4,0.0331,1,0.0083,3,0.0248,0,0.0,4,0.0331,0,0.0,9,0.0744,0,0.0,0,0.0,24,0.1983,1,0.0083,20,0.1653,3,0.0248,3,0.0248,0,0.0,0,
1115,4,Ljubljana Bežigrad,1,Kočevje,21,"GASILSKI DOM, KOPRIVNIK 31",80.0,56,0.7,56,56,0,1.0,0,0.0,0,0.0,1,0.0179,20,0.3571,0,,2,0.0357,0,0.0,0,0.0,0,0.0,1,0.0179,2,0.0357,2,0.0357,1,0.0179,1,0.0179,10,0.1786,3,0.0536,10,0.1786,3,0.0536,0,0.0,0,0.0,0,
1116,4,Ljubljana Bežigrad,1,Kočevje,15,"GASILSKI DOM, MAHOVNIK 37",257.0,154,0.5992,154,151,3,1.0,0,0.0,0,0.0,5,0.0331,70,0.4636,0,,3,0.0199,1,0.0066,2,0.0132,0,0.0,2,0.0132,2,0.0132,4,0.0265,1,0.0066,3,0.0199,18,0.1192,6,0.0397,23,0.1523,8,0.053,3,0.0199,0,0.0,0,
1117,4,Ljubljana Bežigrad,1,Kočevje,38,"GASILSKI DOM, MORAVA 14A",112.0,85,0.7589,85,85,0,1.0,0,0.0,0,0.0,3,0.0353,5,0.0588,0,,1,0.0118,0,0.0,0,0.0,0,0.0,1,0.0118,0,0.0,6,0.0706,0,0.0,1,0.0118,12,0.1412,2,0.0235,51,0.6,0,0.0,2,0.0235,1,0.0118,0,
1118,4,Ljubljana Bežigrad,1,Kočevje,33,"GASILSKI DOM, PREDGRAD 41",238.0,133,0.5588,133,131,2,1.0,2,0.0153,2,0.0153,0,0.0,39,0.2977,0,,2,0.0153,0,0.0,5,0.0382,1,0.0076,2,0.0153,2,0.0153,16,0.1221,2,0.0153,1,0.0076,30,0.229,5,0.0382,19,0.145,3,0.0229,0,0.0,0,0.0,0,
1119,4,Ljubljana Bežigrad,1,Kočevje,37,"GASILSKI DOM, ŠTALCERJI 10A",244.0,170,0.6967,170,170,0,1.0,3,0.0176,0,0.0,7,0.0412,49,0.2882,0,,5,0.0294,0,0.0,7,0.0412,1,0.0059,1,0.0059,5,0.0294,4,0.0235,3,0.0176,4,0.0235,31,0.1824,5,0.0294,41,0.2412,2,0.0118,1,0.0059,1,0.0059,0,
1120,4,Ljubljana Bežigrad,1,Kočevje,35,KOČEVSKA REKA 5 - KULTURNI DOM,278.0,176,0.6331,176,174,2,1.0,4,0.023,0,0.0,6,0.0345,53,0.3046,0,,5,0.0287,2,0.0115,4,0.023,3,0.0172,2,0.0115,0,0.0,17,0.0977,0,0.0,5,0.0287,35,0.2011,3,0.0172,10,0.0575,21,0.1207,1,0.0057,3,0.0172,0,
1121,4,Ljubljana Bežigrad,1,Kočevje,42,KUŽELJ 24A - GASILSKI DOM,48.0,27,0.5625,27,27,0,1.0,0,0.0,0,0.0,1,0.037,6,0.2222,0,,2,0.0741,0,0.0,4,0.1481,0,0.0,0,0.0,0,0.0,7,0.2593,0,0.0,0,0.0,4,0.1481,1,0.037,1,0.037,1,0.037,0,0.0,0,0.0,0,
1122,4,Ljubljana Bežigrad,1,Kočevje,34,LAZE PRI PREDGRADU 1A,17.0,13,0.7647,13,13,0,1.0,0,0.0,0,0.0,0,0.0,6,0.4615,0,,1,0.0769,0,0.0,1,0.0769,0,0.0,0,0.0,0,0.0,0,0.0,0,0.0,0,0.0,4,0.3077,1,0.0769,0,0.0,0,0.0,0,0.0,0,0.0,0,
1123,4,Ljubljana Bežigrad,1,Kočevje,47,OSILNICA 11B-BIVŠI OBRAT TEKSTILANE,213.0,110,0.5164,110,108,2,1.0,1,0.0093,0,0.0,4,0.037,22,0.2037,0,,2,0.0185,0,0.0,5,0.0463,1,0.0093,1,0.0093,0,0.0,37,0.3426,2,0.0185,0,0.0,25,0.2315,2,0.0185,4,0.037,2,0.0185,0,0.0,0,0.0,0,
1124,4,Ljubljana Bežigrad,1,Kočevje,22,"OSNOVNA ŠOLA STARA CERKEV, STARA CERKEV 21",835.0,541,0.6479,541,536,5,1.0,5,0.0093,0,0.0,25,0.0466,173,0.3228,0,,16,0.0299,2,0.0037,17,0.0317,4,0.0075,7,0.0131,4,0.0075,35,0.0653,10,0.0187,4,0.0075,136,0.2537,9,0.0168,59,0.1101,21,0.0392,6,0.0112,3,0.0056,0,
1125,4,Ljubljana Bežigrad,1,Kočevje,1,"POLOM, PROSTORI VAŠKEGA DOMA",43.0,32,0.7442,32,32,0,1.0,0,0.0,0,0.0,0,0.0,8,0.25,0,,0,0.0,0,0.0,0,0.0,0,0.0,0,0.0,0,0.0,1,0.0312,0,0.0,0,0.0,16,0.5,2,0.0625,5,0.1562,0,0.0,0,0.0,0,0.0,0,
1126,4,Ljubljana Bežigrad,1,Kočevje,30,"PROSTORI GASILSKEGA DOMA, MOZELJ 4A",226.0,133,0.5885,133,133,0,1.0,2,0.015,0,0.0,5,0.0376,36,0.2707,0,,6,0.0451,0,0.0,3,0.0226,5,0.0376,1,0.0075,2,0.015,5,0.0376,2,0.015,0,0.0,47,0.3534,3,0.0226,10,0.0752,3,0.0226,1,0.0075,2,0.015,0,
1127,4,Ljubljana Bežigrad,1,Kočevje,8,"PROSTORI KOMUNALE KOČEVJE, TESARSKA 10",389.0,207,0.5321,207,201,6,1.0,3,0.0149,1,0.005,8,0.0398,60,0.2985,0,,3,0.0149,0,0.0,10,0.0498,1,0.005,2,0.01,2,0.01,12,0.0597,2,0.01,2,0.01,44,0.2189,11,0.0547,28,0.1393,7,0.0348,5,0.0249,0,0.0,0,
1128,4,Ljubljana Bežigrad,1,Kočevje,10,"PROSTORI KS KOČEVJE MESTO, TRG SVETEGA JERNEJA 2",685.0,346,0.5051,346,342,4,1.0,3,0.0088,0,0.0,13,0.038,109,0.3187,0,,12,0.0351,2,0.0058,15,0.0439,5,0.0146,7,0.0205,4,0.0117,15,0.0439,4,0.0117,8,0.0234,66,0.193,10,0.0292,49,0.1433,12,0.0351,5,0.0146,3,0.0088,0,
1129,4,Ljubljana Bežigrad,1,Kočevje,29,"PROSVETNI DOM, ČRNI POTOK PRI KOČEVJU 1",161.0,95,0.5901,95,95,0,1.0,0,0.0,0,0.0,2,0.0211,24,0.2526,0,,6,0.0632,0,0.0,1,0.0105,0,0.0,2,0.0211,1,0.0105,5,0.0526,4,0.0421,1,0.0105,28,0.2947,1,0.0105,19,0.2,1,0.0105,0,0.0,0,0.0,0,
1130,4,Ljubljana Bežigrad,1,Kočevje,28,"PROSVETNI DOM, LIVOLD 18D",366.0,217,0.5929,217,215,2,1.0,1,0.0047,1,0.0047,6,0.0279,72,0.3349,0,,5,0.0233,1,0.0047,3,0.014,3,0.014,2,0.0093,1,0.0047,15,0.0698,4,0.0186,1,0.0047,54,0.2512,10,0.0465,29,0.1349,7,0.0326,0,0.0,0,0.0,0,
1131,4,Ljubljana Bežigrad,1,Kočevje,11,REŠKA CESTA 16-GLASBENA ŠOLA,348.0,220,0.6322,220,219,1,1.0,3,0.0137,0,0.0,3,0.0137,110,0.5023,0,,8,0.0365,0,0.0,6,0.0274,0,0.0,6,0.0274,1,0.0046,12,0.0548,2,0.0091,1,0.0046,23,0.105,5,0.0228,25,0.1142,10,0.0457,1,0.0046,3,0.0137,0,
1132,4,Ljubljana Bežigrad,1,Kočevje,17,ŠALKA VAS 50 B-GASILNI DOM,1139.0,697,0.6119,697,692,5,1.0,2,0.0029,1,0.0014,22,0.0318,284,0.4104,0,,30,0.0434,2,0.0029,24,0.0347,1,0.0014,16,0.0231,8,0.0116,34,0.0491,7,0.0101,10,0.0145,104,0.1503,28,0.0405,82,0.1185,26,0.0376,8,0.0116,3,0.0043,0,
1133,4,Ljubljana Bežigrad,1,Kočevje,13,"ŠEŠKOV DOM , PREŠERNOVA ULICA 11",1106.0,663,0.5995,663,653,10,1.0,10,0.0153,0,0.0,19,0.0291,196,0.3002,0,,18,0.0276,3,0.0046,23,0.0352,3,0.0046,13,0.0199,15,0.023,54,0.0827,14,0.0214,11,0.0168,147,0.2251,18,0.0276,87,0.1332,11,0.0168,4,0.0061,7,0.0107,0,
1134,4,Ljubljana Bežigrad,1,Kočevje,14,TRATA XIV 6A-PROSTORI PODJETNIŠKEGA INKUBATORJA,651.0,361,0.5545,361,355,6,1.0,3,0.0085,1,0.0028,10,0.0282,144,0.4056,0,,10,0.0282,2,0.0056,12,0.0338,0,0.0,8,0.0225,4,0.0113,25,0.0704,2,0.0056,7,0.0197,65,0.1831,3,0.0085,51,0.1437,5,0.0141,0,0.0,3,0.0085,0,
1135,4,Ljubljana Bežigrad,1,Kočevje,3,"UPRAVNI PROSTORI OBČINE, LJUBLJANSKA 26",1464.0,709,0.4843,709,691,18,1.0,2,0.0029,1,0.0014,29,0.042,280,0.4052,0,,28,0.0405,7,0.0101,20,0.0289,3,0.0043,23,0.0333,10,0.0145,32,0.0463,5,0.0072,4,0.0058,103,0.1491,16,0.0232,99,0.1433,20,0.0289,7,0.0101,2,0.0029,0,
1136,4,Ljubljana Bežigrad,1,Kočevje,41,VAS - V HIŠI ŠT. 1,256.0,160,0.625,160,158,2,1.0,0,0.0,1,0.0063,4,0.0253,62,0.3924,0,,3,0.019,0,0.0,1,0.0063,1,0.0063,2,0.0127,3,0.019,11,0.0696,0,0.0,3,0.019,41,0.2595,3,0.019,17,0.1076,1,0.0063,2,0.0127,3,0.019,0,
1137,4,Ljubljana Bežigrad,1,Kočevje,23,VAŠKI DOM KOBLARJI,270.0,178,0.6593,178,175,3,1.0,2,0.0114,0,0.0,6,0.0343,55,0.3143,0,,0,0.0,0,0.0,7,0.04,4,0.0229,5,0.0286,3,0.0171,17,0.0971,3,0.0171,2,0.0114,47,0.2686,4,0.0229,16,0.0914,3,0.0171,1,0.0057,0,0.0,0,
1138,4,Ljubljana Bežigrad,1,Kočevje,25,VAŠKI DOM MLAKA,519.0,349,0.6724,349,345,4,1.0,2,0.0058,0,0.0,17,0.0493,118,0.342,0,,8,0.0232,0,0.0,10,0.029,1,0.0029,9,0.0261,2,0.0058,14,0.0406,2,0.0058,5,0.0145,85,0.2464,9,0.0261,47,0.1362,9,0.0261,2,0.0058,5,0.0145,0,
1139,4,Ljubljana Bežigrad,1,Kočevje,26,VAŠKI DOM STARI LOG,120.0,74,0.6167,74,74,0,1.0,0,0.0,0,0.0,3,0.0405,26,0.3514,0,,6,0.0811,1,0.0135,0,0.0,3,0.0405,0,0.0,2,0.027,1,0.0135,1,0.0135,3,0.0405,17,0.2297,4,0.0541,3,0.0405,3,0.0405,1,0.0135,0,0.0,0,
1140,4,Ljubljana Bežigrad,1,Kočevje,40,VRH PRI FARI 1-LUKČEVA DOMAČIJA,98.0,68,0.6939,68,67,1,1.0,1,0.0149,0,0.0,0,0.0,14,0.209,0,,2,0.0299,0,0.0,5,0.0746,2,0.0299,0,0.0,0,0.0,12,0.1791,0,0.0,2,0.0299,19,0.2836,3,0.0448,7,0.1045,0,0.0,0,0.0,0,0.0,0,
1141,4,Ljubljana Bežigrad,1,Kočevje,18,"ŽELJNE - VAŠKI DOM, ŽELJNE 12 B",443.0,249,0.5621,249,249,0,1.0,2,0.008,0,0.0,15,0.0602,73,0.2932,0,,11,0.0442,2,0.008,3,0.012,2,0.008,11,0.0442,3,0.012,15,0.0602,1,0.004,0,0.0,69,0.2771,10,0.0402,18,0.0723,14,0.0562,0,0.0,0,0.0,0,
1142,4,Ljubljana Bežigrad,1,Kočevje,901,PREDČASNO GLASOVANJE,,1057,,1057,1049,8,1.0,2,0.0019,0,0.0,34,0.0324,410,0.3908,0,,44,0.0419,18,0.0172,20,0.0191,6,0.0057,12,0.0114,14,0.0133,51,0.0486,5,0.0048,11,0.0105,194,0.1849,11,0.0105,168,0.1602,39,0.0372,5,0.0048,5,0.0048,0,
1143,4,Ljubljana Bežigrad,2,Ribnica - Dobrepolje,44,"A MI GO, D.O.O., VINICE 8",100.0,73,0.73,73,71,2,1.0,0,0.0,0,0.0,0,0.0,11,0.1549,0,,3,0.0423,0,0.0,0,0.0,1,0.0141,3,0.0423,2,0.0282,12,0.169,1,0.0141,0,0.0,30,0.4225,3,0.0423,1,0.0141,2,0.0282,2,0.0282,0,0.0,0,
1144,4,Ljubljana Bežigrad,2,Ribnica - Dobrepolje,23,"DOM DRUŠTVA VETER BREG, BREG 17",536.0,343,0.6399,343,337,6,1.0,1,0.003,0,0.0,6,0.0178,91,0.27,0,,8,0.0237,1,0.003,11,0.0326,3,0.0089,6,0.0178,9,0.0267,68,0.2018,6,0.0178,3,0.0089,98,0.2908,2,0.0059,8,0.0237,9,0.0267,5,0.0148,2,0.0059,0,
1145,4,Ljubljana Bežigrad,2,Ribnica - Dobrepolje,47,"DOM KRAJANOV PODPRESKA-V PROST.PGD, PODPRESKA 3 A",99.0,65,0.6566,64,61,3,1.0,1,0.0164,0,0.0,1,0.0164,28,0.459,0,,1,0.0164,0,0.0,2,0.0328,0,0.0,1,0.0164,5,0.082,2,0.0328,0,0.0,0,0.0,13,0.2131,1,0.0164,4,0.0656,2,0.0328,0,0.0,0,0.0,0,
1146,4,Ljubljana Bežigrad,2,Ribnica - Dobrepolje,11,"DRUŠTVO INVALIDOV RIBNICA, KNAFLJEV TRG 2",208.0,126,0.6058,126,122,4,1.0,1,0.0082,0,0.0,2,0.0164,47,0.3852,0,,4,0.0328,0,0.0,7,0.0574,2,0.0164,3,0.0246,5,0.041,11,0.0902,1,0.0082,0,0.0,32,0.2623,1,0.0082,3,0.0246,1,0.0082,2,0.0164,0,0.0,0,
1147,4,Ljubljana Bežigrad,2,Ribnica - Dobrepolje,18,"GASILSKI DOM BUKOVICA, BUKOVICA 12",91.0,59,0.6484,59,59,0,1.0,0,0.0,0,0.0,1,0.0169,18,0.3051,0,,3,0.0508,0,0.0,2,0.0339,0,0.0,3,0.0508,0,0.0,16,0.2712,2,0.0339,0,0.0,13,0.2203,1,0.0169,0,0.0,0,0.0,0,0.0,0,0.0,0,
1148,4,Ljubljana Bežigrad,2,Ribnica - Dobrepolje,19,GASILSKI DOM DANE,49.0,43,0.8776,43,43,0,1.0,1,0.0233,0,0.0,0,0.0,5,0.1163,0,,0,0.0,0,0.0,0,0.0,0,0.0,0,0.0,6,0.1395,15,0.3488,0,0.0,1,0.0233,13,0.3023,0,0.0,0,0.0,1,0.0233,1,0.0233,0,0.0,0,
1149,4,Ljubljana Bežigrad,2,Ribnica - Dobrepolje,29,"GASILSKI DOM DOLENJA VAS, LONČARSKA ULICA 66",259.0,178,0.6873,178,175,3,1.0,0,0.0,0,0.0,5,0.0286,33,0.1886,0,,3,0.0171,0,0.0,3,0.0171,4,0.0229,6,0.0343,1,0.0057,45,0.2571,6,0.0343,2,0.0114,62,0.3543,1,0.0057,2,0.0114,2,0.0114,0,0.0,0,0.0,0,
1150,4,Ljubljana Bežigrad,2,Ribnica - Dobrepolje,24,"GASILSKI DOM DOLENJI LAZI, DOLENJI LAZI 2 A",244.0,197,0.8074,197,194,3,1.0,1,0.0052,1,0.0052,2,0.0103,30,0.1546,0,,1,0.0052,0,0.0,9,0.0464,1,0.0052,2,0.0103,7,0.0361,60,0.3093,5,0.0258,1,0.0052,63,0.3247,3,0.0155,3,0.0155,1,0.0052,2,0.0103,2,0.0103,0,
1151,4,Ljubljana Bežigrad,2,Ribnica - Dobrepolje,14,"GASILSKI DOM GORIČA VAS, GORIČA VAS 68 A",303.0,223,0.736,223,219,4,1.0,0,0.0,1,0.0046,1,0.0046,30,0.137,0,,1,0.0046,0,0.0,4,0.0183,8,0.0365,5,0.0228,2,0.0091,57,0.2603,2,0.0091,0,0.0,89,0.4064,9,0.0411,6,0.0274,3,0.0137,1,0.0046,0,0.0,0,
1152,4,Ljubljana Bežigrad,2,Ribnica - Dobrepolje,32,"GASILSKI DOM GRČARICE, GRČARICE 3",140.0,89,0.6357,89,87,2,1.0,1,0.0115,0,0.0,1,0.0115,32,0.3678,0,,4,0.046,0,0.0,3,0.0345,2,0.023,0,0.0,4,0.046,8,0.092,1,0.0115,0,0.0,12,0.1379,3,0.0345,13,0.1494,2,0.023,1,0.0115,0,0.0,0,
1153,4,Ljubljana Bežigrad,2,Ribnica - Dobrepolje,53,"GASILSKI DOM HOČEVJE, HOČEVJE 19",146.0,105,0.7192,105,105,0,1.0,0,0.0,0,0.0,3,0.0286,45,0.4286,0,,6,0.0571,0,0.0,10,0.0952,2,0.019,5,0.0476,2,0.019,7,0.0667,3,0.0286,2,0.019,16,0.1524,0,0.0,2,0.019,2,0.019,0,0.0,0,0.0,0,
1154,4,Ljubljana Bežigrad,2,Ribnica - Dobrepolje,21,"GASILSKI DOM JURJEVICA, JURJEVICA 37 A",160.0,118,0.7375,118,118,0,1.0,0,0.0,1,0.0085,3,0.0254,21,0.178,0,,3,0.0254,0,0.0,3,0.0254,7,0.0593,2,0.0169,1,0.0085,24,0.2034,1,0.0085,4,0.0339,38,0.322,3,0.0254,1,0.0085,4,0.0339,0,0.0,2,0.0169,0,
1155,4,Ljubljana Bežigrad,2,Ribnica - Dobrepolje,56,"GASILSKI DOM KOMPOLJE, KOMPOLJE 60",367.0,284,0.7738,284,283,1,1.0,0,0.0,1,0.0035,7,0.0247,34,0.1201,0,,11,0.0389,0,0.0,11,0.0389,2,0.0071,6,0.0212,0,0.0,39,0.1378,3,0.0106,11,0.0389,140,0.4947,4,0.0141,8,0.0283,4,0.0141,2,0.0071,0,0.0,0,
1156,4,Ljubljana Bežigrad,2,Ribnica - Dobrepolje,27,"GASILSKI DOM LIPOVEC, LIPOVEC 17",123.0,90,0.7317,90,87,3,1.0,0,0.0,0,0.0,3,0.0345,14,0.1609,0,,0,0.0,0,0.0,7,0.0805,1,0.0115,2,0.023,1,0.0115,20,0.2299,0,0.0,2,0.023,35,0.4023,1,0.0115,0,0.0,1,0.0115,0,0.0,0,0.0,0,
1157,4,Ljubljana Bežigrad,2,Ribnica - Dobrepolje,5,"GASILSKI DOM MALI LOG, MALI LOG 9",176.0,130,0.7386,130,127,3,1.0,0,0.0,0,0.0,2,0.0157,41,0.3228,0,,4,0.0315,3,0.0236,2,0.0157,3,0.0236,2,0.0157,6,0.0472,16,0.126,2,0.0157,1,0.0079,36,0.2835,3,0.0236,3,0.0236,2,0.0157,0,0.0,1,0.0079,0,
1158,4,Ljubljana Bežigrad,2,Ribnica - Dobrepolje,15,"GASILSKI DOM NEMŠKA VAS, NEMŠKA VAS 22",196.0,146,0.7449,146,146,0,1.0,0,0.0,0,0.0,3,0.0205,27,0.1849,0,,2,0.0137,1,0.0068,1,0.0068,5,0.0342,3,0.0205,0,0.0,30,0.2055,1,0.0068,1,0.0068,58,0.3973,6,0.0411,1,0.0068,5,0.0342,2,0.0137,0,0.0,0,
1159,4,Ljubljana Bežigrad,2,Ribnica - Dobrepolje,50,GASILSKI DOM NOVI KOT,51.0,33,0.6471,33,33,0,1.0,0,0.0,0,0.0,0,0.0,9,0.2727,0,,6,0.1818,0,0.0,0,0.0,0,0.0,0,0.0,5,0.1515,0,0.0,0,0.0,1,0.0303,11,0.3333,0,0.0,1,0.0303,0,0.0,0,0.0,0,0.0,0,
1160,4,Ljubljana Bežigrad,2,Ribnica - Dobrepolje,28,"GASILSKI DOM PRIGORICA, PRIGORICA 38",317.0,231,0.7287,231,224,7,1.0,2,0.0089,0,0.0,0,0.0,39,0.1741,0,,2,0.0089,0,0.0,8,0.0357,0,0.0,4,0.0179,2,0.0089,63,0.2812,2,0.0089,3,0.0134,87,0.3884,4,0.0179,2,0.0089,1,0.0045,3,0.0134,2,0.0089,0,
1161,4,Ljubljana Bežigrad,2,Ribnica - Dobrepolje,31,"GASILSKI DOM RAKITNICA, RAKITNICA 6A",210.0,161,0.7667,161,161,0,1.0,2,0.0124,2,0.0124,1,0.0062,28,0.1739,0,,2,0.0124,0,0.0,3,0.0186,5,0.0311,0,0.0,1,0.0062,26,0.1615,0,0.0,6,0.0373,72,0.4472,3,0.0186,7,0.0435,1,0.0062,1,0.0062,1,0.0062,0,
1162,4,Ljubljana Bežigrad,2,Ribnica - Dobrepolje,1,"GASILSKI DOM RETJE, RETJE 55 A",329.0,255,0.7751,255,252,3,1.0,0,0.0,0,0.0,2,0.0079,51,0.2024,0,,6,0.0238,0,0.0,4,0.0159,2,0.0079,4,0.0159,10,0.0397,37,0.1468,5,0.0198,4,0.0159,112,0.4444,6,0.0238,4,0.0159,3,0.0119,1,0.004,1,0.004,0,
1163,4,Ljubljana Bežigrad,2,Ribnica - Dobrepolje,17,GASILSKI DOM SAJEVEC,118.0,84,0.7119,84,82,2,1.0,0,0.0,0,0.0,0,0.0,16,0.1951,0,,3,0.0366,0,0.0,2,0.0244,0,0.0,2,0.0244,0,0.0,34,0.4146,0,0.0,1,0.0122,21,0.2561,2,0.0244,1,0.0122,0,0.0,0,0.0,0,0.0,0,
1164,4,Ljubljana Bežigrad,2,Ribnica - Dobrepolje,46,"GASILSKI DOM SODRAŽICA, TRG 25. MAJA 5, SODRAŽICA",361.0,265,0.7341,265,264,1,1.0,0,0.0,1,0.0038,3,0.0114,66,0.25,0,,4,0.0152,0,0.0,11,0.0417,7,0.0265,0,0.0,4,0.0152,40,0.1515,5,0.0189,13,0.0492,90,0.3409,2,0.0076,11,0.0417,3,0.0114,3,0.0114,1,0.0038,0,
1165,4,Ljubljana Bežigrad,2,Ribnica - Dobrepolje,35,"GASILSKI DOM SVETI GREGOR, SVETI GREGOR 17",337.0,254,0.7537,254,254,0,1.0,0,0.0,0,0.0,6,0.0236,21,0.0827,0,,2,0.0079,2,0.0079,2,0.0079,4,0.0157,3,0.0118,1,0.0039,66,0.2598,2,0.0079,8,0.0315,121,0.4764,4,0.0157,3,0.0118,0,0.0,5,0.0197,4,0.0157,0,
1166,4,Ljubljana Bežigrad,2,Ribnica - Dobrepolje,49,"GASILSKI DOM TRAVA, TRAVA 14",106.0,51,0.4811,51,51,0,1.0,0,0.0,0,0.0,4,0.0784,18,0.3529,0,,2,0.0392,0,0.0,4,0.0784,1,0.0196,0,0.0,2,0.0392,2,0.0392,0,0.0,3,0.0588,11,0.2157,0,0.0,3,0.0588,1,0.0196,0,0.0,0,0.0,0,
1167,4,Ljubljana Bežigrad,2,Ribnica - Dobrepolje,54,"GASILSKI DOM ZAGORICA, ZAGORICA 36A",172.0,141,0.8198,141,141,0,1.0,1,0.0071,0,0.0,0,0.0,28,0.1986,0,,3,0.0213,0,0.0,4,0.0284,2,0.0142,0,0.0,0,0.0,32,0.227,3,0.0213,2,0.0142,58,0.4113,0,0.0,3,0.0213,2,0.0142,3,0.0213,0,0.0,0,
1168,4,Ljubljana Bežigrad,2,Ribnica - Dobrepolje,38,"GASILSKI DOM ZAMOSTEC, ZAMOSTEC 8 A",198.0,144,0.7273,144,140,4,1.0,3,0.0214,0,0.0,3,0.0214,28,0.2,0,,2,0.0143,1,0.0071,4,0.0286,1,0.0071,0,0.0,4,0.0286,15,0.1071,2,0.0143,3,0.0214,61,0.4357,6,0.0429,5,0.0357,2,0.0143,0,0.0,0,0.0,0,
1169,4,Ljubljana Bežigrad,2,Ribnica - Dobrepolje,36,"GASILSKI DOM ZAPOTOK, ZAPOTOK 2",151.0,110,0.7285,110,108,2,1.0,0,0.0,0,0.0,1,0.0093,20,0.1852,0,,2,0.0185,0,0.0,1,0.0093,0,0.0,0,0.0,1,0.0093,25,0.2315,2,0.0185,3,0.0278,49,0.4537,2,0.0185,2,0.0185,0,0.0,0,0.0,0,0.0,0,
1170,4,Ljubljana Bežigrad,2,Ribnica - Dobrepolje,40,"GASILSKI DOM ŽIMARICE, ŽIMARICE 76",215.0,150,0.6977,150,150,0,1.0,1,0.0067,0,0.0,3,0.02,21,0.14,0,,1,0.0067,0,0.0,0,0.0,2,0.0133,0,0.0,2,0.0133,33,0.22,2,0.0133,3,0.02,77,0.5133,2,0.0133,0,0.0,1,0.0067,0,0.0,2,0.0133,0,
1171,4,Ljubljana Bežigrad,2,Ribnica - Dobrepolje,6,"GLASBENA ŠOLA RIBNICA, KOLODVORSKA ULICA 10",480.0,266,0.5542,266,262,4,1.0,1,0.0038,0,0.0,11,0.042,84,0.3206,0,,16,0.0611,1,0.0038,10,0.0382,1,0.0038,5,0.0191,9,0.0344,42,0.1603,3,0.0115,1,0.0038,43,0.1641,2,0.0076,22,0.084,5,0.0191,2,0.0076,4,0.0153,0,
1172,4,Ljubljana Bežigrad,2,Ribnica - Dobrepolje,4,"GOSTILNA ""PRI KAPCU"", TRAVNIK 74",267.0,168,0.6292,168,167,1,1.0,0,0.0,0,0.0,2,0.012,62,0.3713,0,,3,0.018,1,0.006,10,0.0599,7,0.0419,7,0.0419,3,0.018,12,0.0719,3,0.018,5,0.0299,34,0.2036,6,0.0359,6,0.0359,3,0.018,3,0.018,0,0.0,0,
1173,4,Ljubljana Bežigrad,2,Ribnica - Dobrepolje,34,"GOSTILNA MATJAK, ORTNEK 2, 1316 ORTNEK",92.0,55,0.5978,55,55,0,1.0,0,0.0,0,0.0,0,0.0,14,0.2545,0,,0,0.0,0,0.0,2,0.0364,2,0.0364,0,0.0,0,0.0,9,0.1636,0,0.0,5,0.0909,23,0.4182,0,0.0,0,0.0,0,0.0,0,0.0,0,0.0,0,
1174,4,Ljubljana Bežigrad,2,Ribnica - Dobrepolje,13,"GOSTILNA PRI ANDOLJŠKU,HROVAČA 30",272.0,172,0.6324,172,170,2,1.0,1,0.0059,1,0.0059,2,0.0118,39,0.2294,0,,7,0.0412,0,0.0,6,0.0353,1,0.0059,1,0.0059,1,0.0059,26,0.1529,0,0.0,3,0.0176,54,0.3176,2,0.0118,14,0.0824,6,0.0353,6,0.0353,0,0.0,0,
1175,4,Ljubljana Bežigrad,2,Ribnica - Dobrepolje,51,"GOSTIŠČE - PENZION MAKŠAR, BREŽE 18A",126.0,105,0.8333,105,102,3,1.0,0,0.0,0,0.0,5,0.049,16,0.1569,0,,1,0.0098,0,0.0,3,0.0294,2,0.0196,4,0.0392,2,0.0196,19,0.1863,1,0.0098,7,0.0686,36,0.3529,0,0.0,5,0.049,0,0.0,1,0.0098,0,0.0,0,
1176,4,Ljubljana Bežigrad,2,Ribnica - Dobrepolje,25,"GOSTIŠČE VRBA, ŽLEBIČ 15A, 1310 RIBNICA",321.0,255,0.7944,255,253,2,1.0,2,0.0079,0,0.0,4,0.0158,26,0.1028,0,,1,0.004,1,0.004,3,0.0119,4,0.0158,3,0.0119,9,0.0356,81,0.3202,3,0.0119,2,0.0079,99,0.3913,3,0.0119,10,0.0395,1,0.004,0,0.0,1,0.004,0,
1177,4,Ljubljana Bežigrad,2,Ribnica - Dobrepolje,52,"JAKLIČEV DOM DOBREPOLJE, VIDEM 34",1013.0,715,0.7058,715,710,5,1.0,1,0.0014,0,0.0,6,0.0085,135,0.1901,0,,20,0.0282,0,0.0,17,0.0239,5,0.007,11,0.0155,3,0.0042,114,0.1606,12,0.0169,39,0.0549,296,0.4169,7,0.0099,23,0.0324,9,0.0127,9,0.0127,3,0.0042,0,
1178,4,Ljubljana Bežigrad,2,Ribnica - Dobrepolje,48,"LOVSKI DOM DRAGA, DRAGA 33A",72.0,41,0.5694,41,41,0,1.0,0,0.0,0,0.0,0,0.0,6,0.1463,0,,3,0.0732,1,0.0244,1,0.0244,1,0.0244,0,0.0,2,0.0488,0,0.0,0,0.0,0,0.0,19,0.4634,2,0.0488,6,0.1463,0,0.0,0,0.0,0,0.0,0,
1179,4,Ljubljana Bežigrad,2,Ribnica - Dobrepolje,16,"OBORA - ANDOLJŠEK ALOJZ, OTAVICE 31 B",91.0,56,0.6154,56,56,0,1.0,0,0.0,0,0.0,0,0.0,4,0.0714,0,,0,0.0,0,0.0,0,0.0,1,0.0179,0,0.0,0,0.0,17,0.3036,1,0.0179,0,0.0,27,0.4821,1,0.0179,2,0.0357,0,0.0,1,0.0179,2,0.0357,0,
1180,4,Ljubljana Bežigrad,2,Ribnica - Dobrepolje,39,"OSNOVNA ŠOLA DR. IVAN PRIJATELJ SODRAŽICA, CNO 10",313.0,243,0.7764,243,242,1,1.0,2,0.0083,1,0.0041,4,0.0165,53,0.219,0,,5,0.0207,1,0.0041,7,0.0289,4,0.0165,4,0.0165,3,0.0124,49,0.2025,3,0.0124,3,0.0124,89,0.3678,4,0.0165,3,0.0124,2,0.0083,5,0.0207,0,0.0,0,
1181,4,Ljubljana Bežigrad,2,Ribnica - Dobrepolje,9,"OSNOVNA ŠOLA FRANCETA PREŠERNA RIBNICA,ŠOLSKA UL ",647.0,364,0.5626,364,362,2,1.0,2,0.0055,0,0.0,19,0.0525,95,0.2624,0,,13,0.0359,2,0.0055,10,0.0276,1,0.0028,8,0.0221,7,0.0193,67,0.1851,2,0.0055,8,0.0221,83,0.2293,5,0.0138,18,0.0497,16,0.0442,3,0.0083,3,0.0083,0,
1182,4,Ljubljana Bežigrad,2,Ribnica - Dobrepolje,26,"OSNOVNA ŠOLA SUŠJE, SUŠJE 2",89.0,71,0.7978,71,71,0,1.0,0,0.0,0,0.0,0,0.0,7,0.0986,0,,0,0.0,0,0.0,0,0.0,0,0.0,3,0.0423,1,0.0141,15,0.2113,0,0.0,0,0.0,37,0.5211,5,0.0704,0,0.0,1,0.0141,2,0.0282,0,0.0,0,
1183,4,Ljubljana Bežigrad,2,Ribnica - Dobrepolje,45,"OŠ DR.F. PREŠERNA-PODRUŽ. DOLENJA VAS, ŠOLSKA UL ",344.0,228,0.6628,228,224,4,1.0,0,0.0,0,0.0,1,0.0045,48,0.2143,0,,8,0.0357,0,0.0,12,0.0536,10,0.0446,6,0.0268,4,0.0179,58,0.2589,3,0.0134,1,0.0045,59,0.2634,2,0.0089,9,0.0402,2,0.0089,1,0.0045,0,0.0,0,
1184,4,Ljubljana Bežigrad,2,Ribnica - Dobrepolje,58,"OŠ STRUGE, LIPA 16",416.0,295,0.7091,295,293,2,1.0,2,0.0068,0,0.0,5,0.0171,26,0.0887,0,,5,0.0171,1,0.0034,2,0.0068,4,0.0137,4,0.0137,1,0.0034,40,0.1365,1,0.0034,9,0.0307,174,0.5939,4,0.0137,8,0.0273,3,0.0102,2,0.0068,2,0.0068,0,
1185,4,Ljubljana Bežigrad,2,Ribnica - Dobrepolje,30,"PRI DRAGU MERHARJU, BLATE 1",50.0,32,0.64,32,32,0,1.0,0,0.0,0,0.0,0,0.0,7,0.2188,0,,0,0.0,0,0.0,4,0.125,0,0.0,1,0.0312,0,0.0,1,0.0312,0,0.0,0,0.0,18,0.5625,1,0.0312,0,0.0,0,0.0,0,0.0,0,0.0,0,
1186,4,Ljubljana Bežigrad,2,Ribnica - Dobrepolje,22,"PRI GORNIK IVANKI, KOT 11",92.0,75,0.8152,75,72,3,1.0,1,0.0139,0,0.0,1,0.0139,4,0.0556,0,,1,0.0139,0,0.0,0,0.0,1,0.0139,0,0.0,2,0.0278,30,0.4167,1,0.0139,0,0.0,23,0.3194,5,0.0694,0,0.0,2,0.0278,1,0.0139,0,0.0,0,
1187,4,Ljubljana Bežigrad,2,Ribnica - Dobrepolje,37,"PRI JOŽETU LUŠINU, LIPOVŠICA 1",94.0,71,0.7553,71,69,2,1.0,0,0.0,0,0.0,0,0.0,20,0.2899,0,,4,0.058,0,0.0,1,0.0145,3,0.0435,0,0.0,0,0.0,10,0.1449,0,0.0,0,0.0,27,0.3913,0,0.0,2,0.029,1,0.0145,1,0.0145,0,0.0,0,
1188,4,Ljubljana Bežigrad,2,Ribnica - Dobrepolje,42,"PRI JULIJANI MIHELIČ, PODKLANEC 7",101.0,80,0.7921,80,78,2,1.0,0,0.0,0,0.0,0,0.0,11,0.141,0,,2,0.0256,0,0.0,1,0.0128,0,0.0,2,0.0256,3,0.0385,13,0.1667,0,0.0,3,0.0385,41,0.5256,1,0.0128,1,0.0128,0,0.0,0,0.0,0,0.0,0,
1189,4,Ljubljana Bežigrad,2,Ribnica - Dobrepolje,3,"PRI LAVRIČ SLAVKU, ŠEGOVA VAS 11",87.0,59,0.6782,59,56,3,1.0,0,0.0,0,0.0,3,0.0536,12,0.2143,0,,4,0.0714,0,0.0,1,0.0179,1,0.0179,2,0.0357,2,0.0357,8,0.1429,2,0.0357,0,0.0,18,0.3214,0,0.0,0,0.0,0,0.0,1,0.0179,2,0.0357,0,
1190,4,Ljubljana Bežigrad,2,Ribnica - Dobrepolje,41,"PRI MIRKU ORAŽMU, GLOBEL 8",93.0,75,0.8065,75,75,0,1.0,1,0.0133,0,0.0,2,0.0267,6,0.08,0,,0,0.0,1,0.0133,0,0.0,2,0.0267,2,0.0267,0,0.0,32,0.4267,1,0.0133,2,0.0267,24,0.32,0,0.0,1,0.0133,0,0.0,0,0.0,1,0.0133,0,
1191,4,Ljubljana Bežigrad,2,Ribnica - Dobrepolje,57,"PRIZMA PONIKVE POSEBNI SOC. VAR. ZAVOD, PONIKVE 7",359.0,255,0.7103,255,253,2,1.0,3,0.0119,0,0.0,2,0.0079,62,0.2451,0,,7,0.0277,0,0.0,3,0.0119,0,0.0,11,0.0435,0,0.0,39,0.1542,4,0.0158,11,0.0435,92,0.3636,3,0.0119,13,0.0514,2,0.0079,0,0.0,1,0.004,0,
1192,4,Ljubljana Bežigrad,2,Ribnica - Dobrepolje,8,ROKODELSKI CENTER RIBNICA (RCR-A) CESTA NA UGAR 6,472.0,296,0.6271,296,292,4,1.0,2,0.0068,1,0.0034,7,0.024,82,0.2808,0,,10,0.0342,2,0.0068,11,0.0377,0,0.0,9,0.0308,5,0.0171,55,0.1884,3,0.0103,2,0.0068,73,0.25,3,0.0103,15,0.0514,8,0.0274,3,0.0103,1,0.0034,0,
1193,4,Ljubljana Bežigrad,2,Ribnica - Dobrepolje,10,"ROKODELSKI CENTER RIBNICA (RCR-B), CESTA NA UGAR ",424.0,263,0.6203,263,260,3,1.0,1,0.0038,0,0.0,3,0.0115,72,0.2769,0,,7,0.0269,1,0.0038,11,0.0423,1,0.0038,6,0.0231,3,0.0115,43,0.1654,4,0.0154,9,0.0346,68,0.2615,3,0.0115,12,0.0462,12,0.0462,3,0.0115,1,0.0038,0,
1194,4,Ljubljana Bežigrad,2,Ribnica - Dobrepolje,33,"ŠOLA VELIKE POLJANE, VELIKE POLJANE 45",138.0,108,0.7826,108,108,0,1.0,1,0.0093,0,0.0,2,0.0185,14,0.1296,0,,0,0.0,0,0.0,3,0.0278,6,0.0556,5,0.0463,2,0.0185,31,0.287,0,0.0,2,0.0185,32,0.2963,3,0.0278,2,0.0185,4,0.037,1,0.0093,0,0.0,0,
1195,4,Ljubljana Bežigrad,2,Ribnica - Dobrepolje,7,"ŠPORTNI CENTER RIBNICA (ŠCR-A), MAJNIKOVA 2",176.0,84,0.4773,84,84,0,1.0,0,0.0,0,0.0,1,0.0119,24,0.2857,0,,3,0.0357,0,0.0,4,0.0476,0,0.0,5,0.0595,6,0.0714,9,0.1071,0,0.0,3,0.0357,14,0.1667,0,0.0,9,0.1071,4,0.0476,2,0.0238,0,0.0,0,
1196,4,Ljubljana Bežigrad,2,Ribnica - Dobrepolje,12,"TURISTIČNO DRUŠTVO RIBNICA, GALLUSOVO NABREŽJE 10",206.0,105,0.5097,105,103,2,1.0,0,0.0,2,0.0194,4,0.0388,33,0.3204,0,,8,0.0777,1,0.0097,5,0.0485,1,0.0097,3,0.0291,4,0.0388,3,0.0291,2,0.0194,0,0.0,30,0.2913,2,0.0194,1,0.0097,4,0.0388,0,0.0,0,0.0,0,
1197,4,Ljubljana Bežigrad,2,Ribnica - Dobrepolje,43,"TURISTIČNO ŠPORTNO DRUŠTVO GORA, PETRINCI 10 A",118.0,81,0.6864,81,81,0,1.0,0,0.0,0,0.0,3,0.037,16,0.1975,0,,0,0.0,0,0.0,0,0.0,5,0.0617,1,0.0123,0,0.0,14,0.1728,1,0.0123,2,0.0247,33,0.4074,1,0.0123,3,0.037,1,0.0123,0,0.0,1,0.0123,0,
1198,4,Ljubljana Bežigrad,2,Ribnica - Dobrepolje,55,"VAŠKI PROSTOR PREDSTRUGE, PREDSTRUGE 60",459.0,337,0.7342,337,334,3,1.0,3,0.009,0,0.0,4,0.012,81,0.2425,0,,3,0.009,3,0.009,5,0.015,4,0.012,13,0.0389,4,0.012,53,0.1587,8,0.024,13,0.0389,112,0.3353,8,0.024,13,0.0389,4,0.012,3,0.009,0,0.0,0,
1199,4,Ljubljana Bežigrad,2,Ribnica - Dobrepolje,2,"VEČNAMENSKI OBJEKT HRIB, HRIB 19A, LOŠKI POTOK",270.0,180,0.6667,180,179,1,1.0,0,0.0,0,0.0,4,0.0223,50,0.2793,0,,2,0.0112,0,0.0,3,0.0168,2,0.0112,5,0.0279,2,0.0112,24,0.1341,6,0.0335,3,0.0168,64,0.3575,2,0.0112,8,0.0447,1,0.0056,1,0.0056,2,0.0112,0,
1200,4,Ljubljana Bežigrad,2,Ribnica - Dobrepolje,901,PREDČASNO GLASOVANJE,,886,,886,882,4,1.0,5,0.0057,0,0.0,14,0.0159,284,0.322,0,,30,0.034,2,0.0023,17,0.0193,16,0.0181,14,0.0159,12,0.0136,108,0.1224,2,0.0023,24,0.0272,242,0.2744,7,0.0079,57,0.0646,30,0.034,14,0.0159,4,0.0045,0,
1201,4,Ljubljana Bežigrad,3,Grosuplje,5,"DOM OBRTNIKOV GROSUPLJE, OB GROSUPELJŠČICI 1B",1501.0,1013,0.6749,1013,1009,4,1.0,4,0.004,6,0.0059,12,0.0119,307,0.3043,0,,40,0.0396,2,0.002,40,0.0396,6,0.0059,21,0.0208,15,0.0149,76,0.0753,14,0.0139,28,0.0278,328,0.3251,9,0.0089,37,0.0367,22,0.0218,35,0.0347,7,0.0069,0,
1202,4,Ljubljana Bežigrad,3,Grosuplje,1,"DRUŽBENI DOM GROSUPLJE I, TABORSKA CESTA 1",679.0,396,0.5832,396,392,4,1.0,1,0.0026,2,0.0051,7,0.0179,107,0.273,0,,28,0.0714,0,0.0,11,0.0281,1,0.0026,5,0.0128,8,0.0204,30,0.0765,12,0.0306,11,0.0281,132,0.3367,3,0.0077,18,0.0459,7,0.0179,8,0.0204,1,0.0026,0,
1203,4,Ljubljana Bežigrad,3,Grosuplje,2,"DRUŽBENI DOM GROSUPLJE II, TABORSKA CESTA 1",1444.0,800,0.554,800,792,8,1.0,6,0.0076,0,0.0,28,0.0354,292,0.3687,0,,45,0.0568,7,0.0088,59,0.0745,3,0.0038,10,0.0126,18,0.0227,59,0.0745,11,0.0139,15,0.0189,165,0.2083,5,0.0063,38,0.048,15,0.0189,12,0.0152,4,0.0051,0,
1204,4,Ljubljana Bežigrad,3,Grosuplje,9,"DRUŽBENI DOM RAČNA, VELIKA RAČNA 24B",595.0,441,0.7412,441,435,6,1.0,3,0.0069,1,0.0023,6,0.0138,98,0.2253,0,,7,0.0161,1,0.0023,15,0.0345,7,0.0161,6,0.0138,9,0.0207,21,0.0483,8,0.0184,60,0.1379,161,0.3701,5,0.0115,12,0.0276,11,0.0253,3,0.0069,1,0.0023,0,
1205,4,Ljubljana Bežigrad,3,Grosuplje,15,"GASILSKI DOM LUČE, LUČE 22A",239.0,174,0.728,174,169,5,1.0,0,0.0,0,0.0,0,0.0,23,0.1361,0,,4,0.0237,0,0.0,2,0.0118,4,0.0237,2,0.0118,5,0.0296,22,0.1302,1,0.0059,3,0.0178,91,0.5385,5,0.0296,3,0.0178,2,0.0118,1,0.0059,1,0.0059,0,
1206,4,Ljubljana Bežigrad,3,Grosuplje,6,"GASILSKI DOM MALA ILOVA GORA, M.ILOVA GORA 21",163.0,120,0.7362,120,120,0,1.0,0,0.0,0,0.0,3,0.025,19,0.1583,0,,1,0.0083,0,0.0,1,0.0083,3,0.025,0,0.0,4,0.0333,11,0.0917,1,0.0083,12,0.1,53,0.4417,3,0.025,1,0.0083,2,0.0167,5,0.0417,1,0.0083,0,
1207,4,Ljubljana Bežigrad,3,Grosuplje,8,"GASILSKI DOM POLICA, POLICA 41",1380.0,932,0.6754,932,928,4,1.0,4,0.0043,1,0.0011,24,0.0259,262,0.2823,0,,27,0.0291,0,0.0,31,0.0334,12,0.0129,31,0.0334,22,0.0237,74,0.0797,8,0.0086,17,0.0183,343,0.3696,9,0.0097,30,0.0323,18,0.0194,11,0.0119,4,0.0043,0,
1208,4,Ljubljana Bežigrad,3,Grosuplje,12,"GASILSKI DOM PONOVA VAS, PONOVA VAS 27",494.0,348,0.7045,348,344,4,1.0,1,0.0029,2,0.0058,2,0.0058,79,0.2297,0,,13,0.0378,0,0.0,6,0.0174,4,0.0116,2,0.0058,7,0.0203,43,0.125,6,0.0174,15,0.0436,130,0.3779,8,0.0233,13,0.0378,4,0.0116,9,0.0262,0,0.0,0,
1209,4,Ljubljana Bežigrad,3,Grosuplje,7,"GASILSKI DOM VELIKO MLAČEVO, VELIKO MLAČEVO 6A",894.0,533,0.5962,533,528,5,1.0,3,0.0057,0,0.0,8,0.0152,121,0.2292,0,,10,0.0189,0,0.0,8,0.0152,5,0.0095,9,0.017,12,0.0227,43,0.0814,13,0.0246,16,0.0303,241,0.4564,11,0.0208,6,0.0114,10,0.0189,9,0.017,3,0.0057,0,
1210,4,Ljubljana Bežigrad,3,Grosuplje,11,"KRAJEVNA SKUPNOST ŠKOCJAN, ŠKOCJAN 20",362.0,240,0.663,240,240,0,1.0,0,0.0,0,0.0,4,0.0167,89,0.3708,0,,5,0.0208,1,0.0042,6,0.025,0,0.0,6,0.025,5,0.0208,25,0.1042,6,0.025,6,0.025,73,0.3042,2,0.0083,9,0.0375,1,0.0042,1,0.0042,1,0.0042,0,
1211,4,Ljubljana Bežigrad,3,Grosuplje,4,"OSNOVNA ŠOLA BRINJE, LJUBLJANSKA CESTA 40A",1474.0,891,0.6045,891,889,2,1.0,9,0.0101,5,0.0056,26,0.0292,297,0.3341,0,,43,0.0484,1,0.0011,29,0.0326,3,0.0034,11,0.0124,27,0.0304,54,0.0607,18,0.0202,20,0.0225,238,0.2677,10,0.0112,50,0.0562,26,0.0292,17,0.0191,5,0.0056,0,
1212,4,Ljubljana Bežigrad,3,Grosuplje,3,"OSNOVNA ŠOLA LOUISA ADAMIČA, TOVARNIŠKA CESTA 14",1269.0,847,0.6675,846,841,5,1.0,3,0.0036,3,0.0036,7,0.0083,248,0.2949,0,,36,0.0428,1,0.0012,22,0.0262,6,0.0071,13,0.0155,16,0.019,61,0.0725,15,0.0178,21,0.025,302,0.3591,11,0.0131,45,0.0535,13,0.0155,11,0.0131,7,0.0083,0,
1213,4,Ljubljana Bežigrad,3,Grosuplje,16,"OSNOVNA ŠOLA ŠMARJE-SAP I., LJUBLJANSKA CESTA 49",997.0,722,0.7242,722,717,5,1.0,6,0.0084,0,0.0,27,0.0377,238,0.3319,0,,26,0.0363,0,0.0,25,0.0349,4,0.0056,13,0.0181,24,0.0335,62,0.0865,16,0.0223,9,0.0126,176,0.2455,8,0.0112,45,0.0628,23,0.0321,10,0.0139,5,0.007,0,
1214,4,Ljubljana Bežigrad,3,Grosuplje,17,"OSNOVNA ŠOLA ŠMARJE-SAP II., LJUBLJANSKA CESTA 49",668.0,481,0.7201,481,479,2,1.0,3,0.0063,3,0.0063,8,0.0167,191,0.3987,0,,23,0.048,0,0.0,10,0.0209,9,0.0188,8,0.0167,15,0.0313,41,0.0856,7,0.0146,12,0.0251,104,0.2171,3,0.0063,13,0.0271,18,0.0376,9,0.0188,2,0.0042,0,
1215,4,Ljubljana Bežigrad,3,Grosuplje,18,"OSNOVNA ŠOLA ŠMARJE-SAP III., LJUBLJANSKA C. 49",925.0,636,0.6876,636,634,2,1.0,0,0.0,2,0.0032,1,0.0016,192,0.3028,0,,30,0.0473,4,0.0063,28,0.0442,9,0.0142,6,0.0095,18,0.0284,68,0.1073,10,0.0158,16,0.0252,198,0.3123,8,0.0126,20,0.0315,16,0.0252,4,0.0063,4,0.0063,0,
1216,4,Ljubljana Bežigrad,3,Grosuplje,13,"OSNOVNA ŠOLA ŠT. JURIJ, ŠT. JURIJ 14",1011.0,690,0.6825,690,688,2,1.0,0,0.0,3,0.0044,18,0.0262,153,0.2224,0,,11,0.016,0,0.0,32,0.0465,9,0.0131,12,0.0174,6,0.0087,69,0.1003,6,0.0087,13,0.0189,295,0.4288,7,0.0102,30,0.0436,9,0.0131,11,0.016,4,0.0058,0,
1217,4,Ljubljana Bežigrad,3,Grosuplje,14,"PODRUŽNIČNA ŠOLA ŽALNA, ŽALNA 1",625.0,446,0.7136,446,442,4,1.0,1,0.0023,0,0.0,2,0.0045,89,0.2014,0,,11,0.0249,1,0.0023,10,0.0226,5,0.0113,2,0.0045,4,0.009,44,0.0995,4,0.009,6,0.0136,238,0.5385,6,0.0136,8,0.0181,4,0.009,7,0.0158,0,0.0,0,
1218,4,Ljubljana Bežigrad,3,Grosuplje,10,"ZADRUŽNI DOM SP. SLIVNICA, SPODNJA SLIVNICA 16",422.0,317,0.7512,315,313,2,1.0,3,0.0096,1,0.0032,3,0.0096,82,0.262,0,,11,0.0351,0,0.0,12,0.0383,2,0.0064,7,0.0224,11,0.0351,24,0.0767,2,0.0064,9,0.0288,102,0.3259,4,0.0128,27,0.0863,6,0.0192,3,0.0096,4,0.0128,0,
1219,4,Ljubljana Bežigrad,3,Grosuplje,901,PREDČASNO GLASOVANJE,,1820,,1819,1810,9,1.0,15,0.0083,2,0.0011,33,0.0182,789,0.4359,0,,81,0.0448,5,0.0028,57,0.0315,14,0.0077,13,0.0072,43,0.0238,76,0.042,27,0.0149,48,0.0265,423,0.2337,8,0.0044,104,0.0575,24,0.0133,32,0.0177,16,0.0088,0,
1220,4,Ljubljana Bežigrad,4,Ivančna Gorica,14,"DOM KRAJANOV TEMENICA, TEMENICA 2A",585.0,422,0.7214,422,418,4,1.0,1,0.0024,2,0.0048,4,0.0096,87,0.2081,0,,13,0.0311,0,0.0,12,0.0287,7,0.0167,4,0.0096,5,0.012,26,0.0622,3,0.0072,12,0.0287,211,0.5048,9,0.0215,14,0.0335,3,0.0072,3,0.0072,2,0.0048,0,
1221,4,Ljubljana Bežigrad,4,Ivančna Gorica,17,"DRUŽBENI CENTER KRKA, KRKA 1D",1088.0,784,0.7206,784,776,8,1.0,7,0.009,2,0.0026,8,0.0103,193,0.2487,0,,30,0.0387,0,0.0,19,0.0245,14,0.018,17,0.0219,23,0.0296,59,0.076,15,0.0193,51,0.0657,265,0.3415,7,0.009,38,0.049,9,0.0116,18,0.0232,1,0.0013,0,
1222,4,Ljubljana Bežigrad,4,Ivančna Gorica,12,"GASILSKI DOM DOB, DOB PRI ŠENTVIDU 8",458.0,337,0.7358,337,334,3,1.0,1,0.003,2,0.006,4,0.012,59,0.1766,0,,6,0.018,1,0.003,10,0.0299,7,0.021,3,0.009,3,0.009,29,0.0868,4,0.012,10,0.0299,172,0.515,10,0.0299,6,0.018,2,0.006,3,0.009,2,0.006,0,
1223,4,Ljubljana Bežigrad,4,Ivančna Gorica,8,"GASILSKI DOM KRIŠKA VAS, KRIŠKA VAS 10",403.0,313,0.7767,313,312,1,1.0,1,0.0032,0,0.0,8,0.0256,114,0.3654,0,,16,0.0513,0,0.0,10,0.0321,6,0.0192,6,0.0192,6,0.0192,15,0.0481,2,0.0064,5,0.016,100,0.3205,6,0.0192,4,0.0128,7,0.0224,5,0.016,1,0.0032,0,
1224,4,Ljubljana Bežigrad,4,Ivančna Gorica,6,"GASILSKI DOM METNAJ, METNAJ 2",453.0,314,0.6932,314,311,3,1.0,2,0.0064,0,0.0,3,0.0096,86,0.2765,0,,15,0.0482,1,0.0032,8,0.0257,11,0.0354,6,0.0193,9,0.0289,17,0.0547,4,0.0129,12,0.0386,103,0.3312,5,0.0161,19,0.0611,4,0.0129,6,0.0193,0,0.0,0,
1225,4,Ljubljana Bežigrad,4,Ivančna Gorica,5,"GASILSKI DOM STIČNA, STIČNA 144",1209.0,884,0.7312,884,875,9,1.0,8,0.0091,0,0.0,23,0.0263,225,0.2571,0,,29,0.0331,6,0.0069,37,0.0423,29,0.0331,8,0.0091,26,0.0297,85,0.0971,11,0.0126,19,0.0217,277,0.3166,9,0.0103,47,0.0537,13,0.0149,18,0.0206,5,0.0057,0,
1226,4,Ljubljana Bežigrad,4,Ivančna Gorica,9,"GASILSKI DOM VRH PRI V.G., VRH PRI VIŠNJI GORI 2",288.0,226,0.7847,226,225,1,1.0,0,0.0,0,0.0,8,0.0356,34,0.1511,0,,1,0.0044,0,0.0,1,0.0044,16,0.0711,2,0.0089,3,0.0133,21,0.0933,2,0.0089,6,0.0267,123,0.5467,0,0.0,3,0.0133,2,0.0089,2,0.0089,1,0.0044,0,
1227,4,Ljubljana Bežigrad,4,Ivančna Gorica,15,"KULTURNI DOM AMBRUS, AMBRUS 56",592.0,429,0.7247,429,425,4,1.0,0,0.0,0,0.0,3,0.0071,23,0.0541,0,,2,0.0047,0,0.0,7,0.0165,4,0.0094,4,0.0094,4,0.0094,53,0.1247,3,0.0071,18,0.0424,290,0.6824,3,0.0071,5,0.0118,2,0.0047,3,0.0071,1,0.0024,0,
1228,4,Ljubljana Bežigrad,4,Ivančna Gorica,2,"KULTURNI DOM IVANČNA GORICA I., SOKOLSKA ULICA 4",1487.0,967,0.6503,967,957,10,1.0,11,0.0115,0,0.0,23,0.024,288,0.3009,0,,30,0.0313,6,0.0063,45,0.047,9,0.0094,13,0.0136,18,0.0188,61,0.0637,23,0.024,11,0.0115,314,0.3281,9,0.0094,60,0.0627,19,0.0199,11,0.0115,6,0.0063,0,
1229,4,Ljubljana Bežigrad,4,Ivančna Gorica,3,"KULTURNI DOM IVANČNA GORICA II., SOKOLSKA ULICA 4",770.0,493,0.6403,493,484,9,1.0,1,0.0021,0,0.0,5,0.0103,129,0.2665,0,,16,0.0331,0,0.0,18,0.0372,13,0.0269,13,0.0269,3,0.0062,30,0.062,15,0.031,15,0.031,170,0.3512,8,0.0165,29,0.0599,5,0.0103,8,0.0165,6,0.0124,0,
1230,4,Ljubljana Bežigrad,4,Ivančna Gorica,4,"KULTURNI DOM MULJAVA, MULJAVA 20",711.0,529,0.744,529,523,6,1.0,1,0.0019,0,0.0,12,0.0229,109,0.2084,0,,10,0.0191,3,0.0057,28,0.0535,8,0.0153,7,0.0134,4,0.0076,27,0.0516,5,0.0096,25,0.0478,241,0.4608,10,0.0191,18,0.0344,6,0.0115,9,0.0172,0,0.0,0,
1231,4,Ljubljana Bežigrad,4,Ivančna Gorica,10,"KULTURNI DOM ŠENTVID I., ŠENTVID PRI STIČNI 70",1062.0,714,0.6723,714,702,12,1.0,3,0.0043,1,0.0014,13,0.0185,184,0.2621,0,,15,0.0214,1,0.0014,29,0.0413,21,0.0299,10,0.0142,7,0.01,59,0.084,11,0.0157,13,0.0185,255,0.3632,13,0.0185,43,0.0613,11,0.0157,8,0.0114,5,0.0071,0,
1232,4,Ljubljana Bežigrad,4,Ivančna Gorica,11,"KULTURNI DOM ŠENTVID II., ŠENTVID PRI STIČNI 70",970.0,669,0.6897,669,666,3,1.0,2,0.003,5,0.0075,13,0.0195,136,0.2042,0,,15,0.0225,1,0.0015,22,0.033,11,0.0165,9,0.0135,7,0.0105,51,0.0766,13,0.0195,22,0.033,303,0.455,7,0.0105,28,0.042,9,0.0135,7,0.0105,5,0.0075,0,
1233,4,Ljubljana Bežigrad,4,Ivančna Gorica,7,"MESTNA HIŠA VIŠNJA GORA, MESTNI TRG 21",1419.0,950,0.6695,950,946,4,1.0,10,0.0106,10,0.0106,18,0.019,332,0.351,0,,38,0.0402,2,0.0021,26,0.0275,37,0.0391,23,0.0243,10,0.0106,55,0.0581,18,0.019,16,0.0169,276,0.2918,6,0.0063,41,0.0433,16,0.0169,7,0.0074,5,0.0053,0,
1234,4,Ljubljana Bežigrad,4,Ivančna Gorica,16,"OSNOVNA ŠOLA ZAGRADEC, ZAGRADEC 33",1018.0,717,0.7043,717,707,10,1.0,2,0.0028,0,0.0,8,0.0113,108,0.1528,0,,11,0.0156,1,0.0014,27,0.0382,12,0.017,8,0.0113,3,0.0042,44,0.0622,7,0.0099,20,0.0283,422,0.5969,6,0.0085,10,0.0141,10,0.0141,5,0.0071,3,0.0042,0,
1235,4,Ljubljana Bežigrad,4,Ivančna Gorica,13,"VEČNAMENSKI OBJEKT HRASTOV DOL, HRASTOV DOL 2",164.0,127,0.7744,127,127,0,1.0,0,0.0,0,0.0,2,0.0157,25,0.1969,0,,5,0.0394,0,0.0,1,0.0079,2,0.0157,2,0.0157,1,0.0079,6,0.0472,0,0.0,11,0.0866,66,0.5197,1,0.0079,4,0.0315,0,0.0,1,0.0079,0,0.0,0,
1236,4,Ljubljana Bežigrad,4,Ivančna Gorica,901,PREDČASNO GLASOVANJE,,1083,,1083,1080,3,1.0,6,0.0056,1,0.0009,13,0.012,398,0.3685,0,,45,0.0417,1,0.0009,39,0.0361,13,0.012,11,0.0102,27,0.025,58,0.0537,15,0.0139,19,0.0176,298,0.2759,3,0.0028,78,0.0722,31,0.0287,19,0.0176,5,0.0046,0,
1237,4,Ljubljana Bežigrad,5,Ljubljana Moste - Polje 1,14,"CENTER ZALOG, ZALOŠKA C. 267, LJ., 1. NADST.",1062.0,702,0.661,702,692,10,1.0,2,0.0029,0,0.0,29,0.0419,305,0.4408,0,,36,0.052,5,0.0072,27,0.039,2,0.0029,35,0.0506,8,0.0116,28,0.0405,14,0.0202,7,0.0101,102,0.1474,6,0.0087,47,0.0679,26,0.0376,8,0.0116,5,0.0072,0,
1238,4,Ljubljana Bežigrad,5,Ljubljana Moste - Polje 1,15,"CENTER ZALOG, ZALOŠKA C. 267, LJ., 1. NADST.",841.0,543,0.6457,543,537,6,1.0,1,0.0019,2,0.0037,17,0.0317,231,0.4302,0,,30,0.0559,5,0.0093,31,0.0577,4,0.0074,12,0.0223,9,0.0168,21,0.0391,8,0.0149,11,0.0205,77,0.1434,5,0.0093,35,0.0652,23,0.0428,6,0.0112,9,0.0168,0,
1239,4,Ljubljana Bežigrad,5,Ljubljana Moste - Polje 1,16,"DOM PODGRAD, PODGRAJSKA C.6E",215.0,149,0.693,149,148,1,1.0,1,0.0068,0,0.0,6,0.0405,70,0.473,0,,6,0.0405,0,0.0,9,0.0608,0,0.0,2,0.0135,0,0.0,3,0.0203,0,0.0,4,0.027,22,0.1486,3,0.0203,16,0.1081,4,0.027,2,0.0135,0,0.0,0,
1240,4,Ljubljana Bežigrad,5,Ljubljana Moste - Polje 1,34,"GASILSKI DOM SLAPE, SLAPE 50",103.0,77,0.7476,77,77,0,1.0,0,0.0,0,0.0,0,0.0,14,0.1818,0,,1,0.013,0,0.0,2,0.026,2,0.026,2,0.026,3,0.039,14,0.1818,0,0.0,1,0.013,29,0.3766,2,0.026,4,0.0519,0,0.0,3,0.039,0,0.0,0,
1241,4,Ljubljana Bežigrad,5,Ljubljana Moste - Polje 1,31,"GASILSKI DOM SLAPE, SLAPE 50",701.0,498,0.7104,498,495,3,1.0,3,0.0061,0,0.0,9,0.0182,194,0.3919,0,,17,0.0343,2,0.004,17,0.0343,2,0.004,9,0.0182,4,0.0081,44,0.0889,13,0.0263,4,0.0081,102,0.2061,11,0.0222,30,0.0606,11,0.0222,16,0.0323,7,0.0141,0,
1242,4,Ljubljana Bežigrad,5,Ljubljana Moste - Polje 1,5,"GD KLOPCE, KLOPCE 40, DOL PRI LJUBLJANI",205.0,150,0.7317,150,146,4,1.0,1,0.0068,0,0.0,3,0.0205,40,0.274,0,,2,0.0137,0,0.0,14,0.0959,0,0.0,3,0.0205,0,0.0,14,0.0959,2,0.0137,3,0.0205,53,0.363,4,0.0274,5,0.0342,1,0.0068,0,0.0,1,0.0068,0,
1243,4,Ljubljana Bežigrad,5,Ljubljana Moste - Polje 1,4,"GD LAZE, LAZE, DOL PRI LJUBLJANI",176.0,117,0.6648,117,114,3,1.0,1,0.0088,0,0.0,0,0.0,49,0.4298,0,,1,0.0088,0,0.0,8,0.0702,5,0.0439,4,0.0351,1,0.0088,6,0.0526,2,0.0175,3,0.0263,20,0.1754,1,0.0088,5,0.0439,4,0.0351,4,0.0351,0,0.0,0,
1244,4,Ljubljana Bežigrad,5,Ljubljana Moste - Polje 1,2,"GD SENOŽETI 25, DOL PRI LJUBLJANI",670.0,524,0.7821,524,516,8,1.0,5,0.0097,0,0.0,14,0.0271,192,0.3721,0,,24,0.0465,1,0.0019,63,0.1221,8,0.0155,10,0.0194,4,0.0078,40,0.0775,9,0.0174,6,0.0116,92,0.1783,3,0.0058,27,0.0523,12,0.0233,4,0.0078,2,0.0039,0,
1245,4,Ljubljana Bežigrad,5,Ljubljana Moste - Polje 1,3,"GD VINJE, VINJE, DOL PRI LJUBLJANI",402.0,315,0.7836,315,313,2,1.0,0,0.0,1,0.0032,7,0.0224,111,0.3546,0,,7,0.0224,0,0.0,15,0.0479,1,0.0032,5,0.016,7,0.0224,38,0.1214,19,0.0607,11,0.0351,66,0.2109,2,0.0064,9,0.0288,9,0.0288,4,0.0128,1,0.0032,0,
1246,4,Ljubljana Bežigrad,5,Ljubljana Moste - Polje 1,17,"GD ZGORNJI KAŠELJ, KAŠELJSKA C.95",761.0,484,0.636,484,472,12,1.0,3,0.0064,0,0.0,11,0.0233,213,0.4513,0,,30,0.0636,3,0.0064,25,0.053,2,0.0042,18,0.0381,7,0.0148,25,0.053,6,0.0127,3,0.0064,70,0.1483,3,0.0064,23,0.0487,15,0.0318,5,0.0106,10,0.0212,0,
1247,4,Ljubljana Bežigrad,5,Ljubljana Moste - Polje 1,1,"KULTURNI DOM DOLSKO, DOLSKO 55, DOL PRI LJUBLJANI",938.0,726,0.774,726,723,3,1.0,1,0.0014,3,0.0041,13,0.018,268,0.3707,0,,35,0.0484,4,0.0055,51,0.0705,8,0.0111,11,0.0152,16,0.0221,81,0.112,9,0.0124,13,0.018,137,0.1895,8,0.0111,44,0.0609,9,0.0124,8,0.0111,4,0.0055,0,
1248,4,Ljubljana Bežigrad,5,Ljubljana Moste - Polje 1,6,"OŠ BESNICA, BESNICA 23, LJUBLJANA",312.0,230,0.7372,230,229,1,1.0,0,0.0,0,0.0,10,0.0437,77,0.3362,0,,14,0.0611,0,0.0,7,0.0306,1,0.0044,4,0.0175,2,0.0087,11,0.048,6,0.0262,12,0.0524,67,0.2926,5,0.0218,6,0.0262,5,0.0218,2,0.0087,0,0.0,0,
1249,4,Ljubljana Bežigrad,5,Ljubljana Moste - Polje 1,7,"OŠ JANČE, GABRJE PRI JANČAH 16, LJUBLJANA",317.0,203,0.6404,203,200,3,1.0,0,0.0,0,0.0,5,0.025,72,0.36,0,,2,0.01,0,0.0,11,0.055,3,0.015,3,0.015,6,0.03,22,0.11,13,0.065,10,0.05,43,0.215,3,0.015,1,0.005,0,0.0,3,0.015,3,0.015,0,
1250,4,Ljubljana Bežigrad,5,Ljubljana Moste - Polje 1,29,"OŠ POLJE, ZALOŠKA 189, 1000 LJUBLJANA",1104.0,635,0.5752,635,630,5,1.0,2,0.0032,1,0.0016,39,0.0619,261,0.4143,0,,40,0.0635,2,0.0032,21,0.0333,5,0.0079,29,0.046,8,0.0127,30,0.0476,22,0.0349,11,0.0175,60,0.0952,8,0.0127,56,0.0889,19,0.0302,7,0.0111,9,0.0143,0,
1251,4,Ljubljana Bežigrad,5,Ljubljana Moste - Polje 1,30,"OŠ POLJE, ZALOŠKA 189, 1000 LJUBLJANA",581.0,387,0.6661,387,386,1,1.0,3,0.0078,1,0.0026,6,0.0155,167,0.4326,0,,19,0.0492,1,0.0026,22,0.057,3,0.0078,7,0.0181,1,0.0026,25,0.0648,10,0.0259,12,0.0311,69,0.1788,7,0.0181,16,0.0415,10,0.0259,5,0.013,2,0.0052,0,
1252,4,Ljubljana Bežigrad,5,Ljubljana Moste - Polje 1,8,"OŠ PREŽGANJE, PREŽGANJE 7, LJUBLJANA",637.0,445,0.6986,445,442,3,1.0,1,0.0023,0,0.0,13,0.0294,179,0.405,0,,18,0.0407,0,0.0,19,0.043,2,0.0045,8,0.0181,5,0.0113,33,0.0747,7,0.0158,16,0.0362,95,0.2149,7,0.0158,22,0.0498,5,0.0113,7,0.0158,5,0.0113,0,
1253,4,Ljubljana Bežigrad,5,Ljubljana Moste - Polje 1,24,"OŠ SOSTRO, CESTA II. GRUPE ODREDOV 47",709.0,507,0.7151,507,503,4,1.0,0,0.0,0,0.0,5,0.0099,203,0.4036,0,,18,0.0358,1,0.002,31,0.0616,6,0.0119,10,0.0199,5,0.0099,39,0.0775,6,0.0119,12,0.0239,104,0.2068,3,0.006,36,0.0716,14,0.0278,7,0.0139,3,0.006,0,
1254,4,Ljubljana Bežigrad,5,Ljubljana Moste - Polje 1,25,"OŠ SOSTRO, CESTA II. GRUPE ODREDOV 47",749.0,565,0.7543,565,561,4,1.0,1,0.0018,0,0.0,8,0.0143,173,0.3084,0,,26,0.0463,1,0.0018,17,0.0303,4,0.0071,17,0.0303,3,0.0053,44,0.0784,14,0.025,12,0.0214,176,0.3137,10,0.0178,27,0.0481,12,0.0214,4,0.0071,12,0.0214,0,
1255,4,Ljubljana Bežigrad,5,Ljubljana Moste - Polje 1,21,"OŠ SOSTRO, CESTA II.GRUPE ODREDOV 47",701.0,532,0.7589,532,530,2,1.0,1,0.0019,2,0.0038,7,0.0132,175,0.3302,0,,28,0.0528,0,0.0,16,0.0302,2,0.0038,14,0.0264,12,0.0226,52,0.0981,14,0.0264,11,0.0208,119,0.2245,7,0.0132,31,0.0585,23,0.0434,13,0.0245,3,0.0057,0,
1256,4,Ljubljana Bežigrad,5,Ljubljana Moste - Polje 1,20,"OŠ ZADOBROVA, ZADOBROVŠKA C.35",982.0,705,0.7179,705,704,1,1.0,1,0.0014,2,0.0028,14,0.0199,285,0.4048,0,,30,0.0426,2,0.0028,29,0.0412,2,0.0028,20,0.0284,12,0.017,38,0.054,16,0.0227,19,0.027,117,0.1662,8,0.0114,47,0.0668,29,0.0412,26,0.0369,7,0.0099,0,
1257,4,Ljubljana Bežigrad,5,Ljubljana Moste - Polje 1,12,"OŠ ZALOG, CERUTOVA UL. 7",388.0,270,0.6959,270,268,2,1.0,1,0.0037,0,0.0,9,0.0336,108,0.403,0,,16,0.0597,4,0.0149,7,0.0261,2,0.0075,9,0.0336,4,0.0149,14,0.0522,4,0.0149,2,0.0075,56,0.209,4,0.0149,17,0.0634,3,0.0112,2,0.0075,6,0.0224,0,
1258,4,Ljubljana Bežigrad,5,Ljubljana Moste - Polje 1,13,"OŠ ZALOG, CERUTOVA UL. 7",654.0,436,0.6667,436,432,4,1.0,2,0.0046,1,0.0023,14,0.0324,188,0.4352,0,,20,0.0463,4,0.0093,22,0.0509,1,0.0023,9,0.0208,6,0.0139,25,0.0579,8,0.0185,6,0.0139,63,0.1458,5,0.0116,30,0.0694,21,0.0486,2,0.0046,5,0.0116,0,
1259,4,Ljubljana Bežigrad,5,Ljubljana Moste - Polje 1,11,"OŠ ZALOG, CERUTOVA ULICA 7, 1000 LJUBLJANA",623.0,428,0.687,428,426,2,1.0,1,0.0023,0,0.0,12,0.0282,182,0.4272,0,,22,0.0516,4,0.0094,15,0.0352,2,0.0047,7,0.0164,15,0.0352,16,0.0376,10,0.0235,5,0.0117,74,0.1737,1,0.0023,29,0.0681,17,0.0399,7,0.0164,7,0.0164,0,
1260,4,Ljubljana Bežigrad,5,Ljubljana Moste - Polje 1,22,"OŠ ZGORNJI KAŠELJ, KAŠELJSKA CESTA 119A",702.0,512,0.7293,512,508,4,1.0,4,0.0079,1,0.002,8,0.0157,216,0.4252,0,,30,0.0591,3,0.0059,26,0.0512,8,0.0157,9,0.0177,7,0.0138,31,0.061,7,0.0138,9,0.0177,76,0.1496,4,0.0079,38,0.0748,22,0.0433,7,0.0138,2,0.0039,0,
1261,4,Ljubljana Bežigrad,5,Ljubljana Moste - Polje 1,18,"OŠ ZGORNJI KAŠELJ, KAŠELJSKA CESTA 119A",795.0,527,0.6629,527,520,7,1.0,1,0.0019,1,0.0019,2,0.0038,205,0.3942,0,,25,0.0481,3,0.0058,30,0.0577,6,0.0115,11,0.0212,2,0.0038,33,0.0635,7,0.0135,15,0.0288,104,0.2,2,0.0038,45,0.0865,21,0.0404,6,0.0115,1,0.0019,0,
1262,4,Ljubljana Bežigrad,5,Ljubljana Moste - Polje 1,19,"OŠ ZGORNJI KAŠELJ, KAŠELJSKA CESTA 119A",1032.0,723,0.7006,723,720,3,1.0,2,0.0028,1,0.0014,16,0.0222,311,0.4319,0,,43,0.0597,4,0.0056,34,0.0472,3,0.0042,10,0.0139,19,0.0264,23,0.0319,13,0.0181,15,0.0208,126,0.175,10,0.0139,55,0.0764,23,0.0319,9,0.0125,3,0.0042,0,
1263,4,Ljubljana Bežigrad,5,Ljubljana Moste - Polje 1,27,"PGD BIZOVIK, BIZOVIŠKA C. 15A, LJUBLJANA",1179.0,862,0.7311,862,856,6,1.0,1,0.0012,0,0.0,9,0.0105,292,0.3411,0,,27,0.0315,1,0.0012,28,0.0327,5,0.0058,16,0.0187,8,0.0093,70,0.0818,19,0.0222,23,0.0269,267,0.3119,7,0.0082,44,0.0514,19,0.0222,18,0.021,2,0.0023,0,
1264,4,Ljubljana Bežigrad,5,Ljubljana Moste - Polje 1,32,"PODRUŽNIČNA ŠOLA HRUŠICA, POT DO ŠOLE 1,LJUBLJANA",1123.0,796,0.7088,796,790,6,1.0,3,0.0038,3,0.0038,18,0.0228,300,0.3797,0,,49,0.062,3,0.0038,31,0.0392,5,0.0063,20,0.0253,15,0.019,48,0.0608,15,0.019,8,0.0101,177,0.2241,6,0.0076,35,0.0443,30,0.038,11,0.0139,13,0.0165,0,
1265,4,Ljubljana Bežigrad,5,Ljubljana Moste - Polje 1,10,"PODRUŽNIČNA ŠOLA LIPOGLAV, MALI LIPOGLAV 8",506.0,373,0.7372,372,368,4,1.0,1,0.0027,0,0.0,13,0.0353,87,0.2364,0,,19,0.0516,0,0.0,10,0.0272,2,0.0054,6,0.0163,18,0.0489,41,0.1114,9,0.0245,8,0.0217,112,0.3043,6,0.0163,21,0.0571,6,0.0163,3,0.0082,6,0.0163,0,
1266,4,Ljubljana Bežigrad,5,Ljubljana Moste - Polje 1,33,"PROSTORI MOL (POLJE), ZALOŠKA CESTA 160,LJUBLJANA",949.0,526,0.5543,526,524,2,1.0,3,0.0057,0,0.0,22,0.042,235,0.4485,0,,38,0.0725,0,0.0,21,0.0401,0,0.0,16,0.0305,9,0.0172,17,0.0324,13,0.0248,5,0.0095,71,0.1355,6,0.0115,41,0.0782,15,0.0286,9,0.0172,3,0.0057,0,
1267,4,Ljubljana Bežigrad,5,Ljubljana Moste - Polje 1,28,"PROSTORI MOL (POLJE), ZALOŠKA CESTA 160,LJUBLJANA",691.0,419,0.6064,419,417,2,1.0,6,0.0144,1,0.0024,11,0.0264,167,0.4005,0,,28,0.0671,1,0.0024,19,0.0456,6,0.0144,5,0.012,4,0.0096,21,0.0504,8,0.0192,5,0.012,79,0.1894,7,0.0168,24,0.0576,12,0.0288,9,0.0216,4,0.0096,0,
1268,4,Ljubljana Bežigrad,5,Ljubljana Moste - Polje 1,23,"SPOMINSKA HIŠA PODLIPOGLAV, PODLIPOGLAV 19",627.0,486,0.7751,486,482,4,1.0,2,0.0041,0,0.0,6,0.0124,167,0.3465,0,,14,0.029,0,0.0,19,0.0394,8,0.0166,11,0.0228,11,0.0228,25,0.0519,9,0.0187,3,0.0062,149,0.3091,17,0.0353,18,0.0373,12,0.0249,6,0.0124,5,0.0104,0,
1269,4,Ljubljana Bežigrad,5,Ljubljana Moste - Polje 1,26,"ZADRUŽNI DOM ZADVOR, CESTA II. GRUPE ODREDOV 43",636.0,450,0.7075,450,449,1,1.0,0,0.0,1,0.0022,15,0.0334,138,0.3073,0,,10,0.0223,1,0.0022,28,0.0624,3,0.0067,8,0.0178,6,0.0134,42,0.0935,9,0.02,6,0.0134,118,0.2628,10,0.0223,26,0.0579,14,0.0312,10,0.0223,4,0.0089,0,
1270,4,Ljubljana Bežigrad,5,Ljubljana Moste - Polje 1,9,"ŽUPNIŠČE JAVOR, JAVOR 1, LJUBLJANA",201.0,147,0.7313,147,146,1,1.0,0,0.0,0,0.0,1,0.0068,31,0.2123,0,,5,0.0342,1,0.0068,6,0.0411,4,0.0274,4,0.0274,1,0.0068,11,0.0753,0,0.0,5,0.0342,68,0.4658,0,0.0,6,0.0411,1,0.0068,1,0.0068,1,0.0068,0,
1271,4,Ljubljana Bežigrad,5,Ljubljana Moste - Polje 1,901,PREDČASNO GLASOVANJE,,1430,,1430,1424,6,1.0,1,0.0007,2,0.0014,31,0.0218,654,0.4593,0,,124,0.0871,1,0.0007,44,0.0309,5,0.0035,28,0.0197,29,0.0204,67,0.0471,22,0.0154,34,0.0239,216,0.1517,8,0.0056,88,0.0618,30,0.0211,27,0.019,13,0.0091,0,
1272,4,Ljubljana Bežigrad,6,Ljubljana Moste - Polje 2,15,"DOM OBČANOV FUŽINE, PREGLOV TRG 15",897.0,552,0.6154,550,548,2,1.0,7,0.0128,2,0.0036,13,0.0237,208,0.3796,0,,39,0.0712,5,0.0091,24,0.0438,3,0.0055,22,0.0401,8,0.0146,21,0.0383,10,0.0182,11,0.0201,78,0.1423,5,0.0091,58,0.1058,20,0.0365,11,0.0201,3,0.0055,0,
1273,4,Ljubljana Bežigrad,6,Ljubljana Moste - Polje 2,16,"DOM OBČANOV FUŽINE, PREGLOV TRG 15",808.0,461,0.5705,461,456,5,1.0,1,0.0022,3,0.0066,7,0.0154,234,0.5132,0,,26,0.057,0,0.0,13,0.0285,4,0.0088,20,0.0439,6,0.0132,12,0.0263,6,0.0132,3,0.0066,43,0.0943,3,0.0066,38,0.0833,26,0.057,6,0.0132,5,0.011,0,
1274,4,Ljubljana Bežigrad,6,Ljubljana Moste - Polje 2,8,"OŠ BOŽIDARJA JAKCA, NUSDORFERJEVA UL. 10",644.0,395,0.6134,395,391,4,1.0,2,0.0051,1,0.0026,6,0.0153,168,0.4297,0,,24,0.0614,0,0.0,14,0.0358,0,0.0,14,0.0358,9,0.023,10,0.0256,6,0.0153,2,0.0051,70,0.179,0,0.0,34,0.087,23,0.0588,7,0.0179,1,0.0026,0,
1275,4,Ljubljana Bežigrad,6,Ljubljana Moste - Polje 2,10,"OŠ BOŽIDARJA JAKCA, NUSDORFERJEVA UL. 10",936.0,579,0.6186,578,575,3,1.0,4,0.007,2,0.0035,6,0.0104,241,0.4191,0,,39,0.0678,1,0.0017,36,0.0626,2,0.0035,16,0.0278,3,0.0052,25,0.0435,11,0.0191,13,0.0226,91,0.1583,9,0.0157,44,0.0765,21,0.0365,8,0.0139,3,0.0052,0,
1276,4,Ljubljana Bežigrad,6,Ljubljana Moste - Polje 2,11,"OŠ BOŽIDARJA JAKCA, NUSDORFERJEVA UL. 10",498.0,307,0.6165,307,303,4,1.0,1,0.0033,1,0.0033,15,0.0495,124,0.4092,0,,21,0.0693,3,0.0099,8,0.0264,1,0.0033,12,0.0396,1,0.0033,7,0.0231,4,0.0132,6,0.0198,46,0.1518,6,0.0198,24,0.0792,12,0.0396,10,0.033,1,0.0033,0,
1277,4,Ljubljana Bežigrad,6,Ljubljana Moste - Polje 2,12,"OŠ BOŽIDARJA JAKCA, NUSDORFERJEVA UL. 10",353.0,202,0.5722,202,200,2,1.0,3,0.015,1,0.005,2,0.01,89,0.445,0,,18,0.09,1,0.005,8,0.04,2,0.01,5,0.025,1,0.005,6,0.03,3,0.015,1,0.005,24,0.12,2,0.01,21,0.105,8,0.04,2,0.01,3,0.015,0,
1278,4,Ljubljana Bežigrad,6,Ljubljana Moste - Polje 2,5,"OŠ BOŽIDARJA JAKCA, NUSDORFERJEVA UL.10",663.0,405,0.6109,404,402,2,1.0,5,0.0124,0,0.0,18,0.0448,175,0.4353,0,,26,0.0647,1,0.0025,23,0.0572,3,0.0075,11,0.0274,9,0.0224,11,0.0274,9,0.0224,7,0.0174,47,0.1169,2,0.005,26,0.0647,18,0.0448,10,0.0249,1,0.0025,0,
1279,4,Ljubljana Bežigrad,6,Ljubljana Moste - Polje 2,7,"OŠ BOŽIDARJA JAKCA, NUSDORFERJEVA ULICA 10",701.0,371,0.5292,371,369,2,1.0,4,0.0108,1,0.0027,12,0.0325,149,0.4038,0,,34,0.0921,2,0.0054,7,0.019,0,0.0,14,0.0379,4,0.0108,17,0.0461,8,0.0217,13,0.0352,75,0.2033,4,0.0108,13,0.0352,9,0.0244,3,0.0081,0,0.0,0,
1280,4,Ljubljana Bežigrad,6,Ljubljana Moste - Polje 2,1,"OŠ KARLA DESTOVNIKA KAJUHA, JAKČEVA UL. 42",497.0,294,0.5915,294,293,1,1.0,4,0.0137,0,0.0,8,0.0273,111,0.3788,0,,19,0.0648,3,0.0102,13,0.0444,2,0.0068,17,0.058,6,0.0205,14,0.0478,3,0.0102,4,0.0137,40,0.1365,2,0.0068,29,0.099,14,0.0478,1,0.0034,3,0.0102,0,
1281,4,Ljubljana Bežigrad,6,Ljubljana Moste - Polje 2,2,"OŠ KARLA DESTOVNIKA KAJUHA, JAKČEVA UL. 42",459.0,278,0.6057,278,276,2,1.0,0,0.0,1,0.0036,6,0.0217,103,0.3732,0,,20,0.0725,2,0.0072,15,0.0543,2,0.0072,11,0.0399,6,0.0217,9,0.0326,6,0.0217,4,0.0145,41,0.1486,8,0.029,18,0.0652,13,0.0471,5,0.0181,6,0.0217,0,
1282,4,Ljubljana Bežigrad,6,Ljubljana Moste - Polje 2,3,"OŠ KARLA DESTOVNIKA KAJUHA, JAKČEVA UL. 42",526.0,320,0.6084,320,317,3,1.0,4,0.0126,0,0.0,11,0.0347,146,0.4606,0,,21,0.0662,6,0.0189,11,0.0347,2,0.0063,11,0.0347,3,0.0095,9,0.0284,5,0.0158,3,0.0095,45,0.142,2,0.0063,17,0.0536,14,0.0442,5,0.0158,2,0.0063,0,
1283,4,Ljubljana Bežigrad,6,Ljubljana Moste - Polje 2,4,"OŠ KARLA DESTOVNIKA KAJUHA, JAKČEVA UL. 42",560.0,327,0.5839,327,322,5,1.0,5,0.0155,1,0.0031,7,0.0217,147,0.4565,0,,24,0.0745,4,0.0124,10,0.0311,3,0.0093,11,0.0342,7,0.0217,12,0.0373,4,0.0124,3,0.0093,41,0.1273,1,0.0031,26,0.0807,4,0.0124,6,0.0186,6,0.0186,0,
1284,4,Ljubljana Bežigrad,6,Ljubljana Moste - Polje 2,13,"OŠ MARTINA KRPANA, GAŠPERŠIČEVA UL.10",821.0,507,0.6175,506,505,1,1.0,6,0.0119,0,0.0,20,0.0396,234,0.4634,0,,43,0.0851,3,0.0059,23,0.0455,2,0.004,33,0.0653,9,0.0178,8,0.0158,9,0.0178,5,0.0099,49,0.097,4,0.0079,22,0.0436,24,0.0475,7,0.0139,4,0.0079,0,
1285,4,Ljubljana Bežigrad,6,Ljubljana Moste - Polje 2,14,"OŠ MARTINA KRPANA, GAŠPERŠIČEVA UL.10",784.0,487,0.6212,487,484,3,1.0,0,0.0,0,0.0,7,0.0145,206,0.4256,0,,29,0.0599,4,0.0083,25,0.0517,3,0.0062,24,0.0496,14,0.0289,29,0.0599,7,0.0145,6,0.0124,60,0.124,2,0.0041,35,0.0723,19,0.0393,11,0.0227,3,0.0062,0,
1286,4,Ljubljana Bežigrad,6,Ljubljana Moste - Polje 2,17,"OŠ NOVE FUŽINE, PREGLOV TRG 8",687.0,418,0.6084,418,417,1,1.0,4,0.0096,1,0.0024,13,0.0312,177,0.4245,0,,29,0.0695,3,0.0072,21,0.0504,0,0.0,24,0.0576,9,0.0216,11,0.0264,12,0.0288,3,0.0072,40,0.0959,5,0.012,33,0.0791,21,0.0504,4,0.0096,7,0.0168,0,
1287,4,Ljubljana Bežigrad,6,Ljubljana Moste - Polje 2,18,"OŠ NOVE FUŽINE, PREGLOV TRG 8",995.0,607,0.6101,607,601,6,1.0,6,0.01,0,0.0,15,0.025,251,0.4176,0,,54,0.0899,7,0.0116,20,0.0333,5,0.0083,33,0.0549,9,0.015,15,0.025,13,0.0216,11,0.0183,76,0.1265,7,0.0116,42,0.0699,24,0.0399,9,0.015,4,0.0067,0,
1288,4,Ljubljana Bežigrad,6,Ljubljana Moste - Polje 2,19,"OŠ NOVE FUŽINE, PREGLOV TRG 8",1022.0,626,0.6125,626,622,4,1.0,1,0.0016,2,0.0032,14,0.0225,253,0.4068,0,,60,0.0965,3,0.0048,32,0.0514,4,0.0064,27,0.0434,9,0.0145,21,0.0338,11,0.0177,17,0.0273,73,0.1174,3,0.0048,51,0.082,26,0.0418,8,0.0129,7,0.0113,0,
1289,4,Ljubljana Bežigrad,6,Ljubljana Moste - Polje 2,21,"OŠ NOVE FUŽINE, PREGLOV TRG 8",935.0,584,0.6246,584,576,8,1.0,4,0.0069,0,0.0,14,0.0243,267,0.4635,0,,36,0.0625,3,0.0052,23,0.0399,2,0.0035,31,0.0538,7,0.0122,17,0.0295,15,0.026,9,0.0156,71,0.1233,2,0.0035,39,0.0677,23,0.0399,8,0.0139,5,0.0087,0,
1290,4,Ljubljana Bežigrad,6,Ljubljana Moste - Polje 2,22,"SŠ ZA GASTRONOMIJO IN TURIZEM, PREGLOV TRG 9",755.0,496,0.657,496,492,4,1.0,0,0.0,0,0.0,12,0.0244,221,0.4492,0,,37,0.0752,3,0.0061,21,0.0427,1,0.002,21,0.0427,9,0.0183,18,0.0366,5,0.0102,3,0.0061,62,0.126,5,0.0102,46,0.0935,23,0.0467,1,0.002,4,0.0081,0,
1291,4,Ljubljana Bežigrad,6,Ljubljana Moste - Polje 2,20,"SŠ ZA GASTRONOMIJO IN TURIZEM, PREGLOV TRG 9",781.0,484,0.6197,484,481,3,1.0,1,0.0021,0,0.0,13,0.027,223,0.4636,0,,46,0.0956,5,0.0104,17,0.0353,2,0.0042,32,0.0665,5,0.0104,14,0.0291,3,0.0062,8,0.0166,51,0.106,2,0.0042,29,0.0603,18,0.0374,11,0.0229,1,0.0021,0,
1292,4,Ljubljana Bežigrad,6,Ljubljana Moste - Polje 2,901,PREDČASNO GLASOVANJE,,1381,,1381,1376,5,1.0,2,0.0015,0,0.0,24,0.0174,619,0.4499,0,,139,0.101,1,0.0007,48,0.0349,7,0.0051,33,0.024,37,0.0269,62,0.0451,22,0.016,28,0.0203,136,0.0988,12,0.0087,115,0.0836,62,0.0451,20,0.0145,9,0.0065,0,
1293,4,Ljubljana Bežigrad,7,Ljubljana Moste - Polje 3,1,"GASILSKI DOM ŠMARTNO, KOPNA POT 6",780.0,568,0.7282,568,563,5,1.0,2,0.0036,3,0.0053,6,0.0107,234,0.4156,0,,25,0.0444,3,0.0053,20,0.0355,6,0.0107,10,0.0178,7,0.0124,24,0.0426,12,0.0213,17,0.0302,131,0.2327,9,0.016,26,0.0462,18,0.032,7,0.0124,3,0.0053,0,
1294,4,Ljubljana Bežigrad,7,Ljubljana Moste - Polje 3,12,"GIMNAZIJA MOSTE, ZALOŠKA CESTA 49",942.0,579,0.6146,579,573,6,1.0,4,0.007,1,0.0017,22,0.0384,238,0.4154,0,,47,0.082,1,0.0017,31,0.0541,3,0.0052,14,0.0244,21,0.0366,22,0.0384,15,0.0262,10,0.0175,59,0.103,7,0.0122,38,0.0663,20,0.0349,15,0.0262,5,0.0087,0,
1295,4,Ljubljana Bežigrad,7,Ljubljana Moste - Polje 3,13,"GIMNAZIJA MOSTE, ZALOŠKA CESTA 49",615.0,343,0.5577,343,341,2,1.0,1,0.0029,0,0.0,16,0.0469,105,0.3079,0,,37,0.1085,4,0.0117,11,0.0323,2,0.0059,12,0.0352,3,0.0088,25,0.0733,6,0.0176,3,0.0088,74,0.217,4,0.0117,14,0.0411,14,0.0411,7,0.0205,3,0.0088,0,
1296,4,Ljubljana Bežigrad,7,Ljubljana Moste - Polje 3,15,"GIMNAZIJA MOSTE, ZALOŠKA CESTA 49",586.0,323,0.5512,323,322,1,1.0,2,0.0062,0,0.0,9,0.028,140,0.4348,0,,39,0.1211,0,0.0,14,0.0435,0,0.0,5,0.0155,5,0.0155,10,0.0311,9,0.028,7,0.0217,37,0.1149,3,0.0093,25,0.0776,9,0.028,5,0.0155,3,0.0093,0,
1297,4,Ljubljana Bežigrad,7,Ljubljana Moste - Polje 3,16,"GIMNAZIJA MOSTE, ZALOŠKA CESTA 49",1018.0,461,0.4528,461,458,3,1.0,5,0.0109,0,0.0,18,0.0393,180,0.393,0,,49,0.107,2,0.0044,18,0.0393,2,0.0044,10,0.0218,8,0.0175,14,0.0306,5,0.0109,2,0.0044,70,0.1528,3,0.0066,45,0.0983,19,0.0415,7,0.0153,1,0.0022,0,
1298,4,Ljubljana Bežigrad,7,Ljubljana Moste - Polje 3,17,"GIMNAZIJA MOSTE, ZALOŠKA CESTA 49",685.0,384,0.5606,384,378,6,1.0,6,0.0159,1,0.0026,7,0.0185,164,0.4339,0,,20,0.0529,4,0.0106,20,0.0529,3,0.0079,8,0.0212,7,0.0185,15,0.0397,9,0.0238,8,0.0212,49,0.1296,2,0.0053,33,0.0873,14,0.037,4,0.0106,4,0.0106,0,
1299,4,Ljubljana Bežigrad,7,Ljubljana Moste - Polje 3,5,"OŠ JOŽE MOŠKRIČ, JARŠKA C.34",818.0,549,0.6711,548,545,3,1.0,1,0.0018,2,0.0037,21,0.0385,229,0.4202,0,,37,0.0679,4,0.0073,24,0.044,3,0.0055,25,0.0459,5,0.0092,31,0.0569,17,0.0312,11,0.0202,72,0.1321,4,0.0073,31,0.0569,18,0.033,5,0.0092,5,0.0092,0,
1300,4,Ljubljana Bežigrad,7,Ljubljana Moste - Polje 3,6,"OŠ JOŽE MOŠKRIČ, JARŠKA C.34",636.0,400,0.6289,400,400,0,1.0,5,0.0125,1,0.0025,10,0.025,176,0.44,0,,25,0.0625,3,0.0075,26,0.065,1,0.0025,11,0.0275,2,0.005,27,0.0675,7,0.0175,7,0.0175,59,0.1475,1,0.0025,19,0.0475,9,0.0225,7,0.0175,4,0.01,0,
1301,4,Ljubljana Bežigrad,7,Ljubljana Moste - Polje 3,7,"OŠ JOŽE MOŠKRIČ, JARŠKA C.34",933.0,545,0.5841,545,538,7,1.0,3,0.0056,0,0.0,18,0.0335,250,0.4647,0,,35,0.0651,1,0.0019,28,0.052,3,0.0056,8,0.0149,11,0.0204,13,0.0242,7,0.013,6,0.0112,82,0.1524,5,0.0093,37,0.0688,13,0.0242,11,0.0204,7,0.013,0,
1302,4,Ljubljana Bežigrad,7,Ljubljana Moste - Polje 3,18,"OŠ KETTEJA IN MURNA, KOŠIRJEVA UL.2",513.0,308,0.6004,308,304,4,1.0,1,0.0033,1,0.0033,4,0.0132,108,0.3553,0,,25,0.0822,1,0.0033,13,0.0428,0,0.0,10,0.0329,2,0.0066,14,0.0461,15,0.0493,8,0.0263,53,0.1743,4,0.0132,20,0.0658,18,0.0592,5,0.0164,2,0.0066,0,
1303,4,Ljubljana Bežigrad,7,Ljubljana Moste - Polje 3,19,"OŠ KETTEJA IN MURNA, KOŠIRJEVA UL.2",704.0,463,0.6577,463,461,2,1.0,1,0.0022,1,0.0022,12,0.026,188,0.4078,0,,39,0.0846,2,0.0043,11,0.0239,3,0.0065,10,0.0217,2,0.0043,40,0.0868,12,0.026,9,0.0195,65,0.141,4,0.0087,39,0.0846,16,0.0347,7,0.0152,0,0.0,0,
1304,4,Ljubljana Bežigrad,7,Ljubljana Moste - Polje 3,20,"OŠ KETTEJA IN MURNA, KOŠIRJEVA UL.2",441.0,295,0.6689,295,295,0,1.0,1,0.0034,3,0.0102,9,0.0305,120,0.4068,0,,28,0.0949,0,0.0,15,0.0508,1,0.0034,14,0.0475,6,0.0203,21,0.0712,12,0.0407,3,0.0102,35,0.1186,4,0.0136,6,0.0203,9,0.0305,5,0.0169,3,0.0102,0,
1305,4,Ljubljana Bežigrad,7,Ljubljana Moste - Polje 3,21,"OŠ KETTEJA IN MURNA, KOŠIRJEVA UL.2",477.0,299,0.6268,299,298,1,1.0,3,0.0101,0,0.0,9,0.0302,106,0.3557,0,,36,0.1208,1,0.0034,9,0.0302,0,0.0,6,0.0201,6,0.0201,23,0.0772,6,0.0201,7,0.0235,52,0.1745,0,0.0,14,0.047,12,0.0403,7,0.0235,1,0.0034,0,
1306,4,Ljubljana Bežigrad,7,Ljubljana Moste - Polje 3,22,"OŠ KETTEJA IN MURNA, KOŠIRJEVA UL.2",726.0,446,0.6143,446,443,3,1.0,3,0.0068,2,0.0045,2,0.0045,175,0.395,0,,45,0.1016,2,0.0045,27,0.0609,1,0.0023,13,0.0293,6,0.0135,20,0.0451,12,0.0271,0,0.0,70,0.158,6,0.0135,29,0.0655,15,0.0339,9,0.0203,6,0.0135,0,
1307,4,Ljubljana Bežigrad,7,Ljubljana Moste - Polje 3,2,"OŠ NOVE JARŠE, CLEVELANDSKA UL.11",1278.0,760,0.5947,760,751,9,1.0,9,0.012,2,0.0027,18,0.024,335,0.4461,0,,58,0.0772,5,0.0067,33,0.0439,7,0.0093,23,0.0306,6,0.008,21,0.028,20,0.0266,9,0.012,91,0.1212,4,0.0053,61,0.0812,30,0.0399,13,0.0173,6,0.008,0,
1308,4,Ljubljana Bežigrad,7,Ljubljana Moste - Polje 3,3,"OŠ NOVE JARŠE, CLEVELANDSKA UL.11",1097.0,644,0.5871,644,638,6,1.0,10,0.0157,2,0.0031,35,0.0549,307,0.4812,0,,38,0.0596,1,0.0016,22,0.0345,3,0.0047,14,0.0219,12,0.0188,20,0.0313,13,0.0204,7,0.011,74,0.116,3,0.0047,49,0.0768,21,0.0329,6,0.0094,1,0.0016,0,
1309,4,Ljubljana Bežigrad,7,Ljubljana Moste - Polje 3,4,"OŠ NOVE JARŠE, CLEVELANDSKA UL.11",943.0,590,0.6257,590,582,8,1.0,4,0.0069,0,0.0,14,0.0241,248,0.4261,0,,55,0.0945,6,0.0103,24,0.0412,1,0.0017,23,0.0395,9,0.0155,19,0.0326,9,0.0155,5,0.0086,78,0.134,4,0.0069,53,0.0911,24,0.0412,4,0.0069,2,0.0034,0,
1310,4,Ljubljana Bežigrad,7,Ljubljana Moste - Polje 3,8,"OŠ VIDE PREGARC, BAZOVIŠKA UL. 1",670.0,391,0.5836,391,390,1,1.0,1,0.0026,2,0.0051,10,0.0256,177,0.4538,0,,24,0.0615,4,0.0103,11,0.0282,2,0.0051,8,0.0205,15,0.0385,12,0.0308,5,0.0128,7,0.0179,56,0.1436,6,0.0154,29,0.0744,13,0.0333,4,0.0103,4,0.0103,0,
1311,4,Ljubljana Bežigrad,7,Ljubljana Moste - Polje 3,9,"OŠ VIDE PREGARC, BAZOVIŠKA UL. 1",494.0,317,0.6417,317,315,2,1.0,2,0.0063,1,0.0032,8,0.0254,118,0.3746,0,,34,0.1079,0,0.0,19,0.0603,0,0.0,9,0.0286,11,0.0349,16,0.0508,10,0.0317,8,0.0254,39,0.1238,6,0.019,21,0.0667,8,0.0254,4,0.0127,1,0.0032,0,
1312,4,Ljubljana Bežigrad,7,Ljubljana Moste - Polje 3,10,"OŠ VIDE PREGARC, BAZOVIŠKA UL. 1",313.0,186,0.5942,186,186,0,1.0,0,0.0,1,0.0054,3,0.0161,65,0.3495,0,,9,0.0484,0,0.0,10,0.0538,1,0.0054,7,0.0376,10,0.0538,11,0.0591,8,0.043,5,0.0269,27,0.1452,0,0.0,16,0.086,8,0.043,5,0.0269,0,0.0,0,
1313,4,Ljubljana Bežigrad,7,Ljubljana Moste - Polje 3,11,"OŠ VIDE PREGARC, BAZOVIŠKA UL. 1",1351.0,794,0.5877,794,790,4,1.0,2,0.0025,1,0.0013,20,0.0253,359,0.4544,0,,62,0.0785,3,0.0038,37,0.0468,2,0.0025,11,0.0139,11,0.0139,41,0.0519,11,0.0139,20,0.0253,90,0.1139,4,0.0051,64,0.081,34,0.043,13,0.0165,5,0.0063,0,
1314,4,Ljubljana Bežigrad,7,Ljubljana Moste - Polje 3,26,"OŠ ZADOBROVA, ZADOBROVŠKA C.35",1012.0,771,0.7619,771,762,9,1.0,1,0.0013,3,0.0039,19,0.0249,277,0.3635,0,,41,0.0538,3,0.0039,18,0.0236,7,0.0092,10,0.0131,12,0.0157,65,0.0853,15,0.0197,21,0.0276,175,0.2297,7,0.0092,40,0.0525,31,0.0407,8,0.0105,9,0.0118,0,
1315,4,Ljubljana Bežigrad,7,Ljubljana Moste - Polje 3,27,"ZADRUŽNI DOM ZADOBROVA, ZADOBROVŠKA C.88",741.0,535,0.722,535,535,0,1.0,5,0.0093,0,0.0,9,0.0168,187,0.3495,0,,38,0.071,3,0.0056,21,0.0393,3,0.0056,10,0.0187,7,0.0131,50,0.0935,9,0.0168,17,0.0318,113,0.2112,8,0.015,24,0.0449,12,0.0224,12,0.0224,7,0.0131,0,
1316,4,Ljubljana Bežigrad,7,Ljubljana Moste - Polje 3,24,"ZADRUŽNI DOM ZADOBROVA, ZADOBROVŠKA C.88",622.0,409,0.6576,409,408,1,1.0,2,0.0049,1,0.0025,8,0.0196,161,0.3946,0,,29,0.0711,1,0.0025,27,0.0662,2,0.0049,7,0.0172,5,0.0123,21,0.0515,10,0.0245,11,0.027,85,0.2083,5,0.0123,18,0.0441,8,0.0196,4,0.0098,3,0.0074,0,
1317,4,Ljubljana Bežigrad,7,Ljubljana Moste - Polje 3,25,"ZADRUŽNI DOM ZADOBROVA, ZADOBROVŠKA C.88",428.0,312,0.729,312,311,1,1.0,1,0.0032,2,0.0064,12,0.0386,120,0.3859,0,,9,0.0289,3,0.0096,4,0.0129,1,0.0032,4,0.0129,8,0.0257,28,0.09,6,0.0193,4,0.0129,78,0.2508,6,0.0193,16,0.0514,6,0.0193,2,0.0064,1,0.0032,0,
1318,4,Ljubljana Bežigrad,7,Ljubljana Moste - Polje 3,901,PREDČASNO GLASOVANJE,,2070,,2070,2066,4,1.0,8,0.0039,1,0.0005,45,0.0218,867,0.4197,0,,239,0.1157,3,0.0015,87,0.0421,10,0.0048,46,0.0223,36,0.0174,93,0.045,34,0.0165,43,0.0208,250,0.121,10,0.0048,169,0.0818,73,0.0353,40,0.0194,12,0.0058,0,
1319,4,Ljubljana Bežigrad,8,Ljubljana Bežigrad 1,2,"GASILSKI DOM BERIČEVO, BERIČEVO 12, DOL PRI LJ",476.0,376,0.7899,376,375,1,1.0,2,0.0053,2,0.0053,11,0.0293,149,0.3973,0,,13,0.0347,0,0.0,22,0.0587,4,0.0107,4,0.0107,6,0.016,30,0.08,5,0.0133,12,0.032,79,0.2107,5,0.0133,23,0.0613,4,0.0107,3,0.008,1,0.0027,0,
1320,4,Ljubljana Bežigrad,8,Ljubljana Bežigrad 1,4,"GASILSKI DOM, NADGORIŠKA C. 18",1171.0,835,0.7131,835,832,3,1.0,2,0.0024,2,0.0024,29,0.0349,284,0.3413,0,,21,0.0252,5,0.006,28,0.0337,4,0.0048,23,0.0276,11,0.0132,77,0.0925,14,0.0168,19,0.0228,214,0.2572,8,0.0096,42,0.0505,32,0.0385,16,0.0192,1,0.0012,0,
1321,4,Ljubljana Bežigrad,8,Ljubljana Bežigrad 1,11,"KULTURNI DOM SAVLJE KLEČE, SAVLJE 101",939.0,645,0.6869,645,643,2,1.0,4,0.0062,0,0.0,24,0.0373,218,0.339,0,,29,0.0451,7,0.0109,29,0.0451,6,0.0093,10,0.0156,6,0.0093,57,0.0886,13,0.0202,23,0.0358,140,0.2177,8,0.0124,36,0.056,19,0.0295,9,0.014,5,0.0078,0,
1322,4,Ljubljana Bežigrad,8,Ljubljana Bežigrad 1,12,"OŠ DANILE KUMAR, GOGALOVA ULICA 15, LJUBLJANA",737.0,476,0.6459,476,476,0,1.0,0,0.0,0,0.0,16,0.0336,179,0.3761,0,,26,0.0546,1,0.0021,20,0.042,1,0.0021,6,0.0126,13,0.0273,53,0.1113,11,0.0231,12,0.0252,84,0.1765,4,0.0084,23,0.0483,18,0.0378,8,0.0168,1,0.0021,0,
1323,4,Ljubljana Bežigrad,8,Ljubljana Bežigrad 1,13,"OŠ DANILE KUMAR, GOGALOVA ULICA 15, LJUBLJANA",751.0,419,0.5579,419,411,8,1.0,3,0.0073,5,0.0122,14,0.0341,179,0.4355,0,,37,0.09,0,0.0,20,0.0487,0,0.0,9,0.0219,8,0.0195,15,0.0365,9,0.0219,1,0.0024,53,0.129,3,0.0073,32,0.0779,18,0.0438,4,0.0097,1,0.0024,0,
1324,4,Ljubljana Bežigrad,8,Ljubljana Bežigrad 1,14,"OŠ DANILE KUMAR, GOGALOVA ULICA 15, LJUBLJANA",644.0,388,0.6025,388,384,4,1.0,3,0.0078,0,0.0,11,0.0286,172,0.4479,0,,27,0.0703,0,0.0,16,0.0417,2,0.0052,3,0.0078,10,0.026,26,0.0677,1,0.0026,2,0.0052,46,0.1198,5,0.013,27,0.0703,22,0.0573,7,0.0182,4,0.0104,0,
1325,4,Ljubljana Bežigrad,8,Ljubljana Bežigrad 1,15,"OŠ DANILE KUMAR, GOGALOVA ULICA 15, LJUBLJANA",728.0,445,0.6113,445,440,5,1.0,1,0.0023,0,0.0,15,0.0341,178,0.4045,0,,37,0.0841,2,0.0045,25,0.0568,1,0.0023,8,0.0182,8,0.0182,17,0.0386,5,0.0114,8,0.0182,57,0.1295,3,0.0068,36,0.0818,27,0.0614,8,0.0182,4,0.0091,0,
1326,4,Ljubljana Bežigrad,8,Ljubljana Bežigrad 1,16,"OŠ DANILE KUMAR, GOGALOVA ULICA 15, LJUBLJANA",927.0,588,0.6343,588,581,7,1.0,4,0.0069,2,0.0034,7,0.012,271,0.4664,0,,40,0.0688,0,0.0,26,0.0448,6,0.0103,5,0.0086,7,0.012,27,0.0465,9,0.0155,8,0.0138,87,0.1497,2,0.0034,49,0.0843,25,0.043,6,0.0103,0,0.0,0,
1327,4,Ljubljana Bežigrad,8,Ljubljana Bežigrad 1,17,"OŠ DANILE KUMAR, GOGALOVA ULICA 15, LJUBLJANA",882.0,544,0.6168,544,537,7,1.0,2,0.0037,0,0.0,8,0.0149,233,0.4339,0,,32,0.0596,2,0.0037,22,0.041,2,0.0037,4,0.0074,5,0.0093,43,0.0801,12,0.0223,16,0.0298,80,0.149,5,0.0093,42,0.0782,18,0.0335,10,0.0186,1,0.0019,0,
1328,4,Ljubljana Bežigrad,8,Ljubljana Bežigrad 1,18,"OŠ DANILE KUMAR, GOGALOVA ULICA 15, LJUBLJANA",635.0,409,0.6441,409,409,0,1.0,1,0.0024,0,0.0,1,0.0024,183,0.4474,0,,19,0.0465,1,0.0024,7,0.0171,3,0.0073,6,0.0147,10,0.0244,32,0.0782,6,0.0147,12,0.0293,90,0.22,5,0.0122,21,0.0513,6,0.0147,6,0.0147,0,0.0,0,
1329,4,Ljubljana Bežigrad,8,Ljubljana Bežigrad 1,10,"OŠ DANILE KUMAR, GOGALOVA ULICA 15, LJUBLJANA",814.0,548,0.6732,547,545,2,1.0,3,0.0055,2,0.0037,18,0.033,192,0.3523,0,,38,0.0697,3,0.0055,18,0.033,6,0.011,7,0.0128,10,0.0183,41,0.0752,9,0.0165,10,0.0183,111,0.2037,4,0.0073,37,0.0679,22,0.0404,4,0.0073,10,0.0183,0,
1330,4,Ljubljana Bežigrad,8,Ljubljana Bežigrad 1,19,"OŠ FRANCETA BEVKA, POHORSKEGA BATALJONA 1",976.0,684,0.7008,684,682,2,1.0,2,0.0029,3,0.0044,9,0.0132,288,0.4223,0,,52,0.0762,3,0.0044,30,0.044,3,0.0044,7,0.0103,7,0.0103,45,0.066,22,0.0323,8,0.0117,119,0.1745,5,0.0073,33,0.0484,23,0.0337,15,0.022,8,0.0117,0,
1331,4,Ljubljana Bežigrad,8,Ljubljana Bežigrad 1,20,"OŠ FRANCETA BEVKA, POHORSKEGA BATALJONA 1",900.0,549,0.61,549,546,3,1.0,3,0.0055,0,0.0,8,0.0147,224,0.4103,0,,50,0.0916,2,0.0037,20,0.0366,5,0.0092,6,0.011,16,0.0293,26,0.0476,19,0.0348,9,0.0165,82,0.1502,4,0.0073,30,0.0549,25,0.0458,11,0.0201,6,0.011,0,
1332,4,Ljubljana Bežigrad,8,Ljubljana Bežigrad 1,1,"OŠ JANKA MODRA, VIDEM 17, DOL PRI LJ.",1877.0,1426,0.7597,1426,1421,5,1.0,5,0.0035,3,0.0021,23,0.0162,549,0.3863,0,,61,0.0429,3,0.0021,64,0.045,10,0.007,13,0.0091,20,0.0141,139,0.0978,22,0.0155,32,0.0225,312,0.2196,25,0.0176,69,0.0486,36,0.0253,32,0.0225,3,0.0021,0,
1333,4,Ljubljana Bežigrad,8,Ljubljana Bežigrad 1,5,"OŠ MAKSA PEČARJA, ČRNUŠKA CESTA 9, LJUBLJANA",1550.0,1075,0.6935,1075,1073,2,1.0,3,0.0028,2,0.0019,14,0.013,463,0.4315,0,,40,0.0373,3,0.0028,53,0.0494,9,0.0084,18,0.0168,21,0.0196,66,0.0615,31,0.0289,13,0.0121,205,0.1911,13,0.0121,71,0.0662,27,0.0252,18,0.0168,3,0.0028,0,
1334,4,Ljubljana Bežigrad,8,Ljubljana Bežigrad 1,6,"OŠ MAKSA PEČARJA, ČRNUŠKA CESTA 9, LJUBLJANA",1213.0,805,0.6636,805,797,8,1.0,2,0.0025,1,0.0013,27,0.0339,344,0.4316,0,,56,0.0703,2,0.0025,42,0.0527,2,0.0025,13,0.0163,7,0.0088,38,0.0477,18,0.0226,14,0.0176,126,0.1581,5,0.0063,56,0.0703,29,0.0364,10,0.0125,5,0.0063,0,
1335,4,Ljubljana Bežigrad,8,Ljubljana Bežigrad 1,22,"OŠ MILANA ŠUŠTARŠIČA, ŠTEMBALOVA UL. 2A",1106.0,704,0.6365,704,702,2,1.0,2,0.0028,0,0.0,28,0.0399,282,0.4017,0,,68,0.0969,2,0.0028,46,0.0655,4,0.0057,8,0.0114,13,0.0185,29,0.0413,27,0.0385,10,0.0142,90,0.1282,7,0.01,48,0.0684,26,0.037,11,0.0157,1,0.0014,0,
1336,4,Ljubljana Bežigrad,8,Ljubljana Bežigrad 1,7,"PROSTORI MOL, DUNAJSKA C.367",1012.0,714,0.7055,714,703,11,1.0,6,0.0085,0,0.0,17,0.0242,260,0.3698,0,,69,0.0982,2,0.0028,30,0.0427,5,0.0071,18,0.0256,8,0.0114,48,0.0683,10,0.0142,9,0.0128,99,0.1408,8,0.0114,64,0.091,40,0.0569,9,0.0128,1,0.0014,0,
1337,4,Ljubljana Bežigrad,8,Ljubljana Bežigrad 1,8,"PROSTORI MOL, DUNAJSKA C.367",1192.0,756,0.6342,756,753,3,1.0,3,0.004,1,0.0013,20,0.0266,304,0.4037,0,,46,0.0611,2,0.0027,44,0.0584,4,0.0053,18,0.0239,18,0.0239,31,0.0412,21,0.0279,18,0.0239,119,0.158,5,0.0066,46,0.0611,32,0.0425,15,0.0199,6,0.008,0,
1338,4,Ljubljana Bežigrad,8,Ljubljana Bežigrad 1,9,"PROSTORI MOL, DUNAJSKA CESTA 367, LJUBLJANA",1677.0,1037,0.6184,1036,1029,7,1.0,1,0.001,2,0.0019,27,0.0262,426,0.414,0,,54,0.0525,0,0.0,37,0.036,8,0.0078,25,0.0243,11,0.0107,71,0.069,21,0.0204,19,0.0185,161,0.1565,15,0.0146,91,0.0884,37,0.036,16,0.0155,7,0.0068,0,
1339,4,Ljubljana Bežigrad,8,Ljubljana Bežigrad 1,21,"PROSTORI MOL, VOJKOVA C. 87",1048.0,629,0.6002,629,626,3,1.0,5,0.008,2,0.0032,6,0.0096,252,0.4026,0,,55,0.0879,5,0.008,35,0.0559,5,0.008,9,0.0144,11,0.0176,30,0.0479,11,0.0176,13,0.0208,95,0.1518,6,0.0096,39,0.0623,28,0.0447,18,0.0288,1,0.0016,0,
1340,4,Ljubljana Bežigrad,8,Ljubljana Bežigrad 1,3,"PROSTORI MOL, ZAJČEVA POT 34, LJ.",1034.0,763,0.7379,763,752,11,1.0,3,0.004,2,0.0027,16,0.0213,237,0.3152,0,,21,0.0279,0,0.0,55,0.0731,5,0.0066,15,0.0199,17,0.0226,70,0.0931,27,0.0359,8,0.0106,193,0.2566,10,0.0133,30,0.0399,22,0.0293,15,0.0199,6,0.008,0,
1341,4,Ljubljana Bežigrad,8,Ljubljana Bežigrad 1,901,PREDČASNO GLASOVANJE,,2752,,2752,2748,4,1.0,5,0.0018,4,0.0015,39,0.0142,1290,0.4694,0,,281,0.1023,6,0.0022,105,0.0382,16,0.0058,43,0.0156,46,0.0167,136,0.0495,38,0.0138,52,0.0189,344,0.1252,20,0.0073,175,0.0637,83,0.0302,56,0.0204,9,0.0033,0,
1342,4,Ljubljana Bežigrad,9,Ljubljana Bežigrad 2,7,"DRUŠTVO DISTROFIKOV SLOVENIJE, LINHARTOVA C. 1",801.0,486,0.6067,486,483,3,1.0,1,0.0021,2,0.0041,5,0.0104,180,0.3727,0,,42,0.087,2,0.0041,26,0.0538,1,0.0021,1,0.0021,14,0.029,28,0.058,14,0.029,15,0.0311,92,0.1905,0,0.0,25,0.0518,27,0.0559,8,0.0166,0,0.0,0,
1343,4,Ljubljana Bežigrad,9,Ljubljana Bežigrad 2,5,"KNJIŽNICA BEŽIGRAD, EINSPIELERJEVA ULICA 1",1386.0,786,0.5671,786,780,6,1.0,2,0.0026,0,0.0,17,0.0218,303,0.3885,0,,83,0.1064,2,0.0026,32,0.041,3,0.0038,16,0.0205,8,0.0103,51,0.0654,22,0.0282,18,0.0231,99,0.1269,7,0.009,52,0.0667,27,0.0346,25,0.0321,13,0.0167,0,
1344,4,Ljubljana Bežigrad,9,Ljubljana Bežigrad 2,22,"OBJEKT - OKREPČEVALNICA, ŠIFRERJEVA 3, LJUBLJANA",1027.0,584,0.5686,584,578,6,1.0,1,0.0017,5,0.0087,33,0.0571,244,0.4221,0,,36,0.0623,10,0.0173,32,0.0554,0,0.0,23,0.0398,8,0.0138,28,0.0484,15,0.026,6,0.0104,71,0.1228,11,0.019,29,0.0502,7,0.0121,14,0.0242,5,0.0087,0,
1345,4,Ljubljana Bežigrad,9,Ljubljana Bežigrad 2,23,"OBJEKT - OKREPČEVALNICA, ŠIFRERJEVA 3, LJUBLJANA",762.0,437,0.5735,437,432,5,1.0,4,0.0093,1,0.0023,17,0.0394,205,0.4745,0,,27,0.0625,8,0.0185,13,0.0301,2,0.0046,6,0.0139,4,0.0093,13,0.0301,8,0.0185,20,0.0463,63,0.1458,8,0.0185,18,0.0417,9,0.0208,4,0.0093,2,0.0046,0,
1346,4,Ljubljana Bežigrad,9,Ljubljana Bežigrad 2,1,"OŠ BEŽIGRAD, ČRTOMIROVA UL.12",1017.0,550,0.5408,550,546,4,1.0,0,0.0,0,0.0,7,0.0128,227,0.4158,0,,46,0.0842,1,0.0018,30,0.0549,0,0.0,8,0.0147,7,0.0128,27,0.0495,14,0.0256,14,0.0256,89,0.163,2,0.0037,35,0.0641,24,0.044,13,0.0238,2,0.0037,0,
1347,4,Ljubljana Bežigrad,9,Ljubljana Bežigrad 2,2,"OŠ BEŽIGRAD, ČRTOMIROVA UL.12",1007.0,536,0.5323,536,534,2,1.0,4,0.0075,1,0.0019,10,0.0187,225,0.4213,0,,43,0.0805,1,0.0019,26,0.0487,1,0.0019,14,0.0262,9,0.0169,28,0.0524,12,0.0225,7,0.0131,89,0.1667,2,0.0037,30,0.0562,23,0.0431,7,0.0131,2,0.0037,0,
1348,4,Ljubljana Bežigrad,9,Ljubljana Bežigrad 2,3,"OŠ BEŽIGRAD, ČRTOMIROVA UL.12",829.0,434,0.5235,434,431,3,1.0,1,0.0023,0,0.0,10,0.0232,184,0.4269,0,,44,0.1021,2,0.0046,26,0.0603,4,0.0093,5,0.0116,12,0.0278,8,0.0186,13,0.0302,3,0.007,48,0.1114,8,0.0186,40,0.0928,16,0.0371,6,0.0139,1,0.0023,0,
1349,4,Ljubljana Bežigrad,9,Ljubljana Bežigrad 2,4,"OŠ BEŽIGRAD, ČRTOMIROVA UL.12",709.0,411,0.5797,411,407,4,1.0,0,0.0,2,0.0049,11,0.027,170,0.4177,0,,37,0.0909,2,0.0049,20,0.0491,3,0.0074,8,0.0197,5,0.0123,16,0.0393,17,0.0418,7,0.0172,55,0.1351,5,0.0123,23,0.0565,15,0.0369,8,0.0197,3,0.0074,0,
1350,4,Ljubljana Bežigrad,9,Ljubljana Bežigrad 2,19,"OŠ MILANA ŠUŠTARŠIČA, ŠTEMBALOVA UL. 2A",699.0,432,0.618,431,430,1,1.0,1,0.0023,3,0.007,6,0.014,181,0.4209,0,,30,0.0698,1,0.0023,27,0.0628,2,0.0047,20,0.0465,12,0.0279,12,0.0279,7,0.0163,7,0.0163,58,0.1349,7,0.0163,31,0.0721,19,0.0442,6,0.014,0,0.0,0,
1351,4,Ljubljana Bežigrad,9,Ljubljana Bežigrad 2,20,"OŠ MILANA ŠUŠTARŠIČA, ŠTEMBALOVA UL. 2A",730.0,466,0.6384,466,465,1,1.0,6,0.0129,1,0.0022,12,0.0258,188,0.4043,0,,58,0.1247,0,0.0,24,0.0516,4,0.0086,10,0.0215,9,0.0194,19,0.0409,13,0.028,10,0.0215,67,0.1441,3,0.0065,22,0.0473,15,0.0323,4,0.0086,0,0.0,0,
1352,4,Ljubljana Bežigrad,9,Ljubljana Bežigrad 2,15,"OŠ MIRANA JARCA, IPAVČEVA UL. 1",737.0,385,0.5224,384,383,1,1.0,0,0.0,1,0.0026,5,0.0131,167,0.436,0,,42,0.1097,0,0.0,23,0.0601,3,0.0078,9,0.0235,9,0.0235,18,0.047,9,0.0235,7,0.0183,47,0.1227,2,0.0052,20,0.0522,13,0.0339,7,0.0183,1,0.0026,0,
1353,4,Ljubljana Bežigrad,9,Ljubljana Bežigrad 2,8,"OŠ MIRANA JARCA, IPAVČEVA UL. 1",608.0,367,0.6036,367,367,0,1.0,2,0.0054,1,0.0027,9,0.0245,145,0.3951,0,,33,0.0899,0,0.0,24,0.0654,1,0.0027,7,0.0191,9,0.0245,14,0.0381,9,0.0245,4,0.0109,57,0.1553,9,0.0245,23,0.0627,10,0.0272,8,0.0218,2,0.0054,0,
1354,4,Ljubljana Bežigrad,9,Ljubljana Bežigrad 2,9,"OŠ MIRANA JARCA, IPAVČEVA UL. 1",1255.0,699,0.557,699,694,5,1.0,3,0.0043,4,0.0058,11,0.0159,318,0.4582,0,,60,0.0865,0,0.0,33,0.0476,3,0.0043,13,0.0187,9,0.013,36,0.0519,18,0.0259,3,0.0043,93,0.134,4,0.0058,45,0.0648,26,0.0375,12,0.0173,3,0.0043,0,
1355,4,Ljubljana Bežigrad,9,Ljubljana Bežigrad 2,16,"OŠ SAVSKO NASELJE, MATJAŽEVA UL. 4",675.0,408,0.6044,408,408,0,1.0,2,0.0049,0,0.0,5,0.0123,182,0.4461,0,,43,0.1054,1,0.0025,10,0.0245,2,0.0049,11,0.027,6,0.0147,18,0.0441,15,0.0368,6,0.0147,53,0.1299,3,0.0074,28,0.0686,11,0.027,8,0.0196,4,0.0098,0,
1356,4,Ljubljana Bežigrad,9,Ljubljana Bežigrad 2,17,"OŠ SAVSKO NASELJE, MATJAŽEVA UL. 4",986.0,591,0.5994,591,586,5,1.0,4,0.0068,2,0.0034,17,0.029,258,0.4403,0,,77,0.1314,2,0.0034,31,0.0529,2,0.0034,15,0.0256,12,0.0205,19,0.0324,17,0.029,8,0.0137,57,0.0973,2,0.0034,31,0.0529,16,0.0273,11,0.0188,5,0.0085,0,
1357,4,Ljubljana Bežigrad,9,Ljubljana Bežigrad 2,18,"OŠ SAVSKO NASELJE, MATJAŽEVA UL. 4",1008.0,560,0.5556,560,557,3,1.0,1,0.0018,0,0.0,13,0.0233,232,0.4165,0,,72,0.1293,1,0.0018,30,0.0539,5,0.009,17,0.0305,5,0.009,18,0.0323,18,0.0323,11,0.0197,64,0.1149,9,0.0162,36,0.0646,15,0.0269,9,0.0162,1,0.0018,0,
1358,4,Ljubljana Bežigrad,9,Ljubljana Bežigrad 2,10,"OŠ V. KRAIGHERJA, TRG 9. MAJA 1, LJUBLJANA",799.0,494,0.6183,494,489,5,1.0,0,0.0,0,0.0,6,0.0123,204,0.4172,0,,47,0.0961,1,0.002,22,0.045,7,0.0143,14,0.0286,8,0.0164,25,0.0511,15,0.0307,11,0.0225,70,0.1431,7,0.0143,31,0.0634,6,0.0123,13,0.0266,2,0.0041,0,
1359,4,Ljubljana Bežigrad,9,Ljubljana Bežigrad 2,14,"OŠ VITA KRAIGHERJA, TRG 9. MAJA 1",830.0,522,0.6289,522,519,3,1.0,0,0.0,0,0.0,10,0.0193,183,0.3526,0,,56,0.1079,4,0.0077,27,0.052,4,0.0077,12,0.0231,10,0.0193,31,0.0597,22,0.0424,14,0.027,71,0.1368,3,0.0058,37,0.0713,20,0.0385,12,0.0231,3,0.0058,0,
1360,4,Ljubljana Bežigrad,9,Ljubljana Bežigrad 2,12,"OŠ VITA KRAIGHERJA, TRG 9. MAJA 1",576.0,352,0.6111,352,351,1,1.0,3,0.0085,0,0.0,7,0.0199,138,0.3932,0,,30,0.0855,0,0.0,8,0.0228,1,0.0028,3,0.0085,2,0.0057,18,0.0513,14,0.0399,6,0.0171,57,0.1624,1,0.0028,24,0.0684,28,0.0798,9,0.0256,2,0.0057,0,
1361,4,Ljubljana Bežigrad,9,Ljubljana Bežigrad 2,13,"PROSTORI MOL, DUNAJSKA C. 101",919.0,615,0.6692,615,609,6,1.0,3,0.0049,2,0.0033,12,0.0197,230,0.3777,0,,45,0.0739,1,0.0016,38,0.0624,4,0.0066,11,0.0181,8,0.0131,35,0.0575,17,0.0279,15,0.0246,93,0.1527,4,0.0066,43,0.0706,23,0.0378,19,0.0312,6,0.0099,0,
1362,4,Ljubljana Bežigrad,9,Ljubljana Bežigrad 2,11,"PROSTORI MOL, DUNAJSKA C. 101",647.0,375,0.5796,375,372,3,1.0,1,0.0027,0,0.0,6,0.0161,154,0.414,0,,32,0.086,2,0.0054,15,0.0403,4,0.0108,8,0.0215,7,0.0188,24,0.0645,10,0.0269,4,0.0108,43,0.1156,5,0.0134,26,0.0699,17,0.0457,10,0.0269,4,0.0108,0,
1363,4,Ljubljana Bežigrad,9,Ljubljana Bežigrad 2,21,"PROSTORI MOL, VOJKOVA C. 73",471.0,294,0.6242,294,292,2,1.0,0,0.0,0,0.0,6,0.0205,130,0.4452,0,,16,0.0548,1,0.0034,14,0.0479,3,0.0103,8,0.0274,4,0.0137,16,0.0548,11,0.0377,4,0.0137,33,0.113,2,0.0068,23,0.0788,14,0.0479,5,0.0171,2,0.0068,0,
1364,4,Ljubljana Bežigrad,9,Ljubljana Bežigrad 2,6,"ZAVOD RS ZA ZAPOSLOVANJE, PARMOVA 32, LJUBLJANA",837.0,478,0.5711,478,472,6,1.0,0,0.0,1,0.0021,0,0.0,173,0.3665,0,,52,0.1102,0,0.0,23,0.0487,1,0.0021,9,0.0191,10,0.0212,22,0.0466,15,0.0318,11,0.0233,91,0.1928,3,0.0064,30,0.0636,23,0.0487,7,0.0148,1,0.0021,0,
1365,4,Ljubljana Bežigrad,9,Ljubljana Bežigrad 2,901,PREDČASNO GLASOVANJE,,3451,,3451,3441,10,1.0,7,0.002,4,0.0012,50,0.0145,1507,0.438,0,,445,0.1293,1,0.0003,151,0.0439,20,0.0058,58,0.0169,49,0.0142,137,0.0398,71,0.0206,58,0.0169,426,0.1238,11,0.0032,245,0.0712,120,0.0349,63,0.0183,18,0.0052,0,
1366,4,Ljubljana Bežigrad,10,Domžale 1,14,"DELAVSKI DOM VIR, ŠARANOVIČEVA C.19,VIR",1413.0,976,0.6907,976,966,10,1.0,7,0.0072,1,0.001,25,0.0259,407,0.4213,0,,26,0.0269,5,0.0052,64,0.0663,8,0.0083,17,0.0176,16,0.0166,56,0.058,20,0.0207,12,0.0124,169,0.1749,15,0.0155,63,0.0652,26,0.0269,19,0.0197,10,0.0104,0,
1367,4,Ljubljana Bežigrad,10,Domžale 1,31,"DOM KRAJANOV HRIB, HRIB NAD RIBČAMI 7",313.0,223,0.7125,223,222,1,1.0,1,0.0045,0,0.0,2,0.009,51,0.2297,0,,4,0.018,0,0.0,14,0.0631,4,0.018,9,0.0405,0,0.0,18,0.0811,4,0.018,12,0.0541,66,0.2973,7,0.0315,16,0.0721,3,0.0135,5,0.0225,6,0.027,0,
1368,4,Ljubljana Bežigrad,10,Domžale 1,3,"DOM KRAJANOV V ŽEJAH, ŽEJE 10",392.0,293,0.7474,293,292,1,1.0,0,0.0,0,0.0,4,0.0137,111,0.3801,0,,6,0.0205,2,0.0068,26,0.089,2,0.0068,4,0.0137,4,0.0137,44,0.1507,11,0.0377,4,0.0137,53,0.1815,3,0.0103,10,0.0342,2,0.0068,2,0.0068,4,0.0137,0,
1369,4,Ljubljana Bežigrad,10,Domžale 1,5,"GASILSKI DOM HOMEC, BOLKOVA UL.46, HOMEC",1159.0,876,0.7558,876,869,7,1.0,2,0.0023,1,0.0012,11,0.0127,288,0.3314,0,,18,0.0207,3,0.0035,101,0.1162,8,0.0092,16,0.0184,14,0.0161,93,0.107,20,0.023,20,0.023,189,0.2175,13,0.015,26,0.0299,24,0.0276,13,0.015,9,0.0104,0,
1370,4,Ljubljana Bežigrad,10,Domžale 1,30,"GASILSKI DOM PEČE, PEČE 50",451.0,360,0.7982,360,358,2,1.0,0,0.0,1,0.0028,9,0.0251,57,0.1592,0,,5,0.014,1,0.0028,28,0.0782,3,0.0084,5,0.014,7,0.0196,67,0.1872,5,0.014,19,0.0531,121,0.338,4,0.0112,15,0.0419,3,0.0084,8,0.0223,0,0.0,0,
1371,4,Ljubljana Bežigrad,10,Domžale 1,10,"GASILSKI DOM ŠTUDA, ŠTUDLJANSKA 86, DOMŽALE",696.0,482,0.6925,482,478,4,1.0,2,0.0042,0,0.0,8,0.0167,197,0.4121,0,,12,0.0251,0,0.0,32,0.0669,11,0.023,6,0.0126,3,0.0063,41,0.0858,10,0.0209,13,0.0272,86,0.1799,5,0.0105,28,0.0586,16,0.0335,7,0.0146,1,0.0021,0,
1372,4,Ljubljana Bežigrad,10,Domžale 1,13,"GD ROVA, ŽIŠKA C.10, ROVA",571.0,451,0.7898,451,448,3,1.0,5,0.0112,3,0.0067,10,0.0223,141,0.3147,0,,13,0.029,0,0.0,33,0.0737,6,0.0134,8,0.0179,10,0.0223,46,0.1027,9,0.0201,8,0.0179,116,0.2589,10,0.0223,14,0.0312,7,0.0156,6,0.0134,3,0.0067,0,
1373,4,Ljubljana Bežigrad,10,Domžale 1,26,"GOST. LOKAL NAD LOGOM,C. HEROJA VASJE 13, MORAVČE",614.0,498,0.8111,498,490,8,1.0,3,0.0061,1,0.002,6,0.0122,144,0.2939,0,,5,0.0102,4,0.0082,20,0.0408,3,0.0061,12,0.0245,9,0.0184,50,0.102,6,0.0122,11,0.0224,126,0.2571,16,0.0327,22,0.0449,8,0.0163,42,0.0857,2,0.0041,0,
1374,4,Ljubljana Bežigrad,10,Domžale 1,32,"KS VRHPOLJE,VRHPOLJE PRI MORAVČAH 14",847.0,624,0.7367,624,614,10,1.0,3,0.0049,3,0.0049,22,0.0358,187,0.3046,0,,13,0.0212,3,0.0049,41,0.0668,8,0.013,22,0.0358,1,0.0016,59,0.0961,9,0.0147,26,0.0423,152,0.2476,10,0.0163,29,0.0472,12,0.0195,11,0.0179,3,0.0049,0,
1375,4,Ljubljana Bežigrad,10,Domžale 1,19,"KULTURNI DOM A.M.SLOMŠKA ŠENTVID, VEIDROV TRG 4",1060.0,815,0.7689,815,805,10,1.0,4,0.005,0,0.0,26,0.0323,315,0.3913,0,,19,0.0236,3,0.0037,63,0.0783,4,0.005,13,0.0161,8,0.0099,83,0.1031,9,0.0112,23,0.0286,155,0.1925,19,0.0236,36,0.0447,12,0.0149,5,0.0062,8,0.0099,0,
1376,4,Ljubljana Bežigrad,10,Domžale 1,18,"KULTURNI DOM JANKA KERSNIKA LUKOVICA, STARI TRG 1",1258.0,923,0.7337,923,916,7,1.0,7,0.0076,0,0.0,26,0.0284,289,0.3155,0,,20,0.0218,5,0.0055,63,0.0688,9,0.0098,12,0.0131,6,0.0066,149,0.1627,35,0.0382,21,0.0229,184,0.2009,15,0.0164,46,0.0502,9,0.0098,12,0.0131,8,0.0087,0,
1377,4,Ljubljana Bežigrad,10,Domžale 1,25,"KULTURNI DOM MORAVČE, VEGOVA UL.9",798.0,610,0.7644,610,602,8,1.0,4,0.0066,1,0.0017,9,0.015,188,0.3123,0,,15,0.0249,1,0.0017,51,0.0847,4,0.0066,8,0.0133,5,0.0083,102,0.1694,12,0.0199,12,0.0199,102,0.1694,10,0.0166,36,0.0598,24,0.0399,16,0.0266,2,0.0033,0,
1378,4,Ljubljana Bežigrad,10,Domžale 1,11,"KULTURNI DOM RADOMLJE I, PREŠERNOVA CESTA 43",837.0,587,0.7013,587,585,2,1.0,5,0.0085,0,0.0,14,0.0239,183,0.3128,0,,12,0.0205,1,0.0017,44,0.0752,5,0.0085,9,0.0154,21,0.0359,57,0.0974,17,0.0291,18,0.0308,132,0.2256,9,0.0154,30,0.0513,11,0.0188,9,0.0154,8,0.0137,0,
1379,4,Ljubljana Bežigrad,10,Domžale 1,12,"KULTURNI DOM RADOMLJE II, PREŠERNOVA CESTA 43",975.0,683,0.7005,683,673,10,1.0,3,0.0045,1,0.0015,26,0.0386,243,0.3611,0,,29,0.0431,2,0.003,63,0.0936,5,0.0074,6,0.0089,22,0.0327,44,0.0654,22,0.0327,12,0.0178,117,0.1738,6,0.0089,36,0.0535,18,0.0267,8,0.0119,10,0.0149,0,
1380,4,Ljubljana Bežigrad,10,Domžale 1,1,"OSNOVNA ŠOLA DOB I, ŠOLSKA ULICA 7, DOB",927.0,667,0.7195,667,665,2,1.0,3,0.0045,3,0.0045,13,0.0195,253,0.3805,0,,19,0.0286,3,0.0045,55,0.0827,1,0.0015,5,0.0075,9,0.0135,61,0.0917,19,0.0286,16,0.0241,141,0.212,9,0.0135,26,0.0391,13,0.0195,16,0.0241,0,0.0,0,
1381,4,Ljubljana Bežigrad,10,Domžale 1,2,"OSNOVNA ŠOLA DOB II, ŠOLSKA ULICA 7, DOB",796.0,556,0.6985,556,551,5,1.0,0,0.0,2,0.0036,18,0.0327,208,0.3775,0,,21,0.0381,1,0.0018,44,0.0799,9,0.0163,13,0.0236,7,0.0127,36,0.0653,15,0.0272,7,0.0127,127,0.2305,3,0.0054,15,0.0272,19,0.0345,5,0.0091,1,0.0018,0,
1382,4,Ljubljana Bežigrad,10,Domžale 1,6,"OSNOVNA ŠOLA IHAN, ŠOLSKA UL.5, IHAN",1775.0,1237,0.6969,1237,1227,10,1.0,7,0.0057,1,0.0008,23,0.0187,422,0.3439,0,,31,0.0253,4,0.0033,109,0.0888,17,0.0139,37,0.0302,16,0.013,99,0.0807,35,0.0285,20,0.0163,245,0.1997,23,0.0187,57,0.0465,58,0.0473,15,0.0122,8,0.0065,0,
1383,4,Ljubljana Bežigrad,10,Domžale 1,4,"OSNOVNA ŠOLA KRTINA, KRTINA 41",1132.0,864,0.7633,864,858,6,1.0,4,0.0047,4,0.0047,17,0.0198,286,0.3333,0,,25,0.0291,7,0.0082,60,0.0699,7,0.0082,10,0.0117,11,0.0128,105,0.1224,13,0.0152,17,0.0198,188,0.2191,13,0.0152,49,0.0571,26,0.0303,11,0.0128,5,0.0058,0,
1384,4,Ljubljana Bežigrad,10,Domžale 1,29,"PGD KRAŠCE, KRAŠCE 4",630.0,482,0.7651,482,478,4,1.0,0,0.0,0,0.0,8,0.0167,122,0.2552,0,,17,0.0356,2,0.0042,24,0.0502,2,0.0042,6,0.0126,4,0.0084,69,0.1444,7,0.0146,24,0.0502,142,0.2971,8,0.0167,16,0.0335,7,0.0146,18,0.0377,2,0.0042,0,
1385,4,Ljubljana Bežigrad,10,Domžale 1,22,"PODRUŽNIČNA ŠOLA BLAGOVICA, BLAGOVICA 33",471.0,371,0.7877,371,368,3,1.0,3,0.0082,0,0.0,13,0.0353,104,0.2826,0,,5,0.0136,2,0.0054,38,0.1033,6,0.0163,5,0.0136,7,0.019,46,0.125,10,0.0272,13,0.0353,69,0.1875,7,0.019,21,0.0571,10,0.0272,6,0.0163,3,0.0082,0,
1386,4,Ljubljana Bežigrad,10,Domžale 1,17,"PODRUŽNIČNA ŠOLA KRAŠNJA, KRAŠNJA 14A, LUKOVICA",633.0,464,0.733,464,454,10,1.0,2,0.0044,3,0.0066,15,0.033,121,0.2665,0,,13,0.0286,1,0.0022,29,0.0639,10,0.022,13,0.0286,7,0.0154,65,0.1432,5,0.011,10,0.022,103,0.2269,7,0.0154,22,0.0485,12,0.0264,8,0.0176,8,0.0176,0,
1387,4,Ljubljana Bežigrad,10,Domžale 1,28,"PRI FRANCU MAJDIČU, NEGASTRN 8",304.0,228,0.75,228,228,0,1.0,0,0.0,0,0.0,1,0.0044,32,0.1404,0,,11,0.0482,0,0.0,12,0.0526,5,0.0219,1,0.0044,1,0.0044,60,0.2632,7,0.0307,9,0.0395,60,0.2632,3,0.0132,10,0.0439,5,0.0219,7,0.0307,4,0.0175,0,
1388,4,Ljubljana Bežigrad,10,Domžale 1,27,"PRI URANKARJU, GABRJE POD LIMBARSKO GORO 6",321.0,220,0.6854,220,217,3,1.0,0,0.0,0,0.0,6,0.0276,54,0.2488,0,,4,0.0184,0,0.0,21,0.0968,3,0.0138,0,0.0,2,0.0092,19,0.0876,4,0.0184,6,0.0276,66,0.3041,4,0.0184,14,0.0645,2,0.0092,9,0.0415,3,0.0138,0,
1389,4,Ljubljana Bežigrad,10,Domžale 1,9,"RD BISTRICA DOMŽALE, KRAKOVSKA 18A, DOMŽALE",1126.0,700,0.6217,700,696,4,1.0,4,0.0057,2,0.0029,8,0.0115,271,0.3894,0,,31,0.0445,1,0.0014,55,0.079,4,0.0057,11,0.0158,6,0.0086,60,0.0862,15,0.0216,15,0.0216,135,0.194,8,0.0115,38,0.0546,22,0.0316,9,0.0129,1,0.0014,0,
1390,4,Ljubljana Bežigrad,10,Domžale 1,7,"SAMOSTAN MALA LOKA, MALA LOKA 8",354.0,261,0.7373,261,257,4,1.0,0,0.0,0,0.0,6,0.0233,91,0.3541,0,,7,0.0272,0,0.0,15,0.0584,1,0.0039,8,0.0311,2,0.0078,26,0.1012,6,0.0233,3,0.0117,63,0.2451,1,0.0039,14,0.0545,7,0.0272,4,0.0156,3,0.0117,0,
1391,4,Ljubljana Bežigrad,10,Domžale 1,8,"SLAMNIKARSKI MUZEJ, KAJUHOVA CESTA 5, DOMŽALE",576.0,347,0.6024,347,345,2,1.0,1,0.0029,2,0.0058,8,0.0232,138,0.4,0,,18,0.0522,2,0.0058,19,0.0551,0,0.0,9,0.0261,9,0.0261,34,0.0986,6,0.0174,6,0.0174,54,0.1565,9,0.0261,19,0.0551,8,0.0232,2,0.0058,1,0.0029,0,
1392,4,Ljubljana Bežigrad,10,Domžale 1,21,"ŠD ZLATO POLJE,PODGORA PRI ZLATEM POLJU 1",220.0,175,0.7955,175,172,3,1.0,1,0.0058,0,0.0,5,0.0291,31,0.1802,0,,1,0.0058,0,0.0,9,0.0523,3,0.0174,1,0.0058,1,0.0058,33,0.1919,8,0.0465,2,0.0116,56,0.3256,6,0.0349,5,0.0291,5,0.0291,5,0.0291,0,0.0,0,
1393,4,Ljubljana Bežigrad,10,Domžale 1,20,"ŠPORTNO TURISTIČNO DRUŠTVO RAFOLČE, RAFOLČE 11",425.0,332,0.7812,332,328,4,1.0,0,0.0,0,0.0,8,0.0244,109,0.3323,0,,10,0.0305,0,0.0,32,0.0976,3,0.0091,1,0.003,10,0.0305,59,0.1799,6,0.0183,7,0.0213,54,0.1646,4,0.0122,13,0.0396,5,0.0152,4,0.0122,3,0.0091,0,
1394,4,Ljubljana Bežigrad,10,Domžale 1,23,"VEČNAMENSKI OBJEKT, ČEŠNJICE 8, BLAGOVICA",52.0,47,0.9038,47,47,0,1.0,0,0.0,0,0.0,0,0.0,10,0.2128,0,,1,0.0213,0,0.0,11,0.234,2,0.0426,1,0.0213,0,0.0,9,0.1915,1,0.0213,0,0.0,10,0.2128,1,0.0213,0,0.0,1,0.0213,0,0.0,0,0.0,0,
1395,4,Ljubljana Bežigrad,10,Domžale 1,16,"VRTEC CICIDOM VIR, ŠUBIČEVA 12, VIR",1003.0,711,0.7089,711,705,6,1.0,2,0.0028,1,0.0014,12,0.017,301,0.427,0,,31,0.044,0,0.0,52,0.0738,22,0.0312,11,0.0156,8,0.0113,39,0.0553,14,0.0199,12,0.017,117,0.166,19,0.027,31,0.044,19,0.027,12,0.017,2,0.0028,0,
1396,4,Ljubljana Bežigrad,10,Domžale 1,15,"VRTEC PALČEK VIR, DVORŽAKOVA UL.15, VIR ",905.0,636,0.7028,636,632,4,1.0,1,0.0016,0,0.0,11,0.0174,244,0.3861,0,,19,0.0301,1,0.0016,43,0.068,13,0.0206,19,0.0301,5,0.0079,39,0.0617,26,0.0411,11,0.0174,131,0.2073,8,0.0127,27,0.0427,12,0.019,18,0.0285,4,0.0063,0,
1397,4,Ljubljana Bežigrad,10,Domžale 1,24,"ZADRUŽNI DOM TROJANE, TROJANE 6",474.0,310,0.654,310,307,3,1.0,2,0.0065,0,0.0,7,0.0228,86,0.2801,0,,12,0.0391,0,0.0,23,0.0749,5,0.0163,12,0.0391,8,0.0261,32,0.1042,7,0.0228,2,0.0065,68,0.2215,8,0.0261,17,0.0554,10,0.0326,7,0.0228,1,0.0033,0,
1398,4,Ljubljana Bežigrad,10,Domžale 1,901,PREDČASNO GLASOVANJE,,1874,,1874,1868,6,1.0,1,0.0005,2,0.0011,41,0.0219,837,0.4481,0,,105,0.0562,1,0.0005,123,0.0658,21,0.0112,19,0.0102,44,0.0236,134,0.0717,17,0.0091,31,0.0166,282,0.151,14,0.0075,102,0.0546,41,0.0219,41,0.0219,12,0.0064,0,
1399,4,Ljubljana Bežigrad,11,Domžale 2,20,"DOM POČITKA MENGEŠ, GLAVNI TRG 13",800.0,498,0.6225,498,495,3,1.0,1,0.002,0,0.0,19,0.0384,206,0.4162,0,,25,0.0505,2,0.004,45,0.0909,2,0.004,6,0.0121,11,0.0222,36,0.0727,14,0.0283,8,0.0162,64,0.1293,7,0.0141,16,0.0323,23,0.0465,6,0.0121,4,0.0081,0,
1400,4,Ljubljana Bežigrad,11,Domžale 2,8,"DOMŽALSKI DOM, LJUBLJANSKA CESTA 58, DOMŽALE",990.0,538,0.5434,538,532,6,1.0,3,0.0056,0,0.0,11,0.0207,188,0.3534,0,,23,0.0432,0,0.0,31,0.0583,1,0.0019,12,0.0226,20,0.0376,45,0.0846,18,0.0338,11,0.0207,113,0.2124,5,0.0094,28,0.0526,15,0.0282,5,0.0094,3,0.0056,0,
1401,4,Ljubljana Bežigrad,11,Domžale 2,2,"GALERIJA DOMŽALE, MESTNI TRG 1, DOMŽALE",1388.0,805,0.58,805,799,6,1.0,7,0.0088,0,0.0,21,0.0263,350,0.438,0,,37,0.0463,5,0.0063,66,0.0826,6,0.0075,21,0.0263,12,0.015,38,0.0476,11,0.0138,4,0.005,114,0.1427,7,0.0088,51,0.0638,37,0.0463,9,0.0113,3,0.0038,0,
1402,4,Ljubljana Bežigrad,11,Domžale 2,24,"GASILSKI DOM LOKA PRI MENGŠU, GASILSKA C.46",671.0,493,0.7347,493,484,9,1.0,1,0.0021,0,0.0,12,0.0248,174,0.3595,0,,17,0.0351,2,0.0041,30,0.062,1,0.0021,2,0.0041,7,0.0145,42,0.0868,12,0.0248,9,0.0186,119,0.2459,8,0.0165,22,0.0455,18,0.0372,2,0.0041,6,0.0124,0,
1403,4,Ljubljana Bežigrad,11,Domžale 2,12,"GASILSKI DOM SREDNJE JARŠE,JARŠKA C. 37,ZG. JARŠE",836.0,613,0.7333,613,607,6,1.0,0,0.0,4,0.0066,3,0.0049,212,0.3493,0,,29,0.0478,1,0.0016,51,0.084,3,0.0049,7,0.0115,10,0.0165,80,0.1318,15,0.0247,12,0.0198,118,0.1944,11,0.0181,21,0.0346,17,0.028,9,0.0148,4,0.0066,0,
1404,4,Ljubljana Bežigrad,11,Domžale 2,17,"GASILSKI DOM TOPOLE, TOPOLE 21",164.0,133,0.811,133,132,1,1.0,0,0.0,3,0.0227,5,0.0379,43,0.3258,0,,4,0.0303,0,0.0,7,0.053,2,0.0152,5,0.0379,3,0.0227,9,0.0682,4,0.0303,2,0.0152,28,0.2121,5,0.0379,2,0.0152,1,0.0076,5,0.0379,4,0.0303,0,
1405,4,Ljubljana Bežigrad,11,Domžale 2,25,"KMEČKI TURIZEM BLAŽ, DOBENO 9",231.0,159,0.6883,159,159,0,1.0,1,0.0063,0,0.0,11,0.0692,46,0.2893,0,,9,0.0566,1,0.0063,10,0.0629,1,0.0063,4,0.0252,7,0.044,6,0.0377,16,0.1006,1,0.0063,34,0.2138,0,0.0,5,0.0314,3,0.0189,4,0.0252,0,0.0,0,
1406,4,Ljubljana Bežigrad,11,Domžale 2,10,"OSNOVNA ŠOLA DRAGOMELJ, DRAGOMELJ 180",1040.0,772,0.7423,772,769,3,1.0,2,0.0026,1,0.0013,13,0.0169,271,0.3524,0,,25,0.0325,3,0.0039,37,0.0481,22,0.0286,23,0.0299,13,0.0169,73,0.0949,20,0.026,9,0.0117,163,0.212,6,0.0078,45,0.0585,17,0.0221,18,0.0234,8,0.0104,0,
1407,4,Ljubljana Bežigrad,11,Domžale 2,4,"OSNOVNA ŠOLA ROJE, KETTEJEVA ULICA 15, DOMŽALE",538.0,387,0.7193,387,384,3,1.0,0,0.0,0,0.0,8,0.0208,146,0.3802,0,,14,0.0365,0,0.0,26,0.0677,2,0.0052,4,0.0104,4,0.0104,32,0.0833,7,0.0182,7,0.0182,68,0.1771,7,0.0182,28,0.0729,23,0.0599,6,0.0156,2,0.0052,0,
1408,4,Ljubljana Bežigrad,11,Domžale 2,11,"OŠ JARŠE, ŠOLSKA UL.1A, SPODNJE JARŠE",1185.0,835,0.7046,835,829,6,1.0,2,0.0024,0,0.0,12,0.0145,308,0.3715,0,,27,0.0326,7,0.0084,70,0.0844,5,0.006,23,0.0277,25,0.0302,69,0.0832,18,0.0217,10,0.0121,140,0.1689,9,0.0109,61,0.0736,16,0.0193,19,0.0229,8,0.0097,0,
1409,4,Ljubljana Bežigrad,11,Domžale 2,13,"OŠ PRESERJE PRI RADOMLJAH, PELECHOVA C. 83",1557.0,1116,0.7168,1116,1108,8,1.0,5,0.0045,0,0.0,30,0.0271,382,0.3448,0,,43,0.0388,2,0.0018,107,0.0966,7,0.0063,16,0.0144,13,0.0117,101,0.0912,30,0.0271,31,0.028,193,0.1742,13,0.0117,78,0.0704,31,0.028,19,0.0171,7,0.0063,0,
1410,4,Ljubljana Bežigrad,11,Domžale 2,14,"OŠ TRZIN I, MENGEŠKA CESTA 7B, TRZIN",1320.0,921,0.6977,921,913,8,1.0,3,0.0033,1,0.0011,17,0.0186,330,0.3614,0,,42,0.046,8,0.0088,64,0.0701,3,0.0033,16,0.0175,22,0.0241,74,0.0811,21,0.023,37,0.0405,173,0.1895,12,0.0131,48,0.0526,23,0.0252,14,0.0153,5,0.0055,0,
1411,4,Ljubljana Bežigrad,11,Domžale 2,15,"OŠ TRZIN II, MENGEŠKA C. 7B, TRZIN",901.0,643,0.7137,643,641,2,1.0,1,0.0016,0,0.0,18,0.0281,270,0.4212,0,,30,0.0468,2,0.0031,50,0.078,15,0.0234,17,0.0265,12,0.0187,37,0.0577,7,0.0109,17,0.0265,96,0.1498,12,0.0187,24,0.0374,20,0.0312,13,0.0203,0,0.0,0,
1412,4,Ljubljana Bežigrad,11,Domžale 2,16,"OŠ TRZIN III, MENGEŠKA CESTA 7B, TRZIN",731.0,499,0.6826,499,493,6,1.0,1,0.002,0,0.0,10,0.0203,205,0.4158,0,,29,0.0588,1,0.002,32,0.0649,2,0.0041,5,0.0101,10,0.0203,33,0.0669,10,0.0203,10,0.0203,90,0.1826,5,0.0101,17,0.0345,23,0.0467,6,0.0122,4,0.0081,0,
1413,4,Ljubljana Bežigrad,11,Domžale 2,6,"PEKARNA JURČEK, DEPALA VAS 93A, DOMŽALE",391.0,284,0.7263,284,282,2,1.0,1,0.0035,1,0.0035,12,0.0426,104,0.3688,0,,5,0.0177,0,0.0,20,0.0709,4,0.0142,4,0.0142,8,0.0284,31,0.1099,11,0.039,6,0.0213,55,0.195,4,0.0142,5,0.0177,9,0.0319,1,0.0035,1,0.0035,0,
1414,4,Ljubljana Bežigrad,11,Domžale 2,7,"PGD STOB-DEPALA VAS, LJUBLJANSKA CESTA 55, DOMŽAL",572.0,377,0.6591,377,376,1,1.0,4,0.0106,0,0.0,7,0.0186,135,0.359,0,,14,0.0372,4,0.0106,35,0.0931,2,0.0053,12,0.0319,8,0.0213,34,0.0904,6,0.016,3,0.008,76,0.2021,4,0.0106,18,0.0479,5,0.0133,7,0.0186,2,0.0053,0,
1415,4,Ljubljana Bežigrad,11,Domžale 2,5,"SREDNJA ŠOLA DOMŽALE - GIMNAZIJA, CESTA TALCEV 12",1476.0,900,0.6098,900,893,7,1.0,8,0.009,2,0.0022,28,0.0314,383,0.4289,0,,44,0.0493,2,0.0022,81,0.0907,4,0.0045,23,0.0258,17,0.019,43,0.0482,18,0.0202,11,0.0123,113,0.1265,8,0.009,50,0.056,36,0.0403,16,0.0179,6,0.0067,0,
1416,4,Ljubljana Bežigrad,11,Domžale 2,18,"ŠPORTNA DVORANA MENGEŠ I, ŠOLSKA ULICA 13, MENGEŠ",922.0,674,0.731,674,673,1,1.0,3,0.0045,6,0.0089,14,0.0208,242,0.3596,0,,9,0.0134,2,0.003,55,0.0817,6,0.0089,7,0.0104,5,0.0074,64,0.0951,18,0.0267,13,0.0193,154,0.2288,9,0.0134,39,0.0579,9,0.0134,12,0.0178,6,0.0089,0,
1417,4,Ljubljana Bežigrad,11,Domžale 2,19,"ŠPORTNA DVORANA MENGEŠ II, ŠOLSKA ULICA 13,MENGEŠ",971.0,676,0.6962,676,674,2,1.0,2,0.003,3,0.0045,16,0.0237,257,0.3813,0,,14,0.0208,1,0.0015,47,0.0697,14,0.0208,8,0.0119,5,0.0074,61,0.0905,16,0.0237,14,0.0208,123,0.1825,8,0.0119,41,0.0608,25,0.0371,15,0.0223,4,0.0059,0,
1418,4,Ljubljana Bežigrad,11,Domžale 2,9,"TIC DOMŽALE, LJUBLJANSKA CESTA 70, DOMŽALE",970.0,455,0.4691,455,453,2,1.0,3,0.0066,2,0.0044,11,0.0243,193,0.426,0,,32,0.0706,6,0.0132,44,0.0971,3,0.0066,8,0.0177,8,0.0177,13,0.0287,4,0.0088,6,0.0132,61,0.1347,5,0.011,25,0.0552,23,0.0508,2,0.0044,4,0.0088,0,
1419,4,Ljubljana Bežigrad,11,Domžale 2,1,"VRTEC BISTRA, UL. NIKOLA TESLA 16, DOMŽALE",1209.0,746,0.617,746,745,1,1.0,3,0.004,1,0.0013,18,0.0242,313,0.4201,0,,32,0.043,2,0.0027,70,0.094,4,0.0054,16,0.0215,9,0.0121,51,0.0685,13,0.0174,15,0.0201,117,0.157,2,0.0027,47,0.0631,24,0.0322,6,0.0081,2,0.0027,0,
1420,4,Ljubljana Bežigrad,11,Domžale 2,3,"VRTEC ČEŠMIN, MURNOVA ULICA 14, DOMŽALE",810.0,547,0.6753,547,543,4,1.0,3,0.0055,3,0.0055,12,0.0221,206,0.3794,0,,14,0.0258,6,0.011,42,0.0773,7,0.0129,2,0.0037,7,0.0129,40,0.0737,15,0.0276,9,0.0166,106,0.1952,8,0.0147,27,0.0497,27,0.0497,8,0.0147,1,0.0018,0,
1421,4,Ljubljana Bežigrad,11,Domžale 2,23,"VRTEC SONČEK, ZORANINA 5, MENGEŠ",590.0,445,0.7542,445,444,1,1.0,3,0.0068,1,0.0023,5,0.0113,209,0.4707,0,,19,0.0428,1,0.0023,40,0.0901,1,0.0023,11,0.0248,10,0.0225,19,0.0428,10,0.0225,4,0.009,78,0.1757,3,0.0068,16,0.036,10,0.0225,3,0.0068,1,0.0023,0,
1422,4,Ljubljana Bežigrad,11,Domžale 2,21,"ŽUPNIJSKI DOM MENGEŠ I,TRDINOV TRG 9, MENGEŠ",540.0,365,0.6759,365,363,2,1.0,1,0.0028,0,0.0,14,0.0386,146,0.4022,0,,16,0.0441,1,0.0028,40,0.1102,1,0.0028,6,0.0165,6,0.0165,21,0.0579,6,0.0165,6,0.0165,51,0.1405,4,0.011,24,0.0661,13,0.0358,5,0.0138,2,0.0055,0,
1423,4,Ljubljana Bežigrad,11,Domžale 2,22,"ŽUPNIJSKI DOM MENGEŠ II, TRDINOV TRG 9, MENGEŠ",1130.0,858,0.7593,858,852,6,1.0,7,0.0082,3,0.0035,39,0.0458,304,0.3568,0,,22,0.0258,3,0.0035,56,0.0657,3,0.0035,29,0.034,18,0.0211,73,0.0857,21,0.0246,12,0.0141,160,0.1878,6,0.007,54,0.0634,29,0.034,7,0.0082,6,0.007,0,
1424,4,Ljubljana Bežigrad,11,Domžale 2,901,PREDČASNO GLASOVANJE,,2643,,2643,2639,4,1.0,11,0.0042,1,0.0004,59,0.0224,1241,0.4703,0,,171,0.0648,5,0.0019,187,0.0709,7,0.0027,27,0.0102,63,0.0239,139,0.0527,41,0.0155,37,0.014,350,0.1326,13,0.0049,156,0.0591,67,0.0254,49,0.0186,15,0.0057,0,
1425,5,Celje,1,Šentjur,4,"BOBNAR, PLETOVARJE 3A, DRAMLJE",245.0,167,0.6816,167,166,1,1.0,4,0.0241,0,0.0,8,0.0482,37,0.2229,0,,6,0.0361,0,0.0,3,0.0181,8,0.0482,3,0.0181,2,0.012,16,0.0964,0,0.0,10,0.0602,59,0.3554,3,0.0181,2,0.012,1,0.006,3,0.0181,1,0.006,0,
1426,5,Celje,1,Šentjur,27,DOM GABERNICA,113.0,78,0.6903,78,77,1,1.0,2,0.026,0,0.0,3,0.039,16,0.2078,0,,2,0.026,0,0.0,4,0.0519,3,0.039,1,0.013,0,0.0,7,0.0909,1,0.013,1,0.013,28,0.3636,2,0.026,4,0.0519,0,0.0,0,0.0,3,0.039,0,
1427,5,Celje,1,Šentjur,28,GASILSKI DOM BUKOVJE,124.0,73,0.5887,73,73,0,1.0,1,0.0137,1,0.0137,1,0.0137,7,0.0959,0,,1,0.0137,0,0.0,1,0.0137,2,0.0274,1,0.0137,0,0.0,4,0.0548,0,0.0,8,0.1096,43,0.589,2,0.0274,0,0.0,0,0.0,0,0.0,1,0.0137,0,
1428,5,Celje,1,Šentjur,12,GASILSKI DOM DOBRINA,273.0,165,0.6044,165,164,1,1.0,4,0.0244,0,0.0,4,0.0244,24,0.1463,0,,2,0.0122,0,0.0,13,0.0793,7,0.0427,3,0.0183,4,0.0244,5,0.0305,0,0.0,10,0.061,75,0.4573,4,0.0244,4,0.0244,1,0.0061,2,0.0122,2,0.0122,0,
1429,5,Celje,1,Šentjur,7,GASILSKI DOM DOLGA GORA,223.0,159,0.713,159,158,1,1.0,2,0.0127,2,0.0127,5,0.0316,24,0.1519,0,,0,0.0,0,0.0,3,0.019,1,0.0063,3,0.019,0,0.0,6,0.038,1,0.0063,5,0.0316,81,0.5127,13,0.0823,6,0.038,0,0.0,1,0.0063,5,0.0316,0,
1430,5,Celje,1,Šentjur,11,GASILSKI DOM LOKA PRI ŽUSMU,325.0,210,0.6462,210,209,1,1.0,2,0.0096,0,0.0,12,0.0574,62,0.2967,0,,4,0.0191,1,0.0048,7,0.0335,1,0.0048,0,0.0,2,0.0096,7,0.0335,4,0.0191,13,0.0622,61,0.2919,4,0.0191,21,0.1005,3,0.0144,0,0.0,5,0.0239,0,
1431,5,Celje,1,Šentjur,2,GASILSKI DOM LOKARJE,565.0,393,0.6956,393,391,2,1.0,1,0.0026,2,0.0051,17,0.0435,96,0.2455,0,,4,0.0102,2,0.0051,10,0.0256,7,0.0179,2,0.0051,3,0.0077,44,0.1125,3,0.0077,27,0.0691,141,0.3606,11,0.0281,11,0.0281,4,0.0102,4,0.0102,2,0.0051,0,
1432,5,Celje,1,Šentjur,25,GASILSKI DOM PARIDOL,183.0,108,0.5902,108,107,1,1.0,2,0.0187,0,0.0,3,0.028,24,0.2243,0,,6,0.0561,1,0.0093,2,0.0187,9,0.0841,1,0.0093,0,0.0,6,0.0561,0,0.0,3,0.028,37,0.3458,0,0.0,5,0.0467,5,0.0467,2,0.0187,1,0.0093,0,
1433,5,Celje,1,Šentjur,30,GASILSKI DOM ŠENTJUR,773.0,486,0.6287,486,482,4,1.0,2,0.0041,0,0.0,15,0.0311,156,0.3237,0,,19,0.0394,0,0.0,12,0.0249,3,0.0062,7,0.0145,12,0.0249,34,0.0705,6,0.0124,31,0.0643,110,0.2282,13,0.027,36,0.0747,9,0.0187,8,0.0166,9,0.0187,0,
1434,5,Celje,1,Šentjur,24,GASILSKO VAŠKI DOM JAVORJE,201.0,140,0.6965,140,138,2,1.0,3,0.0217,0,0.0,4,0.029,27,0.1957,0,,3,0.0217,0,0.0,5,0.0362,2,0.0145,3,0.0217,0,0.0,2,0.0145,2,0.0145,14,0.1014,53,0.3841,3,0.0217,8,0.058,2,0.0145,3,0.0217,4,0.029,0,
1435,5,Celje,1,Šentjur,22,"GOSTIŠČE OBREZ MILAN, ŽEGAR",203.0,131,0.6453,131,130,1,1.0,1,0.0077,0,0.0,6,0.0462,23,0.1769,0,,1,0.0077,0,0.0,2,0.0154,6,0.0462,0,0.0,0,0.0,11,0.0846,1,0.0077,6,0.0462,50,0.3846,9,0.0692,5,0.0385,6,0.0462,0,0.0,3,0.0231,0,
1436,5,Celje,1,Šentjur,32,"GOSTIŠČE ZANZIBAR,C.KOZJANSKEGA ODREDA87A,ŠENTJUR",917.0,641,0.699,640,635,5,1.0,4,0.0063,3,0.0047,16,0.0252,173,0.2724,0,,14,0.022,1,0.0016,28,0.0441,5,0.0079,8,0.0126,12,0.0189,40,0.063,12,0.0189,33,0.052,198,0.3118,20,0.0315,35,0.0551,23,0.0362,6,0.0094,4,0.0063,0,
1437,5,Celje,1,Šentjur,34,"KOVAČ-REBERŠAK, VRBNO 16, ŠENTJUR",541.0,371,0.6858,371,369,2,1.0,1,0.0027,0,0.0,6,0.0163,112,0.3035,0,,6,0.0163,0,0.0,7,0.019,5,0.0136,8,0.0217,4,0.0108,15,0.0407,5,0.0136,16,0.0434,136,0.3686,20,0.0542,16,0.0434,4,0.0108,3,0.0081,5,0.0136,0,
1438,5,Celje,1,Šentjur,26,"KRAJNC, VODUCE 22A, GORICA PRI SLIVNICI",145.0,89,0.6138,89,88,1,1.0,1,0.0114,0,0.0,4,0.0455,26,0.2955,0,,1,0.0114,0,0.0,5,0.0568,4,0.0455,0,0.0,0,0.0,4,0.0455,1,0.0114,3,0.0341,34,0.3864,2,0.0227,1,0.0114,1,0.0114,0,0.0,1,0.0114,0,
1439,5,Celje,1,Šentjur,36,KULTURNI DOM DOBJE,395.0,274,0.6937,274,269,5,1.0,2,0.0074,1,0.0037,7,0.026,62,0.2305,0,,5,0.0186,0,0.0,9,0.0335,10,0.0372,4,0.0149,2,0.0074,14,0.052,2,0.0074,8,0.0297,100,0.3717,8,0.0297,22,0.0818,9,0.0335,1,0.0037,3,0.0112,0,
1440,5,Celje,1,Šentjur,23,KULTURNI DOM GORICA,705.0,472,0.6695,472,464,8,1.0,11,0.0237,0,0.0,14,0.0302,92,0.1983,0,,8,0.0172,3,0.0065,17,0.0366,6,0.0129,5,0.0108,2,0.0043,47,0.1013,5,0.0108,21,0.0453,174,0.375,21,0.0453,22,0.0474,5,0.0108,9,0.0194,2,0.0043,0,
1441,5,Celje,1,Šentjur,17,KULTURNI DOM ŠENTVID,500.0,311,0.622,311,306,5,1.0,2,0.0065,1,0.0033,8,0.0261,58,0.1895,0,,3,0.0098,0,0.0,11,0.0359,9,0.0294,7,0.0229,10,0.0327,19,0.0621,4,0.0131,13,0.0425,129,0.4216,8,0.0261,16,0.0523,0,0.0,2,0.0065,6,0.0196,0,
1442,5,Celje,1,Šentjur,20,"LAVBIČ, PONIKVA 29, PONIKVA",403.0,260,0.6452,260,260,0,1.0,0,0.0,0,0.0,14,0.0538,52,0.2,0,,2,0.0077,0,0.0,4,0.0154,7,0.0269,2,0.0077,3,0.0115,31,0.1192,1,0.0038,10,0.0385,111,0.4269,7,0.0269,10,0.0385,3,0.0115,0,0.0,3,0.0115,0,
1443,5,Celje,1,Šentjur,6,"LENIČ, RAZBOR 30A, DRAMLJE",153.0,124,0.8105,124,121,3,1.0,0,0.0,0,0.0,3,0.0248,24,0.1983,0,,2,0.0165,0,0.0,4,0.0331,1,0.0083,2,0.0165,1,0.0083,8,0.0661,2,0.0165,1,0.0083,59,0.4876,5,0.0413,6,0.0496,3,0.0248,0,0.0,0,0.0,0,
1444,5,Celje,1,Šentjur,1,OSNOVNA ŠOLA BLAGOVNA,780.0,515,0.6603,515,513,2,1.0,4,0.0078,0,0.0,10,0.0195,126,0.2456,0,,9,0.0175,0,0.0,24,0.0468,8,0.0156,21,0.0409,10,0.0195,27,0.0526,8,0.0156,25,0.0487,188,0.3665,11,0.0214,23,0.0448,14,0.0273,2,0.0039,3,0.0058,0,
1445,5,Celje,1,Šentjur,18,"OSNOVNA ŠOLA BLAŽA KOCENA, PONIKVA",1323.0,888,0.6712,888,877,11,1.0,4,0.0046,0,0.0,24,0.0274,202,0.2303,0,,7,0.008,0,0.0,22,0.0251,18,0.0205,11,0.0125,4,0.0046,82,0.0935,19,0.0217,39,0.0445,346,0.3945,32,0.0365,36,0.041,19,0.0217,9,0.0103,3,0.0034,0,
1446,5,Celje,1,Šentjur,40,OSNOVNA ŠOLA DOBJE,392.0,267,0.6811,267,264,3,1.0,3,0.0114,0,0.0,8,0.0303,57,0.2159,0,,5,0.0189,1,0.0038,4,0.0152,16,0.0606,6,0.0227,0,0.0,14,0.053,2,0.0076,9,0.0341,106,0.4015,7,0.0265,15,0.0568,3,0.0114,0,0.0,8,0.0303,0,
1447,5,Celje,1,Šentjur,3,OSNOVNA ŠOLA DRAMLJE,1415.0,939,0.6636,939,933,6,1.0,3,0.0032,3,0.0032,28,0.03,232,0.2487,0,,21,0.0225,1,0.0011,17,0.0182,14,0.015,20,0.0214,13,0.0139,69,0.074,11,0.0118,44,0.0472,365,0.3912,19,0.0204,36,0.0386,17,0.0182,15,0.0161,5,0.0054,0,
1448,5,Celje,1,Šentjur,39,OSNOVNA ŠOLA FRANJA MALGAJA ŠENTJUR,664.0,360,0.5422,360,359,1,1.0,8,0.0223,0,0.0,13,0.0362,121,0.337,0,,5,0.0139,0,0.0,5,0.0139,1,0.0028,6,0.0167,6,0.0167,16,0.0446,8,0.0223,21,0.0585,102,0.2841,10,0.0279,15,0.0418,11,0.0306,5,0.0139,6,0.0167,0,
1449,5,Celje,1,Šentjur,31,OSNOVNA ŠOLA HRUŠEVEC - VOLIŠČE 1,670.0,481,0.7179,481,478,3,1.0,5,0.0105,0,0.0,8,0.0167,186,0.3891,0,,4,0.0084,4,0.0084,5,0.0105,6,0.0126,5,0.0105,6,0.0126,46,0.0962,7,0.0146,15,0.0314,122,0.2552,18,0.0377,26,0.0544,9,0.0188,3,0.0063,3,0.0063,0,
1450,5,Celje,1,Šentjur,33,OSNOVNA ŠOLA HRUŠEVEC - VOLIŠČE 2,788.0,528,0.6701,528,522,6,1.0,9,0.0172,1,0.0019,17,0.0326,131,0.251,0,,9,0.0172,1,0.0019,22,0.0421,9,0.0172,4,0.0077,6,0.0115,42,0.0805,2,0.0038,24,0.046,181,0.3467,13,0.0249,25,0.0479,8,0.0153,8,0.0153,10,0.0192,0,
1451,5,Celje,1,Šentjur,9,OSNOVNA ŠOLA KALOBJE,401.0,264,0.6584,264,260,4,1.0,1,0.0038,0,0.0,5,0.0192,45,0.1731,0,,3,0.0115,0,0.0,5,0.0192,4,0.0154,0,0.0,0,0.0,18,0.0692,3,0.0115,5,0.0192,158,0.6077,6,0.0231,3,0.0115,1,0.0038,0,0.0,3,0.0115,0,
1452,5,Celje,1,Šentjur,14,OSNOVNA ŠOLA PLANINA PRI SEVNICI,755.0,481,0.6371,481,480,1,1.0,3,0.0062,0,0.0,13,0.0271,126,0.2625,0,,7,0.0146,1,0.0021,16,0.0333,27,0.0562,7,0.0146,3,0.0062,24,0.05,3,0.0062,29,0.0604,158,0.3292,14,0.0292,26,0.0542,13,0.0271,4,0.0083,6,0.0125,0,
1453,5,Celje,1,Šentjur,8,"PROSTORI KSGROBELNO,TRATNA /GROBELNEM 46,GROBELNO",771.0,520,0.6744,520,518,2,1.0,3,0.0058,1,0.0019,10,0.0193,105,0.2027,0,,2,0.0039,0,0.0,19,0.0367,11,0.0212,6,0.0116,7,0.0135,33,0.0637,5,0.0097,26,0.0502,235,0.4537,18,0.0347,21,0.0405,8,0.0154,6,0.0116,2,0.0039,0,
1454,5,Celje,1,Šentjur,29,"SEJNA DVORANA OBČINE ŠENTJUR,MESTNI TRG10,ŠENTJUR",1037.0,527,0.5082,526,525,1,1.0,10,0.019,0,0.0,15,0.0286,181,0.3448,0,,15,0.0286,4,0.0076,12,0.0229,8,0.0152,8,0.0152,9,0.0171,29,0.0552,6,0.0114,18,0.0343,139,0.2648,18,0.0343,24,0.0457,19,0.0362,5,0.0095,5,0.0095,0,
1455,5,Celje,1,Šentjur,10,"ŠUSTER, OSREDEK 3, ŠENTJUR",118.0,82,0.6949,82,82,0,1.0,0,0.0,0,0.0,7,0.0854,8,0.0976,0,,1,0.0122,0,0.0,0,0.0,2,0.0244,0,0.0,3,0.0366,7,0.0854,2,0.0244,1,0.0122,44,0.5366,1,0.0122,0,0.0,2,0.0244,1,0.0122,3,0.0366,0,
1456,5,Celje,1,Šentjur,21,VEČNAMENSKI OBJEKT PREVORJE,379.0,231,0.6095,231,229,2,1.0,1,0.0044,0,0.0,3,0.0131,55,0.2402,0,,7,0.0306,1,0.0044,6,0.0262,4,0.0175,0,0.0,2,0.0087,12,0.0524,8,0.0349,16,0.0699,90,0.393,12,0.0524,4,0.0175,6,0.0262,2,0.0087,0,0.0,0,
1457,5,Celje,1,Šentjur,901,PREDČASNO GLASOVANJE,,1291,,1291,1285,6,1.0,8,0.0062,2,0.0016,25,0.0195,450,0.3502,0,,40,0.0311,1,0.0008,24,0.0187,13,0.0101,14,0.0109,18,0.014,49,0.0381,10,0.0078,84,0.0654,374,0.2911,24,0.0187,90,0.07,31,0.0241,16,0.0125,12,0.0093,0,
1458,5,Celje,2,Celje 1,56,"AVTO ČEPIN, POT V LEŠJE 1",418.0,313,0.7488,313,311,2,1.0,2,0.0064,1,0.0032,4,0.0129,85,0.2733,0,,8,0.0257,0,0.0,4,0.0129,5,0.0161,6,0.0193,2,0.0064,36,0.1158,3,0.0096,17,0.0547,99,0.3183,13,0.0418,13,0.0418,10,0.0322,1,0.0032,2,0.0064,0,
1459,5,Celje,2,Celje 1,13,"DOM KRAJANOV, ŠMARTNO V ROŽNI DOLINI 5",1789.0,1203,0.6724,1203,1190,13,1.0,5,0.0042,5,0.0042,51,0.0429,335,0.2815,0,,31,0.0261,4,0.0034,48,0.0403,24,0.0202,19,0.016,13,0.0109,63,0.0529,27,0.0227,64,0.0538,367,0.3084,26,0.0218,54,0.0454,19,0.016,20,0.0168,15,0.0126,0,
1460,5,Celje,2,Celje 1,19,DOM KS LJUBEČNA,1324.0,883,0.6669,883,872,11,1.0,6,0.0069,0,0.0,39,0.0447,288,0.3303,0,,13,0.0149,0,0.0,18,0.0206,13,0.0149,19,0.0218,14,0.0161,48,0.055,7,0.008,44,0.0505,265,0.3039,22,0.0252,39,0.0447,18,0.0206,8,0.0092,11,0.0126,0,
1461,5,Celje,2,Celje 1,6,"DVORANA KS TEHARJE, TEHARJE 14",278.0,182,0.6547,182,181,1,1.0,0,0.0,0,0.0,6,0.0331,55,0.3039,0,,6,0.0331,0,0.0,4,0.0221,1,0.0055,10,0.0552,0,0.0,10,0.0552,6,0.0331,10,0.0552,51,0.2818,5,0.0276,14,0.0773,2,0.011,1,0.0055,0,0.0,0,
1462,5,Celje,2,Celje 1,40,"GASILSKI DOM FRANKOLOVO,STRAŽICA 2",577.0,399,0.6915,399,398,1,1.0,0,0.0,0,0.0,14,0.0352,106,0.2663,0,,11,0.0276,1,0.0025,12,0.0302,2,0.005,9,0.0226,3,0.0075,25,0.0628,1,0.0025,25,0.0628,157,0.3945,8,0.0201,12,0.0302,1,0.0025,8,0.0201,3,0.0075,0,
1463,5,Celje,2,Celje 1,47,GASILSKI DOM LEMBERG,267.0,185,0.6929,185,180,5,1.0,1,0.0056,0,0.0,6,0.0333,35,0.1944,0,,0,0.0,0,0.0,6,0.0333,1,0.0056,2,0.0111,0,0.0,10,0.0556,2,0.0111,7,0.0389,94,0.5222,4,0.0222,7,0.0389,3,0.0167,2,0.0111,0,0.0,0,
1464,5,Celje,2,Celje 1,11,GASILSKI DOM LOKROVEC,280.0,182,0.65,182,181,1,1.0,2,0.011,0,0.0,6,0.0331,40,0.221,0,,9,0.0497,0,0.0,11,0.0608,5,0.0276,3,0.0166,3,0.0166,5,0.0276,5,0.0276,20,0.1105,57,0.3149,5,0.0276,3,0.0166,4,0.0221,1,0.0055,2,0.011,0,
1465,5,Celje,2,Celje 1,10,GASILSKI DOM LOPATA,513.0,333,0.6491,333,328,5,1.0,6,0.0183,1,0.003,10,0.0305,115,0.3506,0,,8,0.0244,0,0.0,5,0.0152,5,0.0152,5,0.0152,8,0.0244,28,0.0854,4,0.0122,27,0.0823,71,0.2165,10,0.0305,12,0.0366,5,0.0152,3,0.0091,5,0.0152,0,
1466,5,Celje,2,Celje 1,9,GASILSKI DOM OSTROŽNO,1550.0,1099,0.709,1099,1092,7,1.0,7,0.0064,2,0.0018,16,0.0147,469,0.4295,0,,41,0.0375,4,0.0037,26,0.0238,11,0.0101,15,0.0137,9,0.0082,54,0.0495,20,0.0183,48,0.044,218,0.1996,14,0.0128,76,0.0696,44,0.0403,12,0.011,6,0.0055,0,
1467,5,Celje,2,Celje 1,24,"GASILSKI DOM PROŽINSKA VAS,PROŽINSKA VAS 33,ŠTORE",464.0,327,0.7047,327,326,1,1.0,3,0.0092,0,0.0,14,0.0429,98,0.3006,0,,1,0.0031,0,0.0,6,0.0184,6,0.0184,4,0.0123,4,0.0123,16,0.0491,7,0.0215,20,0.0613,108,0.3313,9,0.0276,25,0.0767,3,0.0092,1,0.0031,1,0.0031,0,
1468,5,Celje,2,Celje 1,32,GASILSKI DOM SVETINA,362.0,225,0.6215,225,222,3,1.0,1,0.0045,0,0.0,9,0.0405,54,0.2432,0,,7,0.0315,0,0.0,3,0.0135,4,0.018,3,0.0135,3,0.0135,10,0.045,3,0.0135,6,0.027,89,0.4009,5,0.0225,16,0.0721,5,0.0225,0,0.0,4,0.018,0,
1469,5,Celje,2,Celje 1,30,"GOBEC DRAGO, ŠENTJANŽ NAD ŠTORAMI 26",177.0,122,0.6893,122,121,1,1.0,2,0.0165,0,0.0,4,0.0331,23,0.1901,0,,1,0.0083,0,0.0,13,0.1074,3,0.0248,6,0.0496,0,0.0,8,0.0661,4,0.0331,2,0.0165,40,0.3306,7,0.0579,7,0.0579,0,0.0,0,0.0,1,0.0083,0,
1470,5,Celje,2,Celje 1,15,"GOSTILNA TEPEŽ, RUNTOLE 3",357.0,233,0.6527,233,232,1,1.0,1,0.0043,2,0.0086,6,0.0259,80,0.3448,0,,13,0.056,1,0.0043,3,0.0129,0,0.0,4,0.0172,4,0.0172,6,0.0259,2,0.0086,11,0.0474,64,0.2759,4,0.0172,15,0.0647,9,0.0388,5,0.0216,2,0.0086,0,
1471,5,Celje,2,Celje 1,4,"HRASTNIK MIROSLAV, VRHE 42",202.0,156,0.7723,156,154,2,1.0,1,0.0065,0,0.0,6,0.039,34,0.2208,0,,5,0.0325,0,0.0,2,0.013,0,0.0,3,0.0195,1,0.0065,4,0.026,3,0.0195,6,0.039,58,0.3766,7,0.0455,12,0.0779,7,0.0455,3,0.0195,2,0.013,0,
1472,5,Celje,2,Celje 1,23,"IV. OSNOVNA ŠOLA, DEČKOVA CESTA 60",2768.0,1613,0.5827,1613,1603,10,1.0,9,0.0056,2,0.0012,88,0.0549,624,0.3893,0,,85,0.053,12,0.0075,61,0.0381,10,0.0062,45,0.0281,26,0.0162,50,0.0312,39,0.0243,55,0.0343,299,0.1865,29,0.0181,101,0.063,34,0.0212,22,0.0137,12,0.0075,0,
1473,5,Celje,2,Celje 1,38,"KARO JANEZ, LINDEK 7 ",109.0,73,0.6697,73,72,1,1.0,0,0.0,0,0.0,7,0.0972,9,0.125,0,,0,0.0,0,0.0,0,0.0,1,0.0139,0,0.0,5,0.0694,8,0.1111,1,0.0139,4,0.0556,30,0.4167,2,0.0278,2,0.0278,0,0.0,3,0.0417,0,0.0,0,
1474,5,Celje,2,Celje 1,12,"KLENOVŠEK J., DOBROVA 16",607.0,431,0.71,431,429,2,1.0,0,0.0,0,0.0,15,0.035,148,0.345,0,,15,0.035,4,0.0093,19,0.0443,6,0.014,8,0.0186,5,0.0117,22,0.0513,4,0.0093,21,0.049,103,0.2401,10,0.0233,22,0.0513,10,0.0233,11,0.0256,6,0.014,0,
1475,5,Celje,2,Celje 1,36,"KRAČUN MARTIN, BEZENŠKOVO BUKOVJE 9 A",385.0,274,0.7117,274,272,2,1.0,1,0.0037,1,0.0037,8,0.0294,40,0.1471,0,,4,0.0147,0,0.0,10,0.0368,3,0.011,3,0.011,3,0.011,20,0.0735,7,0.0257,3,0.011,136,0.5,17,0.0625,8,0.0294,5,0.0184,1,0.0037,2,0.0074,0,
1476,5,Celje,2,Celje 1,59,KULTURNI DOM DOBRNA,1177.0,829,0.7043,829,816,13,1.0,8,0.0098,1,0.0012,26,0.0319,154,0.1887,0,,8,0.0098,1,0.0012,28,0.0343,8,0.0098,10,0.0123,18,0.0221,82,0.1005,6,0.0074,29,0.0355,342,0.4191,28,0.0343,32,0.0392,19,0.0233,10,0.0123,6,0.0074,0,
1477,5,Celje,2,Celje 1,14,"KULTURNI DOM ŠKOFJA VAS, ŠKOFJA VAS 38",1445.0,950,0.6574,950,943,7,1.0,1,0.0011,4,0.0042,37,0.0392,332,0.3521,0,,23,0.0244,2,0.0021,18,0.0191,10,0.0106,26,0.0276,8,0.0085,38,0.0403,12,0.0127,40,0.0424,295,0.3128,18,0.0191,45,0.0477,15,0.0159,9,0.0095,10,0.0106,0,
1478,5,Celje,2,Celje 1,29,"KULTURNI DOM ŠTORE, CESTA XIV. DIVIZIJE 29, ŠTORE",260.0,171,0.6577,171,168,3,1.0,2,0.0119,0,0.0,15,0.0893,42,0.25,0,,5,0.0298,1,0.006,3,0.0179,0,0.0,5,0.0298,0,0.0,7,0.0417,1,0.006,3,0.0179,68,0.4048,6,0.0357,6,0.0357,3,0.0179,0,0.0,1,0.006,0,
1479,5,Celje,2,Celje 1,55,"MAJGER JAKOB, PRISTAVA 14B",542.0,330,0.6089,330,328,2,1.0,2,0.0061,2,0.0061,18,0.0549,97,0.2957,0,,2,0.0061,0,0.0,8,0.0244,3,0.0091,5,0.0152,1,0.003,28,0.0854,2,0.0061,15,0.0457,122,0.372,8,0.0244,9,0.0274,0,0.0,4,0.0122,2,0.0061,0,
1480,5,Celje,2,Celje 1,35,OSNOVNA ŠOLA ANTONA BEZENŠKA FRANKOLOVO (AVLA),354.0,245,0.6921,245,238,7,1.0,1,0.0042,0,0.0,17,0.0714,59,0.2479,0,,2,0.0084,0,0.0,4,0.0168,4,0.0168,1,0.0042,8,0.0336,12,0.0504,2,0.0084,13,0.0546,99,0.416,2,0.0084,9,0.0378,4,0.0168,1,0.0042,0,0.0,0,
1481,5,Celje,2,Celje 1,64,OSNOVNA ŠOLA DOBRNA,132.0,82,0.6212,82,82,0,1.0,0,0.0,1,0.0122,4,0.0488,16,0.1951,0,,3,0.0366,0,0.0,3,0.0366,3,0.0366,1,0.0122,2,0.0244,5,0.061,1,0.0122,3,0.0366,28,0.3415,5,0.061,7,0.0854,0,0.0,0,0.0,0,0.0,0,
1482,5,Celje,2,Celje 1,1,OSNOVNA ŠOLA HUDINJA,1279.0,851,0.6654,851,841,10,1.0,1,0.0012,1,0.0012,27,0.0321,299,0.3555,0,,22,0.0262,1,0.0012,37,0.044,12,0.0143,18,0.0214,10,0.0119,28,0.0333,18,0.0214,21,0.025,204,0.2426,27,0.0321,63,0.0749,19,0.0226,20,0.0238,13,0.0155,0,
1483,5,Celje,2,Celje 1,25,"OSNOVNA ŠOLA KOMPOLE, KOMPOLE 92,ŠTORE",542.0,378,0.6974,378,369,9,1.0,1,0.0027,1,0.0027,11,0.0298,122,0.3306,0,,11,0.0298,1,0.0027,13,0.0352,7,0.019,2,0.0054,3,0.0081,26,0.0705,9,0.0244,10,0.0271,100,0.271,8,0.0217,20,0.0542,5,0.0136,7,0.019,12,0.0325,0,
1484,5,Celje,2,Celje 1,7,OSNOVNA ŠOLA LAVA,1163.0,762,0.6552,762,756,6,1.0,5,0.0066,2,0.0026,28,0.037,292,0.3862,0,,32,0.0423,1,0.0013,17,0.0225,5,0.0066,26,0.0344,9,0.0119,28,0.037,17,0.0225,26,0.0344,153,0.2024,13,0.0172,61,0.0807,23,0.0304,13,0.0172,5,0.0066,0,
1485,5,Celje,2,Celje 1,45,"OSNOVNA ŠOLA SOCKA, SOCKA 70",584.0,399,0.6832,399,397,2,1.0,3,0.0076,0,0.0,17,0.0428,71,0.1788,0,,6,0.0151,0,0.0,8,0.0202,4,0.0101,4,0.0101,15,0.0378,37,0.0932,4,0.0101,12,0.0302,175,0.4408,10,0.0252,20,0.0504,8,0.0202,2,0.005,1,0.0025,0,
1486,5,Celje,2,Celje 1,31,OSNOVNA ŠOLA ŠTORE,1026.0,656,0.6394,656,649,7,1.0,6,0.0092,0,0.0,36,0.0555,268,0.4129,0,,14,0.0216,10,0.0154,19,0.0293,7,0.0108,21,0.0324,6,0.0092,31,0.0478,9,0.0139,15,0.0231,100,0.1541,8,0.0123,67,0.1032,8,0.0123,16,0.0247,8,0.0123,0,
1487,5,Celje,2,Celje 1,51,OSNOVNA ŠOLA VOJNIK,1134.0,743,0.6552,743,730,13,1.0,6,0.0082,1,0.0014,14,0.0192,229,0.3137,0,,19,0.026,0,0.0,16,0.0219,14,0.0192,16,0.0219,18,0.0247,64,0.0877,11,0.0151,27,0.037,209,0.2863,12,0.0164,42,0.0575,14,0.0192,13,0.0178,5,0.0068,0,
1488,5,Celje,2,Celje 1,52,OSNOVNA ŠOLA VOJNIK,906.0,643,0.7097,643,637,6,1.0,4,0.0063,0,0.0,13,0.0204,227,0.3564,0,,15,0.0235,6,0.0094,9,0.0141,9,0.0141,16,0.0251,9,0.0141,40,0.0628,11,0.0173,28,0.044,171,0.2684,10,0.0157,32,0.0502,21,0.033,10,0.0157,6,0.0094,0,
1489,5,Celje,2,Celje 1,53,"OSTRI, RAVNAK IVAN, CELJSKA CESTA 2B",455.0,326,0.7165,326,325,1,1.0,6,0.0185,1,0.0031,6,0.0185,67,0.2062,0,,13,0.04,0,0.0,11,0.0338,5,0.0154,4,0.0123,8,0.0246,35,0.1077,8,0.0246,8,0.0246,116,0.3569,5,0.0154,16,0.0492,8,0.0246,6,0.0185,2,0.0062,0,
1490,5,Celje,2,Celje 1,5,"OSTROŽNIK - HORVAT KARINA, BUKOVŽLAK 51 A",280.0,191,0.6821,191,189,2,1.0,1,0.0053,1,0.0053,12,0.0635,55,0.291,0,,3,0.0159,1,0.0053,7,0.037,4,0.0212,6,0.0317,3,0.0159,13,0.0688,2,0.0106,6,0.0317,50,0.2646,6,0.0317,10,0.0529,5,0.0265,4,0.0212,0,0.0,0,
1491,5,Celje,2,Celje 1,3,SEDEŽ MČ HUDINJA,793.0,512,0.6456,512,508,4,1.0,2,0.0039,1,0.002,13,0.0256,192,0.378,0,,25,0.0492,3,0.0059,26,0.0512,1,0.002,15,0.0295,15,0.0295,21,0.0413,13,0.0256,22,0.0433,95,0.187,9,0.0177,25,0.0492,18,0.0354,9,0.0177,3,0.0059,0,
1492,5,Celje,2,Celje 1,8,SEDEŽ MČ LAVA,923.0,582,0.6306,582,570,12,1.0,4,0.007,0,0.0,34,0.0596,189,0.3316,0,,28,0.0491,6,0.0105,16,0.0281,4,0.007,15,0.0263,4,0.007,27,0.0474,7,0.0123,18,0.0316,145,0.2544,11,0.0193,26,0.0456,18,0.0316,3,0.0053,15,0.0263,0,
1493,5,Celje,2,Celje 1,21,ŠPORTNO DRUŠTVO ZAČRET,298.0,227,0.7617,227,227,0,1.0,5,0.022,0,0.0,11,0.0485,78,0.3436,0,,3,0.0132,0,0.0,3,0.0132,4,0.0176,2,0.0088,0,0.0,16,0.0705,2,0.0088,8,0.0352,74,0.326,2,0.0088,13,0.0573,3,0.0132,3,0.0132,0,0.0,0,
1494,5,Celje,2,Celje 1,26,"ŠUHEL PAVEL, LAŠKA VAS 41, ŠTORE",186.0,137,0.7366,137,137,0,1.0,0,0.0,0,0.0,7,0.0511,49,0.3577,0,,8,0.0584,1,0.0073,6,0.0438,1,0.0073,1,0.0073,5,0.0365,9,0.0657,1,0.0073,4,0.0292,28,0.2044,7,0.0511,7,0.0511,1,0.0073,1,0.0073,1,0.0073,0,
1495,5,Celje,2,Celje 1,44,"VEČNAMENSKA DVORANA POŠ NOVA CERKEV,NOVA CERKEV41",1137.0,778,0.6843,778,771,7,1.0,4,0.0052,0,0.0,17,0.022,184,0.2387,0,,11,0.0143,2,0.0026,37,0.048,8,0.0104,16,0.0208,13,0.0169,71,0.0921,13,0.0169,41,0.0532,286,0.3709,17,0.022,21,0.0272,19,0.0246,9,0.0117,2,0.0026,0,
1496,5,Celje,2,Celje 1,54,"VRBIČ FRANC, MALE DOLE 44",405.0,281,0.6938,281,276,5,1.0,2,0.0072,0,0.0,5,0.0181,50,0.1812,0,,4,0.0145,1,0.0036,6,0.0217,7,0.0254,2,0.0072,0,0.0,26,0.0942,3,0.0109,6,0.0217,141,0.5109,4,0.0145,10,0.0362,5,0.0181,1,0.0036,3,0.0109,0,
1497,5,Celje,2,Celje 1,58,ZDRAVSTVENI DOM DOBRNA,438.0,295,0.6735,295,292,3,1.0,5,0.0171,0,0.0,7,0.024,110,0.3767,0,,6,0.0205,0,0.0,7,0.024,1,0.0034,5,0.0171,8,0.0274,25,0.0856,4,0.0137,16,0.0548,62,0.2123,7,0.024,14,0.0479,7,0.024,4,0.0137,4,0.0137,0,
1498,5,Celje,2,Celje 1,27,"ZLATKO CMOK, PEČOVJE 4A, ŠTORE",222.0,166,0.7477,166,164,2,1.0,1,0.0061,0,0.0,5,0.0305,56,0.3415,0,,3,0.0183,0,0.0,8,0.0488,1,0.0061,0,0.0,1,0.0061,13,0.0793,3,0.0183,4,0.0244,54,0.3293,2,0.0122,8,0.0488,3,0.0183,2,0.0122,0,0.0,0,
1499,5,Celje,2,Celje 1,901,PREDČASNO GLASOVANJE,,1745,,1745,1729,16,1.0,13,0.0075,4,0.0023,30,0.0174,696,0.4025,0,,80,0.0463,1,0.0006,48,0.0278,16,0.0093,44,0.0254,25,0.0145,73,0.0422,13,0.0075,88,0.0509,373,0.2157,22,0.0127,129,0.0746,25,0.0145,40,0.0231,9,0.0052,0,
1500,5,Celje,3,Celje 2,23,"AMZS D.D., PE CELJE,  LJUBLJANSKA CESTA 35, CELJE",1027.0,605,0.5891,605,596,9,1.0,6,0.0101,2,0.0034,21,0.0352,214,0.3591,0,,39,0.0654,4,0.0067,13,0.0218,10,0.0168,13,0.0218,6,0.0101,20,0.0336,10,0.0168,11,0.0185,119,0.1997,15,0.0252,43,0.0721,20,0.0336,17,0.0285,13,0.0218,0,
1501,5,Celje,3,Celje 2,21,"DIJAŠKI DOM, LJUBLJANSKA CESTA 21, CELJE",1553.0,863,0.5557,863,851,12,1.0,8,0.0094,1,0.0012,20,0.0235,346,0.4066,0,,41,0.0482,3,0.0035,33,0.0388,6,0.0071,31,0.0364,14,0.0165,31,0.0364,13,0.0153,33,0.0388,154,0.181,11,0.0129,56,0.0658,21,0.0247,15,0.0176,14,0.0165,0,
1502,5,Celje,3,Celje 2,8,"DOM KRAJANOV, ZAGRAD 90, CELJE",1520.0,976,0.6421,976,960,16,1.0,3,0.0031,3,0.0031,38,0.0396,340,0.3542,0,,21,0.0219,1,0.001,26,0.0271,13,0.0135,25,0.026,15,0.0156,46,0.0479,7,0.0073,49,0.051,247,0.2573,19,0.0198,37,0.0385,32,0.0333,23,0.024,15,0.0156,0,
1503,5,Celje,3,Celje 2,15,"DON BOSKOV CENTER, DON BOSKOV TRG 1, CELJE",1490.0,930,0.6242,930,928,2,1.0,6,0.0065,0,0.0,66,0.0711,373,0.4019,0,,45,0.0485,8,0.0086,23,0.0248,2,0.0022,26,0.028,16,0.0172,26,0.028,12,0.0129,30,0.0323,185,0.1994,16,0.0172,49,0.0528,23,0.0248,10,0.0108,12,0.0129,0,
1504,5,Celje,3,Celje 2,26,"DRUŽBENI PROSTORI, UL.V.PREKOMOR.BRIGADE 4, CELJE",783.0,504,0.6437,504,499,5,1.0,4,0.008,2,0.004,9,0.018,197,0.3948,0,,26,0.0521,1,0.002,20,0.0401,5,0.01,14,0.0281,11,0.022,21,0.0421,8,0.016,17,0.0341,94,0.1884,5,0.01,34,0.0681,9,0.018,13,0.0261,9,0.018,0,
1505,5,Celje,3,Celje 2,4,"FRANC DRAKSLER, TREMERJE 13, TREMERJE",655.0,409,0.6244,409,403,6,1.0,2,0.005,1,0.0025,7,0.0174,116,0.2878,0,,12,0.0298,0,0.0,13,0.0323,9,0.0223,7,0.0174,6,0.0149,22,0.0546,10,0.0248,13,0.0323,130,0.3226,13,0.0323,19,0.0471,6,0.0149,10,0.0248,7,0.0174,0,
1506,5,Celje,3,Celje 2,27,"I.OŠ CELJE, DISLOC.ENOTA, KOSOVELOVA 14, CELJE",555.0,350,0.6306,350,349,1,1.0,3,0.0086,2,0.0057,4,0.0115,140,0.4011,0,,30,0.086,0,0.0,13,0.0372,2,0.0057,13,0.0372,7,0.0201,9,0.0258,12,0.0344,10,0.0287,64,0.1834,4,0.0115,17,0.0487,12,0.0344,5,0.0143,2,0.0057,0,
1507,5,Celje,3,Celje 2,10,"III.OŠ CELJE - TELOVADNICA, VODNIKOVA  4, CELJE",995.0,512,0.5146,512,507,5,1.0,7,0.0138,0,0.0,15,0.0296,195,0.3846,0,,29,0.0572,3,0.0059,15,0.0296,3,0.0059,16,0.0316,5,0.0099,19,0.0375,14,0.0276,17,0.0335,90,0.1775,10,0.0197,32,0.0631,15,0.0296,14,0.0276,8,0.0158,0,
1508,5,Celje,3,Celje 2,11,"III.OŠ CELJE - TELOVADNICA, VODNIKOVA 4, CELJE",1137.0,512,0.4503,512,512,0,1.0,4,0.0078,1,0.002,38,0.0742,188,0.3672,0,,42,0.082,0,0.0,18,0.0352,1,0.002,28,0.0547,7,0.0137,15,0.0293,9,0.0176,17,0.0332,73,0.1426,5,0.0098,38,0.0742,16,0.0312,8,0.0156,4,0.0078,0,
1509,5,Celje,3,Celje 2,19,"KS TRNOVLJE PRI CELJU, TRNOVELJSKA  82, CELJE",563.0,399,0.7087,399,396,3,1.0,4,0.0101,0,0.0,15,0.0379,128,0.3232,0,,10,0.0253,1,0.0025,5,0.0126,2,0.0051,9,0.0227,4,0.0101,24,0.0606,7,0.0177,22,0.0556,118,0.298,9,0.0227,20,0.0505,5,0.0126,7,0.0177,6,0.0152,0,
1510,5,Celje,3,Celje 2,17,"PLAVA LAGUNA, LJUBLJANSKA  CESTA 58, CELJE",815.0,559,0.6859,559,555,4,1.0,7,0.0126,1,0.0018,10,0.018,217,0.391,0,,30,0.0541,2,0.0036,12,0.0216,4,0.0072,11,0.0198,13,0.0234,14,0.0252,17,0.0306,23,0.0414,108,0.1946,4,0.0072,44,0.0793,19,0.0342,9,0.0162,10,0.018,0,
1511,5,Celje,3,Celje 2,14,"RDEČI KRIŽ; OZ CELJE, DELAVSKA ULICA 21, CELJE",776.0,323,0.4162,323,321,2,1.0,2,0.0062,0,0.0,22,0.0685,80,0.2492,0,,29,0.0903,2,0.0062,13,0.0405,1,0.0031,11,0.0343,7,0.0218,9,0.028,3,0.0093,7,0.0218,82,0.2555,8,0.0249,24,0.0748,10,0.0312,9,0.028,2,0.0062,0,
1512,5,Celje,3,Celje 2,16,"SEDEŽ KS MEDLOG, BABNO 3A, CELJE",549.0,402,0.7322,402,401,1,1.0,3,0.0075,0,0.0,10,0.0249,128,0.3192,0,,13,0.0324,6,0.015,11,0.0274,4,0.01,11,0.0274,12,0.0299,22,0.0549,9,0.0224,24,0.0599,97,0.2419,11,0.0274,26,0.0648,5,0.0125,3,0.0075,6,0.015,0,
1513,5,Celje,3,Celje 2,2,"SEDEŽ KS, VELIKA DVORANA, TEHARSKA 2A, CELJE",1489.0,880,0.591,880,876,4,1.0,3,0.0034,2,0.0023,19,0.0217,317,0.3619,0,,43,0.0491,1,0.0011,27,0.0308,4,0.0046,21,0.024,6,0.0068,41,0.0468,21,0.024,22,0.0251,242,0.2763,22,0.0251,50,0.0571,13,0.0148,18,0.0205,4,0.0046,0,
1514,5,Celje,3,Celje 2,31,"SEDEŽ MČ, ULICA BRATOV VOŠNJAKOV 1, CELJE",1532.0,891,0.5816,891,884,7,1.0,8,0.009,6,0.0068,41,0.0464,325,0.3676,0,,49,0.0554,3,0.0034,30,0.0339,4,0.0045,19,0.0215,18,0.0204,26,0.0294,19,0.0215,27,0.0305,165,0.1867,18,0.0204,83,0.0939,19,0.0215,18,0.0204,6,0.0068,0,
1515,5,Celje,3,Celje 2,32,"SEDEŽ MČ, ULICA BRATOV VOŠNJAKOV 1, CELJE",1467.0,839,0.5719,839,832,7,1.0,4,0.0048,0,0.0,31,0.0373,276,0.3317,0,,46,0.0553,8,0.0096,22,0.0264,7,0.0084,26,0.0312,13,0.0156,30,0.0361,9,0.0108,17,0.0204,206,0.2476,19,0.0228,68,0.0817,31,0.0373,10,0.012,9,0.0108,0,
1516,5,Celje,3,Celje 2,25,"ŠOLSKI CENTER CELJE, POT NA LAVO 22, CELJE",1222.0,740,0.6056,740,735,5,1.0,6,0.0082,0,0.0,21,0.0286,298,0.4054,0,,30,0.0408,4,0.0054,30,0.0408,6,0.0082,24,0.0327,21,0.0286,32,0.0435,14,0.019,34,0.0463,122,0.166,3,0.0041,62,0.0844,16,0.0218,8,0.0109,4,0.0054,0,
1517,5,Celje,3,Celje 2,28,"VRTEC ZARJA, ENOTA RINGA RAJA, NUŠIČEVA 2C, CELJE",1496.0,888,0.5936,888,883,5,1.0,8,0.0091,2,0.0023,28,0.0317,363,0.4111,0,,43,0.0487,1,0.0011,28,0.0317,4,0.0045,23,0.026,14,0.0159,40,0.0453,21,0.0238,29,0.0328,161,0.1823,9,0.0102,58,0.0657,28,0.0317,14,0.0159,9,0.0102,0,
1518,5,Celje,3,Celje 2,18,"ZARJA TRNOVLJE, KULTURNIŠKA ULICA 4, CELJE",421.0,297,0.7055,297,291,6,1.0,2,0.0069,1,0.0034,8,0.0275,112,0.3849,0,,14,0.0481,2,0.0069,8,0.0275,1,0.0034,5,0.0172,7,0.0241,11,0.0378,8,0.0275,8,0.0275,64,0.2199,8,0.0275,21,0.0722,3,0.0103,4,0.0137,4,0.0137,0,
1519,5,Celje,3,Celje 2,7,"ŽUPNIJA CELJE; SV. CECILIJA, BREG 18, CELJE",338.0,200,0.5917,200,200,0,1.0,1,0.005,0,0.0,6,0.03,61,0.305,0,,9,0.045,0,0.0,7,0.035,0,0.0,11,0.055,3,0.015,13,0.065,0,0.0,8,0.04,43,0.215,4,0.02,18,0.09,6,0.03,6,0.03,4,0.02,0,
1520,5,Celje,3,Celje 2,901,PREDČASNO GLASOVANJE,,2312,,2312,2301,11,1.0,5,0.0022,4,0.0017,52,0.0226,974,0.4233,0,,152,0.0661,5,0.0022,60,0.0261,15,0.0065,59,0.0256,29,0.0126,93,0.0404,25,0.0109,88,0.0382,404,0.1756,26,0.0113,156,0.0678,82,0.0356,54,0.0235,18,0.0078,0,
1521,5,Celje,4,Žalec 1,13,AVTOHIŠA KOS,770.0,572,0.7429,572,568,4,1.0,4,0.007,0,0.0,19,0.0335,231,0.4067,0,,13,0.0229,0,0.0,16,0.0282,10,0.0176,6,0.0106,3,0.0053,83,0.1461,7,0.0123,14,0.0246,110,0.1937,7,0.0123,29,0.0511,7,0.0123,4,0.007,5,0.0088,0,
1522,5,Celje,4,Žalec 1,19,DOM KRAJANOV VRBJE,472.0,316,0.6695,316,315,1,1.0,7,0.0222,0,0.0,14,0.0444,125,0.3968,0,,6,0.019,1,0.0032,6,0.019,2,0.0063,2,0.0063,3,0.0095,30,0.0952,3,0.0095,7,0.0222,62,0.1968,11,0.0349,21,0.0667,12,0.0381,3,0.0095,0,0.0,0,
1523,5,Celje,4,Žalec 1,1,DOM KS VINSKA GORA,1522.0,1085,0.7129,1085,1081,4,1.0,2,0.0019,0,0.0,31,0.0287,270,0.2498,0,,16,0.0148,4,0.0037,23,0.0213,15,0.0139,17,0.0157,6,0.0056,70,0.0648,16,0.0148,34,0.0315,406,0.3756,26,0.0241,88,0.0814,33,0.0305,14,0.013,10,0.0093,0,
1524,5,Celje,4,Žalec 1,18,GASILSKI DOM LOŽNICA,447.0,331,0.7405,331,329,2,1.0,3,0.0091,0,0.0,11,0.0334,113,0.3435,0,,9,0.0274,0,0.0,3,0.0091,8,0.0243,5,0.0152,6,0.0182,13,0.0395,5,0.0152,21,0.0638,65,0.1976,10,0.0304,27,0.0821,20,0.0608,5,0.0152,5,0.0152,0,
1525,5,Celje,4,Žalec 1,16,"KULTURNI DOM ŽALEC, VOLIŠČE I",930.0,503,0.5409,503,497,6,1.0,0,0.0,1,0.002,16,0.0322,168,0.338,0,,16,0.0322,1,0.002,21,0.0423,1,0.002,16,0.0322,9,0.0181,15,0.0302,11,0.0221,7,0.0141,122,0.2455,15,0.0302,35,0.0704,18,0.0362,11,0.0221,14,0.0282,0,
1526,5,Celje,4,Žalec 1,17,"KULTURNI DOM ŽALEC, VOLIŠČE II",1353.0,847,0.626,847,836,11,1.0,6,0.0072,1,0.0012,21,0.0251,313,0.3744,0,,23,0.0275,5,0.006,17,0.0203,7,0.0084,16,0.0191,13,0.0156,55,0.0658,15,0.0179,30,0.0359,172,0.2057,16,0.0191,53,0.0634,43,0.0514,16,0.0191,14,0.0167,0,
1527,5,Celje,4,Žalec 1,9,MARTIN ŠTORMAN KALE 17-A,202.0,140,0.6931,140,140,0,1.0,1,0.0071,0,0.0,4,0.0286,37,0.2643,0,,3,0.0214,0,0.0,4,0.0286,5,0.0357,5,0.0357,3,0.0214,7,0.05,2,0.0143,4,0.0286,56,0.4,1,0.0071,4,0.0286,0,0.0,4,0.0286,0,0.0,0,
1528,5,Celje,4,Žalec 1,6,"OSNOVNA ŠOLA ŠEMPETER, VOLIŠČE I",1010.0,733,0.7257,733,732,1,1.0,4,0.0055,1,0.0014,14,0.0191,264,0.3607,0,,21,0.0287,2,0.0027,21,0.0287,19,0.026,13,0.0178,8,0.0109,45,0.0615,18,0.0246,20,0.0273,185,0.2527,22,0.0301,31,0.0423,25,0.0342,11,0.015,8,0.0109,0,
1529,5,Celje,4,Žalec 1,7,"OSNOVNA ŠOLA ŠEMPETER, VOLIŠČE II",1081.0,757,0.7003,757,751,6,1.0,4,0.0053,0,0.0,17,0.0226,206,0.2743,0,,17,0.0226,2,0.0027,17,0.0226,23,0.0306,8,0.0107,8,0.0107,72,0.0959,8,0.0107,34,0.0453,260,0.3462,21,0.028,25,0.0333,12,0.016,14,0.0186,3,0.004,0,
1530,5,Celje,4,Žalec 1,4,"POŠ PONIKVA, PONIKVA",1000.0,681,0.681,681,673,8,1.0,7,0.0104,0,0.0,20,0.0297,135,0.2006,0,,18,0.0267,2,0.003,10,0.0149,22,0.0327,15,0.0223,10,0.0149,79,0.1174,4,0.0059,23,0.0342,254,0.3774,15,0.0223,32,0.0475,19,0.0282,4,0.0059,4,0.0059,0,
1531,5,Celje,4,Žalec 1,2,POŠ TRJE I,790.0,524,0.6633,524,517,7,1.0,3,0.0058,0,0.0,13,0.0251,125,0.2418,0,,15,0.029,3,0.0058,12,0.0232,13,0.0251,4,0.0077,6,0.0116,62,0.1199,9,0.0174,40,0.0774,144,0.2785,17,0.0329,29,0.0561,13,0.0251,3,0.0058,6,0.0116,0,
1532,5,Celje,4,Žalec 1,3,POŠ TRJE II,880.0,618,0.7023,618,612,6,1.0,4,0.0065,0,0.0,22,0.0359,169,0.2761,0,,18,0.0294,1,0.0016,25,0.0408,4,0.0065,5,0.0082,5,0.0082,56,0.0915,2,0.0033,39,0.0637,194,0.317,19,0.031,24,0.0392,14,0.0229,5,0.0082,6,0.0098,0,
1533,5,Celje,4,Žalec 1,5,PROSTORI KS GOTOVLJE,1182.0,843,0.7132,843,832,11,1.0,7,0.0084,2,0.0024,30,0.0361,265,0.3185,0,,22,0.0264,5,0.006,33,0.0397,18,0.0216,11,0.0132,17,0.0204,71,0.0853,12,0.0144,29,0.0349,195,0.2344,15,0.018,39,0.0469,29,0.0349,12,0.0144,20,0.024,0,
1534,5,Celje,4,Žalec 1,15,SAVINOV SALON ŽALEC,1284.0,774,0.6028,774,763,11,1.0,4,0.0052,5,0.0066,24,0.0315,281,0.3683,0,,27,0.0354,7,0.0092,27,0.0354,5,0.0066,6,0.0079,13,0.017,46,0.0603,16,0.021,20,0.0262,145,0.19,20,0.0262,59,0.0773,31,0.0406,11,0.0144,16,0.021,0,
1535,5,Celje,4,Žalec 1,10,ŠOLA POLZELA VOLIŠČE I,1154.0,799,0.6924,799,793,6,1.0,12,0.0151,1,0.0013,28,0.0353,238,0.3001,0,,26,0.0328,2,0.0025,10,0.0126,7,0.0088,13,0.0164,21,0.0265,154,0.1942,14,0.0177,6,0.0076,161,0.203,11,0.0139,37,0.0467,22,0.0277,18,0.0227,12,0.0151,0,
1536,5,Celje,4,Žalec 1,11,"ŠOLA POLZELA, VOLIŠČE II",1337.0,887,0.6634,887,878,9,1.0,3,0.0034,1,0.0011,21,0.0239,293,0.3337,0,,25,0.0285,1,0.0011,17,0.0194,8,0.0091,8,0.0091,12,0.0137,160,0.1822,7,0.008,9,0.0103,228,0.2597,11,0.0125,43,0.049,9,0.0103,11,0.0125,11,0.0125,0,
1537,5,Celje,4,Žalec 1,12,"ŠOLA POLZELA, VOLIŠČE III",827.0,580,0.7013,580,573,7,1.0,6,0.0105,0,0.0,25,0.0436,194,0.3386,0,,16,0.0279,1,0.0017,7,0.0122,5,0.0087,12,0.0209,11,0.0192,75,0.1309,7,0.0122,24,0.0419,124,0.2164,9,0.0157,29,0.0506,15,0.0262,10,0.0175,3,0.0052,0,
1538,5,Celje,4,Žalec 1,8,"TAVČAR ALOJZ, ZG. GRUŠOVLJE 18",249.0,165,0.6627,165,161,4,1.0,3,0.0186,0,0.0,5,0.0311,38,0.236,0,,4,0.0248,2,0.0124,5,0.0311,10,0.0621,4,0.0248,5,0.0311,21,0.1304,5,0.0311,9,0.0559,36,0.2236,9,0.0559,2,0.0124,3,0.0186,0,0.0,0,0.0,0,
1539,5,Celje,4,Žalec 1,14,ZADRUŽNI DOM ANDRAŽ,811.0,637,0.7855,637,632,5,1.0,1,0.0016,0,0.0,8,0.0127,96,0.1519,0,,9,0.0142,2,0.0032,9,0.0142,20,0.0316,4,0.0063,10,0.0158,196,0.3101,6,0.0095,14,0.0222,188,0.2975,15,0.0237,30,0.0475,9,0.0142,13,0.0206,2,0.0032,0,
1540,5,Celje,4,Žalec 1,901,PREDČASNO GLASOVANJE,,1183,,1183,1179,4,1.0,6,0.0051,1,0.0008,23,0.0195,503,0.4266,0,,36,0.0305,0,0.0,34,0.0288,19,0.0161,20,0.017,19,0.0161,69,0.0585,18,0.0153,23,0.0195,233,0.1976,15,0.0127,91,0.0772,35,0.0297,20,0.017,14,0.0119,0,
1541,5,Celje,5,Žalec 2,34,ALOJZ FERME LIMOVCE 3,84.0,60,0.7143,60,60,0,1.0,1,0.0167,0,0.0,0,0.0,14,0.2333,0,,0,0.0,0,0.0,1,0.0167,1,0.0167,0,0.0,0,0.0,11,0.1833,1,0.0167,2,0.0333,27,0.45,0,0.0,1,0.0167,1,0.0167,0,0.0,0,0.0,0,
1542,5,Celje,5,Žalec 2,36,DOM KRAJANOV ČEPLJE,147.0,117,0.7959,117,116,1,1.0,0,0.0,0,0.0,1,0.0086,17,0.1466,0,,1,0.0086,2,0.0172,2,0.0172,0,0.0,3,0.0259,0,0.0,38,0.3276,3,0.0259,3,0.0259,34,0.2931,1,0.0086,8,0.069,0,0.0,2,0.0172,1,0.0086,0,
1543,5,Celje,5,Žalec 2,23,DOM KRAJANOV GOMILSKO,313.0,225,0.7188,225,221,4,1.0,0,0.0,1,0.0045,4,0.0181,30,0.1357,0,,4,0.0181,1,0.0045,4,0.0181,7,0.0317,0,0.0,2,0.009,55,0.2489,1,0.0045,3,0.0136,91,0.4118,3,0.0136,6,0.0271,3,0.0136,3,0.0136,3,0.0136,0,
1544,5,Celje,5,Žalec 2,5,DOM KRAJANOV MALA PIREŠICA,161.0,117,0.7267,117,117,0,1.0,1,0.0085,0,0.0,7,0.0598,34,0.2906,0,,2,0.0171,1,0.0085,0,0.0,1,0.0085,2,0.0171,1,0.0085,10,0.0855,5,0.0427,4,0.0342,38,0.3248,1,0.0085,3,0.0256,2,0.0171,2,0.0171,3,0.0256,0,
1545,5,Celje,5,Žalec 2,27,DOM KRAJANOV TABOR,775.0,627,0.809,627,614,13,1.0,2,0.0033,2,0.0033,10,0.0163,185,0.3013,0,,9,0.0147,0,0.0,29,0.0472,6,0.0098,6,0.0098,16,0.0261,132,0.215,8,0.013,5,0.0081,147,0.2394,11,0.0179,26,0.0423,11,0.0179,7,0.0114,2,0.0033,0,
1546,5,Celje,5,Žalec 2,37,DOM KULTURE BRASLOVČE I.,1009.0,726,0.7195,726,723,3,1.0,14,0.0194,3,0.0041,24,0.0332,248,0.343,0,,21,0.029,0,0.0,28,0.0387,7,0.0097,11,0.0152,12,0.0166,99,0.1369,8,0.0111,19,0.0263,158,0.2185,9,0.0124,37,0.0512,11,0.0152,11,0.0152,3,0.0041,0,
1547,5,Celje,5,Žalec 2,20,DOM KULTURE BRASLOVČE II.,740.0,522,0.7054,522,519,3,1.0,2,0.0039,1,0.0019,15,0.0289,158,0.3044,0,,15,0.0289,2,0.0039,22,0.0424,6,0.0116,5,0.0096,10,0.0193,63,0.1214,5,0.0096,20,0.0385,131,0.2524,6,0.0116,23,0.0443,13,0.025,11,0.0212,11,0.0212,0,
1548,5,Celje,5,Žalec 2,11,DOM KULTURE ŠEŠČE,379.0,286,0.7546,286,281,5,1.0,1,0.0036,0,0.0,3,0.0107,83,0.2954,0,,15,0.0534,1,0.0036,10,0.0356,4,0.0142,4,0.0142,4,0.0142,17,0.0605,6,0.0214,6,0.0214,59,0.21,9,0.032,37,0.1317,6,0.0214,8,0.0285,8,0.0285,0,
1549,5,Celje,5,Žalec 2,4,GASILSKI DOM ARJA VAS,391.0,265,0.6777,265,263,2,1.0,1,0.0038,0,0.0,10,0.038,86,0.327,0,,7,0.0266,1,0.0038,17,0.0646,3,0.0114,3,0.0114,2,0.0076,9,0.0342,2,0.0076,10,0.038,75,0.2852,4,0.0152,20,0.076,8,0.0304,2,0.0076,3,0.0114,0,
1550,5,Celje,5,Žalec 2,22,GASILSKI DOM DOBROVLJE,107.0,91,0.8505,91,91,0,1.0,0,0.0,0,0.0,0,0.0,14,0.1538,0,,2,0.022,0,0.0,0,0.0,2,0.022,1,0.011,0,0.0,43,0.4725,0,0.0,0,0.0,23,0.2527,1,0.011,2,0.022,0,0.0,2,0.022,1,0.011,0,
1551,5,Celje,5,Žalec 2,6,GASILSKI DOM DREŠINJA VAS,201.0,157,0.7811,157,155,2,1.0,0,0.0,0,0.0,3,0.0194,45,0.2903,0,,9,0.0581,0,0.0,0,0.0,2,0.0129,2,0.0129,4,0.0258,12,0.0774,6,0.0387,2,0.0129,50,0.3226,3,0.0194,6,0.0387,9,0.0581,1,0.0065,1,0.0065,0,
1552,5,Celje,5,Žalec 2,25,GASILSKI DOM GRAJSKA VAS,286.0,229,0.8007,229,227,2,1.0,0,0.0,0,0.0,5,0.022,79,0.348,0,,4,0.0176,1,0.0044,6,0.0264,2,0.0088,3,0.0132,1,0.0044,39,0.1718,1,0.0044,4,0.0176,41,0.1806,6,0.0264,22,0.0969,5,0.022,7,0.0308,1,0.0044,0,
1553,5,Celje,5,Žalec 2,28,GASILSKI DOM KAPLA,356.0,253,0.7107,253,253,0,1.0,1,0.004,0,0.0,7,0.0277,50,0.1976,0,,7,0.0277,1,0.004,1,0.004,1,0.004,1,0.004,3,0.0119,83,0.3281,4,0.0158,2,0.0079,69,0.2727,0,0.0,14,0.0553,4,0.0158,4,0.0158,1,0.004,0,
1554,5,Celje,5,Žalec 2,16,GASILSKI DOM KAPLJA VAS,248.0,190,0.7661,190,187,3,1.0,1,0.0053,0,0.0,10,0.0535,56,0.2995,0,,4,0.0214,1,0.0053,3,0.016,0,0.0,3,0.016,2,0.0107,36,0.1925,5,0.0267,1,0.0053,48,0.2567,4,0.0214,3,0.016,5,0.0267,4,0.0214,1,0.0053,0,
1555,5,Celje,5,Žalec 2,15,GASILSKI DOM LATKOVA VAS,812.0,602,0.7414,602,595,7,1.0,4,0.0067,1,0.0017,19,0.0319,207,0.3479,0,,8,0.0134,9,0.0151,32,0.0538,3,0.005,12,0.0202,11,0.0185,44,0.0739,8,0.0134,17,0.0286,105,0.1765,7,0.0118,74,0.1244,17,0.0286,7,0.0118,10,0.0168,0,
1556,5,Celje,5,Žalec 2,32,GASILSKI DOM LOČICA,236.0,170,0.7203,170,167,3,1.0,0,0.0,0,0.0,4,0.024,32,0.1916,0,,4,0.024,0,0.0,8,0.0479,0,0.0,2,0.012,3,0.018,63,0.3772,4,0.024,1,0.006,35,0.2096,4,0.024,3,0.018,3,0.018,0,0.0,1,0.006,0,
1557,5,Celje,5,Žalec 2,29,GASILSKI DOM LOKE,257.0,189,0.7354,189,185,4,1.0,0,0.0,0,0.0,0,0.0,17,0.0919,0,,3,0.0162,0,0.0,6,0.0324,1,0.0054,1,0.0054,2,0.0108,71,0.3838,3,0.0162,2,0.0108,62,0.3351,2,0.0108,7,0.0378,4,0.0216,2,0.0108,2,0.0108,0,
1558,5,Celje,5,Žalec 2,12,GASILSKI DOM MATKE,298.0,235,0.7886,235,234,1,1.0,1,0.0043,0,0.0,11,0.047,53,0.2265,0,,3,0.0128,0,0.0,3,0.0128,4,0.0171,2,0.0085,1,0.0043,31,0.1325,2,0.0085,6,0.0256,78,0.3333,5,0.0214,18,0.0769,5,0.0214,2,0.0085,9,0.0385,0,
1559,5,Celje,5,Žalec 2,21,GASILSKI DOM PARIŽLJE,703.0,521,0.7411,521,513,8,1.0,1,0.0019,0,0.0,17,0.0331,151,0.2943,0,,15,0.0292,1,0.0019,16,0.0312,3,0.0058,3,0.0058,16,0.0312,86,0.1676,7,0.0136,12,0.0234,136,0.2651,4,0.0078,20,0.039,14,0.0273,6,0.0117,5,0.0097,0,
1560,5,Celje,5,Žalec 2,35,GASILSKI DOM PREKOPA,326.0,254,0.7791,254,254,0,1.0,0,0.0,0,0.0,7,0.0276,58,0.2283,0,,7,0.0276,0,0.0,7,0.0276,0,0.0,6,0.0236,2,0.0079,74,0.2913,2,0.0079,6,0.0236,71,0.2795,2,0.0079,3,0.0118,6,0.0236,3,0.0118,0,0.0,0,
1561,5,Celje,5,Žalec 2,17,GASILSKI DOM SV. LOVRENC,329.0,260,0.7903,260,256,4,1.0,2,0.0078,1,0.0039,5,0.0195,70,0.2734,0,,6,0.0234,3,0.0117,8,0.0312,2,0.0078,3,0.0117,6,0.0234,37,0.1445,3,0.0117,6,0.0234,48,0.1875,7,0.0273,27,0.1055,7,0.0273,2,0.0078,13,0.0508,0,
1562,5,Celje,5,Žalec 2,31,GASILSKI DOM TEŠOVA,190.0,141,0.7421,141,140,1,1.0,0,0.0,0,0.0,6,0.0429,14,0.1,0,,4,0.0286,0,0.0,3,0.0214,1,0.0071,0,0.0,1,0.0071,61,0.4357,2,0.0143,3,0.0214,38,0.2714,4,0.0286,0,0.0,1,0.0071,2,0.0143,0,0.0,0,
1563,5,Celje,5,Žalec 2,19,GASILSKI DOM TRNAVA,501.0,370,0.7385,370,367,3,1.0,1,0.0027,0,0.0,9,0.0245,113,0.3079,0,,11,0.03,0,0.0,17,0.0463,4,0.0109,5,0.0136,8,0.0218,50,0.1362,7,0.0191,13,0.0354,84,0.2289,6,0.0163,25,0.0681,7,0.0191,3,0.0082,4,0.0109,0,
1564,5,Celje,5,Žalec 2,9,GASILSKI DOM ZABUKOVICA,619.0,436,0.7044,436,431,5,1.0,8,0.0186,0,0.0,20,0.0464,131,0.3039,0,,16,0.0371,2,0.0046,11,0.0255,11,0.0255,0,0.0,6,0.0139,38,0.0882,6,0.0139,7,0.0162,99,0.2297,15,0.0348,39,0.0905,7,0.0162,7,0.0162,8,0.0186,0,
1565,5,Celje,5,Žalec 2,33,KOS MARIJA PRAPREČE 15,240.0,163,0.6792,163,163,0,1.0,1,0.0061,0,0.0,4,0.0245,21,0.1288,0,,6,0.0368,0,0.0,5,0.0307,2,0.0123,0,0.0,1,0.0061,57,0.3497,6,0.0368,1,0.0061,46,0.2822,5,0.0307,5,0.0307,2,0.0123,0,0.0,1,0.0061,0,
1566,5,Celje,5,Žalec 2,2,KRAJEVNA SKUPNOST LIBOJE,657.0,434,0.6606,434,431,3,1.0,11,0.0255,1,0.0023,12,0.0278,173,0.4014,0,,15,0.0348,4,0.0093,14,0.0325,2,0.0046,13,0.0302,7,0.0162,23,0.0534,5,0.0116,6,0.0139,79,0.1833,11,0.0255,38,0.0882,6,0.0139,9,0.0209,2,0.0046,0,
1567,5,Celje,5,Žalec 2,26,KULTURNI DOM LETUŠ,813.0,612,0.7528,612,607,5,1.0,1,0.0016,3,0.0049,13,0.0214,213,0.3509,0,,8,0.0132,0,0.0,11,0.0181,3,0.0049,9,0.0148,2,0.0033,71,0.117,11,0.0181,15,0.0247,173,0.285,9,0.0148,41,0.0675,7,0.0115,13,0.0214,4,0.0066,0,
1568,5,Celje,5,Žalec 2,30,KULTURNI DOM VRANSKO,869.0,642,0.7388,642,635,7,1.0,0,0.0,2,0.0031,10,0.0157,145,0.2283,0,,15,0.0236,2,0.0031,26,0.0409,5,0.0079,7,0.011,9,0.0142,189,0.2976,16,0.0252,10,0.0157,149,0.2346,6,0.0094,22,0.0346,13,0.0205,7,0.011,2,0.0031,0,
1569,5,Celje,5,Žalec 2,14,MUZEJ PREBOLD (REŽAJEVA DOMAČIJA),904.0,602,0.6659,602,599,3,1.0,4,0.0067,2,0.0033,32,0.0534,211,0.3523,0,,26,0.0434,1,0.0017,31,0.0518,2,0.0033,5,0.0083,6,0.01,51,0.0851,8,0.0134,10,0.0167,108,0.1803,14,0.0234,45,0.0751,20,0.0334,9,0.015,14,0.0234,0,
1570,5,Celje,5,Žalec 2,8,OSNOVNA ŠOLA GRIŽE I.,718.0,494,0.688,494,489,5,1.0,9,0.0184,3,0.0061,22,0.045,157,0.3211,0,,8,0.0164,0,0.0,9,0.0184,6,0.0123,7,0.0143,7,0.0143,43,0.0879,6,0.0123,12,0.0245,115,0.2352,10,0.0204,48,0.0982,11,0.0225,12,0.0245,4,0.0082,0,
1571,5,Celje,5,Žalec 2,38,OSNOVNA ŠOLA GRIŽE II.,661.0,465,0.7035,465,459,6,1.0,2,0.0044,0,0.0,10,0.0218,171,0.3725,0,,10,0.0218,1,0.0022,13,0.0283,5,0.0109,7,0.0153,4,0.0087,52,0.1133,10,0.0218,8,0.0174,87,0.1895,5,0.0109,53,0.1155,15,0.0327,2,0.0044,4,0.0087,0,
1572,5,Celje,5,Žalec 2,1,OSNOVNA ŠOLA LIBOJE,632.0,435,0.6883,435,431,4,1.0,7,0.0162,0,0.0,25,0.058,121,0.2807,0,,12,0.0278,0,0.0,14,0.0325,6,0.0139,13,0.0302,6,0.0139,43,0.0998,8,0.0186,6,0.0139,109,0.2529,8,0.0186,33,0.0766,9,0.0209,4,0.0093,7,0.0162,0,
1573,5,Celje,5,Žalec 2,3,OSNOVNA ŠOLA PETROVČE,1147.0,804,0.701,804,795,9,1.0,0,0.0,1,0.0013,12,0.0151,282,0.3547,0,,24,0.0302,5,0.0063,30,0.0377,21,0.0264,20,0.0252,12,0.0151,64,0.0805,13,0.0164,23,0.0289,207,0.2604,9,0.0113,45,0.0566,17,0.0214,7,0.0088,3,0.0038,0,
1574,5,Celje,5,Žalec 2,13,OSNOVNA ŠOLA PREBOLD,778.0,563,0.7237,563,560,3,1.0,6,0.0107,4,0.0071,21,0.0375,213,0.3804,0,,27,0.0482,2,0.0036,16,0.0286,5,0.0089,9,0.0161,8,0.0143,57,0.1018,5,0.0089,10,0.0179,81,0.1446,15,0.0268,52,0.0929,15,0.0268,6,0.0107,8,0.0143,0,
1575,5,Celje,5,Žalec 2,18,PLANINSKI DOM MARIJA REKA,242.0,163,0.6736,163,162,1,1.0,1,0.0062,0,0.0,6,0.037,38,0.2346,0,,5,0.0309,0,0.0,3,0.0185,1,0.0062,3,0.0185,0,0.0,24,0.1481,0,0.0,2,0.0123,42,0.2593,8,0.0494,17,0.1049,3,0.0185,3,0.0185,6,0.037,0,
1576,5,Celje,5,Žalec 2,24,ŠPORTNI DOM ŠMATEVŽ,154.0,115,0.7468,115,115,0,1.0,3,0.0261,0,0.0,8,0.0696,32,0.2783,0,,4,0.0348,0,0.0,1,0.0087,0,0.0,1,0.0087,2,0.0174,18,0.1565,1,0.0087,2,0.0174,25,0.2174,6,0.0522,5,0.0435,1,0.0087,5,0.0435,1,0.0087,0,
1577,5,Celje,5,Žalec 2,7,VRTEC LEVEC,374.0,283,0.7567,283,283,0,1.0,1,0.0035,0,0.0,6,0.0212,105,0.371,0,,7,0.0247,0,0.0,7,0.0247,1,0.0035,6,0.0212,4,0.0141,17,0.0601,4,0.0141,8,0.0283,81,0.2862,6,0.0212,21,0.0742,6,0.0212,3,0.0106,0,0.0,0,
1578,5,Celje,5,Žalec 2,10,VRTEC PONGRAC,351.0,242,0.6895,242,236,6,1.0,3,0.0127,0,0.0,11,0.0466,73,0.3093,0,,10,0.0424,2,0.0085,6,0.0254,7,0.0297,7,0.0297,3,0.0127,24,0.1017,3,0.0127,4,0.0169,66,0.2797,2,0.0085,9,0.0381,5,0.0212,0,0.0,1,0.0042,0,
1579,5,Celje,5,Žalec 2,901,PREDČASNO GLASOVANJE,,919,,919,915,4,1.0,7,0.0077,0,0.0,27,0.0295,376,0.4109,0,,47,0.0514,0,0.0,34,0.0372,16,0.0175,21,0.023,14,0.0153,59,0.0645,10,0.0109,21,0.023,140,0.153,7,0.0077,74,0.0809,39,0.0426,17,0.0186,6,0.0066,0,
1580,5,Celje,6,Mozirje,2,"AVLA KULTURNEGA DOMA GORNJI GRAD, ATTEMSOV TRG 3",1007.0,712,0.7071,712,706,6,1.0,2,0.0028,0,0.0,19,0.0269,146,0.2068,0,,17,0.0241,2,0.0028,21,0.0297,11,0.0156,6,0.0085,4,0.0057,95,0.1346,5,0.0071,50,0.0708,248,0.3513,26,0.0368,19,0.0269,18,0.0255,14,0.0198,3,0.0042,0,
1581,5,Celje,6,Mozirje,10,"CENTER RINKA, SEJNA SOBA, SOLČAVA 29",431.0,330,0.7657,330,328,2,1.0,2,0.0061,3,0.0091,6,0.0183,47,0.1433,0,,3,0.0091,1,0.003,7,0.0213,2,0.0061,4,0.0122,13,0.0396,96,0.2927,3,0.0091,8,0.0244,113,0.3445,0,0.0,8,0.0244,1,0.003,6,0.0183,5,0.0152,0,
1582,5,Celje,6,Mozirje,23,"DOM KULTURE NAZARJE, SAVINJSKA CESTA 2",1137.0,750,0.6596,750,744,6,1.0,7,0.0094,2,0.0027,54,0.0726,218,0.293,0,,22,0.0296,3,0.004,13,0.0175,12,0.0161,4,0.0054,15,0.0202,62,0.0833,10,0.0134,19,0.0255,200,0.2688,18,0.0242,27,0.0363,19,0.0255,37,0.0497,2,0.0027,0,
1583,5,Celje,6,Mozirje,21,"GASILSKI DOM LAČJA VAS, LAČJA VAS 8",423.0,286,0.6761,286,285,1,1.0,0,0.0,0,0.0,15,0.0526,94,0.3298,0,,5,0.0175,1,0.0035,6,0.0211,9,0.0316,1,0.0035,3,0.0105,31,0.1088,6,0.0211,9,0.0316,71,0.2491,3,0.0105,13,0.0456,5,0.0175,11,0.0386,2,0.007,0,
1584,5,Celje,6,Mozirje,6,"GASILSKI DOM OKONINA, OKONINA 21",206.0,142,0.6893,142,141,1,1.0,5,0.0355,0,0.0,7,0.0496,30,0.2128,0,,2,0.0142,0,0.0,5,0.0355,0,0.0,2,0.0142,7,0.0496,17,0.1206,2,0.0142,6,0.0426,45,0.3191,1,0.0071,4,0.0284,2,0.0142,5,0.0355,1,0.0071,0,
1585,5,Celje,6,Mozirje,20,"GASILSKI DOM SPODNJE POBREŽJE, SPODNJE POBREŽJE 2",225.0,167,0.7422,167,165,2,1.0,0,0.0,0,0.0,8,0.0485,33,0.2,0,,2,0.0121,0,0.0,9,0.0545,3,0.0182,4,0.0242,2,0.0121,20,0.1212,2,0.0121,11,0.0667,53,0.3212,5,0.0303,6,0.0364,6,0.0364,1,0.0061,0,0.0,0,
1586,5,Celje,6,Mozirje,18,"GOSTILNA MARKELJ, SPODNJA REČICA 63",203.0,133,0.6552,133,132,1,1.0,0,0.0,0,0.0,4,0.0303,34,0.2576,0,,5,0.0379,0,0.0,4,0.0303,1,0.0076,3,0.0227,3,0.0227,7,0.053,1,0.0076,6,0.0455,43,0.3258,3,0.0227,5,0.0379,4,0.0303,9,0.0682,0,0.0,0,
1587,5,Celje,6,Mozirje,9,"GOSTILNA POLANŠEK, PODVOLOVLJEK 35",184.0,142,0.7717,142,140,2,1.0,0,0.0,1,0.0071,4,0.0286,9,0.0643,0,,2,0.0143,2,0.0143,2,0.0143,1,0.0071,0,0.0,0,0.0,29,0.2071,2,0.0143,0,0.0,79,0.5643,1,0.0071,4,0.0286,1,0.0071,3,0.0214,0,0.0,0,
1588,5,Celje,6,Mozirje,8,"GOSTILNA STRUGE, RADUHA 1",208.0,154,0.7404,154,153,1,1.0,0,0.0,0,0.0,5,0.0327,13,0.085,0,,1,0.0065,0,0.0,1,0.0065,3,0.0196,3,0.0196,0,0.0,37,0.2418,0,0.0,4,0.0261,77,0.5033,5,0.0327,1,0.0065,0,0.0,0,0.0,3,0.0196,0,
1589,5,Celje,6,Mozirje,12,"KMETIJA LEVC, LOKE PRI MOZIRJU 19",433.0,287,0.6628,287,285,2,1.0,2,0.007,0,0.0,16,0.0561,80,0.2807,0,,7,0.0246,0,0.0,9,0.0316,2,0.007,5,0.0175,1,0.0035,44,0.1544,8,0.0281,18,0.0632,63,0.2211,0,0.0,8,0.0281,6,0.0211,9,0.0316,7,0.0246,0,
1590,5,Celje,6,Mozirje,16,"KMETIJA ŽAGAR, DOBROVLJE PRI MOZIRJU 17",56.0,42,0.75,42,42,0,1.0,1,0.0238,0,0.0,3,0.0714,8,0.1905,0,,0,0.0,0,0.0,1,0.0238,0,0.0,0,0.0,0,0.0,1,0.0238,1,0.0238,2,0.0476,22,0.5238,1,0.0238,1,0.0238,0,0.0,1,0.0238,0,0.0,0,
1591,5,Celje,6,Mozirje,1,"KULTURNI DOM BOČNA, BOČNA 63",500.0,356,0.712,356,348,8,1.0,0,0.0,0,0.0,19,0.0546,144,0.4138,0,,3,0.0086,1,0.0029,15,0.0431,2,0.0057,8,0.023,3,0.0086,24,0.069,0,0.0,24,0.069,67,0.1925,9,0.0259,20,0.0575,4,0.0115,4,0.0115,1,0.0029,0,
1592,5,Celje,6,Mozirje,5,"KULTURNI DOM RADMIRJE, RADMIRJE 43",460.0,339,0.737,339,338,1,1.0,2,0.0059,1,0.003,18,0.0533,82,0.2426,0,,2,0.0059,1,0.003,9,0.0266,5,0.0148,6,0.0178,10,0.0296,27,0.0799,1,0.003,20,0.0592,118,0.3491,9,0.0266,13,0.0385,4,0.0118,8,0.0237,2,0.0059,0,
1593,5,Celje,6,Mozirje,3,"KULTURNI DOM ŠMIKLAVŽ, ŠMIKLAVŽ 3",501.0,353,0.7046,353,350,3,1.0,3,0.0086,1,0.0029,22,0.0629,51,0.1457,0,,3,0.0086,3,0.0086,22,0.0629,5,0.0143,2,0.0057,5,0.0143,41,0.1171,4,0.0114,10,0.0286,145,0.4143,15,0.0429,10,0.0286,5,0.0143,1,0.0029,2,0.0057,0,
1594,5,Celje,6,Mozirje,17,"MEDGENERACIJSKI CENTER, REČICA OB SAVINJI 61",978.0,704,0.7198,704,696,8,1.0,2,0.0029,0,0.0,32,0.046,158,0.227,0,,12,0.0172,0,0.0,27,0.0388,9,0.0129,6,0.0086,6,0.0086,86,0.1236,3,0.0043,36,0.0517,252,0.3621,12,0.0172,21,0.0302,8,0.0115,23,0.033,3,0.0043,0,
1595,5,Celje,6,Mozirje,4,"OSNOVNA ŠOLA LJUBNO, CESTA V RASTKE 10",1393.0,940,0.6748,938,931,7,1.0,7,0.0075,2,0.0021,41,0.044,258,0.2771,0,,23,0.0247,5,0.0054,27,0.029,20,0.0215,10,0.0107,20,0.0215,88,0.0945,9,0.0097,25,0.0269,297,0.319,16,0.0172,34,0.0365,12,0.0129,28,0.0301,9,0.0097,0,
1596,5,Celje,6,Mozirje,7,"OSNOVNA ŠOLA LUČE, LUČE 77",828.0,592,0.715,591,587,4,1.0,2,0.0034,0,0.0,20,0.0341,98,0.167,0,,7,0.0119,2,0.0034,10,0.017,18,0.0307,11,0.0187,5,0.0085,123,0.2095,5,0.0085,17,0.029,227,0.3867,6,0.0102,9,0.0153,10,0.017,13,0.0221,4,0.0068,0,
1597,5,Celje,6,Mozirje,11,"OSNOVNA ŠOLA MOZIRJE, ŠOLSKA ULICA 23",1062.0,643,0.6055,643,638,5,1.0,0,0.0,0,0.0,21,0.0329,243,0.3809,0,,13,0.0204,1,0.0016,8,0.0125,7,0.011,8,0.0125,6,0.0094,51,0.0799,9,0.0141,28,0.0439,155,0.2429,9,0.0141,35,0.0549,8,0.0125,33,0.0517,3,0.0047,0,
1598,5,Celje,6,Mozirje,14,"ŠOLA LEPA NJIVA, LEPA NJIVA 87",404.0,282,0.698,282,281,1,1.0,0,0.0,0,0.0,7,0.0249,31,0.1103,0,,4,0.0142,0,0.0,4,0.0142,6,0.0214,6,0.0214,4,0.0142,26,0.0925,5,0.0178,20,0.0712,153,0.5445,3,0.0107,7,0.0249,1,0.0036,4,0.0142,0,0.0,0,
1599,5,Celje,6,Mozirje,22,"ŠOLA ŠMARTNO OB DRETI, ŠMARTNO OB DRETI 27",571.0,415,0.7268,415,415,0,1.0,7,0.0169,1,0.0024,18,0.0434,108,0.2602,0,,13,0.0313,3,0.0072,13,0.0313,3,0.0072,2,0.0048,8,0.0193,46,0.1108,7,0.0169,22,0.053,118,0.2843,11,0.0265,11,0.0265,3,0.0072,20,0.0482,1,0.0024,0,
1600,5,Celje,6,Mozirje,15,"ŠOLA ŠMIHEL, ŠMIHEL NAD MOZIRJEM 28",173.0,139,0.8035,139,138,1,1.0,1,0.0072,0,0.0,3,0.0217,5,0.0362,0,,1,0.0072,0,0.0,1,0.0072,8,0.058,1,0.0072,0,0.0,30,0.2174,0,0.0,11,0.0797,70,0.5072,0,0.0,3,0.0217,1,0.0072,3,0.0217,0,0.0,0,
1601,5,Celje,6,Mozirje,19,TEHNIČNO PREGLEDNI CENTER A.M. MIKLAVC,400.0,262,0.655,262,262,0,1.0,2,0.0076,0,0.0,21,0.0802,89,0.3397,0,,8,0.0305,0,0.0,9,0.0344,10,0.0382,0,0.0,7,0.0267,15,0.0573,3,0.0115,10,0.0382,59,0.2252,3,0.0115,10,0.0382,5,0.0191,10,0.0382,1,0.0038,0,
1602,5,Celje,6,Mozirje,13,"UPRAV. C. MOZIRJE (SEJNA SOBA OBČINE), ŠMIHELSKA ",1345.0,825,0.6134,825,817,8,1.0,5,0.0061,0,0.0,38,0.0465,181,0.2215,0,,22,0.0269,1,0.0012,13,0.0159,6,0.0073,15,0.0184,13,0.0159,88,0.1077,11,0.0135,51,0.0624,277,0.339,16,0.0196,29,0.0355,8,0.0098,36,0.0441,7,0.0086,0,
1603,5,Celje,6,Mozirje,901,PREDČASNO GLASOVANJE,,941,,941,935,6,1.0,3,0.0032,0,0.0,40,0.0428,330,0.3529,0,,32,0.0342,0,0.0,33,0.0353,12,0.0128,17,0.0182,16,0.0171,56,0.0599,7,0.0075,28,0.0299,257,0.2749,4,0.0043,40,0.0428,11,0.0118,45,0.0481,4,0.0043,0,
1604,5,Celje,7,Velenje 1,1,BEVČE  - DOM KRAJANOV BEVČE,288.0,207,0.7188,207,207,0,1.0,1,0.0048,0,0.0,13,0.0628,52,0.2512,0,,5,0.0242,4,0.0193,4,0.0193,4,0.0193,4,0.0193,5,0.0242,14,0.0676,0,0.0,10,0.0483,71,0.343,4,0.0193,11,0.0531,3,0.0145,2,0.0097,0,0.0,0,
1605,5,Celje,7,Velenje 1,2,CIRKOVCE - OŠ CIRKOVCE,203.0,154,0.7586,154,154,0,1.0,1,0.0065,0,0.0,3,0.0195,32,0.2078,0,,6,0.039,2,0.013,2,0.013,2,0.013,1,0.0065,2,0.013,8,0.0519,3,0.0195,3,0.0195,46,0.2987,5,0.0325,34,0.2208,0,0.0,4,0.026,0,0.0,0,
1606,5,Celje,7,Velenje 1,13,GORICA - OŠ GORICA,875.0,481,0.5497,481,474,7,1.0,4,0.0084,0,0.0,22,0.0464,177,0.3734,0,,12,0.0253,8,0.0169,12,0.0253,6,0.0127,11,0.0232,10,0.0211,13,0.0274,9,0.019,14,0.0295,95,0.2004,6,0.0127,58,0.1224,11,0.0232,5,0.0105,1,0.0021,0,
1607,5,Celje,7,Velenje 1,14,GORICA - OŠ GORICA,985.0,501,0.5086,501,493,8,1.0,1,0.002,1,0.002,37,0.0751,130,0.2637,0,,15,0.0304,11,0.0223,8,0.0162,11,0.0223,18,0.0365,10,0.0203,22,0.0446,9,0.0183,6,0.0122,88,0.1785,3,0.0061,87,0.1765,20,0.0406,11,0.0223,5,0.0101,0,
1608,5,Celje,7,Velenje 1,15,"GORICA - PROST.KS, GORIŠKA 46",1420.0,866,0.6099,866,858,8,1.0,2,0.0023,3,0.0035,47,0.0548,272,0.317,0,,29,0.0338,3,0.0035,22,0.0256,6,0.007,17,0.0198,12,0.014,29,0.0338,22,0.0256,9,0.0105,163,0.19,9,0.0105,169,0.197,25,0.0291,15,0.0175,4,0.0047,0,
1609,5,Celje,7,Velenje 1,10,KONOVO - DOM KRAJANOV,814.0,588,0.7224,588,588,0,1.0,4,0.0068,0,0.0,8,0.0136,168,0.2857,0,,19,0.0323,1,0.0017,24,0.0408,8,0.0136,7,0.0119,5,0.0085,42,0.0714,8,0.0136,12,0.0204,167,0.284,14,0.0238,78,0.1327,15,0.0255,6,0.0102,2,0.0034,0,
1610,5,Celje,7,Velenje 1,3,"PAKA PRI VELENJU-DOM KRAJANOV PAKA, PAKA 68",641.0,432,0.6739,432,427,5,1.0,4,0.0094,1,0.0023,11,0.0258,91,0.2131,0,,4,0.0094,1,0.0023,17,0.0398,11,0.0258,5,0.0117,5,0.0117,26,0.0609,1,0.0023,4,0.0094,174,0.4075,13,0.0304,47,0.1101,7,0.0164,5,0.0117,0,0.0,0,
1611,5,Celje,7,Velenje 1,11,"SELO-AVTOCENTER CELEIA, PE JAKOPEC, KOSOVELOVA 16",815.0,518,0.6356,518,515,3,1.0,1,0.0019,0,0.0,33,0.0641,148,0.2874,0,,20,0.0388,2,0.0039,11,0.0214,5,0.0097,17,0.033,9,0.0175,13,0.0252,6,0.0117,10,0.0194,135,0.2621,13,0.0252,62,0.1204,14,0.0272,8,0.0155,8,0.0155,0,
1612,5,Celje,7,Velenje 1,12,"STARA VAS-KOMUNALNO PODJETJE VELENJE, KOROŠKA 37B",745.0,457,0.6134,457,454,3,1.0,1,0.0022,1,0.0022,17,0.0374,157,0.3458,0,,22,0.0485,4,0.0088,7,0.0154,8,0.0176,10,0.022,6,0.0132,17,0.0374,10,0.022,3,0.0066,108,0.2379,4,0.0088,61,0.1344,12,0.0264,5,0.011,1,0.0022,0,
1613,5,Celje,7,Velenje 1,21,ŠALEK - OSNOVNA ŠOLA ŠALEK,1392.0,742,0.533,742,729,13,1.0,5,0.0069,0,0.0,33,0.0453,181,0.2483,0,,26,0.0357,12,0.0165,11,0.0151,10,0.0137,18,0.0247,7,0.0096,40,0.0549,11,0.0151,14,0.0192,199,0.273,8,0.011,113,0.155,28,0.0384,10,0.0137,3,0.0041,0,
1614,5,Celje,7,Velenje 1,4,ŠENTILJ - DOM KRAJANOV,923.0,713,0.7725,713,711,2,1.0,4,0.0056,1,0.0014,15,0.0211,116,0.1632,0,,18,0.0253,5,0.007,18,0.0253,14,0.0197,18,0.0253,11,0.0155,56,0.0788,10,0.0141,15,0.0211,310,0.436,10,0.0141,63,0.0886,11,0.0155,8,0.0113,8,0.0113,0,
1615,5,Celje,7,Velenje 1,5,ŠKALE - GASILSKI DOM ,985.0,655,0.665,655,653,2,1.0,3,0.0046,4,0.0061,26,0.0398,161,0.2466,0,,14,0.0214,3,0.0046,12,0.0184,27,0.0413,7,0.0107,3,0.0046,45,0.0689,12,0.0184,17,0.026,217,0.3323,14,0.0214,71,0.1087,11,0.0168,6,0.0092,0,0.0,0,
1616,5,Celje,7,Velenje 1,17,ŠMARTNO - DOM KRAJANOV,1143.0,701,0.6133,701,698,3,1.0,1,0.0014,2,0.0029,24,0.0344,231,0.3309,0,,20,0.0287,5,0.0072,25,0.0358,4,0.0057,17,0.0244,14,0.0201,34,0.0487,6,0.0086,16,0.0229,165,0.2364,9,0.0129,84,0.1203,20,0.0287,19,0.0272,2,0.0029,0,
1617,5,Celje,7,Velenje 1,8,"VELENJE - PROSTORI MČ, FOITOVA 2",1246.0,649,0.5209,649,644,5,1.0,5,0.0078,0,0.0,36,0.0559,190,0.295,0,,19,0.0295,4,0.0062,12,0.0186,3,0.0047,18,0.028,9,0.014,16,0.0248,5,0.0078,14,0.0217,142,0.2205,18,0.028,105,0.163,21,0.0326,21,0.0326,6,0.0093,0,
1618,5,Celje,7,Velenje 1,7,VELENJE - SEJNA DVORANA MO VELENJE,1119.0,506,0.4522,506,504,2,1.0,2,0.004,3,0.006,30,0.0595,143,0.2837,0,,18,0.0357,2,0.004,14,0.0278,2,0.004,17,0.0337,6,0.0119,8,0.0159,7,0.0139,8,0.0159,133,0.2639,7,0.0139,76,0.1508,21,0.0417,6,0.0119,1,0.002,0,
1619,5,Celje,7,Velenje 1,18,"VELENJE-PROSTOR MČ, KARDELJEV TRG 7",810.0,430,0.5309,430,424,6,1.0,4,0.0094,2,0.0047,21,0.0495,152,0.3585,0,,10,0.0236,1,0.0024,10,0.0236,1,0.0024,11,0.0259,7,0.0165,11,0.0259,3,0.0071,5,0.0118,89,0.2099,7,0.0165,67,0.158,14,0.033,5,0.0118,4,0.0094,0,
1620,5,Celje,7,Velenje 1,20,VELENJE-PROSTOR MČ-KARDELJEV TRG 5,963.0,503,0.5223,503,493,10,1.0,1,0.002,1,0.002,10,0.0203,165,0.3347,0,,17,0.0345,5,0.0101,4,0.0081,2,0.0041,14,0.0284,6,0.0122,10,0.0203,5,0.0101,6,0.0122,107,0.217,4,0.0081,104,0.211,17,0.0345,8,0.0162,7,0.0142,0,
1621,5,Celje,7,Velenje 1,901,PREDČASNO GLASOVANJE,,1651,,1651,1633,18,1.0,9,0.0055,1,0.0006,40,0.0245,558,0.3417,0,,55,0.0337,12,0.0073,35,0.0214,15,0.0092,31,0.019,28,0.0171,44,0.0269,11,0.0067,40,0.0245,344,0.2107,20,0.0122,287,0.1758,63,0.0386,33,0.0202,7,0.0043,0,
1622,5,Celje,8,Velenje 2,1,BELE VODE - OSNOVNA ŠOLA,209.0,165,0.7895,165,163,2,1.0,0,0.0,0,0.0,5,0.0307,11,0.0675,0,,2,0.0123,0,0.0,3,0.0184,6,0.0368,0,0.0,2,0.0123,8,0.0491,1,0.0061,10,0.0613,96,0.589,4,0.0245,13,0.0798,2,0.0123,0,0.0,0,0.0,0,
1623,5,Celje,8,Velenje 2,2,GABERKE - GASILSKI DOM,580.0,437,0.7534,437,437,0,1.0,2,0.0046,0,0.0,13,0.0297,89,0.2037,0,,9,0.0206,2,0.0046,13,0.0297,15,0.0343,8,0.0183,7,0.016,35,0.0801,5,0.0114,16,0.0366,174,0.3982,11,0.0252,24,0.0549,12,0.0275,0,0.0,2,0.0046,0,
1624,5,Celje,8,Velenje 2,4,GORENJE - KULTURNI DOM,352.0,272,0.7727,272,270,2,1.0,0,0.0,0,0.0,15,0.0556,54,0.2,0,,7,0.0259,3,0.0111,10,0.037,6,0.0222,3,0.0111,0,0.0,27,0.1,5,0.0185,15,0.0556,85,0.3148,4,0.0148,17,0.063,12,0.0444,3,0.0111,4,0.0148,0,
1625,5,Celje,8,Velenje 2,8,KAVČE - PROSTORI KS,418.0,303,0.7249,303,301,2,1.0,2,0.0066,0,0.0,12,0.0399,97,0.3223,0,,6,0.0199,1,0.0033,13,0.0432,3,0.01,6,0.0199,8,0.0266,8,0.0266,3,0.01,4,0.0133,75,0.2492,10,0.0332,34,0.113,13,0.0432,5,0.0166,1,0.0033,0,
1626,5,Celje,8,Velenje 2,5,LOKOVICA - DOM KS,773.0,566,0.7322,566,563,3,1.0,2,0.0036,1,0.0018,17,0.0302,104,0.1847,0,,13,0.0231,1,0.0018,24,0.0426,26,0.0462,8,0.0142,3,0.0053,47,0.0835,5,0.0089,22,0.0391,230,0.4085,14,0.0249,23,0.0409,14,0.0249,7,0.0124,2,0.0036,0,
1627,5,Celje,8,Velenje 2,14,MLADINSKI CENTER ŠMARTNO OB PAKI,546.0,387,0.7088,387,383,4,1.0,2,0.0052,0,0.0,4,0.0104,85,0.2219,0,,10,0.0261,0,0.0,19,0.0496,6,0.0157,1,0.0026,5,0.0131,74,0.1932,5,0.0131,9,0.0235,114,0.2977,7,0.0183,29,0.0757,4,0.0104,7,0.0183,2,0.0052,0,
1628,5,Celje,8,Velenje 2,3,PAŠKA VAS - GASILSKI DOM,612.0,460,0.7516,460,459,1,1.0,0,0.0,0,0.0,11,0.024,126,0.2745,0,,9,0.0196,2,0.0044,20,0.0436,8,0.0174,2,0.0044,3,0.0065,46,0.1002,3,0.0065,19,0.0414,146,0.3181,16,0.0349,33,0.0719,7,0.0153,6,0.0131,2,0.0044,0,
1629,5,Celje,8,Velenje 2,24,PESJE - DOM KRAJANOV PESJE,925.0,608,0.6573,608,602,6,1.0,2,0.0033,0,0.0,18,0.0299,163,0.2708,0,,14,0.0233,4,0.0066,9,0.015,11,0.0183,8,0.0133,3,0.005,20,0.0332,11,0.0183,20,0.0332,193,0.3206,21,0.0349,81,0.1346,19,0.0316,3,0.005,2,0.0033,0,
1630,5,Celje,8,Velenje 2,6,PLEŠIVEC - OSNOVNA ŠOLA,343.0,240,0.6997,240,238,2,1.0,1,0.0042,2,0.0084,10,0.042,46,0.1933,0,,6,0.0252,1,0.0042,6,0.0252,16,0.0672,1,0.0042,1,0.0042,8,0.0336,4,0.0168,4,0.0168,89,0.3739,5,0.021,27,0.1134,3,0.0126,5,0.021,3,0.0126,0,
1631,5,Celje,8,Velenje 2,7,"PODKRAJ-AVTO KORELC, PODKRAJ PRI VELENJU 10R",718.0,515,0.7173,515,511,4,1.0,1,0.002,1,0.002,10,0.0196,121,0.2368,0,,12,0.0235,0,0.0,5,0.0098,5,0.0098,5,0.0098,2,0.0039,25,0.0489,7,0.0137,19,0.0372,191,0.3738,18,0.0352,44,0.0861,37,0.0724,7,0.0137,1,0.002,0,
1632,5,Celje,8,Velenje 2,10,RAVNE - NOVI DOM REKS,861.0,639,0.7422,639,636,3,1.0,1,0.0016,3,0.0047,8,0.0126,94,0.1478,0,,12,0.0189,0,0.0,19,0.0299,17,0.0267,6,0.0094,6,0.0094,43,0.0676,6,0.0094,30,0.0472,334,0.5252,19,0.0299,10,0.0157,17,0.0267,7,0.011,4,0.0063,0,
1633,5,Celje,8,Velenje 2,12,SKORNO-FLORJAN-GOSTIŠČE ACMAN,613.0,455,0.7423,454,449,5,1.0,1,0.0022,2,0.0045,7,0.0156,87,0.1938,0,,16,0.0356,1,0.0022,11,0.0245,13,0.029,6,0.0134,1,0.0022,42,0.0935,3,0.0067,27,0.0601,166,0.3697,17,0.0379,27,0.0601,18,0.0401,3,0.0067,1,0.0022,0,
1634,5,Celje,8,Velenje 2,11,SKORNO-FLORJAN-PROSTORI KS,337.0,214,0.635,214,207,7,1.0,2,0.0097,0,0.0,6,0.029,29,0.1401,0,,3,0.0145,0,0.0,3,0.0145,7,0.0338,2,0.0097,1,0.0048,9,0.0435,3,0.0145,42,0.2029,72,0.3478,6,0.029,9,0.0435,6,0.029,1,0.0048,6,0.029,0,
1635,5,Celje,8,Velenje 2,25,STARO VELENJE - VILA BIANCA,861.0,490,0.5691,490,483,7,1.0,3,0.0062,2,0.0041,22,0.0455,131,0.2712,0,,18,0.0373,2,0.0041,17,0.0352,3,0.0062,31,0.0642,5,0.0104,21,0.0435,8,0.0166,11,0.0228,123,0.2547,8,0.0166,50,0.1035,20,0.0414,4,0.0083,4,0.0083,0,
1636,5,Celje,8,Velenje 2,13,ŠMARTNO OB PAKI - KULTURNI DOM,670.0,497,0.7418,497,491,6,1.0,2,0.0041,1,0.002,14,0.0285,134,0.2729,0,,18,0.0367,1,0.002,24,0.0489,8,0.0163,5,0.0102,7,0.0143,81,0.165,7,0.0143,18,0.0367,122,0.2485,6,0.0122,27,0.055,7,0.0143,7,0.0143,2,0.0041,0,
1637,5,Celje,8,Velenje 2,15,ŠMARTNO OB PAKI - OŠ BRATOV L.,519.0,390,0.7514,390,385,5,1.0,0,0.0,0,0.0,13,0.0338,106,0.2753,0,,7,0.0182,0,0.0,11,0.0286,6,0.0156,7,0.0182,5,0.013,49,0.1273,4,0.0104,8,0.0208,129,0.3351,7,0.0182,22,0.0571,5,0.013,2,0.0052,4,0.0104,0,
1638,5,Celje,8,Velenje 2,16,ŠOŠTANJ - OSNOVNA ŠOLA,997.0,629,0.6309,628,623,5,1.0,3,0.0048,2,0.0032,25,0.0401,146,0.2343,0,,10,0.0161,4,0.0064,26,0.0417,11,0.0177,20,0.0321,3,0.0048,35,0.0562,9,0.0144,28,0.0449,211,0.3387,25,0.0401,34,0.0546,16,0.0257,10,0.0161,5,0.008,0,
1639,5,Celje,8,Velenje 2,17,ŠOŠTANJ - OSNOVNA ŠOLA,924.0,545,0.5898,545,536,9,1.0,3,0.0056,0,0.0,18,0.0336,152,0.2836,0,,16,0.0299,4,0.0075,21,0.0392,16,0.0299,11,0.0205,6,0.0112,18,0.0336,15,0.028,18,0.0336,159,0.2966,22,0.041,33,0.0616,18,0.0336,3,0.0056,3,0.0056,0,
1640,5,Celje,8,Velenje 2,18,TOPOLŠICA - DOM KRAJANOV,783.0,514,0.6564,514,504,10,1.0,0,0.0,2,0.004,17,0.0337,103,0.2044,0,,16,0.0317,0,0.0,19,0.0377,11,0.0218,3,0.006,2,0.004,32,0.0635,4,0.0079,25,0.0496,212,0.4206,18,0.0357,21,0.0417,13,0.0258,5,0.0099,1,0.002,0,
1641,5,Celje,8,Velenje 2,19,TOPOLŠICA - LETALIŠČE LAJŠE,234.0,158,0.6752,158,158,0,1.0,2,0.0127,0,0.0,3,0.019,23,0.1456,0,,3,0.019,0,0.0,3,0.019,5,0.0316,1,0.0063,4,0.0253,14,0.0886,1,0.0063,5,0.0316,61,0.3861,6,0.038,22,0.1392,1,0.0063,3,0.019,1,0.0063,0,
1642,5,Celje,8,Velenje 2,20,VELENJE - OŠ MPT,1515.0,843,0.5564,843,834,9,1.0,9,0.0108,0,0.0,48,0.0576,237,0.2842,0,,34,0.0408,15,0.018,22,0.0264,4,0.0048,21,0.0252,14,0.0168,37,0.0444,16,0.0192,17,0.0204,167,0.2002,4,0.0048,140,0.1679,32,0.0384,15,0.018,2,0.0024,0,
1643,5,Celje,8,Velenje 2,21,VELENJE - OŠ MPT,845.0,421,0.4982,421,419,2,1.0,4,0.0095,0,0.0,34,0.0811,143,0.3413,0,,18,0.043,3,0.0072,13,0.031,2,0.0048,10,0.0239,10,0.0239,10,0.0239,9,0.0215,9,0.0215,69,0.1647,1,0.0024,59,0.1408,18,0.043,6,0.0143,1,0.0024,0,
1644,5,Celje,8,Velenje 2,22,"VELENJE-PROST.MČ,KERSNIK.1",900.0,451,0.5011,451,448,3,1.0,7,0.0156,1,0.0022,27,0.0603,142,0.317,0,,11,0.0246,5,0.0112,21,0.0469,2,0.0045,14,0.0312,9,0.0201,15,0.0335,8,0.0179,4,0.0089,78,0.1741,4,0.0089,67,0.1496,21,0.0469,7,0.0156,5,0.0112,0,
1645,5,Celje,8,Velenje 2,23,"VELENJE-PROST.MČ,KERSNIK.1",865.0,507,0.5861,507,502,5,1.0,3,0.006,0,0.0,29,0.0578,154,0.3068,0,,17,0.0339,6,0.012,12,0.0239,4,0.008,7,0.0139,4,0.008,10,0.0199,8,0.0159,8,0.0159,124,0.247,12,0.0239,64,0.1275,18,0.0359,10,0.0199,12,0.0239,0,
1646,5,Celje,8,Velenje 2,26,ZAVODNJE - VEČNAMENSKI DOM ,286.0,215,0.7517,215,212,3,1.0,0,0.0,0,0.0,14,0.066,15,0.0708,0,,3,0.0142,1,0.0047,3,0.0142,8,0.0377,0,0.0,0,0.0,17,0.0802,0,0.0,6,0.0283,120,0.566,6,0.0283,14,0.066,2,0.0094,2,0.0094,1,0.0047,0,
1647,5,Celje,8,Velenje 2,901,PREDČASNO GLASOVANJE,,1095,,1095,1086,9,1.0,7,0.0064,2,0.0018,35,0.0322,345,0.3177,0,,40,0.0368,5,0.0046,34,0.0313,17,0.0157,23,0.0212,20,0.0184,43,0.0396,13,0.012,42,0.0387,240,0.221,25,0.023,139,0.128,35,0.0322,17,0.0157,4,0.0037,0,
1648,5,Celje,9,Slovenj Gradec,7,"BIVŠI MKC, CELJSKA CESTA 22, SLOVENJ GRADEC",998.0,622,0.6232,622,618,4,1.0,1,0.0016,3,0.0049,15,0.0243,284,0.4595,0,,32,0.0518,2,0.0032,25,0.0405,6,0.0097,7,0.0113,7,0.0113,28,0.0453,16,0.0259,16,0.0259,112,0.1812,5,0.0081,33,0.0534,17,0.0275,7,0.0113,2,0.0032,0,
1649,5,Celje,9,Slovenj Gradec,19,"BUČINEK ŠMIKLAVŽ, VODRIŽ 6",285.0,222,0.7789,222,222,0,1.0,3,0.0135,0,0.0,8,0.036,71,0.3198,0,,2,0.009,1,0.0045,8,0.036,6,0.027,1,0.0045,4,0.018,20,0.0901,2,0.009,1,0.0045,66,0.2973,5,0.0225,18,0.0811,4,0.018,2,0.009,0,0.0,0,
1650,5,Celje,9,Slovenj Gradec,8,"DOM UPOKOJENCEV SLOVENJ GRADEC, ŠOLSKA ULICA 10",1389.0,770,0.5544,770,759,11,1.0,5,0.0066,0,0.0,17,0.0224,317,0.4177,0,,38,0.0501,0,0.0,25,0.0329,16,0.0211,10,0.0132,13,0.0171,32,0.0422,16,0.0211,31,0.0408,163,0.2148,6,0.0079,40,0.0527,15,0.0198,11,0.0145,4,0.0053,0,
1651,5,Celje,9,Slovenj Gradec,1,"GASILSKI DOM DOVŽE, DOVŽE 50",423.0,317,0.7494,317,311,6,1.0,5,0.0161,0,0.0,9,0.0289,97,0.3119,0,,13,0.0418,0,0.0,21,0.0675,5,0.0161,2,0.0064,1,0.0032,10,0.0322,7,0.0225,15,0.0482,97,0.3119,8,0.0257,12,0.0386,2,0.0064,5,0.0161,2,0.0064,0,
1652,5,Celje,9,Slovenj Gradec,22,"GASILSKI DOM GOLAVABUKA, TOMAŠKA VAS 7",187.0,140,0.7487,140,138,2,1.0,0,0.0,1,0.0072,1,0.0072,48,0.3478,0,,5,0.0362,0,0.0,4,0.029,5,0.0362,0,0.0,0,0.0,10,0.0725,2,0.0145,4,0.029,40,0.2899,2,0.0145,7,0.0507,3,0.0217,5,0.0362,1,0.0072,0,
1653,5,Celje,9,Slovenj Gradec,23,"GASILSKI DOM LEGEN, LEGEN 126",785.0,541,0.6892,541,537,4,1.0,4,0.0074,0,0.0,10,0.0186,213,0.3966,0,,17,0.0317,0,0.0,18,0.0335,12,0.0223,12,0.0223,14,0.0261,21,0.0391,6,0.0112,26,0.0484,131,0.2439,8,0.0149,25,0.0466,9,0.0168,7,0.013,4,0.0074,0,
1654,5,Celje,9,Slovenj Gradec,20,"GASILSKI DOM ŠMARTNO, ŠMARTNO PRI SLOV. GRADCU 70",1261.0,884,0.701,884,877,7,1.0,3,0.0034,1,0.0011,30,0.0342,393,0.4481,0,,18,0.0205,2,0.0023,38,0.0433,22,0.0251,16,0.0182,12,0.0137,35,0.0399,12,0.0137,28,0.0319,192,0.2189,3,0.0034,44,0.0502,18,0.0205,7,0.008,3,0.0034,0,
1655,5,Celje,9,Slovenj Gradec,21,"GASILSKI DOM TURIŠKA VAS, TURIŠKA VAS 19B",999.0,699,0.6997,699,694,5,1.0,3,0.0043,1,0.0014,13,0.0187,252,0.3631,0,,27,0.0389,1,0.0014,31,0.0447,30,0.0432,5,0.0072,6,0.0086,33,0.0476,18,0.0259,17,0.0245,190,0.2738,17,0.0245,31,0.0447,11,0.0159,5,0.0072,3,0.0043,0,
1656,5,Celje,9,Slovenj Gradec,13,"GRADIŠČE PROŠT, GRADIŠČE 38, 2380 SLOVENJ GRADEC",262.0,159,0.6069,159,158,1,1.0,1,0.0063,0,0.0,3,0.019,36,0.2278,0,,0,0.0,0,0.0,3,0.019,3,0.019,1,0.0063,1,0.0063,20,0.1266,1,0.0063,12,0.0759,61,0.3861,3,0.019,8,0.0506,1,0.0063,0,0.0,4,0.0253,0,
1657,5,Celje,9,Slovenj Gradec,15,"KLANČNIK SELE, SELE 21",147.0,111,0.7551,111,110,1,1.0,4,0.0364,0,0.0,1,0.0091,30,0.2727,0,,0,0.0,0,0.0,5,0.0455,7,0.0636,0,0.0,0,0.0,6,0.0545,1,0.0091,1,0.0091,32,0.2909,3,0.0273,19,0.1727,1,0.0091,0,0.0,0,0.0,0,
1658,5,Celje,9,Slovenj Gradec,11,"KULTURNI DOM STARI TRG, STARI TRG 32",1071.0,715,0.6676,715,707,8,1.0,6,0.0085,1,0.0014,15,0.0212,282,0.3989,0,,18,0.0255,3,0.0042,36,0.0509,7,0.0099,10,0.0141,7,0.0099,42,0.0594,7,0.0099,55,0.0778,142,0.2008,6,0.0085,57,0.0806,10,0.0141,3,0.0042,0,0.0,0,
1659,5,Celje,9,Slovenj Gradec,3,"KULTURNI DOM ŠENTILJ, ŠENTILJ POD TURJAKOM 45",596.0,402,0.6745,402,400,2,1.0,5,0.0125,0,0.0,5,0.0125,118,0.295,0,,14,0.035,2,0.005,11,0.0275,5,0.0125,2,0.005,8,0.02,25,0.0625,3,0.0075,19,0.0475,154,0.385,8,0.02,12,0.03,6,0.015,1,0.0025,2,0.005,0,
1660,5,Celje,9,Slovenj Gradec,6,"OSNOVNA ŠOLA DOLIČ, SREDNJI DOLIČ 4",640.0,459,0.7172,459,454,5,1.0,5,0.011,0,0.0,8,0.0176,124,0.2731,0,,10,0.022,1,0.0022,11,0.0242,6,0.0132,3,0.0066,2,0.0044,19,0.0419,5,0.011,11,0.0242,198,0.4361,11,0.0242,28,0.0617,9,0.0198,1,0.0022,2,0.0044,0,
1661,5,Celje,9,Slovenj Gradec,12,"OSNOVNA ŠOLA PAMEČE, PAMEČE 134",1362.0,928,0.6814,928,924,4,1.0,0,0.0,0,0.0,25,0.0271,312,0.3377,0,,30,0.0325,4,0.0043,39,0.0422,28,0.0303,12,0.013,10,0.0108,66,0.0714,21,0.0227,44,0.0476,254,0.2749,16,0.0173,46,0.0498,10,0.0108,5,0.0054,2,0.0022,0,
1662,5,Celje,9,Slovenj Gradec,16,"OSNOVNA ŠOLA PODGORJE, PODGORJE 172",806.0,563,0.6985,563,556,7,1.0,4,0.0072,0,0.0,11,0.0198,190,0.3417,0,,9,0.0162,0,0.0,31,0.0558,18,0.0324,6,0.0108,8,0.0144,20,0.036,6,0.0108,32,0.0576,163,0.2932,4,0.0072,36,0.0647,11,0.0198,7,0.0126,0,0.0,0,
1663,5,Celje,9,Slovenj Gradec,17,"OSNOVNA ŠOLA RAZBOR, ZGORNJI RAZBOR 8",216.0,125,0.5787,125,123,2,1.0,0,0.0,0,0.0,0,0.0,27,0.2195,0,,0,0.0,0,0.0,5,0.0407,9,0.0732,1,0.0081,2,0.0163,15,0.122,2,0.0163,11,0.0894,45,0.3659,2,0.0163,3,0.0244,0,0.0,0,0.0,1,0.0081,0,
1664,5,Celje,9,Slovenj Gradec,14,"OSNOVNA ŠOLA SELE - VRHE, SELE 1",510.0,363,0.7118,363,363,0,1.0,0,0.0,0,0.0,11,0.0303,115,0.3168,0,,10,0.0275,0,0.0,19,0.0523,8,0.022,1,0.0028,2,0.0055,25,0.0689,4,0.011,12,0.0331,126,0.3471,3,0.0083,20,0.0551,5,0.0138,1,0.0028,1,0.0028,0,
1665,5,Celje,9,Slovenj Gradec,4,"OSNOVNA ŠOLA ZAVRŠE, ZAVRŠE 55",278.0,188,0.6763,188,186,2,1.0,3,0.0161,1,0.0054,7,0.0376,25,0.1344,0,,0,0.0,0,0.0,9,0.0484,6,0.0323,0,0.0,1,0.0054,14,0.0753,4,0.0215,3,0.0161,91,0.4892,2,0.0108,14,0.0753,4,0.0215,1,0.0054,1,0.0054,0,
1666,5,Celje,9,Slovenj Gradec,2,"PC LOPAN, ŠOLSKA CESTA 55, MISLINJA",1416.0,962,0.6794,962,956,6,1.0,9,0.0094,0,0.0,32,0.0335,319,0.3337,0,,31,0.0324,1,0.001,29,0.0303,23,0.0241,12,0.0126,11,0.0115,35,0.0366,12,0.0126,19,0.0199,276,0.2887,25,0.0262,81,0.0847,26,0.0272,11,0.0115,4,0.0042,0,
1667,5,Celje,9,Slovenj Gradec,18,"PRAPROTNIK - RIHTER, SPODNJI RAZBOR 48",46.0,36,0.7826,36,36,0,1.0,0,0.0,0,0.0,1,0.0278,6,0.1667,0,,0,0.0,0,0.0,1,0.0278,1,0.0278,0,0.0,0,0.0,0,0.0,0,0.0,0,0.0,22,0.6111,1,0.0278,3,0.0833,1,0.0278,0,0.0,0,0.0,0,
1668,5,Celje,9,Slovenj Gradec,10,"PRVA OSNOVNA ŠOLA, ŠERCERJEVA ULICA 7",1112.0,726,0.6529,726,719,7,1.0,3,0.0042,1,0.0014,9,0.0125,334,0.4645,0,,22,0.0306,3,0.0042,23,0.032,15,0.0209,13,0.0181,5,0.007,55,0.0765,12,0.0167,24,0.0334,131,0.1822,7,0.0097,41,0.057,19,0.0264,0,0.0,2,0.0028,0,
1669,5,Celje,9,Slovenj Gradec,5,"ŠPORTNI DOM DOLIČ, GORNJI DOLIČ 42A",442.0,307,0.6946,307,304,3,1.0,4,0.0132,0,0.0,8,0.0263,72,0.2368,0,,8,0.0263,1,0.0033,5,0.0164,6,0.0197,3,0.0099,2,0.0066,20,0.0658,2,0.0066,9,0.0296,102,0.3355,6,0.0197,44,0.1447,10,0.0329,2,0.0066,0,0.0,0,
1670,5,Celje,9,Slovenj Gradec,9,"VARST. DEL. CENTER SLOVENJ GRADEC, PREŠERNOVA 3B",850.0,584,0.6871,584,583,1,1.0,4,0.0069,2,0.0034,16,0.0274,250,0.4288,0,,12,0.0206,0,0.0,29,0.0497,8,0.0137,4,0.0069,6,0.0103,34,0.0583,8,0.0137,28,0.048,121,0.2075,6,0.0103,42,0.072,9,0.0154,3,0.0051,1,0.0017,0,
1671,5,Celje,9,Slovenj Gradec,24,"VORNŠEK RADUŠE, RADUŠE 36",194.0,125,0.6443,125,124,1,1.0,0,0.0,0,0.0,1,0.0081,36,0.2903,0,,2,0.0161,0,0.0,20,0.1613,0,0.0,2,0.0161,7,0.0565,6,0.0484,3,0.0242,10,0.0806,31,0.25,2,0.0161,3,0.0242,1,0.0081,0,0.0,0,0.0,0,
1672,5,Celje,9,Slovenj Gradec,25,"VRTEC SLOVENJ GRADEC, MAISTROVA ULICA 2A",1001.0,634,0.6334,634,631,3,1.0,5,0.0079,2,0.0032,22,0.0349,292,0.4628,0,,20,0.0317,1,0.0016,23,0.0365,4,0.0063,13,0.0206,7,0.0111,24,0.038,15,0.0238,15,0.0238,114,0.1807,5,0.0079,36,0.0571,25,0.0396,6,0.0095,2,0.0032,0,
1673,5,Celje,9,Slovenj Gradec,901,PREDČASNO GLASOVANJE,,1532,,1532,1520,12,1.0,15,0.0099,3,0.002,26,0.0171,725,0.477,0,,76,0.05,0,0.0,63,0.0414,29,0.0191,11,0.0072,26,0.0171,79,0.052,8,0.0053,39,0.0257,254,0.1671,12,0.0079,99,0.0651,34,0.0224,16,0.0105,5,0.0033,0,
1674,5,Celje,10,Ravne na Koroškem,23,"""KMETIJA LIZI"",  ZELEN BREG 8, RAVNE NA KOROŠKEM",152.0,98,0.6447,98,98,0,1.0,0,0.0,0,0.0,1,0.0102,10,0.102,0,,2,0.0204,0,0.0,0,0.0,5,0.051,0,0.0,0,0.0,16,0.1633,2,0.0204,1,0.0102,47,0.4796,1,0.0102,13,0.1327,0,0.0,0,0.0,0,0.0,0,
1675,5,Celje,10,Ravne na Koroškem,14,"BRDINJE-PODVRATNIK, BRDINJE 78, RAVNE NA KOROŠKEM",411.0,295,0.7178,295,291,4,1.0,2,0.0069,1,0.0034,7,0.0241,83,0.2852,0,,6,0.0206,1,0.0034,10,0.0344,4,0.0137,0,0.0,3,0.0103,28,0.0962,2,0.0069,7,0.0241,72,0.2474,3,0.0103,58,0.1993,3,0.0103,1,0.0034,0,0.0,0,
1676,5,Celje,10,Ravne na Koroškem,21,"ČISTILNA NAPRAVA RAVNE, DOBRIJE 9A, RAVNE NA KOR.",348.0,237,0.681,237,236,1,1.0,0,0.0,0,0.0,0,0.0,56,0.2373,0,,3,0.0127,0,0.0,7,0.0297,7,0.0297,0,0.0,6,0.0254,41,0.1737,3,0.0127,4,0.0169,70,0.2966,3,0.0127,35,0.1483,1,0.0042,0,0.0,0,0.0,0,
1677,5,Celje,10,Ravne na Koroškem,25,"DOBJA VAS - MPIK1, DOBJA VAS 185, RAVNE NA KOR.",664.0,411,0.619,411,410,1,1.0,1,0.0024,0,0.0,10,0.0244,135,0.3293,0,,15,0.0366,0,0.0,8,0.0195,1,0.0024,3,0.0073,3,0.0073,24,0.0585,6,0.0146,6,0.0146,90,0.2195,4,0.0098,90,0.2195,11,0.0268,2,0.0049,1,0.0024,0,
1678,5,Celje,10,Ravne na Koroškem,28,"DRUŽBENI DOM PREVALJE 1, TRG 2A, PREVALJE",587.0,378,0.644,378,377,1,1.0,3,0.008,0,0.0,7,0.0186,134,0.3554,0,,12,0.0318,0,0.0,12,0.0318,0,0.0,5,0.0133,3,0.008,17,0.0451,7,0.0186,5,0.0133,72,0.191,4,0.0106,75,0.1989,11,0.0292,5,0.0133,5,0.0133,0,
1679,5,Celje,10,Ravne na Koroškem,29,"DRUŽBENI DOM PREVALJE 2, TRG 2A, PREVALJE",553.0,383,0.6926,383,380,3,1.0,1,0.0026,3,0.0079,10,0.0263,126,0.3316,0,,10,0.0263,3,0.0079,6,0.0158,3,0.0079,6,0.0158,1,0.0026,23,0.0605,5,0.0132,5,0.0132,99,0.2605,10,0.0263,63,0.1658,2,0.0053,4,0.0105,0,0.0,0,
1680,5,Celje,10,Ravne na Koroškem,30,"DRUŽBENI DOM PREVALJE 3, TRG 2A, PREVALJE",802.0,517,0.6446,515,511,4,1.0,3,0.0059,1,0.002,14,0.0274,144,0.2818,0,,11,0.0215,0,0.0,18,0.0352,2,0.0039,16,0.0313,2,0.0039,22,0.0431,9,0.0176,1,0.002,132,0.2583,10,0.0196,109,0.2133,8,0.0157,8,0.0157,1,0.002,0,
1681,5,Celje,10,Ravne na Koroškem,31,"DRUŽBENI DOM PREVALJE 4, TRG 2A, PREVALJE",438.0,261,0.5959,261,255,6,1.0,1,0.0039,0,0.0,6,0.0235,73,0.2863,0,,8,0.0314,0,0.0,11,0.0431,4,0.0157,1,0.0039,2,0.0078,14,0.0549,3,0.0118,4,0.0157,61,0.2392,6,0.0235,50,0.1961,10,0.0392,1,0.0039,0,0.0,0,
1682,5,Celje,10,Ravne na Koroškem,36,"GASILSKI DOM KOTLJE, KOTLJE 4A, KOTLJE",605.0,410,0.6777,410,407,3,1.0,0,0.0,1,0.0025,9,0.0221,124,0.3047,0,,18,0.0442,1,0.0025,5,0.0123,2,0.0049,2,0.0049,4,0.0098,22,0.0541,1,0.0025,2,0.0049,94,0.231,2,0.0049,106,0.2604,11,0.027,3,0.0074,0,0.0,0,
1683,5,Celje,10,Ravne na Koroškem,8,"GOSTILNA ""PODKRŽNIK"" JAVORJE, JAVORJE 18, ČRNA",69.0,54,0.7826,54,54,0,1.0,0,0.0,0,0.0,3,0.0556,8,0.1481,0,,0,0.0,0,0.0,0,0.0,3,0.0556,1,0.0185,0,0.0,0,0.0,0,0.0,2,0.037,24,0.4444,1,0.0185,11,0.2037,1,0.0185,0,0.0,0,0.0,0,
1684,5,Celje,10,Ravne na Koroškem,6,"HELENA-PISARNA VAŠKE SKUPNOSTI, PODPECA 21, ČRNA",77.0,46,0.5974,46,45,1,1.0,0,0.0,0,0.0,0,0.0,11,0.2444,0,,2,0.0444,0,0.0,3,0.0667,1,0.0222,0,0.0,0,0.0,1,0.0222,0,0.0,1,0.0222,10,0.2222,2,0.0444,12,0.2667,2,0.0444,0,0.0,0,0.0,0,
1685,5,Celje,10,Ravne na Koroškem,9,"KNJIŽNICA ŽERJAV, ŽERJAV 21, ČRNA NA KOR.",301.0,221,0.7342,221,215,6,1.0,2,0.0093,1,0.0047,11,0.0512,75,0.3488,0,,8,0.0372,0,0.0,6,0.0279,0,0.0,1,0.0047,0,0.0,5,0.0233,3,0.014,1,0.0047,50,0.2326,1,0.0047,47,0.2186,4,0.0186,0,0.0,0,0.0,0,
1686,5,Celje,10,Ravne na Koroškem,2,"KOROŠKA KMETIJSKA ZADRUGA, RUDARJEVO 5A, ČRNA ",696.0,497,0.7141,497,495,2,1.0,2,0.004,0,0.0,9,0.0182,139,0.2808,0,,12,0.0242,1,0.002,15,0.0303,5,0.0101,14,0.0283,0,0.0,17,0.0343,5,0.0101,1,0.002,141,0.2848,8,0.0162,117,0.2364,2,0.004,6,0.0121,1,0.002,0,
1687,5,Celje,10,Ravne na Koroškem,19,"KULTURNI DOM RAVNE, GLEDALIŠKA POT 1, RAVNE NA K.",966.0,533,0.5518,533,524,9,1.0,4,0.0076,2,0.0038,17,0.0324,151,0.2882,0,,14,0.0267,3,0.0057,6,0.0115,1,0.0019,16,0.0305,2,0.0038,34,0.0649,9,0.0172,3,0.0057,107,0.2042,8,0.0153,127,0.2424,10,0.0191,4,0.0076,6,0.0115,0,
1688,5,Celje,10,Ravne na Koroškem,12,"NARODNI DOM MEŽICA , TRG 4.APRILA 4, MEŽICA",1302.0,869,0.6674,869,855,14,1.0,8,0.0094,2,0.0023,25,0.0292,224,0.262,0,,22,0.0257,1,0.0012,23,0.0269,5,0.0058,14,0.0164,5,0.0058,28,0.0327,9,0.0105,16,0.0187,273,0.3193,20,0.0234,140,0.1637,29,0.0339,9,0.0105,2,0.0023,0,
1689,5,Celje,10,Ravne na Koroškem,1,"OBČINA ČRNA NA KOROŠKEM, CENTER 101",1087.0,755,0.6946,755,752,3,1.0,4,0.0053,2,0.0027,20,0.0266,210,0.2793,0,,25,0.0332,1,0.0013,18,0.0239,13,0.0173,16,0.0213,12,0.016,43,0.0572,8,0.0106,13,0.0173,171,0.2274,9,0.012,159,0.2114,22,0.0293,5,0.0066,1,0.0013,0,
1690,5,Celje,10,Ravne na Koroškem,11,"OBČINA MEŽICA, TRG SVOBODE 1, MEŽICA",1490.0,1036,0.6953,1035,1026,9,1.0,2,0.0019,1,0.001,31,0.0302,306,0.2982,0,,40,0.039,2,0.0019,21,0.0205,11,0.0107,13,0.0127,11,0.0107,66,0.0643,13,0.0127,22,0.0214,261,0.2544,26,0.0253,156,0.152,30,0.0292,9,0.0088,5,0.0049,0,
1691,5,Celje,10,Ravne na Koroškem,20,"OBČINA RAVNE NA KOROŠKEM, GAČNIKOVA POT 5, RAVNE",262.0,147,0.5611,147,144,3,1.0,0,0.0,0,0.0,3,0.0208,33,0.2292,0,,5,0.0347,0,0.0,3,0.0208,0,0.0,1,0.0069,2,0.0139,15,0.1042,4,0.0278,2,0.0139,36,0.25,1,0.0069,36,0.25,2,0.0139,1,0.0069,0,0.0,0,
1692,5,Celje,10,Ravne na Koroškem,35,"OSNOVNA ŠOLA HOLMEC, DOLGA BRDA 37A, PREVALJE",353.0,265,0.7507,265,265,0,1.0,2,0.0075,0,0.0,10,0.0377,63,0.2377,0,,4,0.0151,0,0.0,11,0.0415,2,0.0075,3,0.0113,1,0.0038,21,0.0792,5,0.0189,5,0.0189,91,0.3434,6,0.0226,31,0.117,3,0.0113,5,0.0189,2,0.0075,0,
1693,5,Celje,10,Ravne na Koroškem,4,"OSNOVNA ŠOLA KOPRIVNA, KOPRIVNA 10, ČRNA NA KOR.",118.0,89,0.7542,89,89,0,1.0,1,0.0112,0,0.0,0,0.0,10,0.1124,0,,0,0.0,0,0.0,0,0.0,7,0.0787,0,0.0,2,0.0225,5,0.0562,1,0.0112,3,0.0337,43,0.4831,2,0.0225,13,0.1461,1,0.0112,1,0.0112,0,0.0,0,
1694,5,Celje,10,Ravne na Koroškem,34,"OSNOVNA ŠOLA LEŠE, LEŠE 30, PREVALJE",456.0,292,0.6404,292,288,4,1.0,1,0.0035,0,0.0,8,0.0278,85,0.2951,0,,4,0.0139,1,0.0035,7,0.0243,5,0.0174,5,0.0174,1,0.0035,27,0.0938,0,0.0,5,0.0174,72,0.25,6,0.0208,54,0.1875,5,0.0174,2,0.0069,0,0.0,0,
1695,5,Celje,10,Ravne na Koroškem,24,"OSNOVNA ŠOLA STROJNA, STROJNA 22",98.0,78,0.7959,78,77,1,1.0,0,0.0,0,0.0,0,0.0,10,0.1299,0,,1,0.013,0,0.0,0,0.0,2,0.026,0,0.0,0,0.0,9,0.1169,0,0.0,1,0.013,38,0.4935,0,0.0,14,0.1818,1,0.013,1,0.013,0,0.0,0,
1696,5,Celje,10,Ravne na Koroškem,33,"OSNOVNA ŠOLA ŠENTANEL, ŠENTANEL 13, PREVALJE",280.0,200,0.7143,200,196,4,1.0,0,0.0,1,0.0051,5,0.0255,37,0.1888,0,,5,0.0255,0,0.0,8,0.0408,2,0.0102,1,0.0051,2,0.0102,24,0.1224,0,0.0,14,0.0714,63,0.3214,1,0.0051,21,0.1071,5,0.0255,7,0.0357,0,0.0,0,
1697,5,Celje,10,Ravne na Koroškem,15,"OŠ KOROŠKI JEKLARJI 1, JAVORNIK 35, RAVNE NA K.",1106.0,708,0.6401,708,702,6,1.0,4,0.0057,3,0.0043,29,0.0413,178,0.2536,0,,32,0.0456,2,0.0028,15,0.0214,8,0.0114,8,0.0114,9,0.0128,44,0.0627,6,0.0085,9,0.0128,175,0.2493,11,0.0157,147,0.2094,15,0.0214,5,0.0071,2,0.0028,0,
1698,5,Celje,10,Ravne na Koroškem,16,"OŠ KOROŠKI JEKLARJI 2, JAVORNIK 35, RAVNE NA K.",1046.0,628,0.6004,628,618,10,1.0,2,0.0032,0,0.0,16,0.0259,186,0.301,0,,20,0.0324,3,0.0049,16,0.0259,6,0.0097,9,0.0146,10,0.0162,25,0.0405,8,0.0129,4,0.0065,161,0.2605,11,0.0178,124,0.2006,12,0.0194,5,0.0081,0,0.0,0,
1699,5,Celje,10,Ravne na Koroškem,26,"OŠ PREVALJE 1, POLJE 4, PREVALJE",594.0,408,0.6869,408,406,2,1.0,0,0.0,1,0.0025,8,0.0197,130,0.3202,0,,10,0.0246,1,0.0025,8,0.0197,1,0.0025,6,0.0148,2,0.0049,31,0.0764,5,0.0123,3,0.0074,100,0.2463,3,0.0074,85,0.2094,8,0.0197,3,0.0074,1,0.0025,0,
1700,5,Celje,10,Ravne na Koroškem,27,"OŠ PREVALJE 2, POLJE 4, PREVALJE",973.0,675,0.6937,675,672,3,1.0,0,0.0,1,0.0015,9,0.0134,196,0.2917,0,,17,0.0253,4,0.006,9,0.0134,5,0.0074,4,0.006,7,0.0104,62,0.0923,6,0.0089,9,0.0134,221,0.3289,11,0.0164,100,0.1488,7,0.0104,4,0.006,0,0.0,0,
1701,5,Celje,10,Ravne na Koroškem,17,"OŠ PREŽIHOVEGA VORANCA 1, GOZDARSKA POT 11, RAVNE",828.0,452,0.5459,452,449,3,1.0,3,0.0067,0,0.0,9,0.02,132,0.294,0,,15,0.0334,0,0.0,6,0.0134,3,0.0067,8,0.0178,1,0.0022,29,0.0646,6,0.0134,3,0.0067,114,0.2539,5,0.0111,101,0.2249,11,0.0245,3,0.0067,0,0.0,0,
1702,5,Celje,10,Ravne na Koroškem,18,"OŠ PREŽIHOVEGA VORANCA 2, GOZDARSKA POT 11, RAVNE",834.0,509,0.6103,509,498,11,1.0,1,0.002,1,0.002,2,0.004,168,0.3373,0,,13,0.0261,1,0.002,12,0.0241,3,0.006,2,0.004,5,0.01,25,0.0502,10,0.0201,5,0.01,122,0.245,5,0.01,106,0.2129,8,0.0161,7,0.0141,2,0.004,0,
1703,5,Celje,10,Ravne na Koroškem,32,"POLJANA - BISTRO KOCKA, POLJANA 20A, PREVALJE",151.0,115,0.7616,115,114,1,1.0,0,0.0,0,0.0,2,0.0175,39,0.3421,0,,1,0.0088,0,0.0,1,0.0088,2,0.0175,0,0.0,2,0.0175,13,0.114,3,0.0263,0,0.0,30,0.2632,3,0.0263,17,0.1491,1,0.0088,0,0.0,0,0.0,0,
1704,5,Celje,10,Ravne na Koroškem,5,"PRHANIJA-LUDRANSKI VRH, LUDRANSKI VRH 13A, ČRNA ",54.0,41,0.7593,41,40,1,1.0,0,0.0,0,0.0,1,0.025,4,0.1,0,,0,0.0,2,0.05,1,0.025,1,0.025,0,0.0,0,0.0,4,0.1,0,0.0,3,0.075,16,0.4,1,0.025,4,0.1,3,0.075,0,0.0,0,0.0,0,
1705,5,Celje,10,Ravne na Koroškem,10,"PRI KARNIČNIKU V JAZBINI, JAZBINA 13, ČRNA NA K.",33.0,17,0.5152,17,17,0,1.0,0,0.0,0,0.0,0,0.0,0,0.0,0,,0,0.0,0,0.0,1,0.0588,0,0.0,0,0.0,1,0.0588,1,0.0588,0,0.0,1,0.0588,10,0.5882,2,0.1176,1,0.0588,0,0.0,0,0.0,0,0.0,0,
1706,5,Celje,10,Ravne na Koroškem,3,"PRI PLAZNIKU V BISTRI, BISTRA 14, ČRNA NA KOROŠKE",66.0,57,0.8636,57,57,0,1.0,0,0.0,0,0.0,2,0.0351,6,0.1053,0,,1,0.0175,0,0.0,0,0.0,5,0.0877,0,0.0,0,0.0,2,0.0351,0,0.0,0,0.0,11,0.193,0,0.0,27,0.4737,2,0.0351,1,0.0175,0,0.0,0,
1707,5,Celje,10,Ravne na Koroškem,22,"STROJNSKA REKA - MLADINSKI DOM, STRAŽIŠČE 15, RAV",695.0,470,0.6763,470,464,6,1.0,3,0.0065,0,0.0,7,0.0151,118,0.2543,0,,8,0.0172,1,0.0022,13,0.028,8,0.0172,7,0.0151,8,0.0172,31,0.0668,7,0.0151,10,0.0216,128,0.2759,10,0.0216,95,0.2047,3,0.0065,6,0.0129,1,0.0022,0,
1708,5,Celje,10,Ravne na Koroškem,7,"TIC TOPLA, PODPECA 78, ČRNA NA KOROŠKEM",73.0,62,0.8493,62,62,0,1.0,0,0.0,0,0.0,0,0.0,17,0.2742,0,,2,0.0323,1,0.0161,1,0.0161,2,0.0323,0,0.0,0,0.0,6,0.0968,0,0.0,0,0.0,25,0.4032,0,0.0,7,0.1129,1,0.0161,0,0.0,0,0.0,0,
1709,5,Celje,10,Ravne na Koroškem,13,"VEČNAMENSKA DVORANA KOTLJE, KOTLJE 7K, KOTLJE",951.0,676,0.7108,676,667,9,1.0,1,0.0015,0,0.0,20,0.03,194,0.2909,0,,18,0.027,0,0.0,11,0.0165,11,0.0165,8,0.012,4,0.006,36,0.054,4,0.006,6,0.009,160,0.2399,9,0.0135,173,0.2594,8,0.012,1,0.0015,3,0.0045,0,
1710,5,Celje,10,Ravne na Koroškem,901,PREDČASNO GLASOVANJE,,1679,,1679,1660,19,1.0,6,0.0036,0,0.0,23,0.0139,565,0.3404,0,,84,0.0506,5,0.003,44,0.0265,19,0.0114,5,0.003,12,0.0072,73,0.044,10,0.006,31,0.0187,421,0.2536,10,0.006,302,0.1819,32,0.0193,14,0.0084,4,0.0024,0,
1711,5,Celje,11,Radlje,29,"BAR VAS, VAS 32, RADLJE OB DRAVI",357.0,238,0.6667,238,237,1,1.0,1,0.0042,0,0.0,6,0.0253,79,0.3333,0,,4,0.0169,0,0.0,8,0.0338,14,0.0591,1,0.0042,4,0.0169,7,0.0295,3,0.0127,9,0.038,70,0.2954,2,0.0084,22,0.0928,6,0.0253,1,0.0042,0,0.0,0,
1712,5,Celje,11,Radlje,36,"DOM KRAJANOV, SV.PRIMOŽ NA POHORJU 22, VUZENICA",186.0,121,0.6505,121,118,3,1.0,3,0.0254,1,0.0085,12,0.1017,28,0.2373,0,,1,0.0085,0,0.0,4,0.0339,10,0.0847,0,0.0,0,0.0,2,0.0169,2,0.0169,2,0.0169,39,0.3305,4,0.0339,3,0.0254,1,0.0085,0,0.0,6,0.0508,0,
1713,5,Celje,11,Radlje,35,DRUŠTVENI PROSTORI SV. VID,337.0,240,0.7122,240,240,0,1.0,2,0.0083,0,0.0,4,0.0167,85,0.3542,0,,9,0.0375,1,0.0042,12,0.05,15,0.0625,3,0.0125,5,0.0208,12,0.05,2,0.0083,1,0.0042,69,0.2875,7,0.0292,9,0.0375,1,0.0042,0,0.0,3,0.0125,0,
1714,5,Celje,11,Radlje,26,"DRUŠTVO UPOKOJENCEV, MARIBORSKA CESTA 26",1345.0,833,0.6193,833,832,1,1.0,11,0.0132,0,0.0,20,0.024,260,0.3125,0,,13,0.0156,1,0.0012,23,0.0276,34,0.0409,17,0.0204,15,0.018,34,0.0409,12,0.0144,24,0.0288,279,0.3353,9,0.0108,64,0.0769,9,0.0108,5,0.006,2,0.0024,0,
1715,5,Celje,11,Radlje,16,"DRUŽBENI DOM GORTINA, GORTINA 78, MUTA",547.0,367,0.6709,367,364,3,1.0,1,0.0027,1,0.0027,10,0.0275,106,0.2912,0,,7,0.0192,2,0.0055,11,0.0302,16,0.044,10,0.0275,9,0.0247,28,0.0769,5,0.0137,5,0.0137,123,0.3379,6,0.0165,14,0.0385,9,0.0247,1,0.0027,0,0.0,0,
1716,5,Celje,11,Radlje,32,"DVORANA KS REMŠNIK, REMŠNIK 5, PODVELKA",447.0,291,0.651,291,289,2,1.0,0,0.0,0,0.0,11,0.0381,59,0.2042,0,,1,0.0035,0,0.0,5,0.0173,15,0.0519,2,0.0069,42,0.1453,16,0.0554,2,0.0069,5,0.0173,104,0.3599,2,0.0069,16,0.0554,3,0.0104,1,0.0035,5,0.0173,0,
1717,5,Celje,11,Radlje,20,"DVORANA OŽBALT, OŽBALT 3, OŽBALT",374.0,235,0.6283,235,231,4,1.0,0,0.0,0,0.0,5,0.0216,70,0.303,0,,1,0.0043,0,0.0,8,0.0346,9,0.039,0,0.0,8,0.0346,16,0.0693,0,0.0,4,0.0173,74,0.3203,4,0.0173,27,0.1169,3,0.013,0,0.0,2,0.0087,0,
1718,5,Celje,11,Radlje,4,"FURS URAD DRAVOGRAD, MARIBORSKA CESTA 3",617.0,381,0.6175,381,375,6,1.0,4,0.0107,1,0.0027,11,0.0293,121,0.3227,0,,15,0.04,1,0.0027,18,0.048,3,0.008,11,0.0293,3,0.008,30,0.08,8,0.0213,7,0.0187,98,0.2613,11,0.0293,23,0.0613,3,0.008,3,0.008,4,0.0107,0,
1719,5,Celje,11,Radlje,13,"GASILSKI DOM ČRNEČE, ČRNEČE 145, DRAVOGRAD",736.0,501,0.6807,501,493,8,1.0,5,0.0101,0,0.0,12,0.0243,122,0.2475,0,,15,0.0304,4,0.0081,51,0.1034,11,0.0223,14,0.0284,7,0.0142,69,0.14,6,0.0122,9,0.0183,118,0.2394,6,0.0122,32,0.0649,5,0.0101,4,0.0081,3,0.0061,0,
1720,5,Celje,11,Radlje,17,"GLASBENI DOM BISTRIŠKI JAREK, PERNICE 10A, MUTA",234.0,157,0.6709,157,153,4,1.0,4,0.0261,0,0.0,2,0.0131,32,0.2092,0,,0,0.0,0,0.0,9,0.0588,7,0.0458,0,0.0,3,0.0196,7,0.0458,3,0.0196,4,0.0261,70,0.4575,4,0.0261,7,0.0458,1,0.0065,0,0.0,0,0.0,0,
1721,5,Celje,11,Radlje,15,"GODBENI DOM MUTA, LIVARSKA ULICA 4",878.0,599,0.6822,599,592,7,1.0,2,0.0034,0,0.0,16,0.027,189,0.3193,0,,14,0.0236,0,0.0,10,0.0169,41,0.0693,5,0.0084,7,0.0118,26,0.0439,7,0.0118,9,0.0152,204,0.3446,8,0.0135,34,0.0574,15,0.0253,4,0.0068,1,0.0017,0,
1722,5,Celje,11,Radlje,37,"GOSTIŠČE PRODNAR, SV. PRIMOŽ NA POHORJU 1",224.0,156,0.6964,156,154,2,1.0,0,0.0,0,0.0,1,0.0065,48,0.3117,0,,4,0.026,0,0.0,21,0.1364,8,0.0519,3,0.0195,0,0.0,7,0.0455,1,0.0065,0,0.0,37,0.2403,0,0.0,12,0.0779,1,0.0065,5,0.0325,6,0.039,0,
1723,5,Celje,11,Radlje,8,"JAMNIK OTIŠKI VRH, OTIŠKI VRH 56",221.0,158,0.7149,158,156,2,1.0,1,0.0064,0,0.0,5,0.0321,68,0.4359,0,,3,0.0192,0,0.0,5,0.0321,0,0.0,0,0.0,1,0.0064,17,0.109,1,0.0064,2,0.0128,39,0.25,0,0.0,7,0.0449,6,0.0385,0,0.0,1,0.0064,0,
1724,5,Celje,11,Radlje,34,"KKGZ ZADRUGA VUZENICA, LIVARSKA CESTA 10",751.0,517,0.6884,517,512,5,1.0,7,0.0137,0,0.0,11,0.0215,160,0.3125,0,,19,0.0371,1,0.002,40,0.0781,47,0.0918,17,0.0332,1,0.002,31,0.0605,7,0.0137,10,0.0195,103,0.2012,7,0.0137,37,0.0723,4,0.0078,6,0.0117,4,0.0078,0,
1725,5,Celje,11,Radlje,12,"KMETIJA BUČ, LIBELIČE 16",461.0,326,0.7072,326,326,0,1.0,0,0.0,0,0.0,9,0.0276,73,0.2239,0,,2,0.0061,1,0.0031,29,0.089,4,0.0123,6,0.0184,7,0.0215,38,0.1166,7,0.0215,4,0.0123,101,0.3098,7,0.0215,27,0.0828,6,0.0184,2,0.0061,3,0.0092,0,
1726,5,Celje,11,Radlje,30,"KS SV. ANTON NA POHORJU, SV. ANTON NA POHORJU 59",152.0,96,0.6316,96,94,2,1.0,0,0.0,0,0.0,0,0.0,18,0.1915,0,,2,0.0213,0,0.0,10,0.1064,12,0.1277,2,0.0213,0,0.0,3,0.0319,1,0.0106,4,0.0426,28,0.2979,1,0.0106,10,0.1064,2,0.0213,0,0.0,1,0.0106,0,
1727,5,Celje,11,Radlje,24,"KULTURNA DVORANA JOSIPDOL, JOSIPDOL 29",327.0,212,0.6483,212,209,3,1.0,0,0.0,0,0.0,3,0.0144,45,0.2153,0,,1,0.0048,3,0.0144,9,0.0431,8,0.0383,2,0.0096,7,0.0335,10,0.0478,0,0.0,6,0.0287,61,0.2919,4,0.0191,40,0.1914,8,0.0383,2,0.0096,0,0.0,0,
1728,5,Celje,11,Radlje,18,"KULTURNI DOM PODVELKA, PODVELKA 55, PODVELKA",367.0,248,0.6757,248,244,4,1.0,6,0.0246,1,0.0041,9,0.0369,89,0.3648,0,,5,0.0205,1,0.0041,11,0.0451,13,0.0533,5,0.0205,4,0.0164,9,0.0369,5,0.0205,5,0.0205,52,0.2131,8,0.0328,14,0.0574,7,0.0287,0,0.0,0,0.0,0,
1729,5,Celje,11,Radlje,1,"OBČINA DRAVOGRAD, TRG 4. JULIJA 7, DRAVOGRAD",487.0,282,0.5791,282,279,3,1.0,0,0.0,0,0.0,8,0.0287,89,0.319,0,,12,0.043,0,0.0,19,0.0681,3,0.0108,2,0.0072,3,0.0108,24,0.086,6,0.0215,3,0.0108,74,0.2652,10,0.0358,16,0.0573,5,0.0179,4,0.0143,1,0.0036,0,
1730,5,Celje,11,Radlje,19,"OŠ BREZNO-PODVELKA, BREZNO 78, PODVELKA",485.0,344,0.7093,344,338,6,1.0,2,0.0059,0,0.0,15,0.0444,112,0.3314,0,,15,0.0444,1,0.003,10,0.0296,12,0.0355,1,0.003,5,0.0148,4,0.0118,4,0.0118,2,0.0059,90,0.2663,6,0.0178,52,0.1538,4,0.0118,0,0.0,3,0.0089,0,
1731,5,Celje,11,Radlje,2,"OŠ DRAVOGRAD, TRG 4. JULIJA 64, DRAVOGRAD",535.0,321,0.6,321,320,1,1.0,4,0.0125,0,0.0,4,0.0125,123,0.3844,0,,10,0.0312,3,0.0094,21,0.0656,4,0.0125,6,0.0188,2,0.0062,21,0.0656,3,0.0094,5,0.0156,72,0.225,1,0.0031,30,0.0938,3,0.0094,2,0.0062,6,0.0188,0,
1732,5,Celje,11,Radlje,14,"OŠ MUTA, ŠOLSKA ULICA 6, MUTA",1157.0,817,0.7061,817,810,7,1.0,7,0.0086,1,0.0012,44,0.0543,266,0.3284,0,,12,0.0148,3,0.0037,24,0.0296,26,0.0321,9,0.0111,6,0.0074,50,0.0617,3,0.0037,11,0.0136,239,0.2951,17,0.021,62,0.0765,16,0.0198,7,0.0086,7,0.0086,0,
1733,5,Celje,11,Radlje,27,"OŠ RADLJE OB DRAVI, KOROŠKA CESTA 17",687.0,449,0.6536,449,446,3,1.0,3,0.0067,0,0.0,9,0.0202,151,0.3386,0,,8,0.0179,0,0.0,15,0.0336,24,0.0538,7,0.0157,9,0.0202,12,0.0269,5,0.0112,3,0.0067,133,0.2982,7,0.0157,47,0.1054,6,0.0135,6,0.0135,1,0.0022,0,
1734,5,Celje,11,Radlje,23,"OŠ RIBNICA NA POHORJU, RIBNICA NA POHORJU 29",621.0,399,0.6425,399,398,1,1.0,2,0.005,0,0.0,12,0.0302,101,0.2538,0,,8,0.0201,1,0.0025,9,0.0226,19,0.0477,5,0.0126,10,0.0251,22,0.0553,2,0.005,8,0.0201,147,0.3693,5,0.0126,42,0.1055,3,0.0075,1,0.0025,1,0.0025,0,
1735,5,Celje,11,Radlje,10,"OŠ ŠENTJANŽ PRI DRAVOGRADU, ŠENTJANŽ PRI D. 88",1204.0,815,0.6769,815,804,11,1.0,4,0.005,0,0.0,20,0.0249,253,0.3147,0,,12,0.0149,4,0.005,39,0.0485,32,0.0398,24,0.0299,10,0.0124,93,0.1157,20,0.0249,11,0.0137,210,0.2612,7,0.0087,35,0.0435,13,0.0162,15,0.0187,2,0.0025,0,
1736,5,Celje,11,Radlje,33,"OŠ VUZENICA, MLADINSKA ULICA 3",707.0,514,0.727,514,508,6,1.0,1,0.002,0,0.0,11,0.0217,174,0.3425,0,,9,0.0177,0,0.0,22,0.0433,41,0.0807,12,0.0236,3,0.0059,16,0.0315,8,0.0157,9,0.0177,130,0.2559,7,0.0138,41,0.0807,11,0.0217,8,0.0157,5,0.0098,0,
1737,5,Celje,11,Radlje,11,"PODRUŽIČNA ŠOLA TRBONJE, TRBONJE 26",579.0,390,0.6736,390,385,5,1.0,1,0.0026,0,0.0,14,0.0364,108,0.2805,0,,5,0.013,3,0.0078,30,0.0779,4,0.0104,0,0.0,4,0.0104,77,0.2,2,0.0052,4,0.0104,105,0.2727,6,0.0156,17,0.0442,0,0.0,1,0.0026,4,0.0104,0,
1738,5,Celje,11,Radlje,21,"PODRUŽNIČNA ŠOLA KAPLA, SP. KAPLA 2, KAPLA",427.0,273,0.6393,273,270,3,1.0,2,0.0074,1,0.0037,6,0.0222,71,0.263,0,,1,0.0037,1,0.0037,7,0.0259,17,0.063,2,0.0074,0,0.0,22,0.0815,4,0.0148,7,0.0259,95,0.3519,6,0.0222,21,0.0778,3,0.0111,1,0.0037,3,0.0111,0,
1739,5,Celje,11,Radlje,22,"PODRUŽNIČNA ŠOLA LEHEN, LEHEN NA POHORJU 49",299.0,181,0.6054,181,179,2,1.0,1,0.0056,0,0.0,6,0.0335,55,0.3073,0,,6,0.0335,0,0.0,4,0.0223,10,0.0559,1,0.0056,8,0.0447,2,0.0112,1,0.0056,2,0.0112,52,0.2905,0,0.0,22,0.1229,3,0.0168,3,0.0168,3,0.0168,0,
1740,5,Celje,11,Radlje,7,"PODRUŽNIČNA ŠOLA OJSTRICA, OJSTRICA 27, DRAVOGRAD",224.0,124,0.5536,123,121,2,1.0,1,0.0083,0,0.0,3,0.0248,22,0.1818,0,,4,0.0331,0,0.0,11,0.0909,4,0.0331,2,0.0165,3,0.0248,23,0.1901,0,0.0,0,0.0,31,0.2562,5,0.0413,9,0.0744,2,0.0165,0,0.0,1,0.0083,0,
1741,5,Celje,11,Radlje,28,"RIBIŠKI DOM RADLJE, ZGORNJA VIŽINGA 1",376.0,226,0.6011,226,223,3,1.0,1,0.0045,0,0.0,5,0.0224,56,0.2511,0,,9,0.0404,0,0.0,5,0.0224,15,0.0673,4,0.0179,6,0.0269,19,0.0852,2,0.009,0,0.0,76,0.3408,5,0.0224,15,0.0673,4,0.0179,0,0.0,1,0.0045,0,
1742,5,Celje,11,Radlje,6,"TURISTIČNA KMETIJA VRAJENK, VIČ 16, DRAVOGRAD",303.0,214,0.7063,214,212,2,1.0,0,0.0,0,0.0,5,0.0236,48,0.2264,0,,1,0.0047,1,0.0047,14,0.066,7,0.033,1,0.0047,1,0.0047,21,0.0991,5,0.0236,2,0.0094,84,0.3962,1,0.0047,16,0.0755,4,0.0189,0,0.0,1,0.0047,0,
1743,5,Celje,11,Radlje,3,"UPRAVNA ENOTA DRAVOGRAD, MEŽA 10, DRAVOGRAD",584.0,336,0.5753,336,328,8,1.0,0,0.0,0,0.0,20,0.061,90,0.2744,0,,15,0.0457,1,0.003,29,0.0884,8,0.0244,8,0.0244,3,0.0091,23,0.0701,2,0.0061,7,0.0213,93,0.2835,4,0.0122,15,0.0457,5,0.0152,0,0.0,5,0.0152,0,
1744,5,Celje,11,Radlje,31,"VEČNAMENSKA DVORANA, VUHRED 1",672.0,444,0.6607,444,439,5,1.0,1,0.0023,0,0.0,12,0.0273,93,0.2118,0,,2,0.0046,1,0.0023,8,0.0182,34,0.0774,7,0.0159,3,0.0068,34,0.0774,8,0.0182,9,0.0205,169,0.385,7,0.0159,41,0.0934,7,0.0159,0,0.0,3,0.0068,0,
1745,5,Celje,11,Radlje,5,"VRTEC ROBINDVOR, ROBINDVOR 60, DRAVOGRAD",612.0,428,0.6993,428,423,5,1.0,2,0.0047,0,0.0,14,0.0331,133,0.3144,0,,12,0.0284,2,0.0047,22,0.052,7,0.0165,2,0.0047,5,0.0118,37,0.0875,7,0.0165,7,0.0165,103,0.2435,15,0.0355,44,0.104,10,0.0236,0,0.0,1,0.0024,0,
1746,5,Celje,11,Radlje,25,"ZDRAVSTVENI DOM RADLJE, MARIBORSKA C. 37, RADLJE",749.0,448,0.5981,448,443,5,1.0,4,0.009,1,0.0023,17,0.0384,150,0.3386,0,,23,0.0519,2,0.0045,10,0.0226,11,0.0248,14,0.0316,14,0.0316,20,0.0451,3,0.0068,6,0.0135,111,0.2506,7,0.0158,31,0.07,10,0.0226,0,0.0,9,0.0203,0,
1747,5,Celje,11,Radlje,9,"ŽUPNIŠČE ŠEMPETER, OTIŠKI VRH 92",255.0,178,0.698,178,175,3,1.0,0,0.0,0,0.0,4,0.0229,36,0.2057,0,,5,0.0286,0,0.0,13,0.0743,7,0.04,0,0.0,3,0.0171,33,0.1886,5,0.0286,0,0.0,52,0.2971,2,0.0114,10,0.0571,1,0.0057,0,0.0,4,0.0229,0,
1748,5,Celje,11,Radlje,901,PREDČASNO GLASOVANJE,,1223,,1222,1216,6,1.0,9,0.0074,1,0.0008,24,0.0197,453,0.3725,0,,50,0.0411,1,0.0008,59,0.0485,38,0.0312,17,0.014,26,0.0214,80,0.0658,12,0.0099,25,0.0206,253,0.2081,8,0.0066,118,0.097,21,0.0173,16,0.0132,5,0.0041,0,
1749,6,Novo mesto,1,Črnomelj,11,ADLEŠIČI - KULTURNI DOM,587.0,364,0.6201,364,357,7,1.0,8,0.0224,0,0.0,14,0.0392,109,0.3053,0,,9,0.0252,0,0.0,20,0.056,1,0.0028,0,0.0,28,0.0784,15,0.042,3,0.0084,37,0.1036,71,0.1989,3,0.0084,32,0.0896,5,0.014,2,0.0056,0,0.0,0,
1750,6,Novo mesto,1,Črnomelj,45,BOJANCI - VEČNAMENSKI DOM,71.0,51,0.7183,51,51,0,1.0,0,0.0,0,0.0,0,0.0,31,0.6078,0,,1,0.0196,0,0.0,0,0.0,0,0.0,0,0.0,1,0.0196,0,0.0,0,0.0,1,0.0196,4,0.0784,2,0.0392,10,0.1961,0,0.0,1,0.0196,0,0.0,0,
1751,6,Novo mesto,1,Črnomelj,47,BOŽAKOVO - DOM KRAJANOV,180.0,118,0.6556,118,116,2,1.0,1,0.0086,0,0.0,0,0.0,10,0.0862,0,,4,0.0345,0,0.0,2,0.0172,1,0.0086,1,0.0086,8,0.069,14,0.1207,2,0.0172,2,0.0172,55,0.4741,2,0.0172,12,0.1034,1,0.0086,1,0.0086,0,0.0,0,
1752,6,Novo mesto,1,Črnomelj,16,BUTORAJ - GASILSKI DOM,163.0,127,0.7791,127,126,1,1.0,4,0.0317,0,0.0,4,0.0317,18,0.1429,0,,1,0.0079,0,0.0,10,0.0794,0,0.0,0,0.0,9,0.0714,5,0.0397,0,0.0,0,0.0,31,0.246,3,0.0238,37,0.2937,3,0.0238,1,0.0079,0,0.0,0,
1753,6,Novo mesto,1,Črnomelj,69,CEROVEC PRI ČREŠNJEVCU - GASILSKI DOM,209.0,154,0.7368,154,152,2,1.0,1,0.0066,0,0.0,8,0.0526,38,0.25,0,,2,0.0132,1,0.0066,3,0.0197,3,0.0197,2,0.0132,25,0.1645,2,0.0132,1,0.0066,8,0.0526,43,0.2829,4,0.0263,9,0.0592,1,0.0066,1,0.0066,0,0.0,0,
1754,6,Novo mesto,1,Črnomelj,68,"ČRMOŠNJICE-V PROST. PGD ČRMOŠNJICE, ČRMOŠNJICE 24",233.0,149,0.6395,149,146,3,1.0,2,0.0137,0,0.0,5,0.0342,38,0.2603,0,,9,0.0616,0,0.0,4,0.0274,2,0.0137,4,0.0274,12,0.0822,8,0.0548,1,0.0068,0,0.0,41,0.2808,1,0.0068,12,0.0822,5,0.0342,2,0.0137,0,0.0,0,
1755,6,Novo mesto,1,Črnomelj,7,"ČRNOMELJ - DOM OBRTNIKOV, ULICA 21.OKTOBRA 10",981.0,567,0.578,566,556,10,1.0,12,0.0216,1,0.0018,10,0.018,176,0.3165,0,,26,0.0468,2,0.0036,25,0.045,2,0.0036,4,0.0072,31,0.0558,35,0.0629,9,0.0162,17,0.0306,138,0.2482,6,0.0108,43,0.0773,12,0.0216,5,0.009,2,0.0036,0,
1756,6,Novo mesto,1,Črnomelj,1,"ČRNOMELJ - OŠ LOKA, KIDRIČEVA ULICA 18",618.0,404,0.6537,403,395,8,1.0,14,0.0354,0,0.0,1,0.0025,137,0.3468,0,,10,0.0253,1,0.0025,21,0.0532,3,0.0076,3,0.0076,26,0.0658,8,0.0203,2,0.0051,19,0.0481,98,0.2481,3,0.0076,32,0.081,7,0.0177,9,0.0228,1,0.0025,0,
1757,6,Novo mesto,1,Črnomelj,4,"ČRNOMELJ - OŠ MIRANA JARCA, UL. OTONA ŽUPANČIČA 8",886.0,587,0.6625,587,582,5,1.0,12,0.0206,0,0.0,8,0.0137,212,0.3643,0,,16,0.0275,0,0.0,29,0.0498,6,0.0103,2,0.0034,17,0.0292,38,0.0653,2,0.0034,15,0.0258,176,0.3024,3,0.0052,32,0.055,9,0.0155,5,0.0086,0,0.0,0,
1758,6,Novo mesto,1,Črnomelj,10,"ČRNOMELJ - OTROŠKI VRTEC, ČARDAK 1",994.0,602,0.6056,602,594,8,1.0,14,0.0236,1,0.0017,16,0.0269,208,0.3502,0,,17,0.0286,0,0.0,33,0.0556,6,0.0101,5,0.0084,32,0.0539,28,0.0471,2,0.0034,6,0.0101,149,0.2508,8,0.0135,55,0.0926,9,0.0152,1,0.0017,4,0.0067,0,
1759,6,Novo mesto,1,Črnomelj,80,"ČRNOMELJ- BIVŠA TRGOVINA ""NINA"", PREČNA ULICA 4 ",338.0,242,0.716,242,237,5,1.0,0,0.0,0,0.0,2,0.0084,88,0.3713,0,,9,0.038,0,0.0,14,0.0591,1,0.0042,2,0.0084,11,0.0464,16,0.0675,2,0.0084,5,0.0211,57,0.2405,2,0.0084,23,0.097,1,0.0042,4,0.0169,0,0.0,0,
1760,6,Novo mesto,1,Črnomelj,2,"ČRNOMELJ-V PROS. ŠD NOG. ŠOLE BK, PRI STADIONU 2 ",520.0,342,0.6577,342,336,6,1.0,2,0.006,0,0.0,6,0.0179,137,0.4077,0,,14,0.0417,1,0.003,18,0.0536,0,0.0,8,0.0238,13,0.0387,25,0.0744,4,0.0119,10,0.0298,64,0.1905,2,0.006,26,0.0774,3,0.0089,1,0.003,2,0.006,0,
1761,6,Novo mesto,1,Črnomelj,38,"DESINEC - PRI SEDLAR STANKU, DESINEC 1A",128.0,89,0.6953,89,88,1,1.0,4,0.0455,0,0.0,8,0.0909,14,0.1591,0,,1,0.0114,0,0.0,4,0.0455,0,0.0,1,0.0114,6,0.0682,6,0.0682,0,0.0,2,0.0227,36,0.4091,1,0.0114,2,0.0227,2,0.0227,1,0.0114,0,0.0,0,
1762,6,Novo mesto,1,Črnomelj,17,DOBLIČE - GASILSKI DOM,398.0,274,0.6884,274,272,2,1.0,10,0.0368,0,0.0,3,0.011,57,0.2096,0,,3,0.011,1,0.0037,8,0.0294,1,0.0037,0,0.0,18,0.0662,22,0.0809,3,0.011,6,0.0221,122,0.4485,2,0.0074,10,0.0368,6,0.0221,0,0.0,0,0.0,0,
1763,6,Novo mesto,1,Črnomelj,53,DOLNJA LOKVICA - GASILSKI DOM,312.0,221,0.7083,221,219,2,1.0,5,0.0228,0,0.0,4,0.0183,61,0.2785,0,,4,0.0183,1,0.0046,11,0.0502,2,0.0091,1,0.0046,20,0.0913,19,0.0868,0,0.0,11,0.0502,61,0.2785,5,0.0228,12,0.0548,2,0.0091,0,0.0,0,0.0,0,
1764,6,Novo mesto,1,Črnomelj,67,DOLNJI SUHOR PRI METLIKI - GASILSKI DOM,740.0,485,0.6554,485,482,3,1.0,6,0.0124,0,0.0,27,0.056,169,0.3506,0,,12,0.0249,3,0.0062,17,0.0353,2,0.0041,4,0.0083,30,0.0622,27,0.056,3,0.0062,9,0.0187,99,0.2054,7,0.0145,56,0.1162,8,0.0166,0,0.0,3,0.0062,0,
1765,6,Novo mesto,1,Črnomelj,20,"DRAGATUŠ - OSNOVNA ŠOLA, DRAGATUŠ 48",479.0,328,0.6848,328,319,9,1.0,7,0.0219,1,0.0031,5,0.0157,79,0.2476,0,,3,0.0094,0,0.0,26,0.0815,2,0.0063,2,0.0063,43,0.1348,26,0.0815,2,0.0063,5,0.0157,87,0.2727,2,0.0063,21,0.0658,6,0.0188,1,0.0031,1,0.0031,0,
1766,6,Novo mesto,1,Črnomelj,49,DRAŠIČI - GASILSKI DOM,231.0,146,0.632,146,146,0,1.0,1,0.0068,0,0.0,1,0.0068,21,0.1438,0,,1,0.0068,0,0.0,3,0.0205,2,0.0137,1,0.0068,10,0.0685,15,0.1027,0,0.0,1,0.0068,78,0.5342,5,0.0342,7,0.0479,0,0.0,0,0.0,0,0.0,0,
1767,6,Novo mesto,1,Črnomelj,31,GORENJI RADENCI - GASILSKI DOM,70.0,54,0.7714,54,54,0,1.0,0,0.0,0,0.0,0,0.0,26,0.4815,0,,0,0.0,0,0.0,7,0.1296,1,0.0185,0,0.0,0,0.0,2,0.037,0,0.0,0,0.0,13,0.2407,1,0.0185,3,0.0556,1,0.0185,0,0.0,0,0.0,0,
1768,6,Novo mesto,1,Črnomelj,50,GRABROVEC - GASILSKI DOM,134.0,94,0.7015,94,92,2,1.0,2,0.0217,0,0.0,1,0.0109,27,0.2935,0,,0,0.0,1,0.0109,2,0.0217,0,0.0,2,0.0217,3,0.0326,7,0.0761,0,0.0,3,0.0326,27,0.2935,2,0.0217,15,0.163,0,0.0,0,0.0,0,0.0,0,
1769,6,Novo mesto,1,Črnomelj,51,GRADAC - GASILSKI DOM,370.0,268,0.7243,268,264,4,1.0,3,0.0114,0,0.0,4,0.0152,85,0.322,0,,4,0.0152,1,0.0038,8,0.0303,3,0.0114,2,0.0076,22,0.0833,19,0.072,1,0.0038,7,0.0265,57,0.2159,2,0.0076,38,0.1439,5,0.0189,2,0.0076,1,0.0038,0,
1770,6,Novo mesto,1,Črnomelj,24,"GRIBLJE- V PROSTORIH PODR. OŠ GRIBLJE, GRIBLJE 38",321.0,206,0.6417,206,205,1,1.0,1,0.0049,0,0.0,0,0.0,41,0.2,0,,3,0.0146,0,0.0,7,0.0341,1,0.0049,0,0.0,18,0.0878,23,0.1122,3,0.0146,4,0.0195,90,0.439,4,0.0195,6,0.0293,3,0.0146,0,0.0,1,0.0049,0,
1771,6,Novo mesto,1,Črnomelj,39,HRAST PRI VINICI - GASILSKI DOM,163.0,98,0.6012,98,98,0,1.0,3,0.0306,0,0.0,4,0.0408,15,0.1531,0,,3,0.0306,0,0.0,4,0.0408,0,0.0,1,0.0102,2,0.0204,7,0.0714,1,0.0102,1,0.0102,45,0.4592,4,0.0408,6,0.0612,0,0.0,1,0.0102,1,0.0102,0,
1772,6,Novo mesto,1,Črnomelj,18,KANIŽARICA 15A -V GOSTILNI IN PICERIJI PRI DELIČU,548.0,258,0.4708,258,251,7,1.0,11,0.0438,0,0.0,3,0.012,85,0.3386,0,,11,0.0438,0,0.0,7,0.0279,1,0.004,3,0.012,12,0.0478,13,0.0518,3,0.012,3,0.012,76,0.3028,1,0.004,15,0.0598,5,0.0199,1,0.004,1,0.004,0,
1773,6,Novo mesto,1,Črnomelj,62,KRASINEC - GASILSKI DOM,148.0,116,0.7838,116,116,0,1.0,0,0.0,0,0.0,2,0.0172,22,0.1897,0,,1,0.0086,1,0.0086,2,0.0172,2,0.0172,0,0.0,10,0.0862,16,0.1379,0,0.0,3,0.0259,52,0.4483,2,0.0172,1,0.0086,2,0.0172,0,0.0,0,0.0,0,
1774,6,Novo mesto,1,Črnomelj,48,KRIVOGLAVICE - GASILSKI DOM,181.0,101,0.558,101,101,0,1.0,0,0.0,1,0.0099,0,0.0,41,0.4059,0,,4,0.0396,0,0.0,8,0.0792,0,0.0,0,0.0,14,0.1386,2,0.0198,1,0.0099,2,0.0198,12,0.1188,2,0.0198,12,0.1188,2,0.0198,0,0.0,0,0.0,0,
1775,6,Novo mesto,1,Črnomelj,26,"LOKVE - TRGOVINA VIZIR, LOKVE 10B",379.0,145,0.3826,145,143,2,1.0,4,0.028,0,0.0,7,0.049,38,0.2657,0,,12,0.0839,0,0.0,4,0.028,0,0.0,4,0.028,8,0.0559,6,0.042,0,0.0,1,0.007,50,0.3497,0,0.0,6,0.042,2,0.014,1,0.007,0,0.0,0,
1776,6,Novo mesto,1,Črnomelj,23,"MALI NERAJEC - PRI PANJAN FRANCU, MALI NERAJEC 8",279.0,162,0.5806,162,161,1,1.0,3,0.0186,0,0.0,9,0.0559,29,0.1801,0,,5,0.0311,1,0.0062,4,0.0248,1,0.0062,1,0.0062,19,0.118,12,0.0745,0,0.0,1,0.0062,58,0.3602,1,0.0062,13,0.0807,2,0.0124,1,0.0062,1,0.0062,0,
1777,6,Novo mesto,1,Črnomelj,36,MAVRLEN - GASILSKI DOM,373.0,229,0.6139,228,227,1,1.0,5,0.022,1,0.0044,6,0.0264,89,0.3921,0,,10,0.0441,0,0.0,9,0.0396,0,0.0,5,0.022,7,0.0308,11,0.0485,2,0.0088,7,0.0308,55,0.2423,2,0.0088,14,0.0617,3,0.0132,1,0.0044,0,0.0,0,
1778,6,Novo mesto,1,Črnomelj,55,METLIKA - GD METLIKA,339.0,184,0.5428,184,182,2,1.0,2,0.011,0,0.0,3,0.0165,57,0.3132,0,,12,0.0659,0,0.0,5,0.0275,1,0.0055,3,0.0165,20,0.1099,7,0.0385,0,0.0,1,0.0055,33,0.1813,0,0.0,32,0.1758,5,0.0275,0,0.0,1,0.0055,0,
1779,6,Novo mesto,1,Črnomelj,59,"METLIKA - OBRTNI DOM OOZ, PARTIZANSKI TRG 5 ",499.0,316,0.6333,316,316,0,1.0,6,0.019,1,0.0032,5,0.0158,79,0.25,0,,19,0.0601,1,0.0032,9,0.0285,1,0.0032,5,0.0158,10,0.0316,12,0.038,2,0.0063,6,0.019,86,0.2722,4,0.0127,59,0.1867,8,0.0253,3,0.0095,0,0.0,0,
1780,6,Novo mesto,1,Črnomelj,58,"METLIKA - OTROŠKI VRTEC, ŽUPANČIČEVA CESTA 1 ",486.0,277,0.57,277,272,5,1.0,5,0.0184,2,0.0074,3,0.011,87,0.3199,0,,27,0.0993,0,0.0,2,0.0074,1,0.0037,6,0.0221,16,0.0588,15,0.0551,4,0.0147,4,0.0147,33,0.1213,0,0.0,56,0.2059,9,0.0331,2,0.0074,0,0.0,0,
1781,6,Novo mesto,1,Črnomelj,54,"METLIKA- MLADINSKI CENTER, CBE 43",518.0,342,0.6602,342,337,5,1.0,2,0.0059,0,0.0,16,0.0475,101,0.2997,0,,9,0.0267,5,0.0148,12,0.0356,2,0.0059,3,0.0089,18,0.0534,27,0.0801,3,0.0089,0,0.0,49,0.1454,5,0.0148,70,0.2077,13,0.0386,1,0.003,1,0.003,0,
1782,6,Novo mesto,1,Črnomelj,56,"METLIKA-STATUS D.O.O., UL. BELOKRANJSKEGA ODR. 19",700.0,425,0.6071,425,418,7,1.0,6,0.0144,0,0.0,8,0.0191,143,0.3421,0,,16,0.0383,0,0.0,17,0.0407,5,0.012,4,0.0096,29,0.0694,18,0.0431,3,0.0072,9,0.0215,89,0.2129,5,0.012,56,0.134,9,0.0215,1,0.0024,0,0.0,0,
1783,6,Novo mesto,1,Črnomelj,72,"NESTOPLJA VAS-PRI PEČAVAR MARTINU,NESTOPLJA VAS1",104.0,85,0.8173,85,83,2,1.0,4,0.0482,0,0.0,9,0.1084,15,0.1807,0,,3,0.0361,0,0.0,3,0.0361,0,0.0,2,0.0241,17,0.2048,9,0.1084,0,0.0,1,0.012,12,0.1446,2,0.0241,3,0.0361,3,0.0361,0,0.0,0,0.0,0,
1784,6,Novo mesto,1,Črnomelj,74,"OSOJNIK - PRI KONDA ROBERTU, OSOJNIK ŠT. 15",137.0,102,0.7445,102,101,1,1.0,1,0.0099,0,0.0,2,0.0198,24,0.2376,0,,1,0.0099,0,0.0,1,0.0099,2,0.0198,0,0.0,26,0.2574,6,0.0594,0,0.0,9,0.0891,28,0.2772,0,0.0,1,0.0099,0,0.0,0,0.0,0,0.0,0,
1785,6,Novo mesto,1,Črnomelj,35,OTOVEC - GASILSKI DOM,112.0,81,0.7232,81,80,1,1.0,0,0.0,0,0.0,1,0.0125,22,0.275,0,,0,0.0,0,0.0,3,0.0375,1,0.0125,0,0.0,4,0.05,5,0.0625,0,0.0,3,0.0375,33,0.4125,3,0.0375,4,0.05,1,0.0125,0,0.0,0,0.0,0,
1786,6,Novo mesto,1,Črnomelj,27,PETROVA VAS - GASILSKI DOM,314.0,199,0.6338,199,194,5,1.0,0,0.0,1,0.0052,10,0.0515,45,0.232,0,,1,0.0052,1,0.0052,10,0.0515,9,0.0464,3,0.0155,16,0.0825,15,0.0773,2,0.0103,4,0.0206,66,0.3402,2,0.0103,7,0.0361,1,0.0052,0,0.0,1,0.0052,0,
1787,6,Novo mesto,1,Črnomelj,61,"PODZEMELJ - V PROSTORIH PGD, PODZEMELJ 16B",531.0,351,0.661,351,349,2,1.0,0,0.0,1,0.0029,3,0.0086,103,0.2951,0,,16,0.0458,0,0.0,11,0.0315,4,0.0115,4,0.0115,33,0.0946,37,0.106,6,0.0172,11,0.0315,85,0.2436,3,0.0086,27,0.0774,3,0.0086,1,0.0029,1,0.0029,0,
1788,6,Novo mesto,1,Črnomelj,40,PRELOKA - GASILSKI DOM,94.0,66,0.7021,66,65,1,1.0,2,0.0308,0,0.0,0,0.0,7,0.1077,0,,3,0.0462,0,0.0,4,0.0615,0,0.0,1,0.0154,2,0.0308,4,0.0615,2,0.0308,2,0.0308,34,0.5231,0,0.0,3,0.0462,1,0.0154,0,0.0,0,0.0,0,
1789,6,Novo mesto,1,Črnomelj,64,RADOVICA - OSNOVNA ŠOLA,339.0,207,0.6106,207,202,5,1.0,1,0.005,0,0.0,2,0.0099,31,0.1535,0,,3,0.0149,1,0.005,4,0.0198,3,0.0149,3,0.0149,12,0.0594,10,0.0495,3,0.0149,5,0.0248,83,0.4109,6,0.0297,33,0.1634,0,0.0,1,0.005,1,0.005,0,
1790,6,Novo mesto,1,Črnomelj,34,RODINE - GASILSKI DOM,129.0,73,0.5659,73,71,2,1.0,1,0.0141,0,0.0,1,0.0141,29,0.4085,0,,4,0.0563,0,0.0,6,0.0845,0,0.0,0,0.0,5,0.0704,4,0.0563,2,0.0282,1,0.0141,14,0.1972,1,0.0141,3,0.0423,0,0.0,0,0.0,0,0.0,0,
1791,6,Novo mesto,1,Črnomelj,65,ROSALNICE - GASILSKI DOM,577.0,307,0.5321,307,303,4,1.0,1,0.0033,0,0.0,4,0.0132,77,0.2541,0,,14,0.0462,0,0.0,13,0.0429,3,0.0099,0,0.0,22,0.0726,26,0.0858,0,0.0,7,0.0231,83,0.2739,1,0.0033,42,0.1386,7,0.0231,2,0.0066,1,0.0033,0,
1792,6,Novo mesto,1,Črnomelj,75,ROŽNI DOL - GASILSKI DOM,111.0,82,0.7387,82,82,0,1.0,1,0.0122,0,0.0,2,0.0244,27,0.3293,0,,2,0.0244,0,0.0,1,0.0122,0,0.0,2,0.0244,6,0.0732,6,0.0732,1,0.0122,3,0.0366,30,0.3659,0,0.0,0,0.0,0,0.0,0,0.0,1,0.0122,0,
1793,6,Novo mesto,1,Črnomelj,52,SELA PRI JUGORJU - GASILSKI DOM,97.0,64,0.6598,64,64,0,1.0,0,0.0,1,0.0156,1,0.0156,23,0.3594,0,,4,0.0625,0,0.0,3,0.0469,0,0.0,2,0.0312,12,0.1875,3,0.0469,1,0.0156,1,0.0156,5,0.0781,2,0.0312,2,0.0312,4,0.0625,0,0.0,0,0.0,0,
1794,6,Novo mesto,1,Črnomelj,73,"SEMIČ - KULTURNI CENTER SEMIČ, PROSVETNA ULICA 4",1237.0,849,0.6863,849,838,11,1.0,31,0.037,1,0.0012,16,0.0191,240,0.2864,0,,34,0.0406,1,0.0012,28,0.0334,5,0.006,12,0.0143,122,0.1456,48,0.0573,3,0.0036,14,0.0167,192,0.2291,13,0.0155,54,0.0644,8,0.0095,10,0.0119,6,0.0072,0,
1795,6,Novo mesto,1,Črnomelj,71,"SEMIČ, SPODNJE GORENJCE 32 - GASILSKI DOM",442.0,304,0.6878,304,294,10,1.0,6,0.0204,0,0.0,9,0.0306,95,0.3231,0,,5,0.017,0,0.0,10,0.034,4,0.0136,4,0.0136,43,0.1463,15,0.051,5,0.017,5,0.017,71,0.2415,2,0.0068,14,0.0476,6,0.0204,0,0.0,0,0.0,0,
1796,6,Novo mesto,1,Črnomelj,29,"SINJI VRH - V PROSTORIH KS, SINJI VRH 1A",184.0,108,0.587,108,107,1,1.0,1,0.0093,2,0.0187,2,0.0187,23,0.215,0,,12,0.1121,0,0.0,10,0.0935,2,0.0187,0,0.0,2,0.0187,11,0.1028,0,0.0,4,0.0374,27,0.2523,4,0.0374,5,0.0467,2,0.0187,0,0.0,0,0.0,0,
1797,6,Novo mesto,1,Črnomelj,66,SLAMNA VAS - DOM GASILCEV IN KRAJANOV,128.0,101,0.7891,101,101,0,1.0,3,0.0297,0,0.0,2,0.0198,25,0.2475,0,,5,0.0495,0,0.0,1,0.0099,0,0.0,0,0.0,3,0.0297,8,0.0792,0,0.0,3,0.0297,36,0.3564,2,0.0198,12,0.1188,0,0.0,1,0.0099,0,0.0,0,
1798,6,Novo mesto,1,Črnomelj,41,"STARA LIPA -PRI TOMEC JOŽETU, STARA LIPA 1A",181.0,119,0.6575,119,117,2,1.0,2,0.0171,0,0.0,2,0.0171,18,0.1538,0,,2,0.0171,0,0.0,3,0.0256,0,0.0,0,0.0,3,0.0256,15,0.1282,0,0.0,3,0.0256,60,0.5128,0,0.0,8,0.0684,1,0.0085,0,0.0,0,0.0,0,
1799,6,Novo mesto,1,Črnomelj,32,"STARI TRG OB KOLPI-VRTEC OŠ,STARI TRG OB KOLPI 7",167.0,117,0.7006,117,114,3,1.0,0,0.0,0,0.0,5,0.0439,28,0.2456,0,,1,0.0088,0,0.0,7,0.0614,3,0.0263,0,0.0,2,0.0175,6,0.0526,0,0.0,1,0.0088,36,0.3158,1,0.0088,16,0.1404,6,0.0526,1,0.0088,1,0.0088,0,
1800,6,Novo mesto,1,Črnomelj,76,STRANSKA VAS PRI SEMIČU - GASILSKI DOM,223.0,163,0.7309,163,162,1,1.0,5,0.0309,0,0.0,1,0.0062,33,0.2037,0,,0,0.0,0,0.0,7,0.0432,1,0.0062,3,0.0185,21,0.1296,9,0.0556,2,0.0123,9,0.0556,56,0.3457,3,0.0185,11,0.0679,1,0.0062,0,0.0,0,0.0,0,
1801,6,Novo mesto,1,Črnomelj,77,ŠTREKLJEVEC - GASILSKI DOM,434.0,303,0.6982,303,299,4,1.0,6,0.0201,0,0.0,11,0.0368,65,0.2174,0,,0,0.0,1,0.0033,4,0.0134,3,0.01,1,0.0033,71,0.2375,17,0.0569,0,0.0,2,0.0067,99,0.3311,2,0.0067,14,0.0468,3,0.01,0,0.0,0,0.0,0,
1802,6,Novo mesto,1,Črnomelj,22,TANČA GORA - GASILSKI DOM,398.0,271,0.6809,271,266,5,1.0,6,0.0226,0,0.0,13,0.0489,56,0.2105,0,,8,0.0301,0,0.0,13,0.0489,0,0.0,1,0.0038,33,0.1241,13,0.0489,3,0.0113,8,0.0301,85,0.3195,4,0.015,20,0.0752,2,0.0075,0,0.0,1,0.0038,0,
1803,6,Novo mesto,1,Črnomelj,37,TRIBUČE - GASILSKI DOM,256.0,191,0.7461,191,185,6,1.0,2,0.0108,0,0.0,4,0.0216,50,0.2703,0,,2,0.0108,0,0.0,5,0.027,0,0.0,10,0.0541,21,0.1135,9,0.0486,1,0.0054,11,0.0595,33,0.1784,5,0.027,26,0.1405,3,0.0162,0,0.0,3,0.0162,0,
1804,6,Novo mesto,1,Črnomelj,43,"VINICA - DOM KRAJANOV VINICA, VINICA 44",678.0,425,0.6268,425,419,6,1.0,5,0.0119,0,0.0,5,0.0119,118,0.2816,0,,13,0.031,2,0.0048,17,0.0406,3,0.0072,4,0.0095,22,0.0525,86,0.2053,3,0.0072,2,0.0048,101,0.2411,3,0.0072,26,0.0621,6,0.0143,3,0.0072,0,0.0,0,
1805,6,Novo mesto,1,Črnomelj,6,VRANOVIČI - GASILSKI DOM,104.0,72,0.6923,72,71,1,1.0,0,0.0,0,0.0,0,0.0,18,0.2535,0,,2,0.0282,0,0.0,5,0.0704,0,0.0,2,0.0282,4,0.0563,3,0.0423,2,0.0282,1,0.0141,29,0.4085,3,0.0423,1,0.0141,0,0.0,1,0.0141,0,0.0,0,
1806,6,Novo mesto,1,Črnomelj,33,ZAGOZDAC - STAVBA BIVŠE OŠ,48.0,35,0.7292,35,35,0,1.0,1,0.0286,0,0.0,0,0.0,6,0.1714,0,,1,0.0286,1,0.0286,2,0.0571,0,0.0,0,0.0,7,0.2,4,0.1143,1,0.0286,0,0.0,6,0.1714,2,0.0571,3,0.0857,0,0.0,0,0.0,1,0.0286,0,
1807,6,Novo mesto,1,Črnomelj,44,ZILJE - GASILSKI DOM,150.0,110,0.7333,110,107,3,1.0,4,0.0374,0,0.0,3,0.028,18,0.1682,0,,1,0.0093,0,0.0,4,0.0374,0,0.0,1,0.0093,6,0.0561,22,0.2056,2,0.0187,2,0.0187,36,0.3364,1,0.0093,6,0.0561,0,0.0,1,0.0093,0,0.0,0,
1808,6,Novo mesto,1,Črnomelj,15,ŽUNIČI - GASILSKI DOM,77.0,58,0.7532,58,56,2,1.0,2,0.0357,0,0.0,0,0.0,10,0.1786,0,,0,0.0,0,0.0,3,0.0536,0,0.0,0,0.0,4,0.0714,3,0.0536,1,0.0179,4,0.0714,12,0.2143,2,0.0357,11,0.1964,1,0.0179,2,0.0357,1,0.0179,0,
1809,6,Novo mesto,1,Črnomelj,901,PREDČASNO GLASOVANJE,,1043,,1041,1034,7,1.0,7,0.0068,1,0.001,18,0.0174,397,0.3839,0,,49,0.0474,1,0.001,61,0.059,1,0.001,3,0.0029,76,0.0735,49,0.0474,12,0.0116,38,0.0368,204,0.1973,5,0.0048,77,0.0745,25,0.0242,8,0.0077,2,0.0019,0,
1810,6,Novo mesto,2,Novo mesto 1,4,BELA CERKEV 6 - HIŠA ŽIVE DEDIŠČINE - DVORANA,754.0,513,0.6804,513,509,4,1.0,6,0.0118,0,0.0,15,0.0295,160,0.3143,0,,10,0.0196,1,0.002,19,0.0373,6,0.0118,12,0.0236,17,0.0334,45,0.0884,5,0.0098,12,0.0236,138,0.2711,13,0.0255,35,0.0688,5,0.0098,6,0.0118,4,0.0079,0,
1811,6,Novo mesto,2,Novo mesto 1,1,BIRČNA VAS 1 - OSNOVNA ŠOLA,396.0,274,0.6919,274,270,4,1.0,4,0.0148,0,0.0,14,0.0519,63,0.2333,0,,2,0.0074,0,0.0,12,0.0444,7,0.0259,9,0.0333,10,0.037,26,0.0963,7,0.0259,4,0.0148,58,0.2148,11,0.0407,31,0.1148,8,0.0296,4,0.0148,0,0.0,0,
1812,6,Novo mesto,2,Novo mesto 1,34,CEROV LOG - GASILSKI DOM,192.0,146,0.7604,146,145,1,1.0,6,0.0414,0,0.0,7,0.0483,31,0.2138,0,,1,0.0069,0,0.0,3,0.0207,2,0.0138,3,0.0207,9,0.0621,21,0.1448,1,0.0069,6,0.0414,32,0.2207,4,0.0276,15,0.1034,1,0.0069,1,0.0069,2,0.0138,0,
1813,6,Novo mesto,2,Novo mesto 1,2,"DOL.TOPLICE,SOKOLSKI TRG 4-KULTURNO KONGR. CENTER",1092.0,821,0.7518,821,816,5,1.0,5,0.0061,4,0.0049,21,0.0257,271,0.3321,0,,51,0.0625,1,0.0012,31,0.038,10,0.0123,18,0.0221,47,0.0576,61,0.0748,14,0.0172,21,0.0257,149,0.1826,23,0.0282,57,0.0699,19,0.0233,7,0.0086,6,0.0074,0,
1814,6,Novo mesto,2,Novo mesto 1,36,DOLENJA BREZOVICA 1 - GORIŠEK BOŽENA,335.0,263,0.7851,263,262,1,1.0,3,0.0115,2,0.0076,8,0.0305,74,0.2824,0,,9,0.0344,0,0.0,11,0.042,1,0.0038,7,0.0267,12,0.0458,23,0.0878,5,0.0191,4,0.0153,73,0.2786,7,0.0267,18,0.0687,5,0.0191,0,0.0,0,0.0,0,
1815,6,Novo mesto,2,Novo mesto 1,37,DOLENJA STARA VAS 43 - GASILSKI DOM,351.0,270,0.7692,270,267,3,1.0,7,0.0262,2,0.0075,10,0.0375,59,0.221,0,,6,0.0225,1,0.0037,15,0.0562,1,0.0037,3,0.0112,5,0.0187,31,0.1161,4,0.015,5,0.0187,83,0.3109,10,0.0375,13,0.0487,6,0.0225,5,0.0187,1,0.0037,0,
1816,6,Novo mesto,2,Novo mesto 1,38,DOLENJE MOKRO POLJE 4 - GASILSKI DOM,304.0,239,0.7862,239,234,5,1.0,1,0.0043,3,0.0128,3,0.0128,56,0.2393,0,,5,0.0214,3,0.0128,1,0.0043,8,0.0342,4,0.0171,3,0.0128,39,0.1667,0,0.0,9,0.0385,75,0.3205,5,0.0214,12,0.0513,0,0.0,7,0.0299,0,0.0,0,
1817,6,Novo mesto,2,Novo mesto 1,6,DOLENJE SUŠICE - VAŠKI DOM,422.0,291,0.6896,291,285,6,1.0,0,0.0,3,0.0105,17,0.0596,70,0.2456,0,,8,0.0281,2,0.007,15,0.0526,6,0.0211,5,0.0175,15,0.0526,32,0.1123,4,0.014,12,0.0421,63,0.2211,9,0.0316,10,0.0351,7,0.0246,5,0.0175,2,0.007,0,
1818,6,Novo mesto,2,Novo mesto 1,39,DOLENJI MAHAROVEC 19 - GASILSKI DOM,335.0,246,0.7343,246,244,2,1.0,0,0.0,1,0.0041,4,0.0164,53,0.2172,0,,8,0.0328,1,0.0041,4,0.0164,8,0.0328,8,0.0328,0,0.0,20,0.082,4,0.0164,16,0.0656,98,0.4016,5,0.0205,6,0.0246,6,0.0246,2,0.0082,0,0.0,0,
1819,6,Novo mesto,2,Novo mesto 1,54,DOLNJI AJDOVEC 21 - GASILSKI DOM,437.0,306,0.7002,306,305,1,1.0,3,0.0098,0,0.0,8,0.0262,38,0.1246,0,,7,0.023,0,0.0,5,0.0164,8,0.0262,6,0.0197,10,0.0328,38,0.1246,2,0.0066,6,0.0197,156,0.5115,6,0.0197,8,0.0262,1,0.0033,1,0.0033,2,0.0066,0,
1820,6,Novo mesto,2,Novo mesto 1,3,"DOLŽ, LIPNICA 5 - GASILSKI DOM",493.0,350,0.7099,350,343,7,1.0,6,0.0175,0,0.0,15,0.0437,63,0.1837,0,,7,0.0204,0,0.0,4,0.0117,17,0.0496,6,0.0175,7,0.0204,28,0.0816,3,0.0087,15,0.0437,148,0.4315,7,0.0204,10,0.0292,2,0.0058,5,0.0146,0,0.0,0,
1821,6,Novo mesto,2,Novo mesto 1,33,DRČA 1 - KARTUZIJA PLETERJE,215.0,153,0.7116,153,149,4,1.0,1,0.0067,0,0.0,6,0.0403,30,0.2013,0,,8,0.0537,0,0.0,3,0.0201,3,0.0201,1,0.0067,2,0.0134,14,0.094,0,0.0,5,0.0336,58,0.3893,2,0.0134,6,0.0403,3,0.0201,5,0.0336,2,0.0134,0,
1822,6,Novo mesto,2,Novo mesto 1,59,"DVOR, PODRUŽNIČNA ŠOLA DVOR - AVLA NOVE STAVBE",1047.0,779,0.744,779,774,5,1.0,9,0.0116,5,0.0065,18,0.0233,143,0.1848,0,,11,0.0142,2,0.0026,30,0.0388,12,0.0155,17,0.022,9,0.0116,76,0.0982,9,0.0116,17,0.022,339,0.438,19,0.0245,29,0.0375,15,0.0194,11,0.0142,3,0.0039,0,
1823,6,Novo mesto,2,Novo mesto 1,5,"GABRJE, GOMILE 10 - KULTURNI DOM",551.0,365,0.6624,365,360,5,1.0,11,0.0306,0,0.0,15,0.0417,96,0.2667,0,,4,0.0111,1,0.0028,18,0.05,4,0.0111,12,0.0333,7,0.0194,15,0.0417,9,0.025,17,0.0472,107,0.2972,9,0.025,26,0.0722,5,0.0139,3,0.0083,1,0.0028,0,
1824,6,Novo mesto,2,Novo mesto 1,40,GORENJA GOMILA 5 - TAJČMAN MARIJA,183.0,145,0.7923,145,144,1,1.0,2,0.0139,0,0.0,2,0.0139,43,0.2986,0,,0,0.0,1,0.0069,4,0.0278,0,0.0,7,0.0486,1,0.0069,30,0.2083,0,0.0,5,0.0347,39,0.2708,1,0.0069,5,0.0347,1,0.0069,3,0.0208,0,0.0,0,
1825,6,Novo mesto,2,Novo mesto 1,41,GORENJA STARA VAS 21 - GASILSKI DOM,154.0,100,0.6494,100,97,3,1.0,1,0.0103,0,0.0,1,0.0103,28,0.2887,0,,5,0.0515,1,0.0103,2,0.0206,3,0.0309,1,0.0103,5,0.0515,6,0.0619,1,0.0103,2,0.0206,33,0.3402,3,0.0309,2,0.0206,0,0.0,1,0.0103,2,0.0206,0,
1826,6,Novo mesto,2,Novo mesto 1,42,GORENJE VRHPOLJE - GASILSKI DOM,515.0,374,0.7262,374,373,1,1.0,5,0.0134,1,0.0027,14,0.0375,109,0.2922,0,,5,0.0134,2,0.0054,7,0.0188,1,0.0027,3,0.008,4,0.0107,30,0.0804,4,0.0107,17,0.0456,103,0.2761,13,0.0349,49,0.1314,4,0.0107,2,0.0054,0,0.0,0,
1827,6,Novo mesto,2,Novo mesto 1,16,GORENJI GLOBODOL 38 - GASILSKI DOM,173.0,133,0.7688,133,132,1,1.0,1,0.0076,0,0.0,3,0.0227,12,0.0909,0,,1,0.0076,0,0.0,4,0.0303,1,0.0076,0,0.0,2,0.0152,18,0.1364,1,0.0076,13,0.0985,63,0.4773,2,0.0152,6,0.0455,3,0.0227,2,0.0152,0,0.0,0,
1828,6,Novo mesto,2,Novo mesto 1,43,GROBLJE PRI PREKOPI - GASILSKI DOM,461.0,317,0.6876,317,312,5,1.0,5,0.016,0,0.0,15,0.0481,49,0.1571,0,,3,0.0096,1,0.0032,11,0.0353,7,0.0224,5,0.016,11,0.0353,36,0.1154,3,0.0096,12,0.0385,120,0.3846,13,0.0417,13,0.0417,5,0.016,1,0.0032,2,0.0064,0,
1829,6,Novo mesto,2,Novo mesto 1,55,HINJE 38 - GASILSKI DOM,154.0,98,0.6364,98,98,0,1.0,1,0.0102,0,0.0,1,0.0102,11,0.1122,0,,1,0.0102,0,0.0,2,0.0204,1,0.0102,0,0.0,0,0.0,26,0.2653,0,0.0,2,0.0204,47,0.4796,0,0.0,2,0.0204,0,0.0,4,0.0408,0,0.0,0,
1830,6,Novo mesto,2,Novo mesto 1,7,HRUŠICA - KLETNI PROSTORI KRAJEVNE SKUPNOSTI,191.0,118,0.6178,118,116,2,1.0,1,0.0086,0,0.0,5,0.0431,17,0.1466,0,,2,0.0172,0,0.0,7,0.0603,0,0.0,1,0.0086,0,0.0,9,0.0776,1,0.0086,2,0.0172,60,0.5172,1,0.0086,5,0.0431,4,0.0345,0,0.0,1,0.0086,0,
1831,6,Novo mesto,2,Novo mesto 1,15,JABLAN 20 - GASILSKI DOM,393.0,294,0.7481,294,288,6,1.0,3,0.0104,0,0.0,7,0.0243,72,0.25,0,,5,0.0174,0,0.0,8,0.0278,11,0.0382,4,0.0139,1,0.0035,37,0.1285,1,0.0035,15,0.0521,107,0.3715,2,0.0069,7,0.0243,6,0.0208,2,0.0069,0,0.0,0,
1832,6,Novo mesto,2,Novo mesto 1,9,MALI PODLJUBEN - GASILSKI DOM,168.0,127,0.756,127,127,0,1.0,2,0.0157,0,0.0,4,0.0315,21,0.1654,0,,2,0.0157,0,0.0,2,0.0157,9,0.0709,0,0.0,10,0.0787,11,0.0866,1,0.0079,6,0.0472,42,0.3307,6,0.0472,5,0.0394,3,0.0236,3,0.0236,0,0.0,0,
1833,6,Novo mesto,2,Novo mesto 1,14,"MIRNA PEČ, POSTAJA 1 - OSNOVNA ŠOLA TONETA PAVČKA",897.0,655,0.7302,655,648,7,1.0,2,0.0031,1,0.0015,24,0.037,147,0.2269,0,,14,0.0216,1,0.0015,23,0.0355,9,0.0139,11,0.017,7,0.0108,59,0.091,13,0.0201,60,0.0926,223,0.3441,7,0.0108,26,0.0401,7,0.0108,8,0.0123,6,0.0093,0,
1834,6,Novo mesto,2,Novo mesto 1,13,"MIRNA PEČ, TRG 8 - MUZEJ L. SLAKA IN T. PAVČKA",978.0,683,0.6984,683,673,10,1.0,9,0.0134,0,0.0,23,0.0342,167,0.2481,0,,18,0.0267,0,0.0,34,0.0505,9,0.0134,9,0.0134,16,0.0238,62,0.0921,4,0.0059,35,0.052,234,0.3477,10,0.0149,28,0.0416,7,0.0104,8,0.0119,0,0.0,0,
1835,6,Novo mesto,2,Novo mesto 1,46,MRŠEČA VAS 1 - MIZARSTVO CVELBAR,174.0,126,0.7241,126,126,0,1.0,1,0.0079,0,0.0,2,0.0159,15,0.119,0,,3,0.0238,1,0.0079,5,0.0397,1,0.0079,5,0.0397,4,0.0317,16,0.127,4,0.0317,3,0.0238,53,0.4206,5,0.0397,6,0.0476,1,0.0079,0,0.0,1,0.0079,0,
1836,6,Novo mesto,2,Novo mesto 1,44,OREHOVICA 57 - GASILSKI DOM,461.0,339,0.7354,339,334,5,1.0,10,0.0299,2,0.006,9,0.0269,80,0.2395,0,,7,0.021,5,0.015,18,0.0539,3,0.009,3,0.009,11,0.0329,22,0.0659,10,0.0299,14,0.0419,90,0.2695,12,0.0359,30,0.0898,5,0.015,1,0.003,2,0.006,0,
1837,6,Novo mesto,2,Novo mesto 1,10,OREŠJE -  GASILSKI DOM,212.0,155,0.7311,155,154,1,1.0,2,0.013,0,0.0,8,0.0519,43,0.2792,0,,3,0.0195,1,0.0065,8,0.0519,7,0.0455,1,0.0065,3,0.0195,11,0.0714,3,0.0195,5,0.0325,42,0.2727,1,0.0065,9,0.0584,5,0.0325,0,0.0,2,0.013,0,
1838,6,Novo mesto,2,Novo mesto 1,18,PODGRAD 38 - GASILSKI DOM,750.0,554,0.7387,554,546,8,1.0,9,0.0165,1,0.0018,28,0.0513,76,0.1392,0,,13,0.0238,2,0.0037,15,0.0275,12,0.022,6,0.011,8,0.0147,56,0.1026,0,0.0,8,0.0147,256,0.4689,17,0.0311,28,0.0513,3,0.0055,6,0.011,2,0.0037,0,
1839,6,Novo mesto,2,Novo mesto 1,19,PODHOSTA - PROSVETNI DOM,594.0,454,0.7643,454,449,5,1.0,3,0.0067,1,0.0022,11,0.0245,105,0.2339,0,,9,0.02,1,0.0022,19,0.0423,10,0.0223,4,0.0089,17,0.0379,46,0.1024,4,0.0089,8,0.0178,160,0.3563,10,0.0223,27,0.0601,8,0.0178,3,0.0067,3,0.0067,0,
1840,6,Novo mesto,2,Novo mesto 1,20,PODTURN PRI DOLENJSKIH TOPLICAH 12 - GASILSKI DOM,496.0,361,0.7278,361,352,9,1.0,5,0.0142,3,0.0085,8,0.0227,90,0.2557,0,,8,0.0227,0,0.0,21,0.0597,23,0.0653,10,0.0284,8,0.0227,17,0.0483,6,0.017,9,0.0256,94,0.267,7,0.0199,26,0.0739,8,0.0227,5,0.0142,4,0.0114,0,
1841,6,Novo mesto,2,Novo mesto 1,56,PREVOLE 32 - OSNOVNA ŠOLA,100.0,65,0.65,65,65,0,1.0,1,0.0154,0,0.0,0,0.0,8,0.1231,0,,2,0.0308,0,0.0,1,0.0154,1,0.0154,1,0.0154,0,0.0,17,0.2615,0,0.0,2,0.0308,28,0.4308,0,0.0,2,0.0308,0,0.0,1,0.0154,1,0.0154,0,
1842,6,Novo mesto,2,Novo mesto 1,22,RATEŽ - GASILSKI DOM,436.0,318,0.7294,318,314,4,1.0,5,0.0159,0,0.0,13,0.0414,111,0.3535,0,,3,0.0096,0,0.0,37,0.1178,7,0.0223,0,0.0,6,0.0191,17,0.0541,2,0.0064,17,0.0541,62,0.1975,12,0.0382,15,0.0478,3,0.0096,1,0.0032,3,0.0096,0,
1843,6,Novo mesto,2,Novo mesto 1,50,REBER - GASILSKI DOM,124.0,94,0.7581,94,92,2,1.0,1,0.0109,0,0.0,5,0.0543,13,0.1413,0,,2,0.0217,0,0.0,4,0.0435,0,0.0,0,0.0,1,0.0109,13,0.1413,0,0.0,2,0.0217,45,0.4891,2,0.0217,1,0.0109,2,0.0217,1,0.0109,0,0.0,0,
1844,6,Novo mesto,2,Novo mesto 1,45,ROJE 12 - ANDREJ TURK,280.0,163,0.5821,163,161,2,1.0,1,0.0062,0,0.0,9,0.0559,25,0.1553,0,,5,0.0311,0,0.0,3,0.0186,2,0.0124,4,0.0248,9,0.0559,13,0.0807,2,0.0124,9,0.0559,60,0.3727,6,0.0373,10,0.0621,1,0.0062,1,0.0062,1,0.0062,0,
1845,6,Novo mesto,2,Novo mesto 1,57,SELA PRI HINJAH 11 - EDO ŠKUFCA,156.0,90,0.5769,90,87,3,1.0,0,0.0,0,0.0,2,0.023,15,0.1724,0,,2,0.023,0,0.0,0,0.0,0,0.0,0,0.0,2,0.023,14,0.1609,1,0.0115,0,0.0,44,0.5057,2,0.023,2,0.023,1,0.0115,1,0.0115,1,0.0115,0,
1846,6,Novo mesto,2,Novo mesto 1,24,SOTESKA 38 - GASILSKI DOM,210.0,144,0.6857,144,142,2,1.0,3,0.0211,0,0.0,6,0.0423,36,0.2535,0,,2,0.0141,0,0.0,8,0.0563,4,0.0282,1,0.007,11,0.0775,3,0.0211,6,0.0423,6,0.0423,31,0.2183,4,0.0282,17,0.1197,3,0.0211,1,0.007,0,0.0,0,
1847,6,Novo mesto,2,Novo mesto 1,25,STOPIČE 3 - GASILSKI DOM,1371.0,956,0.6973,956,948,8,1.0,4,0.0042,3,0.0032,39,0.0411,215,0.2268,0,,23,0.0243,6,0.0063,36,0.038,23,0.0243,14,0.0148,19,0.02,93,0.0981,4,0.0042,33,0.0348,360,0.3797,14,0.0148,32,0.0338,14,0.0148,11,0.0116,5,0.0053,0,
1848,6,Novo mesto,2,Novo mesto 1,26,STRANSKA VAS 70 - GASILSKI DOM,564.0,404,0.7163,404,399,5,1.0,4,0.01,1,0.0025,11,0.0276,111,0.2782,0,,10,0.0251,0,0.0,12,0.0301,8,0.0201,2,0.005,13,0.0326,45,0.1128,9,0.0226,10,0.0251,121,0.3033,7,0.0175,13,0.0326,12,0.0301,10,0.0251,0,0.0,0,
1849,6,Novo mesto,2,Novo mesto 1,49,"ŠENTJERNEJ, TRUBARJEVA C. 13- KC PRIMOŽA TRUBARJA",617.0,441,0.7147,441,440,1,1.0,6,0.0136,1,0.0023,13,0.0295,133,0.3023,0,,15,0.0341,12,0.0273,17,0.0386,2,0.0045,7,0.0159,14,0.0318,29,0.0659,7,0.0159,11,0.025,115,0.2614,7,0.0159,36,0.0818,12,0.0273,3,0.0068,0,0.0,0,
1850,6,Novo mesto,2,Novo mesto 1,48,"ŠENTJERNEJ,PRVOMAJSKA CESTA 9 - OSNOVNA ŠOLA",638.0,500,0.7837,500,495,5,1.0,3,0.0061,0,0.0,13,0.0263,165,0.3333,0,,4,0.0081,0,0.0,21,0.0424,3,0.0061,12,0.0242,12,0.0242,38,0.0768,8,0.0162,10,0.0202,149,0.301,8,0.0162,29,0.0586,12,0.0242,6,0.0121,2,0.004,0,
1851,6,Novo mesto,2,Novo mesto 1,8,ŠMARJETA 66 - DVORANA KULTURNEGA DOMA,1433.0,972,0.6783,972,962,10,1.0,10,0.0104,0,0.0,23,0.0239,292,0.3035,0,,24,0.0249,2,0.0021,30,0.0312,14,0.0146,11,0.0114,29,0.0301,101,0.105,10,0.0104,20,0.0208,280,0.2911,26,0.027,46,0.0478,33,0.0343,7,0.0073,4,0.0042,0,
1852,6,Novo mesto,2,Novo mesto 1,53,ŠMIHEL PRI ŽUŽEMBERKU 38 - GASILSKI DOM,384.0,262,0.6823,262,257,5,1.0,1,0.0039,0,0.0,11,0.0428,41,0.1595,0,,9,0.035,2,0.0078,8,0.0311,4,0.0156,1,0.0039,1,0.0039,31,0.1206,2,0.0078,5,0.0195,120,0.4669,12,0.0467,4,0.0156,5,0.0195,0,0.0,0,0.0,0,
1853,6,Novo mesto,2,Novo mesto 1,29,"URŠNA SELA, VAŠKA CESTA 4 - ZADRUŽNI DOM",583.0,420,0.7204,420,417,3,1.0,7,0.0168,1,0.0024,13,0.0312,146,0.3501,0,,6,0.0144,1,0.0024,21,0.0504,8,0.0192,10,0.024,34,0.0815,28,0.0671,6,0.0144,8,0.0192,83,0.199,7,0.0168,24,0.0576,12,0.0288,0,0.0,2,0.0048,0,
1854,6,Novo mesto,2,Novo mesto 1,31,VELIKE BRUSNICE 101- OSNOVNA ŠOLA,685.0,501,0.7314,501,492,9,1.0,6,0.0122,0,0.0,24,0.0488,159,0.3232,0,,5,0.0102,1,0.002,13,0.0264,2,0.0041,8,0.0163,6,0.0122,51,0.1037,3,0.0061,31,0.063,136,0.2764,10,0.0203,20,0.0407,8,0.0163,8,0.0163,1,0.002,0,
1855,6,Novo mesto,2,Novo mesto 1,52,VELIKO LIPJE - DOM KRAJANOV,122.0,80,0.6557,80,75,5,1.0,0,0.0,0,0.0,1,0.0133,8,0.1067,0,,2,0.0267,0,0.0,4,0.0533,0,0.0,1,0.0133,3,0.04,10,0.1333,0,0.0,1,0.0133,44,0.5867,0,0.0,1,0.0133,0,0.0,0,0.0,0,0.0,0,
1856,6,Novo mesto,2,Novo mesto 1,51,VRH PRI KRIŽU 17 - GASILSKI DOM,110.0,86,0.7818,86,86,0,1.0,0,0.0,0,0.0,2,0.0233,15,0.1744,0,,1,0.0116,0,0.0,5,0.0581,2,0.0233,1,0.0116,0,0.0,21,0.2442,1,0.0116,1,0.0116,29,0.3372,1,0.0116,2,0.0233,4,0.0465,0,0.0,1,0.0116,0,
1857,6,Novo mesto,2,Novo mesto 1,35,VRH PRI ŠENTJERNEJU 5 - KARLOVČEK D.O.O.,489.0,380,0.7771,379,379,0,1.0,3,0.0079,2,0.0053,12,0.0317,88,0.2322,0,,6,0.0158,0,0.0,9,0.0237,4,0.0106,9,0.0237,16,0.0422,36,0.095,6,0.0158,15,0.0396,144,0.3799,3,0.0079,17,0.0449,4,0.0106,5,0.0132,0,0.0,0,
1858,6,Novo mesto,2,Novo mesto 1,12,ZBURE 29A - GASILSKI DOM,279.0,197,0.7061,197,194,3,1.0,3,0.0155,2,0.0103,8,0.0412,53,0.2732,0,,7,0.0361,3,0.0155,4,0.0206,12,0.0619,2,0.0103,0,0.0,14,0.0722,1,0.0052,3,0.0155,67,0.3454,5,0.0258,2,0.0103,3,0.0155,4,0.0206,1,0.0052,0,
1859,6,Novo mesto,2,Novo mesto 1,32,"ŽUŽEMBERK, BARAGOVA CESTA 1 - OSNOVNA ŠOLA - AVLA",1034.0,791,0.765,791,785,6,1.0,4,0.0051,3,0.0038,12,0.0153,165,0.2102,0,,21,0.0268,3,0.0038,42,0.0535,10,0.0127,11,0.014,5,0.0064,72,0.0917,9,0.0115,16,0.0204,320,0.4076,20,0.0255,47,0.0599,10,0.0127,6,0.0076,9,0.0115,0,
1860,6,Novo mesto,2,Novo mesto 1,58,ŽVIRČE - GASILSKI DOM,101.0,67,0.6634,67,67,0,1.0,0,0.0,1,0.0149,1,0.0149,6,0.0896,0,,0,0.0,0,0.0,1,0.0149,0,0.0,1,0.0149,0,0.0,8,0.1194,0,0.0,2,0.0299,41,0.6119,1,0.0149,1,0.0149,0,0.0,0,0.0,4,0.0597,0,
1861,6,Novo mesto,2,Novo mesto 1,901,PREDČASNO GLASOVANJE,,565,,565,562,3,1.0,2,0.0036,0,0.0,14,0.0249,179,0.3185,0,,20,0.0356,0,0.0,22,0.0391,10,0.0178,12,0.0214,26,0.0463,51,0.0907,5,0.0089,12,0.0214,123,0.2189,7,0.0125,44,0.0783,21,0.0374,11,0.0196,3,0.0053,0,
1862,6,Novo mesto,3,Novo mesto 2,2,DOLENJE KARTELJEVO - STARA OŠ,229.0,174,0.7598,174,169,5,1.0,16,0.0947,0,0.0,2,0.0118,24,0.142,0,,3,0.0178,0,0.0,6,0.0355,0,0.0,3,0.0178,1,0.0059,12,0.071,0,0.0,3,0.0178,78,0.4615,3,0.0178,14,0.0828,3,0.0178,0,0.0,1,0.0059,0,
1863,6,Novo mesto,3,Novo mesto 2,8,"DOM KRAJANOV KS GOTNA VAS, JEDINŠČICA 58",863.0,602,0.6976,602,599,3,1.0,5,0.0083,0,0.0,5,0.0083,223,0.3723,0,,28,0.0467,2,0.0033,17,0.0284,2,0.0033,6,0.01,20,0.0334,59,0.0985,13,0.0217,13,0.0217,148,0.2471,2,0.0033,29,0.0484,19,0.0317,4,0.0067,4,0.0067,0,
1864,6,Novo mesto,3,Novo mesto 2,26,DRGANJA SELA - MLADINSKI DOM,214.0,153,0.715,153,151,2,1.0,0,0.0,1,0.0066,0,0.0,52,0.3444,0,,3,0.0199,0,0.0,4,0.0265,2,0.0132,2,0.0132,4,0.0265,24,0.1589,0,0.0,1,0.0066,41,0.2715,6,0.0397,4,0.0265,6,0.0397,0,0.0,1,0.0066,0,
1865,6,Novo mesto,3,Novo mesto 2,6,GORENJE KAMENCE 9 - JANEZ MIKLIČ,252.0,188,0.746,188,188,0,1.0,1,0.0053,0,0.0,4,0.0213,45,0.2394,0,,2,0.0106,0,0.0,2,0.0106,0,0.0,7,0.0372,2,0.0106,32,0.1702,3,0.016,5,0.0266,75,0.3989,2,0.0106,5,0.0266,1,0.0053,2,0.0106,0,0.0,0,
1866,6,Novo mesto,3,Novo mesto 2,10,KRIŽE 27 - GASILSKI DOM,376.0,280,0.7447,280,276,4,1.0,8,0.029,0,0.0,20,0.0725,75,0.2717,0,,5,0.0181,2,0.0072,15,0.0543,7,0.0254,4,0.0145,5,0.0181,18,0.0652,2,0.0072,11,0.0399,76,0.2754,3,0.0109,13,0.0471,6,0.0217,4,0.0145,2,0.0072,0,
1867,6,Novo mesto,3,Novo mesto 2,9,MALI SLATNIK 7 - OSNOVNA ŠOLA,1159.0,864,0.7455,864,856,8,1.0,15,0.0175,0,0.0,16,0.0187,320,0.3738,0,,23,0.0269,2,0.0023,21,0.0245,11,0.0129,15,0.0175,16,0.0187,92,0.1075,14,0.0164,17,0.0199,215,0.2512,14,0.0164,41,0.0479,11,0.0129,13,0.0152,0,0.0,0,
1868,6,Novo mesto,3,Novo mesto 2,29,NA ŽAGO 4 - KULTURNI DOM STRAŽA,1106.0,775,0.7007,775,766,9,1.0,16,0.0209,3,0.0039,17,0.0222,300,0.3916,0,,31,0.0405,1,0.0013,35,0.0457,6,0.0078,18,0.0235,20,0.0261,41,0.0535,15,0.0196,30,0.0392,130,0.1697,14,0.0183,41,0.0535,34,0.0444,12,0.0157,2,0.0026,0,
1869,6,Novo mesto,3,Novo mesto 2,22,"NM, ŠENTJERNEJSKA C. 10-DOM KRAJANOV KS ŽABJA VAS",1121.0,783,0.6985,783,775,8,1.0,8,0.0103,1,0.0013,14,0.0181,285,0.3677,0,,38,0.049,3,0.0039,27,0.0348,6,0.0077,4,0.0052,23,0.0297,67,0.0865,15,0.0194,11,0.0142,169,0.2181,12,0.0155,55,0.071,18,0.0232,13,0.0168,6,0.0077,0,
1870,6,Novo mesto,3,Novo mesto 2,35,"NOVO MESTO, BAJČEVA ULICA 20 -GASILSKI DOM ŠMIHEL",1240.0,833,0.6718,833,822,11,1.0,11,0.0134,1,0.0012,11,0.0134,291,0.354,0,,40,0.0487,3,0.0036,25,0.0304,5,0.0061,25,0.0304,13,0.0158,90,0.1095,13,0.0158,21,0.0255,158,0.1922,13,0.0158,55,0.0669,30,0.0365,15,0.0182,2,0.0024,0,
1871,6,Novo mesto,3,Novo mesto 2,24,"NOVO MESTO, BRŠLJIN 37 - GOSTILNA GEDŽO",492.0,349,0.7093,349,345,4,1.0,7,0.0203,1,0.0029,12,0.0348,130,0.3768,0,,7,0.0203,0,0.0,10,0.029,2,0.0058,15,0.0435,5,0.0145,44,0.1275,3,0.0087,13,0.0377,62,0.1797,3,0.0087,26,0.0754,3,0.0087,2,0.0058,0,0.0,0,
1872,6,Novo mesto,3,Novo mesto 2,14,"NOVO MESTO, DEFRANCESCHIJEVA UL.1 -PROSTORI UE NM",590.0,326,0.5525,326,325,1,1.0,6,0.0185,0,0.0,14,0.0431,133,0.4092,0,,19,0.0585,0,0.0,6,0.0185,2,0.0062,7,0.0215,12,0.0369,35,0.1077,5,0.0154,6,0.0185,49,0.1508,4,0.0123,5,0.0154,10,0.0308,9,0.0277,3,0.0092,0,
1873,6,Novo mesto,3,Novo mesto 2,13,"NOVO MESTO, DOLENJE KAMENCE - GASILSKI DOM",1193.0,856,0.7175,856,846,10,1.0,4,0.0047,3,0.0035,9,0.0106,273,0.3227,0,,11,0.013,0,0.0,17,0.0201,8,0.0095,21,0.0248,12,0.0142,103,0.1217,12,0.0142,33,0.039,266,0.3144,10,0.0118,35,0.0414,15,0.0177,10,0.0118,4,0.0047,0,
1874,6,Novo mesto,3,Novo mesto 2,1,"NOVO MESTO, KANDIJSKA CESTA 5 - ""VAGON""",380.0,271,0.7132,271,270,1,1.0,4,0.0148,2,0.0074,3,0.0111,115,0.4259,0,,14,0.0519,0,0.0,9,0.0333,1,0.0037,0,0.0,6,0.0222,20,0.0741,1,0.0037,2,0.0074,56,0.2074,2,0.0074,19,0.0704,10,0.037,4,0.0148,2,0.0074,0,
1875,6,Novo mesto,3,Novo mesto 2,17,"NOVO MESTO, KOČEVARJEVA ULICA 40 - OSNOVNA ŠOLA",1082.0,721,0.6664,721,714,7,1.0,15,0.021,0,0.0,22,0.0308,307,0.43,0,,21,0.0294,0,0.0,21,0.0294,6,0.0084,20,0.028,10,0.014,41,0.0574,9,0.0126,9,0.0126,136,0.1905,13,0.0182,52,0.0728,18,0.0252,11,0.0154,3,0.0042,0,
1876,6,Novo mesto,3,Novo mesto 2,18,"NOVO MESTO, RAGOVSKA ULICA 18 - VRTEC",1364.0,913,0.6694,912,903,9,1.0,30,0.0332,5,0.0055,21,0.0233,382,0.423,0,,51,0.0565,0,0.0,35,0.0388,6,0.0066,13,0.0144,22,0.0244,57,0.0631,17,0.0188,13,0.0144,131,0.1451,11,0.0122,56,0.062,40,0.0443,11,0.0122,2,0.0022,0,
1877,6,Novo mesto,3,Novo mesto 2,11,"NOVO MESTO, REGRČA VAS -  DOM KRAJANOV",788.0,599,0.7602,599,593,6,1.0,6,0.0101,4,0.0067,23,0.0388,224,0.3777,0,,7,0.0118,0,0.0,20,0.0337,4,0.0067,26,0.0438,16,0.027,80,0.1349,9,0.0152,15,0.0253,89,0.1501,13,0.0219,38,0.0641,9,0.0152,7,0.0118,3,0.0051,0,
1878,6,Novo mesto,3,Novo mesto 2,19,"NOVO MESTO, SEIDLOVA CESTA - DRUŽBENI CENTER",1224.0,834,0.6814,834,829,5,1.0,6,0.0072,2,0.0024,19,0.0229,301,0.3631,0,,30,0.0362,3,0.0036,34,0.041,5,0.006,15,0.0181,27,0.0326,95,0.1146,3,0.0036,14,0.0169,170,0.2051,7,0.0084,49,0.0591,27,0.0326,18,0.0217,4,0.0048,0,
1879,6,Novo mesto,3,Novo mesto 2,20,"NOVO MESTO, SEIDLOVA CESTA 9-GIMNAZIJA NOVO MESTO",833.0,536,0.6435,536,532,4,1.0,5,0.0094,0,0.0,12,0.0226,221,0.4154,0,,24,0.0451,0,0.0,24,0.0451,2,0.0038,9,0.0169,14,0.0263,45,0.0846,6,0.0113,7,0.0132,100,0.188,6,0.0113,32,0.0602,19,0.0357,5,0.0094,1,0.0019,0,
1880,6,Novo mesto,3,Novo mesto 2,4,"NOVO MESTO, ŠEGOVA ULICA 22 - VRTEC",2052.0,1401,0.6827,1401,1385,16,1.0,26,0.0188,0,0.0,32,0.0231,496,0.3581,0,,67,0.0484,1,0.0007,62,0.0448,10,0.0072,33,0.0238,50,0.0361,118,0.0852,22,0.0159,20,0.0144,281,0.2029,27,0.0195,82,0.0592,39,0.0282,10,0.0072,9,0.0065,0,
1881,6,Novo mesto,3,Novo mesto 2,23,"NOVO MESTO, TRDINOVA ULICA 7 - OSNOVNA ŠOLA GRM",1707.0,1112,0.6514,1112,1104,8,1.0,22,0.0199,1,0.0009,33,0.0299,442,0.4004,0,,54,0.0489,5,0.0045,40,0.0362,5,0.0045,32,0.029,35,0.0317,77,0.0697,18,0.0163,12,0.0109,167,0.1513,8,0.0072,88,0.0797,42,0.038,15,0.0136,8,0.0072,0,
1882,6,Novo mesto,3,Novo mesto 2,5,"NOVO MESTO, ULICA SLAVKA GRUMA 9 - PROSTORI KS",1096.0,731,0.667,731,724,7,1.0,12,0.0166,3,0.0041,20,0.0276,312,0.4309,0,,42,0.058,4,0.0055,33,0.0456,8,0.011,26,0.0359,22,0.0304,36,0.0497,16,0.0221,8,0.011,88,0.1215,7,0.0097,50,0.0691,25,0.0345,8,0.011,4,0.0055,0,
1883,6,Novo mesto,3,Novo mesto 2,25,"NOVO MESTO, VRTEC ŽABJAK",315.0,23,0.073,23,23,0,1.0,0,0.0,0,0.0,0,0.0,4,0.1739,0,,0,0.0,0,0.0,0,0.0,3,0.1304,1,0.0435,0,0.0,3,0.1304,0,0.0,0,0.0,12,0.5217,0,0.0,0,0.0,0,0.0,0,0.0,0,0.0,0,
1884,6,Novo mesto,3,Novo mesto 2,12,NOVOMEŠKA CESTA 1 - GASILSKI DOM,589.0,405,0.6876,405,400,5,1.0,5,0.0125,0,0.0,16,0.04,115,0.2875,0,,5,0.0125,1,0.0025,10,0.025,7,0.0175,10,0.025,10,0.025,49,0.1225,5,0.0125,12,0.03,100,0.25,19,0.0475,24,0.06,12,0.03,0,0.0,0,0.0,0,
1885,6,Novo mesto,3,Novo mesto 2,27,"OTOČEC, ŠENTPETER - GASILSKI DOM",1498.0,1093,0.7296,1093,1085,8,1.0,10,0.0092,4,0.0037,29,0.0267,375,0.3456,0,,30,0.0276,4,0.0037,35,0.0323,18,0.0166,12,0.0111,35,0.0323,147,0.1355,20,0.0184,22,0.0203,235,0.2166,21,0.0194,56,0.0516,20,0.0184,7,0.0065,5,0.0046,0,
1886,6,Novo mesto,3,Novo mesto 2,28,PAHA 3 - MATJAŽEVA DOMAČIJA,305.0,213,0.6984,213,211,2,1.0,3,0.0142,0,0.0,10,0.0474,46,0.218,0,,5,0.0237,0,0.0,4,0.019,14,0.0664,1,0.0047,4,0.019,22,0.1043,0,0.0,0,0.0,72,0.3412,2,0.0095,19,0.09,5,0.0237,3,0.0142,1,0.0047,0,
1887,6,Novo mesto,3,Novo mesto 2,31,PRAPREČE 22 - MLADINSKI DOM,500.0,337,0.674,337,335,2,1.0,2,0.006,0,0.0,13,0.0388,104,0.3104,0,,12,0.0358,1,0.003,19,0.0567,3,0.009,3,0.009,13,0.0388,32,0.0955,8,0.0239,5,0.0149,77,0.2299,7,0.0209,12,0.0358,8,0.0239,5,0.0149,11,0.0328,0,
1888,6,Novo mesto,3,Novo mesto 2,30,PREČNA  8 - STARA OSNOVNA ŠOLA,799.0,562,0.7034,562,555,7,1.0,11,0.0198,2,0.0036,14,0.0252,187,0.3369,0,,15,0.027,3,0.0054,18,0.0324,2,0.0036,13,0.0234,17,0.0306,61,0.1099,7,0.0126,17,0.0306,128,0.2306,7,0.0126,32,0.0577,9,0.0162,9,0.0162,3,0.0054,0,
1889,6,Novo mesto,3,Novo mesto 2,33,RUMANJA VAS - MLADINSKI DOM,208.0,166,0.7981,166,165,1,1.0,4,0.0242,0,0.0,4,0.0242,39,0.2364,0,,7,0.0424,0,0.0,6,0.0364,2,0.0121,3,0.0182,2,0.0121,22,0.1333,5,0.0303,10,0.0606,39,0.2364,1,0.0061,16,0.097,2,0.0121,0,0.0,3,0.0182,0,
1890,6,Novo mesto,3,Novo mesto 2,32,VAVTA VAS 1 - OSNOVNA ŠOLA,446.0,318,0.713,317,313,4,1.0,4,0.0128,0,0.0,4,0.0128,119,0.3802,0,,8,0.0256,0,0.0,9,0.0288,1,0.0032,9,0.0288,5,0.016,28,0.0895,6,0.0192,12,0.0383,73,0.2332,4,0.0128,17,0.0543,10,0.0319,3,0.0096,1,0.0032,0,
1891,6,Novo mesto,3,Novo mesto 2,36,ŽDINJA VAS - GASILSKI DOM,305.0,225,0.7377,225,222,3,1.0,0,0.0,0,0.0,10,0.045,57,0.2568,0,,5,0.0225,1,0.0045,13,0.0586,2,0.009,7,0.0315,6,0.027,22,0.0991,2,0.009,11,0.0495,67,0.3018,3,0.0135,8,0.036,2,0.009,3,0.0135,3,0.0135,0,
1892,6,Novo mesto,3,Novo mesto 2,901,PREDČASNO GLASOVANJE,,1635,,1635,1626,9,1.0,19,0.0117,1,0.0006,36,0.0221,681,0.4188,0,,104,0.064,4,0.0025,62,0.0381,27,0.0166,26,0.016,57,0.0351,120,0.0738,18,0.0111,25,0.0154,228,0.1402,9,0.0055,116,0.0713,52,0.032,30,0.0185,11,0.0068,0,
1893,6,Novo mesto,4,Trebnje,40,"BREGAR JANEZ, STEHANJA VAS 14",117.0,78,0.6667,78,77,1,1.0,0,0.0,2,0.026,1,0.013,19,0.2468,0,,3,0.039,0,0.0,0,0.0,0,0.0,3,0.039,1,0.013,5,0.0649,0,0.0,10,0.1299,29,0.3766,0,0.0,4,0.0519,0,0.0,0,0.0,0,0.0,0,
1894,6,Novo mesto,4,Trebnje,41,DOM GASILCEV ZAGORICA,375.0,262,0.6987,262,254,8,1.0,2,0.0079,0,0.0,6,0.0236,50,0.1969,0,,3,0.0118,0,0.0,13,0.0512,4,0.0157,2,0.0079,1,0.0039,26,0.1024,3,0.0118,19,0.0748,112,0.4409,2,0.0079,1,0.0039,5,0.0197,3,0.0118,2,0.0079,0,
1895,6,Novo mesto,4,Trebnje,12,DOM PARTIZAN MIRNA,424.0,275,0.6486,275,266,9,1.0,3,0.0113,2,0.0075,10,0.0376,102,0.3835,0,,11,0.0414,0,0.0,26,0.0977,3,0.0113,4,0.015,4,0.015,16,0.0602,2,0.0075,6,0.0226,47,0.1767,3,0.0113,16,0.0602,7,0.0263,4,0.015,0,0.0,0,
1896,6,Novo mesto,4,Trebnje,36,"DOM STAREJŠIH OBČANOV, STARI TRG 63, TREBNJE",669.0,456,0.6816,456,455,1,1.0,4,0.0088,0,0.0,8,0.0176,132,0.2901,0,,10,0.022,0,0.0,26,0.0571,14,0.0308,4,0.0088,8,0.0176,29,0.0637,4,0.0088,22,0.0484,141,0.3099,2,0.0044,35,0.0769,11,0.0242,3,0.0066,2,0.0044,0,
1897,6,Novo mesto,4,Trebnje,34,"DVORANA STIK, GOLIEV TRG 1, TREBNJE I.",816.0,566,0.6936,566,564,2,1.0,5,0.0089,1,0.0018,18,0.0319,157,0.2784,0,,18,0.0319,1,0.0018,32,0.0567,11,0.0195,5,0.0089,3,0.0053,62,0.1099,9,0.016,25,0.0443,133,0.2358,6,0.0106,55,0.0975,11,0.0195,8,0.0142,4,0.0071,0,
1898,6,Novo mesto,4,Trebnje,35,"DVORANA STIK, GOLIEV TRG 1, TREBNJE II.",753.0,458,0.6082,458,455,3,1.0,8,0.0176,0,0.0,18,0.0396,172,0.378,0,,14,0.0308,1,0.0022,29,0.0637,6,0.0132,9,0.0198,6,0.0132,34,0.0747,7,0.0154,8,0.0176,83,0.1824,7,0.0154,34,0.0747,10,0.022,4,0.0088,5,0.011,0,
1899,6,Novo mesto,4,Trebnje,19,GASILNI DOM BELI GRIČ,266.0,210,0.7895,210,210,0,1.0,0,0.0,0,0.0,16,0.0762,53,0.2524,0,,11,0.0524,0,0.0,16,0.0762,4,0.019,4,0.019,4,0.019,14,0.0667,3,0.0143,9,0.0429,55,0.2619,4,0.019,12,0.0571,2,0.0095,1,0.0048,2,0.0095,0,
1900,6,Novo mesto,4,Trebnje,1,GASILNI DOM ČATEŽ,438.0,302,0.6895,302,293,9,1.0,2,0.0068,1,0.0034,12,0.041,71,0.2423,0,,11,0.0375,1,0.0034,6,0.0205,7,0.0239,3,0.0102,8,0.0273,25,0.0853,3,0.0102,25,0.0853,100,0.3413,4,0.0137,6,0.0205,4,0.0137,4,0.0137,0,0.0,0,
1901,6,Novo mesto,4,Trebnje,25,GASILNI DOM DOLENJE JESENICE,222.0,158,0.7117,158,157,1,1.0,1,0.0064,0,0.0,9,0.0573,40,0.2548,0,,0,0.0,1,0.0064,9,0.0573,1,0.0064,2,0.0127,1,0.0064,17,0.1083,1,0.0064,7,0.0446,43,0.2739,0,0.0,16,0.1019,6,0.0382,3,0.0191,0,0.0,0,
1902,6,Novo mesto,4,Trebnje,22,GASILNI DOM LOG,120.0,80,0.6667,80,77,3,1.0,2,0.026,0,0.0,0,0.0,7,0.0909,0,,0,0.0,1,0.013,4,0.0519,0,0.0,0,0.0,0,0.0,9,0.1169,1,0.013,5,0.0649,43,0.5584,3,0.039,1,0.013,1,0.013,0,0.0,0,0.0,0,
1903,6,Novo mesto,4,Trebnje,18,GASILNI DOM MOKRONOG,350.0,270,0.7714,270,267,3,1.0,3,0.0112,2,0.0075,14,0.0524,75,0.2809,0,,5,0.0187,1,0.0037,13,0.0487,6,0.0225,1,0.0037,5,0.0187,30,0.1124,2,0.0075,17,0.0637,68,0.2547,7,0.0262,9,0.0337,7,0.0262,2,0.0075,0,0.0,0,
1904,6,Novo mesto,4,Trebnje,20,GASILNI DOM RAČJE SELO,446.0,191,0.4283,191,191,0,1.0,1,0.0052,0,0.0,3,0.0157,51,0.267,0,,2,0.0105,0,0.0,5,0.0262,9,0.0471,2,0.0105,1,0.0052,16,0.0838,1,0.0052,29,0.1518,54,0.2827,5,0.0262,8,0.0419,2,0.0105,2,0.0105,0,0.0,0,
1905,6,Novo mesto,4,Trebnje,21,GASILNI DOM SELA ŠUMBERK,155.0,105,0.6774,105,103,2,1.0,1,0.0097,0,0.0,0,0.0,18,0.1748,0,,4,0.0388,0,0.0,5,0.0485,0,0.0,2,0.0194,1,0.0097,8,0.0777,1,0.0097,6,0.0583,51,0.4951,1,0.0097,2,0.0194,2,0.0194,0,0.0,1,0.0097,0,
1906,6,Novo mesto,4,Trebnje,14,GASILNI DOM SELO,165.0,116,0.703,116,115,1,1.0,2,0.0174,0,0.0,8,0.0696,32,0.2783,0,,4,0.0348,1,0.0087,3,0.0261,4,0.0348,2,0.0174,2,0.0174,10,0.087,4,0.0348,1,0.0087,33,0.287,2,0.0174,3,0.0261,3,0.0261,1,0.0087,0,0.0,0,
1907,6,Novo mesto,4,Trebnje,9,GASILNI DOM ŠEVNICA,194.0,147,0.7577,147,144,3,1.0,1,0.0069,1,0.0069,6,0.0417,55,0.3819,0,,5,0.0347,0,0.0,12,0.0833,4,0.0278,1,0.0069,3,0.0208,7,0.0486,1,0.0069,6,0.0417,29,0.2014,3,0.0208,6,0.0417,2,0.0139,1,0.0069,1,0.0069,0,
1908,6,Novo mesto,4,Trebnje,32,GASILNI DOM ŠTATENBERK,331.0,226,0.6828,226,221,5,1.0,0,0.0,0,0.0,10,0.0452,37,0.1674,0,,4,0.0181,0,0.0,13,0.0588,2,0.009,5,0.0226,7,0.0317,18,0.0814,0,0.0,23,0.1041,84,0.3801,6,0.0271,2,0.009,4,0.0181,3,0.0136,3,0.0136,0,
1909,6,Novo mesto,4,Trebnje,33,GASILNI DOM VELIKA STRMICA,240.0,178,0.7417,178,174,4,1.0,0,0.0,0,0.0,3,0.0172,35,0.2011,0,,1,0.0057,3,0.0172,7,0.0402,3,0.0172,3,0.0172,6,0.0345,23,0.1322,1,0.0057,29,0.1667,55,0.3161,0,0.0,3,0.0172,1,0.0057,0,0.0,1,0.0057,0,
1910,6,Novo mesto,4,Trebnje,38,GASILNI DOM VRHTREBNJE,169.0,111,0.6568,111,109,2,1.0,1,0.0092,0,0.0,4,0.0367,11,0.1009,0,,2,0.0183,0,0.0,15,0.1376,5,0.0459,1,0.0092,0,0.0,12,0.1101,1,0.0092,21,0.1927,32,0.2936,0,0.0,1,0.0092,0,0.0,2,0.0183,1,0.0092,0,
1911,6,Novo mesto,4,Trebnje,2,"GLIVAR DARKO, KORITA 6",174.0,124,0.7126,124,123,1,1.0,0,0.0,0,0.0,2,0.0163,12,0.0976,0,,1,0.0081,0,0.0,4,0.0325,1,0.0081,0,0.0,0,0.0,20,0.1626,0,0.0,21,0.1707,56,0.4553,0,0.0,4,0.0325,1,0.0081,0,0.0,1,0.0081,0,
1912,6,Novo mesto,4,Trebnje,29,"GOSTILNA JANEZ MIŠIČ, ŠTEFAN",540.0,368,0.6815,368,365,3,1.0,0,0.0,2,0.0055,12,0.0329,90,0.2466,0,,3,0.0082,1,0.0027,14,0.0384,13,0.0356,2,0.0055,6,0.0164,32,0.0877,2,0.0055,36,0.0986,112,0.3068,9,0.0247,24,0.0658,6,0.0164,0,0.0,1,0.0027,0,
1913,6,Novo mesto,4,Trebnje,37,"GOSTILNA MEGLIČ, OBRTNIŠKA 2, TREBNJE",692.0,514,0.7428,513,510,3,1.0,4,0.0078,5,0.0098,16,0.0314,153,0.3,0,,7,0.0137,0,0.0,23,0.0451,17,0.0333,6,0.0118,3,0.0059,51,0.1,6,0.0118,30,0.0588,139,0.2725,5,0.0098,33,0.0647,10,0.0196,1,0.002,1,0.002,0,
1914,6,Novo mesto,4,Trebnje,44,"KONČINA PETER, OKROG 11A",107.0,68,0.6355,68,67,1,1.0,2,0.0299,0,0.0,2,0.0299,14,0.209,0,,0,0.0,0,0.0,0,0.0,1,0.0149,1,0.0149,0,0.0,17,0.2537,0,0.0,6,0.0896,23,0.3433,0,0.0,0,0.0,1,0.0149,0,0.0,0,0.0,0,
1915,6,Novo mesto,4,Trebnje,26,"KOVINOPRODAJA, SLOVENSKA VAS 5",384.0,278,0.724,278,276,2,1.0,6,0.0217,1,0.0036,20,0.0725,56,0.2029,0,,7,0.0254,1,0.0036,10,0.0362,7,0.0254,2,0.0072,3,0.0109,26,0.0942,3,0.0109,21,0.0761,83,0.3007,10,0.0362,12,0.0435,5,0.0181,2,0.0072,1,0.0036,0,
1916,6,Novo mesto,4,Trebnje,42,KRAJEVNA SKUPNOST VELIKI GABER,613.0,421,0.6868,421,414,7,1.0,4,0.0097,4,0.0097,9,0.0217,133,0.3213,0,,9,0.0217,1,0.0024,10,0.0242,9,0.0217,3,0.0072,5,0.0121,52,0.1256,6,0.0145,11,0.0266,121,0.2923,7,0.0169,12,0.029,6,0.0145,5,0.0121,7,0.0169,0,
1917,6,Novo mesto,4,Trebnje,8,"KS KNEŽJA VAS, DOLENJE SELCE 21 (VAŠKO SREDIŠČE)",338.0,224,0.6627,224,223,1,1.0,4,0.0179,0,0.0,3,0.0135,28,0.1256,0,,2,0.009,1,0.0045,6,0.0269,5,0.0224,4,0.0179,0,0.0,22,0.0987,2,0.009,25,0.1121,115,0.5157,0,0.0,5,0.0224,0,0.0,1,0.0045,0,0.0,0,
1918,6,Novo mesto,4,Trebnje,16,"KUČIČ DANIJEL, GORENJE LAKNICE 15A",173.0,122,0.7052,122,120,2,1.0,4,0.0333,1,0.0083,10,0.0833,22,0.1833,0,,4,0.0333,1,0.0083,7,0.0583,2,0.0167,1,0.0083,1,0.0083,12,0.1,1,0.0083,8,0.0667,32,0.2667,1,0.0083,12,0.1,0,0.0,0,0.0,1,0.0083,0,
1919,6,Novo mesto,4,Trebnje,4,KULTURNI DOM DOBRNIČ,337.0,250,0.7418,250,248,2,1.0,1,0.004,0,0.0,5,0.0202,31,0.125,0,,3,0.0121,2,0.0081,3,0.0121,5,0.0202,1,0.004,11,0.0444,21,0.0847,4,0.0161,26,0.1048,123,0.496,2,0.0081,6,0.0242,3,0.0121,0,0.0,1,0.004,0,
1920,6,Novo mesto,4,Trebnje,17,KULTURNI DOM MOKRONOG,555.0,382,0.6883,382,378,4,1.0,3,0.0079,1,0.0026,37,0.0979,137,0.3624,0,,5,0.0132,2,0.0053,11,0.0291,7,0.0185,7,0.0185,7,0.0185,24,0.0635,4,0.0106,11,0.0291,83,0.2196,5,0.0132,18,0.0476,5,0.0132,7,0.0185,4,0.0106,0,
1921,6,Novo mesto,4,Trebnje,39,KULTURNI DOM VELIKA LOKA,481.0,356,0.7401,356,351,5,1.0,3,0.0085,0,0.0,13,0.037,81,0.2308,0,,8,0.0228,0,0.0,14,0.0399,2,0.0057,4,0.0114,10,0.0285,40,0.114,3,0.0085,32,0.0912,120,0.3419,7,0.0199,5,0.0142,4,0.0114,1,0.0028,4,0.0114,0,
1922,6,Novo mesto,4,Trebnje,7,NOVI GASILSKI DOM LUKOVEK,477.0,341,0.7149,341,333,8,1.0,3,0.009,1,0.003,19,0.0571,53,0.1592,0,,10,0.03,1,0.003,18,0.0541,11,0.033,10,0.03,1,0.003,30,0.0901,2,0.006,20,0.0601,131,0.3934,3,0.009,12,0.036,5,0.015,3,0.009,0,0.0,0,
1923,6,Novo mesto,4,Trebnje,11,OSNOVNA ŠOLA MIRNA I.,635.0,462,0.7276,462,462,0,1.0,7,0.0152,3,0.0065,11,0.0238,142,0.3074,0,,7,0.0152,0,0.0,27,0.0584,13,0.0281,6,0.013,5,0.0108,31,0.0671,2,0.0043,17,0.0368,122,0.2641,21,0.0455,21,0.0455,16,0.0346,6,0.013,5,0.0108,0,
1924,6,Novo mesto,4,Trebnje,13,OSNOVNA ŠOLA MIRNA II.,635.0,442,0.6961,442,434,8,1.0,1,0.0023,1,0.0023,23,0.053,140,0.3226,0,,19,0.0438,0,0.0,20,0.0461,3,0.0069,12,0.0276,16,0.0369,30,0.0691,5,0.0115,15,0.0346,96,0.2212,7,0.0161,24,0.0553,13,0.03,7,0.0161,2,0.0046,0,
1925,6,Novo mesto,4,Trebnje,27,"OŠ DR. PAVLA LUNAČKA ŠENTRUPERT, ŠENTRUPERT I",593.0,426,0.7184,426,424,2,1.0,6,0.0142,0,0.0,28,0.066,116,0.2736,0,,8,0.0189,0,0.0,21,0.0495,14,0.033,3,0.0071,2,0.0047,34,0.0802,0,0.0,22,0.0519,121,0.2854,13,0.0307,15,0.0354,13,0.0307,6,0.0142,2,0.0047,0,
1926,6,Novo mesto,4,Trebnje,28,"OŠ DR. PAVLA LUNAČKA ŠENTRUPERT, ŠENTRUPERT II",686.0,465,0.6778,465,459,6,1.0,3,0.0065,7,0.0153,15,0.0327,118,0.2571,0,,12,0.0261,0,0.0,23,0.0501,16,0.0349,6,0.0131,8,0.0174,31,0.0675,2,0.0044,34,0.0741,136,0.2963,8,0.0174,27,0.0588,5,0.0109,8,0.0174,0,0.0,0,
1927,6,Novo mesto,4,Trebnje,43,"PETER ŽIBERT, SV. VRH 3",116.0,84,0.7241,84,84,0,1.0,1,0.0119,0,0.0,9,0.1071,17,0.2024,0,,2,0.0238,0,0.0,3,0.0357,0,0.0,1,0.0119,1,0.0119,4,0.0476,1,0.0119,2,0.0238,36,0.4286,2,0.0238,5,0.0595,0,0.0,0,0.0,0,0.0,0,
1928,6,Novo mesto,4,Trebnje,23,"PGD VRHE (BIVŠA ŠOLA), GORENJI VRH PRI DOBRNIČU 1",293.0,204,0.6962,204,200,4,1.0,0,0.0,0,0.0,13,0.065,51,0.255,0,,6,0.03,1,0.005,8,0.04,12,0.06,7,0.035,2,0.01,11,0.055,6,0.03,12,0.06,51,0.255,8,0.04,10,0.05,2,0.01,0,0.0,0,0.0,0,
1929,6,Novo mesto,4,Trebnje,24,PROSTORI KULTURNEGA DOMA ŠENTLOVRENC,586.0,398,0.6792,398,387,11,1.0,3,0.0078,0,0.0,8,0.0207,98,0.2532,0,,7,0.0181,0,0.0,11,0.0284,6,0.0155,7,0.0181,1,0.0026,27,0.0698,4,0.0103,10,0.0258,169,0.4367,3,0.0078,20,0.0517,8,0.0207,4,0.0103,1,0.0026,0,
1930,6,Novo mesto,4,Trebnje,3,"SMOLIČ PAVLE, DOBRAVA 22",188.0,141,0.75,141,141,0,1.0,0,0.0,1,0.0071,6,0.0426,25,0.1773,0,,3,0.0213,0,0.0,4,0.0284,4,0.0284,3,0.0213,4,0.0284,13,0.0922,2,0.0142,6,0.0426,59,0.4184,0,0.0,5,0.0355,5,0.0355,1,0.0071,0,0.0,0,
1931,6,Novo mesto,4,Trebnje,5,TELOVADNICA OŠ DOLENJA NEMŠKA VAS I.,381.0,258,0.6772,258,257,1,1.0,0,0.0,0,0.0,4,0.0156,62,0.2412,0,,1,0.0039,0,0.0,13,0.0506,8,0.0311,3,0.0117,5,0.0195,26,0.1012,2,0.0078,25,0.0973,84,0.3268,4,0.0156,15,0.0584,3,0.0117,2,0.0078,0,0.0,0,
1932,6,Novo mesto,4,Trebnje,6,TELOVADNICA OŠ DOLENJA NEMŠKA VAS II.,417.0,309,0.741,309,307,2,1.0,5,0.0163,0,0.0,10,0.0326,86,0.2801,0,,7,0.0228,2,0.0065,11,0.0358,2,0.0065,5,0.0163,0,0.0,16,0.0521,2,0.0065,30,0.0977,99,0.3225,3,0.0098,18,0.0586,7,0.0228,4,0.013,0,0.0,0,
1933,6,Novo mesto,4,Trebnje,30,VEČNAMENSKI DOM TREBELNO,276.0,190,0.6884,190,183,7,1.0,3,0.0164,0,0.0,16,0.0874,40,0.2186,0,,0,0.0,1,0.0055,12,0.0656,2,0.0109,0,0.0,5,0.0273,17,0.0929,1,0.0055,15,0.082,41,0.224,7,0.0383,12,0.0656,3,0.0164,1,0.0055,7,0.0383,0,
1934,6,Novo mesto,4,Trebnje,31,"ŽAGAR ŠTEFAN, ČEŠNJICE 35",206.0,150,0.7282,150,146,4,1.0,5,0.0342,0,0.0,5,0.0342,26,0.1781,0,,4,0.0274,1,0.0068,4,0.0274,5,0.0342,1,0.0068,1,0.0068,17,0.1164,1,0.0068,3,0.0205,70,0.4795,0,0.0,3,0.0205,0,0.0,0,0.0,0,0.0,0,
1935,6,Novo mesto,4,Trebnje,901,PREDČASNO GLASOVANJE,,946,,946,941,5,1.0,2,0.0021,4,0.0043,21,0.0223,349,0.3709,0,,47,0.0499,8,0.0085,38,0.0404,17,0.0181,23,0.0244,23,0.0244,79,0.084,7,0.0074,38,0.0404,171,0.1817,7,0.0074,72,0.0765,18,0.0191,15,0.0159,2,0.0021,0,
1936,6,Novo mesto,5,Brežice,16,(I) STAVBA PROSVETNEGA DOMA GLOBOKO,720.0,447,0.6208,447,445,2,1.0,1,0.0022,0,0.0,16,0.036,173,0.3888,0,,20,0.0449,1,0.0022,20,0.0449,4,0.009,8,0.018,8,0.018,17,0.0382,3,0.0067,18,0.0404,108,0.2427,5,0.0112,24,0.0539,6,0.0135,7,0.0157,6,0.0135,0,
1937,6,Novo mesto,5,Brežice,10,"(I)GD ŠENTLENART, C. BRATOV MILAVCEV 105, BREŽICE",600.0,379,0.6317,379,376,3,1.0,2,0.0053,1,0.0027,9,0.0239,156,0.4149,0,,24,0.0638,5,0.0133,15,0.0399,4,0.0106,6,0.016,2,0.0053,13,0.0346,4,0.0106,19,0.0505,70,0.1862,5,0.0133,22,0.0585,9,0.0239,2,0.0053,8,0.0213,0,
1938,6,Novo mesto,5,Brežice,2,"(I)MLADINSKI CENTER BREŽICE, GUBČEVA UL. 10/A",536.0,286,0.5336,286,283,3,1.0,2,0.0071,2,0.0071,8,0.0283,123,0.4346,0,,33,0.1166,0,0.0,10,0.0353,2,0.0071,8,0.0283,4,0.0141,4,0.0141,2,0.0071,5,0.0177,44,0.1555,5,0.0177,22,0.0777,6,0.0212,1,0.0035,2,0.0071,0,
1939,6,Novo mesto,5,Brežice,7,"(I)SREDNJA EKON. ŠOLA BREŽICE, BIZELJSKA C. 45",1005.0,602,0.599,602,597,5,1.0,4,0.0067,0,0.0,12,0.0201,227,0.3802,0,,41,0.0687,4,0.0067,21,0.0352,3,0.005,18,0.0302,10,0.0168,24,0.0402,7,0.0117,26,0.0436,124,0.2077,6,0.0101,37,0.062,18,0.0302,7,0.0117,8,0.0134,0,
1940,6,Novo mesto,5,Brežice,17,(II) STAVBA PROSVETNEGA DOMA GLOBOKO,225.0,127,0.5644,127,124,3,1.0,0,0.0,0,0.0,3,0.0242,47,0.379,0,,7,0.0565,0,0.0,4,0.0323,2,0.0161,1,0.0081,1,0.0081,6,0.0484,3,0.0242,3,0.0242,39,0.3145,2,0.0161,5,0.0403,1,0.0081,0,0.0,0,0.0,0,
1941,6,Novo mesto,5,Brežice,11,"(II)GD ŠENTLENART, C. BRATOV MILAVCEV 105,BREŽICE",593.0,377,0.6358,377,371,6,1.0,0,0.0,0,0.0,9,0.0243,115,0.31,0,,21,0.0566,2,0.0054,8,0.0216,0,0.0,8,0.0216,6,0.0162,14,0.0377,4,0.0108,13,0.035,127,0.3423,14,0.0377,14,0.0377,12,0.0323,1,0.0027,3,0.0081,0,
1942,6,Novo mesto,5,Brežice,5,"(II)MLADINSKI CENTER BREŽICE, GUBČEVA UL. 10/A",336.0,187,0.5565,187,185,2,1.0,3,0.0162,1,0.0054,4,0.0216,72,0.3892,0,,19,0.1027,4,0.0216,7,0.0378,1,0.0054,3,0.0162,4,0.0216,4,0.0216,0,0.0,5,0.027,35,0.1892,1,0.0054,11,0.0595,5,0.027,3,0.0162,3,0.0162,0,
1943,6,Novo mesto,5,Brežice,8,"(II)SREDNJA EKON. ŠOLA BREŽICE, BIZELJSKA C. 45",565.0,349,0.6177,349,348,1,1.0,4,0.0115,0,0.0,6,0.0172,152,0.4368,0,,26,0.0747,0,0.0,12,0.0345,3,0.0086,5,0.0144,1,0.0029,7,0.0201,4,0.0115,12,0.0345,75,0.2155,9,0.0259,16,0.046,12,0.0345,2,0.0057,2,0.0057,0,
1944,6,Novo mesto,5,Brežice,23,BRODARSKA HIŠICA MOSTEC,174.0,129,0.7414,129,128,1,1.0,3,0.0234,0,0.0,2,0.0156,49,0.3828,0,,2,0.0156,1,0.0078,1,0.0078,4,0.0312,1,0.0078,1,0.0078,0,0.0,0,0.0,4,0.0312,50,0.3906,1,0.0078,4,0.0312,2,0.0156,1,0.0078,2,0.0156,0,
1945,6,Novo mesto,5,Brežice,43,DOM DRUŽBENIH ORGANOV VELIKE MALENCE,245.0,169,0.6898,169,168,1,1.0,1,0.006,0,0.0,3,0.0179,63,0.375,0,,5,0.0298,0,0.0,10,0.0595,0,0.0,2,0.0119,1,0.006,3,0.0179,1,0.006,5,0.0298,42,0.25,4,0.0238,15,0.0893,6,0.0357,2,0.0119,5,0.0298,0,
1946,6,Novo mesto,5,Brežice,6,GASILSKI DOM BUKOŠEK,249.0,184,0.739,184,182,2,1.0,0,0.0,0,0.0,7,0.0385,73,0.4011,0,,3,0.0165,1,0.0055,4,0.022,2,0.011,5,0.0275,5,0.0275,6,0.033,0,0.0,17,0.0934,50,0.2747,2,0.011,3,0.0165,2,0.011,2,0.011,0,0.0,0,
1947,6,Novo mesto,5,Brežice,1,"OBČINA BREŽICE, CPB 18, BREŽICE",604.0,290,0.4801,290,282,8,1.0,2,0.0071,0,0.0,8,0.0284,120,0.4255,0,,14,0.0496,1,0.0035,12,0.0426,3,0.0106,7,0.0248,3,0.0106,11,0.039,3,0.0106,9,0.0319,65,0.2305,2,0.0071,11,0.039,6,0.0213,4,0.0142,1,0.0035,0,
1948,6,Novo mesto,5,Brežice,13,OSNOVNA ŠOLA ARTIČE,760.0,537,0.7066,537,532,5,1.0,5,0.0094,0,0.0,13,0.0244,213,0.4004,0,,17,0.032,4,0.0075,14,0.0263,10,0.0188,14,0.0263,5,0.0094,18,0.0338,9,0.0169,20,0.0376,149,0.2801,9,0.0169,19,0.0357,10,0.0188,3,0.0056,0,0.0,0,
1949,6,Novo mesto,5,Brežice,3,OSNOVNA ŠOLA BREŽICE,327.0,191,0.5841,191,188,3,1.0,2,0.0106,0,0.0,2,0.0106,84,0.4468,0,,23,0.1223,0,0.0,6,0.0319,5,0.0266,8,0.0426,4,0.0213,4,0.0213,3,0.016,3,0.016,31,0.1649,0,0.0,6,0.0319,3,0.016,3,0.016,1,0.0053,0,
1950,6,Novo mesto,5,Brežice,36,OSNOVNA ŠOLA CERKLJE OB KRKI,461.0,319,0.692,319,314,5,1.0,0,0.0,0,0.0,4,0.0127,108,0.3439,0,,25,0.0796,1,0.0032,5,0.0159,3,0.0096,5,0.0159,8,0.0255,21,0.0669,2,0.0064,8,0.0255,105,0.3344,6,0.0191,3,0.0096,7,0.0223,2,0.0064,1,0.0032,0,
1951,6,Novo mesto,5,Brežice,46,OSNOVNA ŠOLA VELIKA DOLINA,366.0,213,0.582,213,210,3,1.0,2,0.0095,0,0.0,4,0.019,76,0.3619,0,,5,0.0238,0,0.0,11,0.0524,13,0.0619,2,0.0095,3,0.0143,7,0.0333,2,0.0095,5,0.0238,41,0.1952,3,0.0143,27,0.1286,4,0.019,2,0.0095,3,0.0143,0,
1952,6,Novo mesto,5,Brežice,32,"OŠ BIZELJSKO, BIZELJSKA C. 78, BIZELJSKO",887.0,596,0.6719,596,591,5,1.0,5,0.0085,1,0.0017,3,0.0051,243,0.4112,0,,9,0.0152,2,0.0034,59,0.0998,10,0.0169,4,0.0068,6,0.0102,24,0.0406,11,0.0186,19,0.0321,140,0.2369,15,0.0254,29,0.0491,6,0.0102,1,0.0017,4,0.0068,0,
1953,6,Novo mesto,5,Brežice,15,PROSTORI DOMA KRAJANOV SROMLJE,469.0,294,0.6269,294,293,1,1.0,3,0.0102,1,0.0034,4,0.0137,101,0.3447,0,,9,0.0307,2,0.0068,8,0.0273,5,0.0171,1,0.0034,5,0.0171,7,0.0239,3,0.0102,3,0.0102,105,0.3584,10,0.0341,15,0.0512,4,0.0137,4,0.0137,3,0.0102,0,
1954,6,Novo mesto,5,Brežice,49,PROSTORI KRAJEVNE SKUPNOSTI KRIŽE,104.0,69,0.6635,69,69,0,1.0,1,0.0145,0,0.0,2,0.029,21,0.3043,0,,0,0.0,0,0.0,0,0.0,0,0.0,2,0.029,3,0.0435,1,0.0145,0,0.0,5,0.0725,30,0.4348,3,0.0435,1,0.0145,0,0.0,0,0.0,0,0.0,0,
1955,6,Novo mesto,5,Brežice,12,PROSVETNI DOM ARTIČE,683.0,478,0.6999,478,475,3,1.0,3,0.0063,0,0.0,5,0.0105,243,0.5116,0,,16,0.0337,0,0.0,20,0.0421,6,0.0126,4,0.0084,8,0.0168,10,0.0211,8,0.0168,19,0.04,79,0.1663,4,0.0084,39,0.0821,6,0.0126,3,0.0063,2,0.0042,0,
1956,6,Novo mesto,5,Brežice,40,STAVBA GASILSKEGA DOMA CERINA,381.0,261,0.685,261,260,1,1.0,7,0.0269,0,0.0,14,0.0538,104,0.4,0,,7,0.0269,1,0.0038,6,0.0231,5,0.0192,0,0.0,2,0.0077,16,0.0615,2,0.0077,6,0.0231,77,0.2962,1,0.0038,6,0.0231,2,0.0077,4,0.0154,0,0.0,0,
1957,6,Novo mesto,5,Brežice,35,STAVBA GASILSKEGA DOMA CERKLJE OB KRKI,534.0,379,0.7097,379,375,4,1.0,4,0.0107,0,0.0,2,0.0053,140,0.3733,0,,19,0.0507,2,0.0053,10,0.0267,2,0.0053,4,0.0107,5,0.0133,31,0.0827,1,0.0027,8,0.0213,115,0.3067,12,0.032,7,0.0187,5,0.0133,5,0.0133,3,0.008,0,
1958,6,Novo mesto,5,Brežice,38,STAVBA GASILSKEGA DOMA DOLENJA PIROŠICA,288.0,191,0.6632,191,190,1,1.0,1,0.0053,1,0.0053,5,0.0263,77,0.4053,0,,2,0.0105,1,0.0053,7,0.0368,7,0.0368,3,0.0158,0,0.0,7,0.0368,4,0.0211,2,0.0105,58,0.3053,3,0.0158,2,0.0105,6,0.0316,1,0.0053,3,0.0158,0,
1959,6,Novo mesto,5,Brežice,20,STAVBA GASILSKEGA DOMA GABRJE PRI DOBOVI,202.0,133,0.6584,133,133,0,1.0,2,0.015,0,0.0,9,0.0677,60,0.4511,0,,7,0.0526,0,0.0,5,0.0376,1,0.0075,1,0.0075,2,0.015,9,0.0677,1,0.0075,5,0.0376,24,0.1805,1,0.0075,3,0.0226,2,0.015,0,0.0,1,0.0075,0,
1960,6,Novo mesto,5,Brežice,29,STAVBA GASILSKEGA DOMA KAPELE,281.0,192,0.6833,192,191,1,1.0,1,0.0052,0,0.0,5,0.0262,66,0.3455,0,,4,0.0209,1,0.0052,9,0.0471,2,0.0105,5,0.0262,3,0.0157,6,0.0314,0,0.0,6,0.0314,69,0.3613,2,0.0105,8,0.0419,3,0.0157,0,0.0,1,0.0052,0,
1961,6,Novo mesto,5,Brežice,25,STAVBA GASILSKEGA DOMA LOČE,160.0,102,0.6375,102,102,0,1.0,0,0.0,0,0.0,5,0.049,35,0.3431,0,,5,0.049,0,0.0,5,0.049,0,0.0,0,0.0,0,0.0,5,0.049,1,0.0098,2,0.0196,38,0.3725,1,0.0098,3,0.0294,1,0.0098,1,0.0098,0,0.0,0,
1962,6,Novo mesto,5,Brežice,21,STAVBA GASILSKEGA DOMA MALI OBREŽ,106.0,69,0.6509,69,69,0,1.0,0,0.0,0,0.0,3,0.0435,11,0.1594,0,,2,0.029,1,0.0145,5,0.0725,3,0.0435,1,0.0145,2,0.029,3,0.0435,0,0.0,1,0.0145,30,0.4348,1,0.0145,2,0.029,1,0.0145,0,0.0,3,0.0435,0,
1963,6,Novo mesto,5,Brežice,24,STAVBA GASILSKEGA DOMA MIHALOVEC,223.0,164,0.7354,164,161,3,1.0,0,0.0,0,0.0,4,0.0248,53,0.3292,0,,6,0.0373,0,0.0,4,0.0248,0,0.0,5,0.0311,1,0.0062,7,0.0435,3,0.0186,7,0.0435,51,0.3168,6,0.0373,9,0.0559,5,0.0311,0,0.0,0,0.0,0,
1964,6,Novo mesto,5,Brežice,48,STAVBA GASILSKEGA DOMA OBREŽJE,580.0,284,0.4897,284,283,1,1.0,6,0.0212,1,0.0035,2,0.0071,98,0.3463,0,,19,0.0671,1,0.0035,5,0.0177,0,0.0,6,0.0212,3,0.0106,6,0.0212,2,0.0071,4,0.0141,48,0.1696,10,0.0353,53,0.1873,10,0.0353,4,0.0141,5,0.0177,0,
1965,6,Novo mesto,5,Brežice,33,STAVBA GASILSKEGA DOMA OREŠJE,199.0,117,0.5879,117,114,3,1.0,2,0.0175,0,0.0,7,0.0614,37,0.3246,0,,3,0.0263,1,0.0088,9,0.0789,3,0.0263,3,0.0263,0,0.0,4,0.0351,2,0.0175,1,0.0088,31,0.2719,3,0.0263,4,0.0351,1,0.0088,1,0.0088,2,0.0175,0,
1966,6,Novo mesto,5,Brežice,30,STAVBA GASILSKEGA DOMA RAKOVEC,156.0,102,0.6538,102,101,1,1.0,0,0.0,0,0.0,0,0.0,48,0.4752,0,,2,0.0198,0,0.0,5,0.0495,2,0.0198,0,0.0,1,0.0099,5,0.0495,0,0.0,4,0.0396,22,0.2178,2,0.0198,6,0.0594,3,0.0297,1,0.0099,0,0.0,0,
1967,6,Novo mesto,5,Brežice,27,STAVBA GASILSKEGA DOMA RIGONCE,132.0,85,0.6439,85,84,1,1.0,0,0.0,0,0.0,2,0.0238,26,0.3095,0,,6,0.0714,0,0.0,0,0.0,1,0.0119,0,0.0,0,0.0,3,0.0357,1,0.0119,1,0.0119,38,0.4524,3,0.0357,2,0.0238,0,0.0,0,0.0,1,0.0119,0,
1968,6,Novo mesto,5,Brežice,28,STAVBA GASILSKEGA DOMA SELA PRI DOBOVI,460.0,315,0.6848,315,311,4,1.0,1,0.0032,1,0.0032,7,0.0225,132,0.4244,0,,13,0.0418,0,0.0,17,0.0547,0,0.0,5,0.0161,5,0.0161,8,0.0257,4,0.0129,6,0.0193,79,0.254,2,0.0064,19,0.0611,11,0.0354,1,0.0032,0,0.0,0,
1969,6,Novo mesto,5,Brežice,42,STAVBA GASILSKEGA DOMA SKOPICE,318.0,232,0.7296,232,229,3,1.0,2,0.0087,0,0.0,1,0.0044,93,0.4061,0,,11,0.048,0,0.0,8,0.0349,8,0.0349,4,0.0175,3,0.0131,16,0.0699,9,0.0393,7,0.0306,48,0.2096,9,0.0393,5,0.0218,3,0.0131,1,0.0044,1,0.0044,0,
1970,6,Novo mesto,5,Brežice,34,STAVBA GASILSKEGA DOMA STARA VAS - BIZELJSKO,282.0,171,0.6064,171,171,0,1.0,0,0.0,0,0.0,4,0.0234,62,0.3626,0,,10,0.0585,0,0.0,15,0.0877,2,0.0117,4,0.0234,3,0.0175,9,0.0526,5,0.0292,4,0.0234,35,0.2047,4,0.0234,10,0.0585,3,0.0175,1,0.0058,0,0.0,0,
1971,6,Novo mesto,5,Brežice,22,STAVBA GASILSKEGA DOMA VELIKI OBREŽ,237.0,138,0.5823,138,137,1,1.0,0,0.0,0,0.0,6,0.0438,59,0.4307,0,,10,0.073,0,0.0,4,0.0292,1,0.0073,2,0.0146,0,0.0,8,0.0584,4,0.0292,1,0.0073,28,0.2044,2,0.0146,8,0.0584,4,0.0292,0,0.0,0,0.0,0,
1972,6,Novo mesto,5,Brežice,31,STAVBA GASILSKEGA DOMA ŽUPELEVEC,453.0,268,0.5916,268,262,6,1.0,4,0.0153,0,0.0,6,0.0229,98,0.374,0,,6,0.0229,0,0.0,18,0.0687,3,0.0115,5,0.0191,0,0.0,14,0.0534,6,0.0229,9,0.0344,64,0.2443,6,0.0229,16,0.0611,1,0.0038,0,0.0,6,0.0229,0,
1973,6,Novo mesto,5,Brežice,39,STAVBA KRAJEVNE SKUPNOSTI ČATEŽ OB SAVI,445.0,280,0.6292,280,279,1,1.0,4,0.0143,0,0.0,9,0.0323,100,0.3584,0,,9,0.0323,1,0.0036,7,0.0251,5,0.0179,3,0.0108,1,0.0036,6,0.0215,4,0.0143,15,0.0538,86,0.3082,2,0.0072,11,0.0394,8,0.0287,5,0.0179,3,0.0108,0,
1974,6,Novo mesto,5,Brežice,26,STAVBA KRAJEVNE SKUPNOSTI DOBOVA,559.0,345,0.6172,345,341,4,1.0,2,0.0059,0,0.0,15,0.044,150,0.4399,0,,11,0.0323,2,0.0059,10,0.0293,4,0.0117,13,0.0381,5,0.0147,10,0.0293,2,0.0059,5,0.0147,74,0.217,7,0.0205,19,0.0557,11,0.0323,1,0.0029,0,0.0,0,
1975,6,Novo mesto,5,Brežice,41,STAVBA KRAJEVNE SKUPNOSTI KRŠKA VAS (SPODAJ),443.0,308,0.6953,308,305,3,1.0,0,0.0,0,0.0,3,0.0098,122,0.4,0,,15,0.0492,2,0.0066,4,0.0131,7,0.023,8,0.0262,6,0.0197,10,0.0328,6,0.0197,12,0.0393,97,0.318,1,0.0033,10,0.0328,1,0.0033,1,0.0033,0,0.0,0,
1976,6,Novo mesto,5,Brežice,47,STAVBA KS JESENICE NA DOLENJSKEM,259.0,170,0.6564,170,166,4,1.0,2,0.012,0,0.0,5,0.0301,52,0.3133,0,,11,0.0663,1,0.006,6,0.0361,9,0.0542,4,0.0241,0,0.0,2,0.012,2,0.012,3,0.0181,42,0.253,4,0.0241,18,0.1084,2,0.012,2,0.012,1,0.006,0,
1977,6,Novo mesto,5,Brežice,45,"STAVBA KS VELIKA DOLINA, VELIKA DOLINA 9",344.0,207,0.6017,207,204,3,1.0,2,0.0098,0,0.0,8,0.0392,52,0.2549,0,,10,0.049,0,0.0,4,0.0196,3,0.0147,7,0.0343,2,0.0098,9,0.0441,5,0.0245,4,0.0196,59,0.2892,9,0.0441,19,0.0931,4,0.0196,1,0.0049,6,0.0294,0,
1978,6,Novo mesto,5,Brežice,37,STAVBA NEKDANJE OSNOVNE ŠOLE BUŠEČA VAS,261.0,169,0.6475,169,169,0,1.0,0,0.0,0,0.0,4,0.0237,48,0.284,0,,10,0.0592,3,0.0178,3,0.0178,14,0.0828,7,0.0414,1,0.0059,12,0.071,0,0.0,4,0.0237,32,0.1893,10,0.0592,11,0.0651,3,0.0178,0,0.0,7,0.0414,0,
1979,6,Novo mesto,5,Brežice,44,STAVBA NEKDANJE OSNOVNE ŠOLE MRZLAVA VAS,229.0,173,0.7555,173,171,2,1.0,0,0.0,0,0.0,6,0.0351,69,0.4035,0,,3,0.0175,1,0.0058,3,0.0175,21,0.1228,1,0.0058,2,0.0117,9,0.0526,4,0.0234,2,0.0117,37,0.2164,4,0.0234,7,0.0409,1,0.0058,0,0.0,1,0.0058,0,
1980,6,Novo mesto,5,Brežice,14,STAVBA NEKDANJE OSNOVNE ŠOLE PEČICE,88.0,46,0.5227,46,44,2,1.0,0,0.0,0,0.0,2,0.0455,18,0.4091,0,,3,0.0682,0,0.0,2,0.0455,0,0.0,1,0.0227,0,0.0,3,0.0682,0,0.0,1,0.0227,10,0.2273,2,0.0455,1,0.0227,1,0.0227,0,0.0,0,0.0,0,
1981,6,Novo mesto,5,Brežice,19,STAVBA OSNOVNE ŠOLE PIŠECE,429.0,239,0.5571,239,232,7,1.0,4,0.0172,0,0.0,5,0.0216,82,0.3534,0,,3,0.0129,2,0.0086,8,0.0345,6,0.0259,2,0.0086,7,0.0302,8,0.0345,0,0.0,12,0.0517,74,0.319,3,0.0129,14,0.0603,1,0.0043,0,0.0,1,0.0043,0,
1982,6,Novo mesto,5,Brežice,18,STAVBA VEČNAMENSKEGA DOMA PIŠECE,432.0,260,0.6019,260,257,3,1.0,3,0.0117,0,0.0,4,0.0156,93,0.3619,0,,8,0.0311,1,0.0039,12,0.0467,1,0.0039,4,0.0156,5,0.0195,16,0.0623,1,0.0039,10,0.0389,68,0.2646,3,0.0117,21,0.0817,3,0.0117,2,0.0078,2,0.0078,0,
1983,6,Novo mesto,5,Brežice,4,"VRTEC MAVRICA BREŽICE, VHOD B",309.0,181,0.5858,181,179,2,1.0,3,0.0168,0,0.0,3,0.0168,75,0.419,0,,15,0.0838,3,0.0168,1,0.0056,1,0.0056,3,0.0168,3,0.0168,5,0.0279,2,0.0112,10,0.0559,32,0.1788,0,0.0,11,0.0615,10,0.0559,2,0.0112,0,0.0,0,
1984,6,Novo mesto,5,Brežice,9,"ZAVOD ZA ŠPORT (NA STADIONU), BREŽICE",383.0,248,0.6475,248,245,3,1.0,0,0.0,0,0.0,4,0.0163,86,0.351,0,,18,0.0735,1,0.0041,9,0.0367,0,0.0,3,0.0122,7,0.0286,4,0.0163,3,0.0122,21,0.0857,65,0.2653,5,0.0204,10,0.0408,6,0.0245,1,0.0041,2,0.0082,0,
1985,6,Novo mesto,5,Brežice,901,PREDČASNO GLASOVANJE,,1241,,1241,1234,7,1.0,4,0.0032,0,0.0,26,0.0211,554,0.4489,0,,91,0.0737,3,0.0024,38,0.0308,12,0.0097,23,0.0186,16,0.013,32,0.0259,7,0.0057,42,0.034,283,0.2293,4,0.0032,62,0.0502,21,0.017,7,0.0057,9,0.0073,0,
1986,6,Novo mesto,6,Krško,59,"BURJA BOŠTJANU, ŠUTNA 26",181.0,109,0.6022,109,109,0,1.0,1,0.0092,0,0.0,2,0.0183,39,0.3578,0,,2,0.0183,0,0.0,1,0.0092,1,0.0092,2,0.0183,1,0.0092,14,0.1284,0,0.0,3,0.0275,31,0.2844,4,0.0367,3,0.0275,4,0.0367,0,0.0,1,0.0092,0,
1987,6,Novo mesto,6,Krško,47,DOMU GASILCEV SMEDNIK,554.0,412,0.7437,412,404,8,1.0,2,0.005,2,0.005,6,0.0149,111,0.2748,0,,1,0.0025,2,0.005,12,0.0297,10,0.0248,2,0.005,9,0.0223,43,0.1064,4,0.0099,23,0.0569,146,0.3614,16,0.0396,9,0.0223,3,0.0074,1,0.0025,2,0.005,0,
1988,6,Novo mesto,6,Krško,20,DOMU KRAJANOV ZDOLE,639.0,400,0.626,400,393,7,1.0,0,0.0,0,0.0,12,0.0305,164,0.4173,0,,7,0.0178,2,0.0051,15,0.0382,1,0.0025,4,0.0102,6,0.0153,15,0.0382,4,0.0102,23,0.0585,98,0.2494,18,0.0458,9,0.0229,5,0.0127,6,0.0153,4,0.0102,0,
1989,6,Novo mesto,6,Krško,26,"DOMU STAREJŠIH OBČANOV KRŠKO, KOVINARSKA 13",783.0,505,0.645,505,502,3,1.0,4,0.008,0,0.0,17,0.0339,222,0.4422,0,,20,0.0398,0,0.0,24,0.0478,3,0.006,6,0.012,12,0.0239,24,0.0478,4,0.008,13,0.0259,92,0.1833,24,0.0478,21,0.0418,10,0.0199,3,0.006,3,0.006,0,
1990,6,Novo mesto,6,Krško,4,DOMU XIV. DIVIZIJE SENOVO I,548.0,342,0.6241,342,339,3,1.0,3,0.0088,1,0.0029,15,0.0442,157,0.4631,0,,2,0.0059,0,0.0,11,0.0324,4,0.0118,9,0.0265,2,0.0059,17,0.0501,3,0.0088,13,0.0383,66,0.1947,15,0.0442,9,0.0265,5,0.0147,4,0.0118,3,0.0088,0,
1991,6,Novo mesto,6,Krško,5,DOMU XIV. DIVIZIJE SENOVO II,535.0,319,0.5963,319,317,2,1.0,4,0.0126,0,0.0,14,0.0442,129,0.4069,0,,12,0.0379,0,0.0,11,0.0347,5,0.0158,3,0.0095,2,0.0063,10,0.0315,6,0.0189,18,0.0568,60,0.1893,4,0.0126,25,0.0789,7,0.0221,2,0.0063,5,0.0158,0,
1992,6,Novo mesto,6,Krško,40,DVORANI V VELIKEM PODLOGU,309.0,234,0.7573,234,232,2,1.0,0,0.0,0,0.0,8,0.0345,85,0.3664,0,,5,0.0216,0,0.0,10,0.0431,4,0.0172,0,0.0,2,0.0086,9,0.0388,2,0.0086,20,0.0862,57,0.2457,17,0.0733,4,0.0172,6,0.0259,0,0.0,3,0.0129,0,
1993,6,Novo mesto,6,Krško,24,GASILSKEM DOMU KRŠKO,563.0,326,0.579,326,325,1,1.0,0,0.0,0,0.0,19,0.0585,142,0.4369,0,,11,0.0338,1,0.0031,8,0.0246,0,0.0,13,0.04,8,0.0246,9,0.0277,1,0.0031,12,0.0369,49,0.1508,16,0.0492,25,0.0769,4,0.0123,2,0.0062,5,0.0154,0,
1994,6,Novo mesto,6,Krško,56,GASILSKEM DOMU MALO MRAŠEVO,308.0,204,0.6623,204,201,3,1.0,0,0.0,1,0.005,5,0.0249,63,0.3134,0,,5,0.0249,0,0.0,5,0.0249,2,0.01,1,0.005,6,0.0299,24,0.1194,1,0.005,7,0.0348,61,0.3035,15,0.0746,4,0.0199,1,0.005,0,0.0,0,0.0,0,
1995,6,Novo mesto,6,Krško,36,GASILSKEM DOMU NA BREGAH,159.0,104,0.6541,104,102,2,1.0,0,0.0,0,0.0,0,0.0,33,0.3235,0,,5,0.049,0,0.0,2,0.0196,4,0.0392,4,0.0392,2,0.0196,2,0.0196,1,0.0098,7,0.0686,35,0.3431,2,0.0196,3,0.0294,1,0.0098,1,0.0098,0,0.0,0,
1996,6,Novo mesto,6,Krško,35,GASILSKEM DOMU NA DRNOVEM,283.0,187,0.6608,187,183,4,1.0,0,0.0,0,0.0,6,0.0328,59,0.3224,0,,5,0.0273,0,0.0,5,0.0273,1,0.0055,7,0.0383,3,0.0164,8,0.0437,1,0.0055,8,0.0437,64,0.3497,6,0.0328,6,0.0328,3,0.0164,1,0.0055,0,0.0,0,
1997,6,Novo mesto,6,Krško,22,GASILSKEM DOMU NA GORI,430.0,287,0.6674,287,283,4,1.0,1,0.0035,0,0.0,5,0.0177,91,0.3216,0,,7,0.0247,0,0.0,0,0.0,1,0.0035,6,0.0212,0,0.0,14,0.0495,5,0.0177,11,0.0389,114,0.4028,19,0.0671,2,0.0071,5,0.0177,1,0.0035,1,0.0035,0,
1998,6,Novo mesto,6,Krško,7,GASILSKEM DOMU NA MALEM KAMNU,227.0,166,0.7313,166,163,3,1.0,1,0.0061,0,0.0,5,0.0307,59,0.362,0,,4,0.0245,2,0.0123,8,0.0491,2,0.0123,2,0.0123,0,0.0,5,0.0307,1,0.0061,12,0.0736,36,0.2209,7,0.0429,11,0.0675,6,0.0368,1,0.0061,1,0.0061,0,
1999,6,Novo mesto,6,Krško,51,"GASILSKEM DOMU NA PREKOPI, DOLNJA PREKOPA",322.0,237,0.736,237,237,0,1.0,3,0.0127,1,0.0042,3,0.0127,59,0.2489,0,,10,0.0422,0,0.0,5,0.0211,5,0.0211,9,0.038,3,0.0127,23,0.097,5,0.0211,4,0.0169,71,0.2996,17,0.0717,15,0.0633,0,0.0,3,0.0127,1,0.0042,0,
2000,6,Novo mesto,6,Krško,3,GASILSKEM DOMU NA VELIKEM KAMNU,326.0,206,0.6319,206,201,5,1.0,0,0.0,0,0.0,6,0.0299,70,0.3483,0,,3,0.0149,1,0.005,3,0.0149,6,0.0299,0,0.0,0,0.0,10,0.0498,2,0.01,30,0.1493,47,0.2338,6,0.0299,5,0.0249,0,0.0,8,0.0398,4,0.0199,0,
2001,6,Novo mesto,6,Krško,38,GASILSKEM DOMU NA VIHRAH,129.0,90,0.6977,90,90,0,1.0,1,0.0111,0,0.0,2,0.0222,30,0.3333,0,,0,0.0,0,0.0,6,0.0667,0,0.0,2,0.0222,1,0.0111,3,0.0333,1,0.0111,9,0.1,31,0.3444,2,0.0222,2,0.0222,0,0.0,0,0.0,0,0.0,0,
2002,6,Novo mesto,6,Krško,42,GASILSKEM DOMU SENUŠE,434.0,295,0.6797,295,293,2,1.0,8,0.0273,0,0.0,8,0.0273,94,0.3208,0,,8,0.0273,0,0.0,5,0.0171,4,0.0137,3,0.0102,4,0.0137,10,0.0341,3,0.0102,17,0.058,101,0.3447,13,0.0444,11,0.0375,2,0.0068,0,0.0,2,0.0068,0,
2003,6,Novo mesto,6,Krško,9,GASILSKEM DOMU STRANJE,133.0,91,0.6842,91,91,0,1.0,0,0.0,0,0.0,4,0.044,12,0.1319,0,,3,0.033,0,0.0,1,0.011,1,0.011,0,0.0,0,0.0,8,0.0879,0,0.0,2,0.022,53,0.5824,1,0.011,2,0.022,3,0.033,1,0.011,0,0.0,0,
2004,6,Novo mesto,6,Krško,43,GASILSKEM DOMU V LESKOVCU,937.0,701,0.7481,701,699,2,1.0,6,0.0086,0,0.0,1,0.0014,282,0.4034,0,,21,0.03,1,0.0014,25,0.0358,4,0.0057,8,0.0114,16,0.0229,28,0.0401,5,0.0072,30,0.0429,196,0.2804,29,0.0415,26,0.0372,13,0.0186,5,0.0072,3,0.0043,0,
2005,6,Novo mesto,6,Krško,45,GASILSKEM DOMU V VELIKI VASI,561.0,384,0.6845,384,380,4,1.0,0,0.0,0,0.0,9,0.0237,125,0.3289,0,,12,0.0316,0,0.0,13,0.0342,5,0.0132,1,0.0026,8,0.0211,11,0.0289,0,0.0,15,0.0395,128,0.3368,21,0.0553,21,0.0553,7,0.0184,3,0.0079,1,0.0026,0,
2006,6,Novo mesto,6,Krško,29,KULTURNEM DOMU KRŠKO I,529.0,311,0.5879,310,309,1,1.0,0,0.0,1,0.0032,8,0.0259,153,0.4951,0,,11,0.0356,1,0.0032,6,0.0194,2,0.0065,5,0.0162,5,0.0162,6,0.0194,1,0.0032,4,0.0129,57,0.1845,9,0.0291,29,0.0939,7,0.0227,2,0.0065,2,0.0065,0,
2007,6,Novo mesto,6,Krško,30,KULTURNEM DOMU KRŠKO II,532.0,323,0.6071,323,321,2,1.0,6,0.0187,0,0.0,17,0.053,131,0.4081,0,,16,0.0498,0,0.0,9,0.028,7,0.0218,7,0.0218,9,0.028,7,0.0218,3,0.0093,6,0.0187,45,0.1402,19,0.0592,24,0.0748,6,0.0187,6,0.0187,3,0.0093,0,
2008,6,Novo mesto,6,Krško,31,KULTURNEM DOMU KRŠKO III,851.0,527,0.6193,527,521,6,1.0,5,0.0096,1,0.0019,12,0.023,220,0.4223,0,,31,0.0595,2,0.0038,22,0.0422,6,0.0115,16,0.0307,13,0.025,21,0.0403,6,0.0115,10,0.0192,92,0.1766,21,0.0403,24,0.0461,13,0.025,4,0.0077,2,0.0038,0,
2009,6,Novo mesto,6,Krško,55,KULTURNEM DOMU V PODBOČJU,479.0,338,0.7056,338,338,0,1.0,0,0.0,3,0.0089,6,0.0178,95,0.2811,0,,3,0.0089,2,0.0059,13,0.0385,5,0.0148,2,0.0059,18,0.0533,43,0.1272,3,0.0089,19,0.0562,93,0.2751,12,0.0355,11,0.0325,3,0.0089,5,0.0148,2,0.0059,0,
2010,6,Novo mesto,6,Krško,10,LOVSKEM DOMU BREZJE PRI DOVŠKEM,137.0,102,0.7445,102,102,0,1.0,1,0.0098,0,0.0,0,0.0,31,0.3039,0,,2,0.0196,1,0.0098,0,0.0,2,0.0196,1,0.0098,0,0.0,4,0.0392,0,0.0,4,0.0392,37,0.3627,5,0.049,6,0.0588,2,0.0196,4,0.0392,2,0.0196,0,
2011,6,Novo mesto,6,Krško,15,LOVSKI KOČI DOLENJI LESKOVEC,246.0,168,0.6829,168,165,3,1.0,1,0.0061,0,0.0,3,0.0182,66,0.4,0,,5,0.0303,0,0.0,4,0.0242,1,0.0061,3,0.0182,1,0.0061,12,0.0727,4,0.0242,5,0.0303,35,0.2121,10,0.0606,8,0.0485,1,0.0061,2,0.0121,4,0.0242,0,
2012,6,Novo mesto,6,Krško,25,MLADINSKEM CENTRU KRŠKO,620.0,400,0.6452,400,398,2,1.0,1,0.0025,0,0.0,13,0.0327,168,0.4221,0,,14,0.0352,0,0.0,19,0.0477,5,0.0126,6,0.0151,6,0.0151,10,0.0251,5,0.0126,13,0.0327,81,0.2035,35,0.0879,9,0.0226,2,0.005,3,0.0075,8,0.0201,0,
2013,6,Novo mesto,6,Krško,12,"OŠ ADAM BOHORIČ BRESTANICA, ŠOLSKA CESTA 29",949.0,651,0.686,651,643,8,1.0,6,0.0093,1,0.0016,9,0.014,284,0.4417,0,,18,0.028,2,0.0031,17,0.0264,25,0.0389,6,0.0093,5,0.0078,20,0.0311,10,0.0156,27,0.042,140,0.2177,28,0.0435,28,0.0435,12,0.0187,1,0.0016,4,0.0062,0,
2014,6,Novo mesto,6,Krško,28,OŠ DR. M. ROSTOHARJA,503.0,310,0.6163,310,308,2,1.0,3,0.0097,1,0.0032,7,0.0227,122,0.3961,0,,23,0.0747,0,0.0,12,0.039,2,0.0065,2,0.0065,4,0.013,17,0.0552,2,0.0065,6,0.0195,57,0.1851,13,0.0422,20,0.0649,11,0.0357,2,0.0065,4,0.013,0,
2015,6,Novo mesto,6,Krško,52,"OŠ JOŽETA GORJUPA, GORJANSKA C. 2, KOSTAN.NA KRKI",950.0,690,0.7263,690,682,8,1.0,2,0.0029,0,0.0,13,0.0191,248,0.3636,0,,28,0.0411,1,0.0015,34,0.0499,4,0.0059,12,0.0176,6,0.0088,79,0.1158,3,0.0044,32,0.0469,141,0.2067,19,0.0279,41,0.0601,12,0.0176,3,0.0044,4,0.0059,0,
2016,6,Novo mesto,6,Krško,32,OŠ JURIJA DALMATINA KRŠKO,769.0,488,0.6346,488,485,3,1.0,1,0.0021,4,0.0082,9,0.0186,218,0.4495,0,,10,0.0206,0,0.0,9,0.0186,4,0.0082,18,0.0371,11,0.0227,27,0.0557,7,0.0144,19,0.0392,86,0.1773,19,0.0392,29,0.0598,5,0.0103,2,0.0041,7,0.0144,0,
2017,6,Novo mesto,6,Krško,1,"OŠ KOPRIVNICA, KOPRIVNICA 2",223.0,165,0.7399,165,162,3,1.0,1,0.0062,0,0.0,4,0.0247,60,0.3704,0,,4,0.0247,0,0.0,3,0.0185,1,0.0062,3,0.0185,3,0.0185,6,0.037,0,0.0,14,0.0864,39,0.2407,7,0.0432,7,0.0432,8,0.0494,2,0.0123,0,0.0,0,
2018,6,Novo mesto,6,Krško,44,"PRI ARH ZVONETU, SELCE 6",223.0,132,0.5919,132,131,1,1.0,2,0.0153,0,0.0,1,0.0076,34,0.2595,0,,1,0.0076,0,0.0,1,0.0076,8,0.0611,4,0.0305,1,0.0076,7,0.0534,1,0.0076,9,0.0687,51,0.3893,6,0.0458,2,0.0153,1,0.0076,1,0.0076,1,0.0076,0,
2019,6,Novo mesto,6,Krško,21,"PRI BOGDANU DULARJU, KOSTANJEK 20",102.0,71,0.6961,71,71,0,1.0,1,0.0141,0,0.0,0,0.0,30,0.4225,0,,2,0.0282,0,0.0,8,0.1127,0,0.0,0,0.0,0,0.0,4,0.0563,0,0.0,4,0.0563,19,0.2676,1,0.0141,2,0.0282,0,0.0,0,0.0,0,0.0,0,
2020,6,Novo mesto,6,Krško,53,"PRI COLARIČ MILANU, OREHOVEC 37",220.0,155,0.7045,155,153,2,1.0,1,0.0065,0,0.0,2,0.0131,53,0.3464,0,,7,0.0458,0,0.0,2,0.0131,3,0.0196,2,0.0131,0,0.0,27,0.1765,1,0.0065,14,0.0915,37,0.2418,2,0.0131,0,0.0,2,0.0131,0,0.0,0,0.0,0,
2021,6,Novo mesto,6,Krško,54,"PRI GRUBAR JOŽETU, KOČARIJA 14",170.0,121,0.7118,121,117,4,1.0,0,0.0,0,0.0,4,0.0342,35,0.2991,0,,7,0.0598,0,0.0,1,0.0085,1,0.0085,1,0.0085,4,0.0342,31,0.265,0,0.0,0,0.0,24,0.2051,1,0.0085,3,0.0256,2,0.0171,2,0.0171,1,0.0085,0,
2022,6,Novo mesto,6,Krško,49,"PRI JARKOVIČ ANTONU, AVGUŠTINE 11 ",247.0,189,0.7652,189,187,2,1.0,0,0.0,1,0.0053,3,0.016,53,0.2834,0,,4,0.0214,1,0.0053,4,0.0214,0,0.0,2,0.0107,0,0.0,54,0.2888,2,0.0107,9,0.0481,37,0.1979,4,0.0214,8,0.0428,4,0.0214,0,0.0,1,0.0053,0,
2023,6,Novo mesto,6,Krško,50,"PRI JERNEJKI GOBEC, ČRNEČA VAS 9",133.0,95,0.7143,95,89,6,1.0,0,0.0,0,0.0,1,0.0112,36,0.4045,0,,2,0.0225,0,0.0,1,0.0112,1,0.0112,0,0.0,3,0.0337,7,0.0787,3,0.0337,0,0.0,30,0.3371,2,0.0225,1,0.0112,2,0.0225,0,0.0,0,0.0,0,
2024,6,Novo mesto,6,Krško,11,PRI JOŽEFI MACUR MARCONATO,490.0,323,0.6592,323,317,6,1.0,3,0.0095,0,0.0,10,0.0315,90,0.2839,0,,6,0.0189,1,0.0032,10,0.0315,4,0.0126,10,0.0315,5,0.0158,17,0.0536,5,0.0158,11,0.0347,91,0.2871,22,0.0694,22,0.0694,6,0.0189,3,0.0095,1,0.0032,0,
2025,6,Novo mesto,6,Krško,58,"PRI KODRIČ JOŽETU, BREZJE 2",179.0,116,0.648,116,115,1,1.0,1,0.0087,0,0.0,5,0.0435,44,0.3826,0,,2,0.0174,1,0.0087,2,0.0174,3,0.0261,1,0.0087,3,0.0261,20,0.1739,0,0.0,8,0.0696,16,0.1391,2,0.0174,1,0.0087,2,0.0174,1,0.0087,3,0.0261,0,
2026,6,Novo mesto,6,Krško,16,"PRI MIRT JOŽETU, ANŽE 12",131.0,83,0.6336,83,82,1,1.0,0,0.0,0,0.0,5,0.061,15,0.1829,0,,0,0.0,0,0.0,1,0.0122,2,0.0244,1,0.0122,0,0.0,2,0.0244,2,0.0244,8,0.0976,33,0.4024,9,0.1098,2,0.0244,0,0.0,2,0.0244,0,0.0,0,
2027,6,Novo mesto,6,Krško,27,"PRI RADEJ VIDI, SREMIČ 37",217.0,121,0.5576,121,118,3,1.0,0,0.0,0,0.0,4,0.0339,51,0.4322,0,,3,0.0254,1,0.0085,1,0.0085,1,0.0085,0,0.0,2,0.0169,4,0.0339,0,0.0,5,0.0424,37,0.3136,5,0.0424,3,0.0254,1,0.0085,0,0.0,0,0.0,0,
2028,6,Novo mesto,6,Krško,34,"PRI SLAVKU BOŽIČU, GORNJE PIJAVŠKO 30",86.0,56,0.6512,56,56,0,1.0,0,0.0,0,0.0,1,0.0179,24,0.4286,0,,1,0.0179,0,0.0,1,0.0179,1,0.0179,1,0.0179,0,0.0,2,0.0357,0,0.0,1,0.0179,16,0.2857,5,0.0893,0,0.0,3,0.0536,0,0.0,0,0.0,0,
2029,6,Novo mesto,6,Krško,6,PROSTORIH GASILSKEGA DOMA SENOVO,537.0,302,0.5624,302,298,4,1.0,1,0.0034,1,0.0034,13,0.0436,119,0.3993,0,,13,0.0436,0,0.0,5,0.0168,6,0.0201,6,0.0201,2,0.0067,7,0.0235,3,0.0101,13,0.0436,65,0.2181,9,0.0302,18,0.0604,9,0.0302,3,0.0101,5,0.0168,0,
2030,6,Novo mesto,6,Krško,46,PROSTORIH KS RAKA,960.0,648,0.675,648,643,5,1.0,1,0.0016,1,0.0016,21,0.0327,173,0.2691,0,,8,0.0124,1,0.0016,8,0.0124,10,0.0156,15,0.0233,18,0.028,49,0.0762,7,0.0109,33,0.0513,231,0.3593,22,0.0342,19,0.0295,6,0.0093,11,0.0171,9,0.014,0,
2031,6,Novo mesto,6,Krško,19,PROSTORIH KS ROŽNO - PRESLADOL,322.0,211,0.6553,211,208,3,1.0,2,0.0096,0,0.0,9,0.0433,49,0.2356,0,,4,0.0192,0,0.0,12,0.0577,0,0.0,3,0.0144,4,0.0192,15,0.0721,9,0.0433,19,0.0913,62,0.2981,7,0.0337,5,0.024,3,0.0144,3,0.0144,2,0.0096,0,
2032,6,Novo mesto,6,Krško,37,PROSTORIH MLEKARNE MRTVICE,173.0,114,0.659,114,113,1,1.0,1,0.0088,0,0.0,3,0.0265,46,0.4071,0,,0,0.0,1,0.0088,4,0.0354,0,0.0,0,0.0,1,0.0088,4,0.0354,0,0.0,4,0.0354,36,0.3186,2,0.0177,4,0.0354,1,0.0088,2,0.0177,4,0.0354,0,
2033,6,Novo mesto,6,Krško,48,PROSVETNI DVORANI NA VELIKEM TRNU,559.0,383,0.6852,383,377,6,1.0,2,0.0053,2,0.0053,7,0.0186,88,0.2334,0,,6,0.0159,0,0.0,3,0.008,6,0.0159,5,0.0133,4,0.0106,25,0.0663,4,0.0106,31,0.0822,155,0.4111,24,0.0637,6,0.0159,7,0.0186,0,0.0,2,0.0053,0,
2034,6,Novo mesto,6,Krško,17,RIBIŠKE DRUŽINE (RIBNIK) BRESTANICA PRI J.DULARJU,232.0,152,0.6552,152,151,1,1.0,3,0.0199,0,0.0,2,0.0132,40,0.2649,0,,1,0.0066,0,0.0,5,0.0331,5,0.0331,3,0.0199,2,0.0132,5,0.0331,4,0.0265,12,0.0795,56,0.3709,4,0.0265,5,0.0331,2,0.0132,2,0.0132,0,0.0,0,
2035,6,Novo mesto,6,Krško,57,VAŠKEM DOMU VELIKO MRAŠEVO,219.0,159,0.726,159,155,4,1.0,0,0.0,0,0.0,1,0.0065,46,0.2968,0,,2,0.0129,0,0.0,9,0.0581,2,0.0129,0,0.0,7,0.0452,15,0.0968,1,0.0065,10,0.0645,46,0.2968,6,0.0387,6,0.0387,1,0.0065,1,0.0065,2,0.0129,0,
2036,6,Novo mesto,6,Krško,39,VAŠKI SOBI NA GORICI,356.0,193,0.5421,193,191,2,1.0,1,0.0052,0,0.0,6,0.0314,62,0.3246,0,,3,0.0157,1,0.0052,3,0.0157,2,0.0105,3,0.0157,5,0.0262,14,0.0733,0,0.0,11,0.0576,59,0.3089,11,0.0576,5,0.0262,4,0.0209,1,0.0052,0,0.0,0,
2037,6,Novo mesto,6,Krško,41,VAŠKI SOBI V GRŽEČI VASI,160.0,115,0.7188,115,112,3,1.0,1,0.0089,0,0.0,0,0.0,28,0.25,0,,3,0.0268,0,0.0,1,0.0089,3,0.0268,0,0.0,5,0.0446,6,0.0536,0,0.0,12,0.1071,47,0.4196,3,0.0268,2,0.0179,1,0.0089,0,0.0,0,0.0,0,
2038,6,Novo mesto,6,Krško,8,VAŠKI SOBI V STROJNICI REŠTANJ,161.0,112,0.6957,112,112,0,1.0,1,0.0089,0,0.0,7,0.0625,39,0.3482,0,,1,0.0089,0,0.0,2,0.0179,1,0.0089,3,0.0268,0,0.0,6,0.0536,2,0.0179,12,0.1071,24,0.2143,3,0.0268,7,0.0625,0,0.0,1,0.0089,3,0.0268,0,
2039,6,Novo mesto,6,Krško,18,"VEČNAMENSKEM DOMU V DOLENJI VASI, DOLENJA VAS 88",843.0,588,0.6975,588,585,3,1.0,1,0.0017,0,0.0,5,0.0085,238,0.4068,0,,18,0.0308,0,0.0,15,0.0256,26,0.0444,15,0.0256,13,0.0222,17,0.0291,4,0.0068,27,0.0462,138,0.2359,26,0.0444,26,0.0444,8,0.0137,4,0.0068,4,0.0068,0,
2040,6,Novo mesto,6,Krško,901,PREDČASNO GLASOVANJE,,1144,,1144,1136,8,1.0,3,0.0026,1,0.0009,19,0.0167,484,0.4261,0,,49,0.0431,2,0.0018,37,0.0326,8,0.007,14,0.0123,23,0.0202,34,0.0299,8,0.007,54,0.0475,236,0.2077,57,0.0502,72,0.0634,15,0.0132,11,0.0097,9,0.0079,0,
2041,6,Novo mesto,7,Sevnica,17,DOM KRAJANOV RAZBOR,205.0,124,0.6049,124,124,0,1.0,1,0.0081,0,0.0,2,0.0161,28,0.2258,0,,1,0.0081,0,0.0,6,0.0484,9,0.0726,4,0.0323,0,0.0,9,0.0726,1,0.0081,8,0.0645,39,0.3145,2,0.0161,7,0.0565,3,0.0242,4,0.0323,0,0.0,0,
2042,6,Novo mesto,7,Sevnica,21,DROŽANJE 13 - IVAN JAZBEC,216.0,121,0.5602,121,119,2,1.0,1,0.0084,0,0.0,4,0.0336,43,0.3613,0,,1,0.0084,2,0.0168,0,0.0,1,0.0084,2,0.0168,0,0.0,5,0.042,4,0.0336,13,0.1092,30,0.2521,2,0.0168,1,0.0084,5,0.042,4,0.0336,1,0.0084,0,
2043,6,Novo mesto,7,Sevnica,42,DVORANA METELKOVEGA DOMA - ŠKOCJAN 35,760.0,500,0.6579,500,493,7,1.0,6,0.0122,0,0.0,18,0.0365,122,0.2475,0,,6,0.0122,0,0.0,18,0.0365,15,0.0304,8,0.0162,8,0.0162,42,0.0852,3,0.0061,17,0.0345,185,0.3753,15,0.0304,21,0.0426,4,0.0081,4,0.0081,1,0.002,0,
2044,6,Novo mesto,7,Sevnica,44,GASILSKI DOM - DOBRAVA PRI ŠKOCJANU 59,183.0,152,0.8306,152,151,1,1.0,0,0.0,1,0.0066,6,0.0397,44,0.2914,0,,1,0.0066,1,0.0066,6,0.0397,4,0.0265,1,0.0066,1,0.0066,10,0.0662,1,0.0066,7,0.0464,54,0.3576,5,0.0331,8,0.053,0,0.0,1,0.0066,0,0.0,0,
2045,6,Novo mesto,7,Sevnica,41,GASILSKI DOM - DOLENJE DOLE 24B,171.0,119,0.6959,119,115,4,1.0,1,0.0087,0,0.0,4,0.0348,14,0.1217,0,,3,0.0261,0,0.0,3,0.0261,5,0.0435,1,0.0087,1,0.0087,7,0.0609,0,0.0,4,0.0348,63,0.5478,7,0.0609,1,0.0087,0,0.0,1,0.0087,0,0.0,0,
2046,6,Novo mesto,7,Sevnica,43,GASILSKI DOM - GRMOVLJE 28,501.0,268,0.5349,268,267,1,1.0,11,0.0412,0,0.0,6,0.0225,78,0.2921,0,,3,0.0112,0,0.0,5,0.0187,6,0.0225,1,0.0037,4,0.015,15,0.0562,4,0.015,9,0.0337,111,0.4157,6,0.0225,5,0.0187,1,0.0037,1,0.0037,1,0.0037,0,
2047,6,Novo mesto,7,Sevnica,45,GASILSKI DOM - TOMAŽJA VAS 35,160.0,127,0.7938,127,125,2,1.0,4,0.032,0,0.0,6,0.048,45,0.36,0,,3,0.024,0,0.0,3,0.024,0,0.0,5,0.04,4,0.032,5,0.04,0,0.0,6,0.048,29,0.232,9,0.072,4,0.032,2,0.016,0,0.0,0,0.0,0,
2048,6,Novo mesto,7,Sevnica,40,GASILSKI DOM - ZAGRAD 36,367.0,230,0.6267,230,226,4,1.0,7,0.031,0,0.0,3,0.0133,44,0.1947,0,,4,0.0177,2,0.0088,8,0.0354,9,0.0398,9,0.0398,7,0.031,9,0.0398,1,0.0044,16,0.0708,86,0.3805,6,0.0265,4,0.0177,7,0.031,2,0.0088,2,0.0088,0,
2049,6,Novo mesto,7,Sevnica,15,GASILSKI DOM BREG,182.0,118,0.6484,118,118,0,1.0,0,0.0,1,0.0085,4,0.0339,28,0.2373,0,,2,0.0169,0,0.0,4,0.0339,7,0.0593,0,0.0,3,0.0254,8,0.0678,1,0.0085,2,0.0169,45,0.3814,4,0.0339,6,0.0508,0,0.0,1,0.0085,2,0.0169,0,
2050,6,Novo mesto,7,Sevnica,16,GASILSKI DOM LOKA PRI ZIDANEM MOSTU,567.0,376,0.6631,376,369,7,1.0,8,0.0217,0,0.0,14,0.0379,116,0.3144,0,,10,0.0271,1,0.0027,18,0.0488,19,0.0515,3,0.0081,4,0.0108,17,0.0461,10,0.0271,7,0.019,86,0.2331,3,0.0081,29,0.0786,14,0.0379,6,0.0163,4,0.0108,0,
2051,6,Novo mesto,7,Sevnica,22,GASILSKI DOM OREŠJE,281.0,164,0.5836,164,161,3,1.0,12,0.0745,0,0.0,8,0.0497,48,0.2981,0,,1,0.0062,1,0.0062,3,0.0186,2,0.0124,4,0.0248,6,0.0373,4,0.0248,2,0.0124,11,0.0683,44,0.2733,3,0.0186,3,0.0186,6,0.0373,3,0.0186,0,0.0,0,
2052,6,Novo mesto,7,Sevnica,2,GASILSKI DOM POKLEK,231.0,154,0.6667,154,150,4,1.0,2,0.0133,0,0.0,5,0.0333,31,0.2067,0,,2,0.0133,0,0.0,1,0.0067,4,0.0267,3,0.02,2,0.0133,10,0.0667,0,0.0,1,0.0067,78,0.52,8,0.0533,1,0.0067,0,0.0,0,0.0,2,0.0133,0,
2053,6,Novo mesto,7,Sevnica,18,GASILSKI DOM PRIMOŽ,240.0,165,0.6875,165,165,0,1.0,2,0.0121,0,0.0,3,0.0182,36,0.2182,0,,3,0.0182,0,0.0,3,0.0182,3,0.0182,1,0.0061,0,0.0,3,0.0182,0,0.0,19,0.1152,80,0.4848,4,0.0242,5,0.0303,2,0.0121,0,0.0,1,0.0061,0,
2054,6,Novo mesto,7,Sevnica,23,GASILSKI DOM SEVNICA,380.0,226,0.5947,226,224,2,1.0,8,0.0357,3,0.0134,5,0.0223,87,0.3884,0,,7,0.0312,0,0.0,13,0.058,3,0.0134,1,0.0045,1,0.0045,10,0.0446,5,0.0223,5,0.0223,60,0.2679,2,0.0089,6,0.0268,5,0.0223,0,0.0,3,0.0134,0,
2055,6,Novo mesto,7,Sevnica,27,GASILSKI DOM STUDENEC,502.0,332,0.6614,332,323,9,1.0,2,0.0062,0,0.0,8,0.0248,103,0.3189,0,,5,0.0155,2,0.0062,11,0.0341,6,0.0186,4,0.0124,1,0.0031,14,0.0433,2,0.0062,12,0.0372,121,0.3746,16,0.0495,10,0.031,5,0.0155,1,0.0031,0,0.0,0,
2056,6,Novo mesto,7,Sevnica,35,GASILSKI DOM TELČE,316.0,206,0.6519,206,205,1,1.0,2,0.0098,3,0.0146,6,0.0293,37,0.1805,0,,3,0.0146,1,0.0049,3,0.0146,11,0.0537,0,0.0,8,0.039,5,0.0244,0,0.0,47,0.2293,64,0.3122,6,0.0293,5,0.0244,4,0.0195,0,0.0,0,0.0,0,
2057,6,Novo mesto,7,Sevnica,37,GASILSKI DOM TRNOVEC,340.0,215,0.6324,215,212,3,1.0,3,0.0142,0,0.0,8,0.0377,74,0.3491,0,,2,0.0094,1,0.0047,6,0.0283,11,0.0519,2,0.0094,2,0.0094,8,0.0377,5,0.0236,11,0.0519,62,0.2925,4,0.0189,7,0.033,2,0.0094,2,0.0094,2,0.0094,0,
2058,6,Novo mesto,7,Sevnica,31,GASILSKI DOM VELIKI CIRNIK,105.0,69,0.6571,69,69,0,1.0,1,0.0145,0,0.0,2,0.029,19,0.2754,0,,3,0.0435,0,0.0,1,0.0145,1,0.0145,0,0.0,2,0.029,3,0.0435,0,0.0,3,0.0435,28,0.4058,4,0.058,1,0.0145,1,0.0145,0,0.0,0,0.0,0,
2059,6,Novo mesto,7,Sevnica,36,GASILSKI DOM ZABUKOVJE,241.0,155,0.6432,155,155,0,1.0,1,0.0065,0,0.0,7,0.0452,34,0.2194,0,,3,0.0194,0,0.0,2,0.0129,9,0.0581,1,0.0065,2,0.0129,9,0.0581,2,0.0129,8,0.0516,59,0.3806,6,0.0387,5,0.0323,1,0.0065,1,0.0065,5,0.0323,0,
2060,6,Novo mesto,7,Sevnica,19,"GOSTILNA KREGL, GORNJE BREZOVO 3, SEVNICA",589.0,361,0.6129,361,357,4,1.0,5,0.014,0,0.0,5,0.014,106,0.2969,0,,6,0.0168,1,0.0028,9,0.0252,11,0.0308,5,0.014,5,0.014,16,0.0448,2,0.0056,9,0.0252,156,0.437,6,0.0168,8,0.0224,2,0.0056,5,0.014,0,0.0,0,
2061,6,Novo mesto,7,Sevnica,29,KLADJE PRI KRMELJU 10 - ŽAN BUNDERŠEK,107.0,58,0.5421,58,58,0,1.0,0,0.0,0,0.0,2,0.0345,8,0.1379,0,,0,0.0,0,0.0,1,0.0172,0,0.0,0,0.0,0,0.0,2,0.0345,0,0.0,1,0.0172,39,0.6724,0,0.0,1,0.0172,1,0.0172,2,0.0345,1,0.0172,0,
2062,6,Novo mesto,7,Sevnica,11,KONJSKO 10 -  JOŽE MERVIČ,89.0,78,0.8764,78,77,1,1.0,0,0.0,0,0.0,2,0.026,26,0.3377,0,,0,0.0,0,0.0,0,0.0,0,0.0,0,0.0,1,0.013,2,0.026,1,0.013,4,0.0519,38,0.4935,1,0.013,2,0.026,0,0.0,0,0.0,0,0.0,0,
2063,6,Novo mesto,7,Sevnica,30,KULTURNA DVORANA ŠENTJANŽ,955.0,653,0.6838,653,648,5,1.0,9,0.0139,0,0.0,28,0.0432,190,0.2932,0,,16,0.0247,2,0.0031,19,0.0293,7,0.0108,20,0.0309,12,0.0185,24,0.037,11,0.017,32,0.0494,226,0.3488,9,0.0139,20,0.0309,15,0.0231,3,0.0046,5,0.0077,0,
2064,6,Novo mesto,7,Sevnica,1,KULTURNI DOM BLANCA,655.0,434,0.6626,434,423,11,1.0,3,0.0071,0,0.0,14,0.0331,138,0.3262,0,,6,0.0142,0,0.0,17,0.0402,5,0.0118,4,0.0095,4,0.0095,17,0.0402,6,0.0142,16,0.0378,162,0.383,6,0.0142,6,0.0142,11,0.026,5,0.0118,3,0.0071,0,
2065,6,Novo mesto,7,Sevnica,12,KULTURNI DOM LUKOVEC,155.0,118,0.7613,118,118,0,1.0,0,0.0,0,0.0,0,0.0,38,0.322,0,,1,0.0085,0,0.0,2,0.0169,0,0.0,0,0.0,1,0.0085,1,0.0085,6,0.0508,17,0.1441,40,0.339,0,0.0,11,0.0932,0,0.0,1,0.0085,0,0.0,0,
2066,6,Novo mesto,7,Sevnica,20,LEDINA 80 - STANISLAV MOŽIČ,173.0,105,0.6069,105,104,1,1.0,1,0.0096,0,0.0,2,0.0192,28,0.2692,0,,0,0.0,0,0.0,7,0.0673,3,0.0288,0,0.0,2,0.0192,1,0.0096,0,0.0,7,0.0673,31,0.2981,4,0.0385,7,0.0673,5,0.0481,0,0.0,6,0.0577,0,
2067,6,Novo mesto,7,Sevnica,39,OSNOVNA ŠOLA BUČKA,490.0,326,0.6653,326,322,4,1.0,1,0.0031,0,0.0,11,0.0342,106,0.3292,0,,3,0.0093,0,0.0,16,0.0497,12,0.0373,8,0.0248,7,0.0217,12,0.0373,4,0.0124,6,0.0186,107,0.3323,14,0.0435,8,0.0248,2,0.0062,3,0.0093,2,0.0062,0,
2068,6,Novo mesto,7,Sevnica,14,OSNOVNA ŠOLA KRMELJ,749.0,551,0.7356,551,546,5,1.0,7,0.0128,8,0.0147,21,0.0385,160,0.293,0,,9,0.0165,0,0.0,27,0.0495,5,0.0092,15,0.0275,5,0.0092,18,0.033,7,0.0128,38,0.0696,172,0.315,11,0.0201,28,0.0513,10,0.0183,1,0.0018,4,0.0073,0,
2069,6,Novo mesto,7,Sevnica,25,OSNOVNA ŠOLA SAVA KLADNIKA,439.0,272,0.6196,272,270,2,1.0,3,0.0111,0,0.0,11,0.0407,124,0.4593,0,,10,0.037,1,0.0037,3,0.0111,1,0.0037,5,0.0185,3,0.0111,18,0.0667,4,0.0148,5,0.0185,52,0.1926,3,0.0111,10,0.037,14,0.0519,2,0.0074,1,0.0037,0,
2070,6,Novo mesto,7,Sevnica,33,PIJAVICE 3 - HENRIK HOČEVAR,294.0,215,0.7313,215,211,4,1.0,0,0.0,0,0.0,7,0.0332,42,0.1991,0,,1,0.0047,0,0.0,5,0.0237,5,0.0237,3,0.0142,1,0.0047,8,0.0379,2,0.0095,41,0.1943,82,0.3886,4,0.019,4,0.019,3,0.0142,3,0.0142,0,0.0,0,
2071,6,Novo mesto,7,Sevnica,9,POD VAŠKIM KOZOLCEM NA JABLANICI,187.0,119,0.6364,119,116,3,1.0,0,0.0,1,0.0086,6,0.0517,38,0.3276,0,,0,0.0,3,0.0259,11,0.0948,5,0.0431,2,0.0172,1,0.0086,1,0.0086,2,0.0172,5,0.0431,35,0.3017,1,0.0086,4,0.0345,1,0.0086,0,0.0,0,0.0,0,
2072,6,Novo mesto,7,Sevnica,38,"PODGORJE OB SEVNIČNI 17B, JANEZ PODLESNIK",98.0,72,0.7347,72,72,0,1.0,4,0.0556,0,0.0,8,0.1111,24,0.3333,0,,0,0.0,0,0.0,1,0.0139,2,0.0278,0,0.0,0,0.0,1,0.0139,3,0.0417,6,0.0833,18,0.25,2,0.0278,1,0.0139,0,0.0,1,0.0139,1,0.0139,0,
2073,6,Novo mesto,7,Sevnica,26,"PROST. KOMUNALE SEVNICA, NASELJE HEROJA MAROKA 17",1027.0,642,0.6251,642,636,6,1.0,4,0.0063,3,0.0047,37,0.0582,235,0.3695,0,,25,0.0393,0,0.0,28,0.044,8,0.0126,9,0.0142,6,0.0094,29,0.0456,10,0.0157,20,0.0314,157,0.2469,9,0.0142,31,0.0487,12,0.0189,5,0.0079,8,0.0126,0,
2074,6,Novo mesto,7,Sevnica,32,PROSTOR LOVSKE DRUŽINE TRŽIŠČE,435.0,315,0.7241,315,309,6,1.0,1,0.0032,1,0.0032,14,0.0453,53,0.1715,0,,3,0.0097,0,0.0,8,0.0259,4,0.0129,7,0.0227,2,0.0065,19,0.0615,1,0.0032,70,0.2265,100,0.3236,4,0.0129,13,0.0421,8,0.0259,0,0.0,1,0.0032,0,
2075,6,Novo mesto,7,Sevnica,13,SEJNA SOBA OBČINE SEVNICA,782.0,412,0.5269,412,409,3,1.0,2,0.0049,1,0.0024,23,0.0562,158,0.3863,0,,5,0.0122,2,0.0049,10,0.0244,6,0.0147,2,0.0049,8,0.0196,28,0.0685,5,0.0122,10,0.0244,105,0.2567,8,0.0196,20,0.0489,12,0.0293,1,0.0024,3,0.0073,0,
2076,6,Novo mesto,7,Sevnica,3,TVD PARTIZAN,877.0,620,0.707,620,613,7,1.0,4,0.0065,1,0.0016,26,0.0424,240,0.3915,0,,24,0.0392,0,0.0,13,0.0212,7,0.0114,9,0.0147,16,0.0261,34,0.0555,5,0.0082,25,0.0408,179,0.292,4,0.0065,14,0.0228,5,0.0082,2,0.0033,5,0.0082,0,
2077,6,Novo mesto,7,Sevnica,4,VEČNAMENSKI DOM KOMPOLJE,130.0,103,0.7923,103,102,1,1.0,2,0.0196,0,0.0,0,0.0,27,0.2647,0,,1,0.0098,1,0.0098,5,0.049,3,0.0294,0,0.0,4,0.0392,6,0.0588,0,0.0,4,0.0392,42,0.4118,1,0.0098,5,0.049,1,0.0098,0,0.0,0,0.0,0,
2078,6,Novo mesto,7,Sevnica,5,VEČNAMENSKI DOM ŠMARČNA,76.0,59,0.7763,59,59,0,1.0,0,0.0,0,0.0,2,0.0339,10,0.1695,0,,1,0.0169,0,0.0,1,0.0169,0,0.0,1,0.0169,1,0.0169,1,0.0169,0,0.0,7,0.1186,32,0.5424,0,0.0,0,0.0,0,0.0,0,0.0,3,0.0508,0,
2079,6,Novo mesto,7,Sevnica,7,VEČNAMENSKI OBJEKT LOG,246.0,191,0.7764,191,189,2,1.0,0,0.0,0,0.0,4,0.0212,65,0.3439,0,,3,0.0159,0,0.0,8,0.0423,3,0.0159,1,0.0053,2,0.0106,9,0.0476,2,0.0106,4,0.0212,70,0.3704,4,0.0212,10,0.0529,3,0.0159,1,0.0053,0,0.0,0,
2080,6,Novo mesto,7,Sevnica,34,"VINSKI DVOR MALKOVEC, MALKOVEC 11",304.0,222,0.7303,222,212,10,1.0,2,0.0094,0,0.0,9,0.0425,62,0.2925,0,,4,0.0189,0,0.0,7,0.033,9,0.0425,4,0.0189,3,0.0142,5,0.0236,3,0.0142,47,0.2217,41,0.1934,3,0.0142,7,0.033,6,0.0283,0,0.0,0,0.0,0,
2081,6,Novo mesto,7,Sevnica,6,VRH 23 - GOSTIŠČE DOLINŠEK,192.0,131,0.6823,131,131,0,1.0,1,0.0076,0,0.0,8,0.0611,47,0.3588,0,,4,0.0305,1,0.0076,3,0.0229,2,0.0153,1,0.0076,1,0.0076,3,0.0229,0,0.0,4,0.0305,40,0.3053,2,0.0153,9,0.0687,4,0.0305,0,0.0,1,0.0076,0,
2082,6,Novo mesto,7,Sevnica,24,VVO CICIBAN SEVNICA,701.0,416,0.5934,416,415,1,1.0,7,0.0169,0,0.0,18,0.0434,154,0.3711,0,,25,0.0602,2,0.0048,20,0.0482,0,0.0,7,0.0169,9,0.0217,14,0.0337,3,0.0072,6,0.0145,92,0.2217,3,0.0072,25,0.0602,23,0.0554,4,0.0096,3,0.0072,0,
2083,6,Novo mesto,7,Sevnica,8,"ZAVETIŠČE POD SVETIM ROKOM, TABORNIŠKA ULICA 14",348.0,244,0.7011,244,240,4,1.0,1,0.0042,0,0.0,8,0.0333,93,0.3875,0,,9,0.0375,4,0.0167,10,0.0417,3,0.0125,2,0.0083,5,0.0208,5,0.0208,8,0.0333,8,0.0333,55,0.2292,2,0.0083,10,0.0417,14,0.0583,1,0.0042,2,0.0083,0,
2084,6,Novo mesto,7,Sevnica,28,ZAVRATEC 10 - MARKO RUPAR,126.0,79,0.627,79,79,0,1.0,1,0.0127,0,0.0,0,0.0,18,0.2278,0,,1,0.0127,0,0.0,2,0.0253,2,0.0253,1,0.0127,4,0.0506,1,0.0127,1,0.0127,9,0.1139,31,0.3924,3,0.038,3,0.038,1,0.0127,1,0.0127,0,0.0,0,
2085,6,Novo mesto,7,Sevnica,10,ŽELEZNIŠKA POSTAJA JELOVEC 5,127.0,83,0.6535,83,82,1,1.0,0,0.0,0,0.0,1,0.0122,11,0.1341,0,,1,0.0122,0,0.0,3,0.0366,0,0.0,1,0.0122,1,0.0122,4,0.0488,0,0.0,14,0.1707,43,0.5244,1,0.0122,0,0.0,0,0.0,2,0.0244,0,0.0,0,
2086,6,Novo mesto,7,Sevnica,901,PREDČASNO GLASOVANJE,,1042,,1042,1040,2,1.0,4,0.0038,3,0.0029,27,0.026,448,0.4308,0,,47,0.0452,2,0.0019,27,0.026,9,0.0087,6,0.0058,16,0.0154,34,0.0327,9,0.0087,53,0.051,263,0.2529,8,0.0077,41,0.0394,27,0.026,8,0.0077,8,0.0077,0,
2087,6,Novo mesto,8,Laško,32," KS VRHOVO, VRHOVO 43A, RADEČE",418.0,318,0.7608,318,317,1,1.0,0,0.0,0,0.0,7,0.0221,65,0.205,0,,9,0.0284,0,0.0,3,0.0095,10,0.0315,0,0.0,2,0.0063,25,0.0789,6,0.0189,4,0.0126,69,0.2177,4,0.0126,100,0.3155,4,0.0126,4,0.0126,5,0.0158,0,
2088,6,Novo mesto,8,Laško,19,"ANTON VRESK, POLANA 21, JURKLOŠTER",234.0,129,0.5513,129,129,0,1.0,0,0.0,0,0.0,5,0.0388,26,0.2016,0,,1,0.0078,1,0.0078,3,0.0233,9,0.0698,3,0.0233,4,0.031,21,0.1628,3,0.0233,2,0.0155,37,0.2868,0,0.0,8,0.062,5,0.0388,1,0.0078,0,0.0,0,
2089,6,Novo mesto,8,Laško,18,"BIFE RACMAN, MRZLO POLJE 8A, JURKLOŠTER",202.0,123,0.6089,123,121,2,1.0,1,0.0083,0,0.0,7,0.0579,33,0.2727,0,,0,0.0,0,0.0,1,0.0083,3,0.0248,1,0.0083,1,0.0083,16,0.1322,1,0.0083,9,0.0744,27,0.2231,4,0.0331,14,0.1157,2,0.0165,0,0.0,1,0.0083,0,
2090,6,Novo mesto,8,Laško,1,"CENTER STAREJŠIH, SAVINJSKO NABREŽJE 6, LAŠKO",1172.0,648,0.5529,648,641,7,1.0,3,0.0047,0,0.0,18,0.0281,218,0.3401,0,,32,0.0499,2,0.0031,18,0.0281,5,0.0078,23,0.0359,6,0.0094,39,0.0608,12,0.0187,17,0.0265,120,0.1872,13,0.0203,88,0.1373,19,0.0296,4,0.0062,4,0.0062,0,
2091,6,Novo mesto,8,Laško,23,"DOM KULTURE RADEČE, GLEDALIŠKA POT 2, RADEČE",409.0,249,0.6088,249,246,3,1.0,0,0.0,0,0.0,8,0.0325,61,0.248,0,,4,0.0163,0,0.0,7,0.0285,1,0.0041,4,0.0163,3,0.0122,16,0.065,4,0.0163,7,0.0285,55,0.2236,1,0.0041,63,0.2561,5,0.0203,6,0.0244,1,0.0041,0,
2092,6,Novo mesto,8,Laško,30,"GASILSKI DOM, JAGNJENICA 14, RADEČE",345.0,233,0.6754,233,231,2,1.0,1,0.0043,1,0.0043,5,0.0216,29,0.1255,0,,3,0.013,0,0.0,0,0.0,2,0.0087,0,0.0,5,0.0216,20,0.0866,0,0.0,16,0.0693,71,0.3074,4,0.0173,71,0.3074,1,0.0043,1,0.0043,1,0.0043,0,
2093,6,Novo mesto,8,Laško,10,"GASILSKI DOM, ŠENTRUPERT 93E, ŠENTRUPERT",330.0,230,0.697,230,228,2,1.0,1,0.0044,1,0.0044,4,0.0175,31,0.136,0,,1,0.0044,1,0.0044,2,0.0088,2,0.0088,5,0.0219,5,0.0219,33,0.1447,3,0.0132,5,0.0219,116,0.5088,3,0.0132,7,0.0307,2,0.0088,5,0.0219,1,0.0044,0,
2094,6,Novo mesto,8,Laško,9,"GASILSKI DOM, VRH NAD LAŠKIM 9A, LAŠKO",633.0,402,0.6351,402,395,7,1.0,3,0.0076,1,0.0025,25,0.0633,99,0.2506,0,,8,0.0203,5,0.0127,10,0.0253,14,0.0354,1,0.0025,3,0.0076,33,0.0835,6,0.0152,20,0.0506,103,0.2608,3,0.0076,40,0.1013,8,0.0203,9,0.0228,4,0.0101,0,
2095,6,Novo mesto,8,Laško,22,"GASILSKI DOM, ZIDANI MOST 12, ZIDANI MOST",229.0,141,0.6157,141,140,1,1.0,2,0.0143,0,0.0,6,0.0429,16,0.1143,0,,4,0.0286,1,0.0071,2,0.0143,1,0.0071,0,0.0,0,0.0,4,0.0286,0,0.0,3,0.0214,27,0.1929,4,0.0286,64,0.4571,3,0.0214,0,0.0,3,0.0214,0,
2096,6,Novo mesto,8,Laško,28,"GOSTILNA STRNAD, HOTEMEŽ 6, RADEČE",182.0,129,0.7088,129,127,2,1.0,0,0.0,0,0.0,9,0.0709,24,0.189,0,,4,0.0315,0,0.0,3,0.0236,3,0.0236,2,0.0157,2,0.0157,11,0.0866,3,0.0236,1,0.0079,18,0.1417,2,0.0157,42,0.3307,1,0.0079,2,0.0157,0,0.0,0,
2097,6,Novo mesto,8,Laško,15,"KAREL VEBER, BRODNICE 12, RIMSKE TOPLICE",198.0,100,0.5051,100,99,1,1.0,1,0.0101,0,0.0,4,0.0404,13,0.1313,0,,2,0.0202,0,0.0,2,0.0202,2,0.0202,0,0.0,0,0.0,18,0.1818,1,0.0101,3,0.0303,35,0.3535,2,0.0202,11,0.1111,2,0.0202,2,0.0202,1,0.0101,0,
2098,6,Novo mesto,8,Laško,24,"KNJIŽNICA RADEČE, UL. OF 2, RADEČE",494.0,276,0.5587,276,274,2,1.0,0,0.0,0,0.0,9,0.0328,58,0.2117,0,,11,0.0401,0,0.0,5,0.0182,6,0.0219,4,0.0146,6,0.0219,7,0.0255,6,0.0219,2,0.0073,42,0.1533,0,0.0,108,0.3942,8,0.0292,1,0.0036,1,0.0036,0,
2099,6,Novo mesto,8,Laško,2,"KULTURNI CENTER, TRG SVOBODE 6, LAŠKO",919.0,498,0.5419,498,495,3,1.0,4,0.0081,0,0.0,18,0.0364,155,0.3131,0,,14,0.0283,1,0.002,24,0.0485,10,0.0202,4,0.0081,8,0.0162,34,0.0687,12,0.0242,14,0.0283,116,0.2343,11,0.0222,51,0.103,13,0.0263,2,0.004,4,0.0081,0,
2100,6,Novo mesto,8,Laško,6,"KULTURNI DOM, MARIJA GRADEC 29,LAŠKO",747.0,458,0.6131,458,447,11,1.0,2,0.0045,1,0.0022,12,0.0268,124,0.2774,0,,13,0.0291,2,0.0045,16,0.0358,7,0.0157,13,0.0291,7,0.0157,47,0.1051,8,0.0179,10,0.0224,106,0.2371,11,0.0246,48,0.1074,13,0.0291,3,0.0067,4,0.0089,0,
2101,6,Novo mesto,8,Laško,12,"KULTURNI DOM,TROBNI DOL 38A,ŠENTRUPERT",155.0,90,0.5806,90,89,1,1.0,1,0.0112,0,0.0,11,0.1236,13,0.1461,0,,3,0.0337,3,0.0337,3,0.0337,1,0.0112,0,0.0,0,0.0,7,0.0787,1,0.0112,0,0.0,29,0.3258,6,0.0674,7,0.0787,2,0.0225,1,0.0112,1,0.0112,0,
2102,6,Novo mesto,8,Laško,16,"MATEVŽ DEŽELAK, LOŽE 1, RIMSKE TOPLICE",146.0,94,0.6438,94,93,1,1.0,0,0.0,1,0.0108,2,0.0215,19,0.2043,0,,0,0.0,0,0.0,2,0.0215,0,0.0,3,0.0323,0,0.0,31,0.3333,0,0.0,0,0.0,24,0.2581,2,0.0215,7,0.0753,2,0.0215,0,0.0,0,0.0,0,
2103,6,Novo mesto,8,Laško,8,"NA SLOGAH, TEVČE 2, LAŠKO",554.0,338,0.6101,337,334,3,1.0,4,0.012,1,0.003,9,0.0269,57,0.1707,0,,8,0.024,0,0.0,3,0.009,7,0.021,12,0.0359,12,0.0359,36,0.1078,6,0.018,11,0.0329,110,0.3293,7,0.021,33,0.0988,8,0.024,3,0.009,7,0.021,0,
2104,6,Novo mesto,8,Laško,3,"OSNOVNA ŠOLA DEBRO, POŽENELOVA 26, LAŠKO",1314.0,799,0.6081,799,787,12,1.0,3,0.0038,5,0.0064,27,0.0343,250,0.3177,0,,16,0.0203,7,0.0089,32,0.0407,16,0.0203,7,0.0089,12,0.0152,48,0.061,19,0.0241,25,0.0318,187,0.2376,16,0.0203,74,0.094,19,0.0241,16,0.0203,8,0.0102,0,
2105,6,Novo mesto,8,Laško,13,"OŠ ANTON AŠKERC, AŠKERČEVA CESTA 1,RIMSKE TOPLICE",993.0,689,0.6939,689,683,6,1.0,2,0.0029,1,0.0015,17,0.0249,197,0.2884,0,,18,0.0264,12,0.0176,20,0.0293,14,0.0205,10,0.0146,2,0.0029,86,0.1259,8,0.0117,16,0.0234,169,0.2474,7,0.0102,77,0.1127,18,0.0264,8,0.0117,1,0.0015,0,
2106,6,Novo mesto,8,Laško,31,"PGD SVIBNO, SVIBNO 18A, RADEČE",306.0,232,0.7582,232,231,1,1.0,1,0.0043,0,0.0,5,0.0216,31,0.1342,0,,8,0.0346,0,0.0,8,0.0346,6,0.026,2,0.0087,2,0.0087,29,0.1255,5,0.0216,8,0.0346,55,0.2381,4,0.0173,66,0.2857,0,0.0,1,0.0043,0,0.0,0,
2107,6,Novo mesto,8,Laško,29,"PLAZNIK LEOPOLD,  JELOVO 7, RADEČE",134.0,101,0.7537,101,100,1,1.0,0,0.0,1,0.01,0,0.0,14,0.14,0,,0,0.0,0,0.0,7,0.07,1,0.01,1,0.01,1,0.01,9,0.09,0,0.0,4,0.04,22,0.22,0,0.0,40,0.4,0,0.0,0,0.0,0,0.0,0,
2108,6,Novo mesto,8,Laško,17,"PODRUŽNIČNA ŠOLA, JURKLOŠTER 23, JURKLOŠTER",198.0,112,0.5657,112,110,2,1.0,1,0.0091,0,0.0,1,0.0091,17,0.1545,0,,2,0.0182,3,0.0273,0,0.0,7,0.0636,0,0.0,3,0.0273,12,0.1091,0,0.0,1,0.0091,42,0.3818,1,0.0091,18,0.1636,2,0.0182,0,0.0,0,0.0,0,
2109,6,Novo mesto,8,Laško,20,"PODRUŽNIČNA ŠOLA, SEDRAŽ 21, LAŠKO",563.0,368,0.6536,368,365,3,1.0,4,0.011,0,0.0,13,0.0356,111,0.3041,0,,7,0.0192,2,0.0055,8,0.0219,5,0.0137,4,0.011,3,0.0082,25,0.0685,8,0.0219,8,0.0219,102,0.2795,4,0.011,40,0.1096,11,0.0301,9,0.0247,1,0.0027,0,
2110,6,Novo mesto,8,Laško,21,"PODRUŽNIČNA ŠOLA, ZIDANI MOST 34, ZIDANI MOST",325.0,206,0.6338,206,205,1,1.0,3,0.0146,2,0.0098,1,0.0049,65,0.3171,0,,6,0.0293,0,0.0,4,0.0195,1,0.0049,1,0.0049,3,0.0146,14,0.0683,2,0.0098,4,0.0195,44,0.2146,2,0.0098,45,0.2195,2,0.0098,3,0.0146,3,0.0146,0,
2111,6,Novo mesto,8,Laško,25,"PROSTOR DRUŠTVA INVALIDOV, TITOVA UL. 107, RADEČE",542.0,379,0.6993,379,374,5,1.0,0,0.0,0,0.0,10,0.0267,69,0.1845,0,,3,0.008,1,0.0027,9,0.0241,9,0.0241,1,0.0027,8,0.0214,22,0.0588,2,0.0053,5,0.0134,74,0.1979,6,0.016,142,0.3797,5,0.0134,5,0.0134,3,0.008,0,
2112,6,Novo mesto,8,Laško,27,"RIBIČ RADO, OBREŽJE 21, RADEČE",125.0,89,0.712,89,86,3,1.0,0,0.0,0,0.0,2,0.0233,15,0.1744,0,,1,0.0116,0,0.0,2,0.0233,0,0.0,3,0.0349,0,0.0,4,0.0465,2,0.0233,1,0.0116,19,0.2209,1,0.0116,36,0.4186,0,0.0,0,0.0,0,0.0,0,
2113,6,Novo mesto,8,Laško,5,"SINDIKALNI DOM, HUDA JAMA 1, LAŠKO",631.0,399,0.6323,399,395,4,1.0,9,0.0228,0,0.0,12,0.0304,121,0.3063,0,,9,0.0228,0,0.0,3,0.0076,9,0.0228,6,0.0152,6,0.0152,17,0.043,5,0.0127,19,0.0481,115,0.2911,6,0.0152,45,0.1139,7,0.0177,5,0.0127,1,0.0025,0,
2114,6,Novo mesto,8,Laško,11,"STRELSKI DOM, MALA BREZA 37C, ŠENTRUPERT",166.0,106,0.6386,106,101,5,1.0,2,0.0198,0,0.0,4,0.0396,15,0.1485,0,,4,0.0396,0,0.0,1,0.0099,7,0.0693,1,0.0099,1,0.0099,9,0.0891,1,0.0099,6,0.0594,34,0.3366,3,0.0297,11,0.1089,0,0.0,1,0.0099,1,0.0099,0,
2115,6,Novo mesto,8,Laško,14,"ŠOLA LAŽIŠE, LAZIŠE 27, RIMSKE TOPLICE",140.0,100,0.7143,100,99,1,1.0,0,0.0,0,0.0,2,0.0202,13,0.1313,0,,0,0.0,0,0.0,2,0.0202,0,0.0,0,0.0,0,0.0,31,0.3131,1,0.0101,0,0.0,46,0.4646,0,0.0,3,0.0303,0,0.0,0,0.0,1,0.0101,0,
2116,6,Novo mesto,8,Laško,7,"TURISTIČNA KMETIJA PIRC, LAHOMŠEK 1,  LAŠKO",321.0,216,0.6729,216,211,5,1.0,0,0.0,0,0.0,8,0.0379,65,0.3081,0,,1,0.0047,1,0.0047,3,0.0142,1,0.0047,3,0.0142,2,0.0095,30,0.1422,12,0.0569,5,0.0237,50,0.237,0,0.0,28,0.1327,1,0.0047,1,0.0047,0,0.0,0,
2117,6,Novo mesto,8,Laško,26,"VRTEC RADEČE, KOLENOV GRABEN 6, RADEČE",542.0,316,0.583,316,309,7,1.0,1,0.0032,0,0.0,6,0.0194,83,0.2686,0,,15,0.0485,1,0.0032,8,0.0259,4,0.0129,8,0.0259,7,0.0227,6,0.0194,4,0.0129,5,0.0162,62,0.2006,3,0.0097,90,0.2913,3,0.0097,2,0.0065,1,0.0032,0,
2118,6,Novo mesto,8,Laško,4,"ZASTOR D.O.O., SPODNJA REČICA 87, LAŠKO",518.0,337,0.6506,337,336,1,1.0,3,0.0089,0,0.0,12,0.0357,106,0.3155,0,,14,0.0417,3,0.0089,13,0.0387,6,0.0179,7,0.0208,7,0.0208,26,0.0774,9,0.0268,14,0.0417,51,0.1518,9,0.0268,41,0.122,10,0.0298,4,0.0119,1,0.003,0,
2119,6,Novo mesto,8,Laško,901,PREDČASNO GLASOVANJE,,1396,,1396,1386,10,1.0,6,0.0043,1,0.0007,33,0.0238,459,0.3312,0,,55,0.0397,7,0.0051,24,0.0173,20,0.0144,12,0.0087,16,0.0115,78,0.0563,14,0.0101,34,0.0245,236,0.1703,6,0.0043,333,0.2403,29,0.0209,16,0.0115,7,0.0051,0,
2120,6,Novo mesto,9,Litija,35,"ČERNE FRANC, GOZD REKA 1",125.0,98,0.784,98,94,4,1.0,0,0.0,0,0.0,0,0.0,2,0.0213,0,,0,0.0,0,0.0,3,0.0319,2,0.0213,0,0.0,4,0.0426,7,0.0745,0,0.0,13,0.1383,61,0.6489,1,0.0106,1,0.0106,0,0.0,0,0.0,0,0.0,0,
2121,6,Novo mesto,9,Litija,30,DOM KRAJANOV GRADIŠČE,94.0,69,0.734,69,68,1,1.0,0,0.0,0,0.0,0,0.0,4,0.0588,0,,1,0.0147,0,0.0,1,0.0147,1,0.0147,0,0.0,0,0.0,3,0.0441,0,0.0,20,0.2941,38,0.5588,0,0.0,0,0.0,0,0.0,0,0.0,0,0.0,0,
2122,6,Novo mesto,9,Litija,17,DOM KRAJANOV KONJŠICA,119.0,82,0.6891,82,81,1,1.0,1,0.0123,0,0.0,0,0.0,22,0.2716,0,,3,0.037,0,0.0,4,0.0494,2,0.0247,1,0.0123,3,0.037,20,0.2469,0,0.0,12,0.1481,9,0.1111,0,0.0,1,0.0123,3,0.037,0,0.0,0,0.0,0,
2123,6,Novo mesto,9,Litija,34,DOM KRAJANOV VELIKA ŠTANGA ,173.0,139,0.8035,139,139,0,1.0,2,0.0144,0,0.0,2,0.0144,47,0.3381,0,,4,0.0288,1,0.0072,2,0.0144,7,0.0504,1,0.0072,6,0.0432,11,0.0791,1,0.0072,13,0.0935,39,0.2806,2,0.0144,0,0.0,0,0.0,1,0.0072,0,0.0,0,
2124,6,Novo mesto,9,Litija,27,DOM KS RIBČE,208.0,161,0.774,161,161,0,1.0,0,0.0,1,0.0062,5,0.0311,53,0.3292,0,,2,0.0124,0,0.0,9,0.0559,4,0.0248,3,0.0186,6,0.0373,4,0.0248,3,0.0186,9,0.0559,47,0.2919,1,0.0062,4,0.0248,1,0.0062,8,0.0497,1,0.0062,0,
2125,6,Novo mesto,9,Litija,23,DOM TISJE,441.0,304,0.6893,304,296,8,1.0,3,0.0101,0,0.0,7,0.0236,81,0.2736,0,,8,0.027,0,0.0,5,0.0169,1,0.0034,2,0.0068,5,0.0169,20,0.0676,1,0.0034,29,0.098,111,0.375,9,0.0304,9,0.0304,2,0.0068,3,0.0101,0,0.0,0,
2126,6,Novo mesto,9,Litija,4,DVORANA TRG NA STAVBAH 8,706.0,390,0.5524,390,382,8,1.0,5,0.0131,0,0.0,18,0.0471,156,0.4084,0,,13,0.034,0,0.0,15,0.0393,5,0.0131,5,0.0131,5,0.0131,10,0.0262,1,0.0026,12,0.0314,102,0.267,4,0.0105,14,0.0366,9,0.0236,5,0.0131,3,0.0079,0,
2127,6,Novo mesto,9,Litija,15,"DVORANA V OŠ POLŠNIK, POLŠNIK 25C",457.0,303,0.663,303,300,3,1.0,1,0.0033,4,0.0133,19,0.0633,100,0.3333,0,,8,0.0267,1,0.0033,11,0.0367,1,0.0033,6,0.02,5,0.0167,13,0.0433,3,0.01,33,0.11,78,0.26,3,0.01,5,0.0167,5,0.0167,4,0.0133,0,0.0,0,
2128,6,Novo mesto,9,Litija,18,GASILSKI DOM BREG,325.0,226,0.6954,226,225,1,1.0,1,0.0044,0,0.0,6,0.0267,83,0.3689,0,,9,0.04,1,0.0044,5,0.0222,3,0.0133,4,0.0178,2,0.0089,16,0.0711,2,0.0089,12,0.0533,62,0.2756,0,0.0,5,0.0222,7,0.0311,6,0.0267,1,0.0044,0,
2129,6,Novo mesto,9,Litija,24,GASILSKI DOM JAVORJE,151.0,106,0.702,106,106,0,1.0,0,0.0,0,0.0,3,0.0283,21,0.1981,0,,3,0.0283,0,0.0,3,0.0283,2,0.0189,1,0.0094,2,0.0189,6,0.0566,0,0.0,2,0.0189,52,0.4906,2,0.0189,6,0.0566,0,0.0,1,0.0094,2,0.0189,0,
2130,6,Novo mesto,9,Litija,26,GASILSKI DOM LIBERGA,226.0,163,0.7212,163,163,0,1.0,1,0.0061,1,0.0061,2,0.0123,47,0.2883,0,,3,0.0184,0,0.0,4,0.0245,3,0.0184,0,0.0,1,0.0061,6,0.0368,3,0.0184,13,0.0798,73,0.4479,0,0.0,2,0.0123,2,0.0123,1,0.0061,1,0.0061,0,
2131,6,Novo mesto,9,Litija,1,GASILSKI DOM SOBRAČE,191.0,150,0.7853,150,148,2,1.0,0,0.0,0,0.0,2,0.0135,14,0.0946,0,,3,0.0203,0,0.0,4,0.027,5,0.0338,3,0.0203,4,0.027,12,0.0811,1,0.0068,6,0.0405,85,0.5743,1,0.0068,5,0.0338,0,0.0,3,0.0203,0,0.0,0,
2132,6,Novo mesto,9,Litija,9,GASILSKI DOM SPODNJI HOTIČ,303.0,200,0.6601,200,199,1,1.0,1,0.005,0,0.0,3,0.0151,83,0.4171,0,,3,0.0151,0,0.0,8,0.0402,0,0.0,4,0.0201,2,0.0101,8,0.0402,3,0.0151,18,0.0905,42,0.2111,2,0.0101,14,0.0704,6,0.0302,0,0.0,2,0.0101,0,
2133,6,Novo mesto,9,Litija,22,GASILSKI DOM ŠTANGARSKE POLJANE,251.0,164,0.6534,164,163,1,1.0,0,0.0,0,0.0,2,0.0123,58,0.3558,0,,5,0.0307,0,0.0,1,0.0061,1,0.0061,1,0.0061,1,0.0061,5,0.0307,3,0.0184,8,0.0491,64,0.3926,4,0.0245,5,0.0307,1,0.0061,1,0.0061,3,0.0184,0,
2134,6,Novo mesto,9,Litija,32,GASILSKI DOM TIHABOJ,141.0,106,0.7518,106,103,3,1.0,2,0.0194,1,0.0097,6,0.0583,20,0.1942,0,,3,0.0291,0,0.0,6,0.0583,8,0.0777,0,0.0,6,0.0583,5,0.0485,1,0.0097,7,0.068,29,0.2816,1,0.0097,4,0.0388,2,0.0194,2,0.0194,0,0.0,0,
2135,6,Novo mesto,9,Litija,25,GASILSKI DOM VELIKA KOSTREVNICA,545.0,388,0.7119,388,385,3,1.0,3,0.0078,0,0.0,9,0.0234,92,0.239,0,,5,0.013,1,0.0026,7,0.0182,5,0.013,4,0.0104,3,0.0078,14,0.0364,7,0.0182,52,0.1351,165,0.4286,4,0.0104,4,0.0104,8,0.0208,2,0.0052,0,0.0,0,
2136,6,Novo mesto,9,Litija,21,GASILSKI DOM ZAVRSTNIK,310.0,213,0.6871,213,213,0,1.0,1,0.0047,0,0.0,4,0.0188,79,0.3709,0,,5,0.0235,0,0.0,2,0.0094,0,0.0,0,0.0,5,0.0235,18,0.0845,5,0.0235,10,0.0469,67,0.3146,6,0.0282,8,0.0376,2,0.0094,0,0.0,1,0.0047,0,
2137,6,Novo mesto,9,Litija,19,GASILSKI DOM ZG. JABLANICA,592.0,458,0.7736,458,453,5,1.0,3,0.0066,1,0.0022,12,0.0265,136,0.3002,0,,7,0.0155,2,0.0044,12,0.0265,3,0.0066,1,0.0022,16,0.0353,37,0.0817,8,0.0177,37,0.0817,146,0.3223,7,0.0155,9,0.0199,10,0.0221,3,0.0066,3,0.0066,0,
2138,6,Novo mesto,9,Litija,2,GRAŠKA CESTA 64 PRI KOVAČU,814.0,554,0.6806,554,552,2,1.0,2,0.0036,0,0.0,7,0.0127,190,0.3442,0,,12,0.0217,1,0.0018,21,0.038,8,0.0145,3,0.0054,14,0.0254,47,0.0851,13,0.0236,50,0.0906,123,0.2228,6,0.0109,23,0.0417,20,0.0362,8,0.0145,4,0.0072,0,
2139,6,Novo mesto,9,Litija,20,KULTURNI DOM ŠMARTNO,549.0,396,0.7213,396,393,3,1.0,3,0.0076,0,0.0,6,0.0153,163,0.4148,0,,14,0.0356,2,0.0051,16,0.0407,4,0.0102,2,0.0051,5,0.0127,14,0.0356,7,0.0178,28,0.0712,92,0.2341,1,0.0025,21,0.0534,2,0.0051,9,0.0229,4,0.0102,0,
2140,6,Novo mesto,9,Litija,16,"MEDVED FRANC, MAMOLJ 18A, POLŠNIK",132.0,100,0.7576,100,99,1,1.0,0,0.0,0,0.0,4,0.0404,28,0.2828,0,,0,0.0,0,0.0,4,0.0404,1,0.0101,2,0.0202,1,0.0101,5,0.0505,2,0.0202,4,0.0404,40,0.404,3,0.0303,1,0.0101,2,0.0202,1,0.0101,1,0.0101,0,
2141,6,Novo mesto,9,Litija,5,"OBČINA LITIJA, JEREBOVA 14",446.0,199,0.4462,199,195,4,1.0,1,0.0051,0,0.0,10,0.0513,54,0.2769,0,,10,0.0513,2,0.0103,17,0.0872,3,0.0154,6,0.0308,3,0.0154,10,0.0513,5,0.0256,10,0.0513,42,0.2154,0,0.0,9,0.0462,5,0.0256,3,0.0154,5,0.0256,0,
2142,6,Novo mesto,9,Litija,31,OSNOVNA ŠOLA GABROVKA,523.0,362,0.6922,362,357,5,1.0,7,0.0196,0,0.0,9,0.0252,102,0.2857,0,,14,0.0392,0,0.0,14,0.0392,15,0.042,8,0.0224,7,0.0196,16,0.0448,2,0.0056,20,0.056,96,0.2689,3,0.0084,18,0.0504,9,0.0252,9,0.0252,8,0.0224,0,
2143,6,Novo mesto,9,Litija,3,"OSNOVNA ŠOLA GRADEC, BEVKOVA 3",800.0,487,0.6088,487,477,10,1.0,4,0.0084,2,0.0042,16,0.0335,189,0.3962,0,,30,0.0629,1,0.0021,24,0.0503,2,0.0042,10,0.021,4,0.0084,15,0.0314,9,0.0189,16,0.0335,81,0.1698,6,0.0126,34,0.0713,26,0.0545,5,0.0105,3,0.0063,0,
2144,6,Novo mesto,9,Litija,13,OSNOVNA ŠOLA KRESNICE,775.0,570,0.7355,570,568,2,1.0,1,0.0018,0,0.0,22,0.0387,227,0.3996,0,,22,0.0387,7,0.0123,26,0.0458,8,0.0141,5,0.0088,6,0.0106,25,0.044,13,0.0229,34,0.0599,114,0.2007,7,0.0123,26,0.0458,6,0.0106,15,0.0264,4,0.007,0,
2145,6,Novo mesto,9,Litija,6,"OSNOVNA ŠOLA LITIJA, ULICA MIRE PREGLJEVE 3",828.0,426,0.5145,426,419,7,1.0,8,0.0191,1,0.0024,16,0.0382,158,0.3771,0,,30,0.0716,1,0.0024,15,0.0358,1,0.0024,11,0.0263,6,0.0143,20,0.0477,11,0.0263,17,0.0406,66,0.1575,6,0.0143,24,0.0573,16,0.0382,10,0.0239,2,0.0048,0,
2146,6,Novo mesto,9,Litija,28,OSNOVNA ŠOLA PRIMSKOVO,403.0,309,0.7667,309,307,2,1.0,4,0.013,0,0.0,7,0.0228,86,0.2801,0,,9,0.0293,0,0.0,13,0.0423,9,0.0293,9,0.0293,5,0.0163,18,0.0586,4,0.013,9,0.0293,116,0.3779,3,0.0098,6,0.0195,7,0.0228,2,0.0065,0,0.0,0,
2147,6,Novo mesto,9,Litija,14,OSNOVNA ŠOLA SAVA,439.0,307,0.6993,307,304,3,1.0,3,0.0099,0,0.0,8,0.0263,119,0.3914,0,,12,0.0395,2,0.0066,8,0.0263,1,0.0033,4,0.0132,0,0.0,11,0.0362,4,0.0132,31,0.102,63,0.2072,2,0.0066,14,0.0461,7,0.023,7,0.023,8,0.0263,0,
2148,6,Novo mesto,9,Litija,37,OSNOVNA ŠOLA ŠMARTNO,643.0,474,0.7372,474,469,5,1.0,4,0.0085,1,0.0021,12,0.0256,178,0.3795,0,,12,0.0256,0,0.0,16,0.0341,2,0.0043,3,0.0064,1,0.0021,47,0.1002,5,0.0107,33,0.0704,126,0.2687,4,0.0085,10,0.0213,5,0.0107,5,0.0107,5,0.0107,0,
2149,6,Novo mesto,9,Litija,11,OSNOVNA ŠOLA VAČE,789.0,571,0.7237,571,566,5,1.0,2,0.0035,0,0.0,17,0.03,215,0.3799,0,,22,0.0389,3,0.0053,23,0.0406,2,0.0035,7,0.0124,11,0.0194,36,0.0636,9,0.0159,47,0.083,115,0.2032,10,0.0177,22,0.0389,5,0.0088,20,0.0353,0,0.0,0,
2150,6,Novo mesto,9,Litija,10,OSNOVNA ŠOLA ZGORNJI HOTIČ,384.0,270,0.7031,270,268,2,1.0,6,0.0224,0,0.0,9,0.0336,121,0.4515,0,,6,0.0224,2,0.0075,10,0.0373,1,0.0037,2,0.0075,1,0.0037,18,0.0672,5,0.0187,15,0.056,44,0.1642,2,0.0075,15,0.056,9,0.0336,1,0.0037,1,0.0037,0,
2151,6,Novo mesto,9,Litija,33,RESNIK D. MORAVČE 16 STARA HIŠA,517.0,319,0.617,319,318,1,1.0,6,0.0189,0,0.0,14,0.044,95,0.2987,0,,10,0.0314,2,0.0063,10,0.0314,5,0.0157,1,0.0031,4,0.0126,9,0.0283,11,0.0346,14,0.044,109,0.3428,5,0.0157,15,0.0472,4,0.0126,2,0.0063,2,0.0063,0,
2152,6,Novo mesto,9,Litija,36,SPODNJI LOG-BRUNARICA PRI IGRIŠČU,186.0,136,0.7312,136,133,3,1.0,1,0.0075,0,0.0,3,0.0226,48,0.3609,0,,5,0.0376,1,0.0075,6,0.0451,0,0.0,4,0.0301,1,0.0075,13,0.0977,2,0.015,8,0.0602,25,0.188,1,0.0075,5,0.0376,4,0.0301,4,0.0301,2,0.015,0,
2153,6,Novo mesto,9,Litija,7,ŠPORT. DVORANA ULICA MIRE PREGLJEVE 1,553.0,315,0.5696,315,309,6,1.0,5,0.0162,1,0.0032,11,0.0356,133,0.4304,0,,13,0.0421,1,0.0032,8,0.0259,3,0.0097,7,0.0227,7,0.0227,12,0.0388,3,0.0097,18,0.0583,43,0.1392,3,0.0097,19,0.0615,12,0.0388,4,0.0129,6,0.0194,0,
2154,6,Novo mesto,9,Litija,29,"TIC-BIVŠA POŠTA, DOLE PRI LITIJI 8A",483.0,348,0.7205,348,345,3,1.0,4,0.0116,0,0.0,4,0.0116,89,0.258,0,,5,0.0145,0,0.0,11,0.0319,6,0.0174,7,0.0203,3,0.0087,19,0.0551,3,0.0087,70,0.2029,91,0.2638,13,0.0377,13,0.0377,3,0.0087,1,0.0029,3,0.0087,0,
2155,6,Novo mesto,9,Litija,12,ZADRUŽNI DOM JEVNICA,870.0,632,0.7264,632,628,4,1.0,5,0.008,0,0.0,23,0.0366,223,0.3551,0,,23,0.0366,3,0.0048,42,0.0669,8,0.0127,12,0.0191,14,0.0223,26,0.0414,8,0.0127,43,0.0685,140,0.2229,7,0.0111,24,0.0382,11,0.0175,9,0.0143,7,0.0111,0,
2156,6,Novo mesto,9,Litija,8,"ZDRAVSTVENI DOM LITIJA, PARTIZANSKA 8A",1066.0,671,0.6295,671,662,9,1.0,4,0.006,0,0.0,20,0.0302,311,0.4698,0,,23,0.0347,1,0.0015,24,0.0363,5,0.0076,7,0.0106,10,0.0151,25,0.0378,14,0.0211,18,0.0272,133,0.2009,4,0.006,37,0.0559,17,0.0257,8,0.0121,1,0.0015,0,
2157,6,Novo mesto,9,Litija,901,PREDČASNO GLASOVANJE,,1493,,1493,1475,18,1.0,12,0.0081,4,0.0027,26,0.0176,621,0.421,0,,86,0.0583,1,0.0007,54,0.0366,13,0.0088,14,0.0095,28,0.019,47,0.0319,21,0.0142,101,0.0685,272,0.1844,8,0.0054,87,0.059,43,0.0292,30,0.0203,7,0.0047,0,
2158,6,Novo mesto,10,Hrastnik - Trbovlje,17,BIVŠA OSNOVNA ŠOLA PODKRAJ,104.0,69,0.6635,69,69,0,1.0,0,0.0,0,0.0,1,0.0145,15,0.2174,0,,0,0.0,0,0.0,4,0.058,0,0.0,3,0.0435,0,0.0,6,0.087,0,0.0,1,0.0145,20,0.2899,2,0.029,11,0.1594,2,0.029,4,0.058,0,0.0,0,
2159,6,Novo mesto,10,Hrastnik - Trbovlje,13,BIVŠA OSNOVNA ŠOLA TURJE,374.0,282,0.754,282,278,4,1.0,1,0.0036,0,0.0,2,0.0072,97,0.3489,0,,4,0.0144,0,0.0,15,0.054,7,0.0252,13,0.0468,1,0.0036,10,0.036,2,0.0072,7,0.0252,57,0.205,3,0.0108,44,0.1583,10,0.036,3,0.0108,2,0.0072,0,
2160,6,Novo mesto,10,Hrastnik - Trbovlje,22,"DELAVSKI DOM TRBOVLJE, TRG SVOBODE 11A, AVLA DOMA",968.0,587,0.6064,587,584,3,1.0,1,0.0017,1,0.0017,13,0.0223,286,0.4897,0,,35,0.0599,2,0.0034,21,0.036,7,0.012,11,0.0188,3,0.0051,23,0.0394,9,0.0154,7,0.012,69,0.1182,4,0.0068,53,0.0908,19,0.0325,13,0.0223,7,0.012,0,
2161,6,Novo mesto,10,Hrastnik - Trbovlje,23,"DKD SVOBODA DOBRNA, RIBNIK 17",259.0,155,0.5985,155,154,1,1.0,0,0.0,0,0.0,9,0.0584,71,0.461,0,,6,0.039,1,0.0065,6,0.039,3,0.0195,5,0.0325,1,0.0065,4,0.026,2,0.013,1,0.0065,16,0.1039,1,0.0065,11,0.0714,9,0.0584,6,0.039,2,0.013,0,
2162,6,Novo mesto,10,Hrastnik - Trbovlje,39,"DOM TONČKE ČEČ, KLEK 32",386.0,271,0.7021,271,270,1,1.0,0,0.0,0,0.0,12,0.0444,122,0.4519,0,,14,0.0519,0,0.0,17,0.063,0,0.0,5,0.0185,4,0.0148,9,0.0333,0,0.0,0,0.0,50,0.1852,3,0.0111,16,0.0593,9,0.0333,6,0.0222,3,0.0111,0,
2163,6,Novo mesto,10,Hrastnik - Trbovlje,25,"DOM UPOKOJENCEV FRANC SALAMON, KOL.1.MAJA 21",1075.0,559,0.52,559,547,12,1.0,8,0.0146,0,0.0,30,0.0548,244,0.4461,0,,25,0.0457,2,0.0037,21,0.0384,8,0.0146,7,0.0128,8,0.0146,14,0.0256,10,0.0183,7,0.0128,89,0.1627,10,0.0183,31,0.0567,18,0.0329,7,0.0128,8,0.0146,0,
2164,6,Novo mesto,10,Hrastnik - Trbovlje,2,"DRUŠTVO UPOKOJENCEV HRASTNIK, N.A. KAPLE 6A",443.0,260,0.5869,260,258,2,1.0,2,0.0078,0,0.0,7,0.0271,115,0.4457,0,,6,0.0233,0,0.0,9,0.0349,3,0.0116,7,0.0271,1,0.0039,4,0.0155,1,0.0039,2,0.0078,26,0.1008,1,0.0039,51,0.1977,10,0.0388,12,0.0465,1,0.0039,0,
2165,6,Novo mesto,10,Hrastnik - Trbovlje,3,GALERIJA DELAVSKEGA DOMA HRASTNIK,514.0,286,0.5564,286,280,6,1.0,1,0.0036,0,0.0,5,0.0179,123,0.4393,0,,9,0.0321,1,0.0036,2,0.0071,3,0.0107,6,0.0214,1,0.0036,4,0.0143,3,0.0107,7,0.025,31,0.1107,0,0.0,63,0.225,9,0.0321,10,0.0357,2,0.0071,0,
2166,6,Novo mesto,10,Hrastnik - Trbovlje,37,"GASILSKI DOM ČEČE, ČEČE 4/A",435.0,291,0.669,291,284,7,1.0,0,0.0,0,0.0,10,0.0352,103,0.3627,0,,7,0.0246,0,0.0,6,0.0211,12,0.0423,5,0.0176,2,0.007,25,0.088,5,0.0176,4,0.0141,65,0.2289,7,0.0246,18,0.0634,7,0.0246,6,0.0211,2,0.007,0,
2167,6,Novo mesto,10,Hrastnik - Trbovlje,31,"GASILSKO DRUŠTVOTRBOVLJE, SAVINJSKA CESTA 35",527.0,329,0.6243,329,324,5,1.0,3,0.0093,2,0.0062,9,0.0278,157,0.4846,0,,22,0.0679,0,0.0,14,0.0432,6,0.0185,2,0.0062,3,0.0093,15,0.0463,5,0.0154,5,0.0154,47,0.1451,2,0.0062,17,0.0525,8,0.0247,5,0.0154,2,0.0062,0,
2168,6,Novo mesto,10,Hrastnik - Trbovlje,6,GLASBENA ŠOLA HRASTNIK,291.0,178,0.6117,178,174,4,1.0,0,0.0,0,0.0,3,0.0172,70,0.4023,0,,6,0.0345,0,0.0,12,0.069,2,0.0115,1,0.0057,0,0.0,8,0.046,2,0.0115,3,0.0172,27,0.1552,1,0.0057,21,0.1207,9,0.0517,7,0.0402,2,0.0115,0,
2169,6,Novo mesto,10,Hrastnik - Trbovlje,36,"HIŠA ZARJA, BEVŠKO 19, TRBOVLJE",342.0,153,0.4474,153,152,1,1.0,1,0.0066,0,0.0,2,0.0132,64,0.4211,0,,8,0.0526,0,0.0,9,0.0592,0,0.0,1,0.0066,0,0.0,2,0.0132,1,0.0066,2,0.0132,28,0.1842,2,0.0132,10,0.0658,8,0.0526,14,0.0921,0,0.0,0,
2170,6,Novo mesto,10,Hrastnik - Trbovlje,30,"JP KOMUNALA TRBOVLJE, SAVINJSKA CESTA 11A",633.0,408,0.6445,408,403,5,1.0,1,0.0025,0,0.0,4,0.0099,221,0.5484,0,,15,0.0372,1,0.0025,13,0.0323,2,0.005,2,0.005,3,0.0074,14,0.0347,9,0.0223,11,0.0273,66,0.1638,3,0.0074,23,0.0571,7,0.0174,6,0.0149,2,0.005,0,
2171,6,Novo mesto,10,Hrastnik - Trbovlje,29,"KD SVOBODA TRBOVLJE, TRG FRANCA FAKINA 4",700.0,410,0.5857,410,406,4,1.0,2,0.0049,0,0.0,11,0.0271,198,0.4877,0,,31,0.0764,2,0.0049,9,0.0222,6,0.0148,6,0.0148,3,0.0074,26,0.064,7,0.0172,0,0.0,67,0.165,5,0.0123,22,0.0542,7,0.0172,3,0.0074,1,0.0025,0,
2172,6,Novo mesto,10,Hrastnik - Trbovlje,1,"KNJIŽNICA ANTONA SOVRETA , TRG FRANCA KOZARJA 7",644.0,351,0.545,351,349,2,1.0,3,0.0086,0,0.0,16,0.0458,165,0.4728,0,,13,0.0372,0,0.0,10,0.0287,2,0.0057,7,0.0201,5,0.0143,7,0.0201,3,0.0086,7,0.0201,27,0.0774,5,0.0143,50,0.1433,15,0.043,13,0.0372,1,0.0029,0,
2173,6,Novo mesto,10,Hrastnik - Trbovlje,14,KRAJEVNA SKUPNOST KOVK,96.0,58,0.6042,58,57,1,1.0,0,0.0,0,0.0,5,0.0877,13,0.2281,0,,2,0.0351,0,0.0,4,0.0702,4,0.0702,2,0.0351,3,0.0526,3,0.0526,0,0.0,3,0.0526,2,0.0351,0,0.0,9,0.1579,1,0.0175,6,0.1053,0,0.0,0,
2174,6,Novo mesto,10,Hrastnik - Trbovlje,20,"OSNOVNA ŠOLA ALOJZA HOHKRAUTA, TRG  REVOLUCIJE 19",1054.0,598,0.5674,598,589,9,1.0,1,0.0017,0,0.0,21,0.0357,280,0.4754,0,,32,0.0543,3,0.0051,18,0.0306,5,0.0085,11,0.0187,7,0.0119,17,0.0289,5,0.0085,7,0.0119,86,0.146,5,0.0085,54,0.0917,18,0.0306,16,0.0272,3,0.0051,0,
2175,6,Novo mesto,10,Hrastnik - Trbovlje,4,OSNOVNA ŠOLA NARODNEGA HEROJA RAJKA HRASTNIK,863.0,485,0.562,485,481,4,1.0,9,0.0187,0,0.0,15,0.0312,194,0.4033,0,,17,0.0353,1,0.0021,12,0.0249,9,0.0187,10,0.0208,1,0.0021,10,0.0208,7,0.0146,6,0.0125,66,0.1372,8,0.0166,87,0.1809,11,0.0229,17,0.0353,1,0.0021,0,
2176,6,Novo mesto,10,Hrastnik - Trbovlje,5,OSNOVNA ŠOLA NARODNEGA HEROJA RAJKA HRASTNIK,706.0,361,0.5113,361,357,4,1.0,2,0.0056,0,0.0,13,0.0364,159,0.4454,0,,10,0.028,1,0.0028,8,0.0224,0,0.0,8,0.0224,2,0.0056,2,0.0056,6,0.0168,10,0.028,49,0.1373,4,0.0112,51,0.1429,13,0.0364,17,0.0476,2,0.0056,0,
2177,6,Novo mesto,10,Hrastnik - Trbovlje,26,"OSNOVNA ŠOLA TONČKE ČEČ, KERŠIČEVA CESTA 50",319.0,186,0.5831,186,186,0,1.0,3,0.0161,0,0.0,7,0.0376,87,0.4677,0,,11,0.0591,0,0.0,7,0.0376,0,0.0,5,0.0269,2,0.0108,2,0.0108,1,0.0054,5,0.0269,27,0.1452,1,0.0054,14,0.0753,8,0.043,3,0.0161,3,0.0161,0,
2178,6,Novo mesto,10,Hrastnik - Trbovlje,34,"OSNOVNA ŠOLA TRBOVLJE, MESTNI TRG 6, TELOVADNICA",518.0,259,0.5,259,259,0,1.0,1,0.0039,1,0.0039,6,0.0232,118,0.4556,0,,26,0.1004,0,0.0,7,0.027,2,0.0077,6,0.0232,5,0.0193,11,0.0425,2,0.0077,3,0.0116,38,0.1467,2,0.0077,14,0.0541,11,0.0425,4,0.0154,2,0.0077,0,
2179,6,Novo mesto,10,Hrastnik - Trbovlje,21,"OŠ ALOJZA HOHKRAUTA, TRG REVOLUCIJE 19, TRBOVLJE",941.0,497,0.5282,497,487,10,1.0,1,0.0021,0,0.0,32,0.0657,213,0.4374,0,,17,0.0349,2,0.0041,18,0.037,7,0.0144,14,0.0287,4,0.0082,9,0.0185,9,0.0185,5,0.0103,63,0.1294,6,0.0123,49,0.1006,16,0.0329,17,0.0349,5,0.0103,0,
2180,6,Novo mesto,10,Hrastnik - Trbovlje,9,"OŠ NH RAJKA HRASTNIK, PODRUŽNICA DOL PRI HRASTNIK",636.0,421,0.6619,421,419,2,1.0,10,0.0239,0,0.0,11,0.0263,179,0.4272,0,,12,0.0286,0,0.0,13,0.031,0,0.0,12,0.0286,3,0.0072,16,0.0382,5,0.0119,9,0.0215,49,0.1169,4,0.0095,80,0.1909,9,0.0215,6,0.0143,1,0.0024,0,
2181,6,Novo mesto,10,Hrastnik - Trbovlje,10,"OŠ NH RAJKA, PODRUŽNICA DOL PRI HRASTNIKU        ",713.0,488,0.6844,488,483,5,1.0,0,0.0,0,0.0,10,0.0207,224,0.4638,0,,17,0.0352,0,0.0,29,0.06,3,0.0062,15,0.0311,1,0.0021,18,0.0373,5,0.0104,6,0.0124,53,0.1097,6,0.0124,56,0.1159,16,0.0331,17,0.0352,7,0.0145,0,
2182,6,Novo mesto,10,Hrastnik - Trbovlje,15,"PROSTORI DRUŽINE MEJAČ, ŠAVNA PEČ 5",73.0,60,0.8219,60,59,1,1.0,0,0.0,0,0.0,0,0.0,17,0.2881,0,,5,0.0847,1,0.0169,0,0.0,2,0.0339,1,0.0169,0,0.0,10,0.1695,1,0.0169,0,0.0,8,0.1356,3,0.0508,6,0.1017,3,0.0508,2,0.0339,0,0.0,0,
2183,6,Novo mesto,10,Hrastnik - Trbovlje,11,PROSTORI PLANINSKEGA DOMA NA KALU,33.0,21,0.6364,21,19,2,1.0,0,0.0,0,0.0,0,0.0,9,0.4737,0,,0,0.0,0,0.0,1,0.0526,1,0.0526,0,0.0,0,0.0,0,0.0,1,0.0526,0,0.0,3,0.1579,0,0.0,2,0.1053,1,0.0526,1,0.0526,0,0.0,0,
2184,6,Novo mesto,10,Hrastnik - Trbovlje,12,PROSTORI PROSTOVOLJNEGA GASILSKEGA DRUŠTVA MARNO,452.0,331,0.7323,331,327,4,1.0,2,0.0061,1,0.0031,10,0.0306,113,0.3456,0,,13,0.0398,1,0.0031,9,0.0275,4,0.0122,13,0.0398,0,0.0,14,0.0428,5,0.0153,11,0.0336,57,0.1743,3,0.0092,45,0.1376,7,0.0214,16,0.0489,3,0.0092,0,
2185,6,Novo mesto,10,Hrastnik - Trbovlje,16,"PROSTORI STANOVANJSKE HIŠE KMETIČ, KRNICE 15B",109.0,68,0.6239,68,68,0,1.0,0,0.0,1,0.0147,2,0.0294,23,0.3382,0,,2,0.0294,1,0.0147,4,0.0588,0,0.0,1,0.0147,1,0.0147,2,0.0294,1,0.0147,1,0.0147,6,0.0882,0,0.0,14,0.2059,2,0.0294,7,0.1029,0,0.0,0,
2186,6,Novo mesto,10,Hrastnik - Trbovlje,38,"PROSTOVOLJNO GASILSKO DRUŠTVO DOBOVEC, DOBOVEC 24",392.0,274,0.699,274,269,5,1.0,0,0.0,0,0.0,4,0.0149,89,0.3309,0,,9,0.0335,0,0.0,17,0.0632,9,0.0335,5,0.0186,1,0.0037,13,0.0483,1,0.0037,5,0.0186,93,0.3457,0,0.0,4,0.0149,4,0.0149,9,0.0335,6,0.0223,0,
2187,6,Novo mesto,10,Hrastnik - Trbovlje,33,"SEJNA DVORANA OBČINE TRBOVLJE, MESTNI TRG 4",699.0,337,0.4821,337,337,0,1.0,2,0.0059,0,0.0,5,0.0148,165,0.4896,0,,25,0.0742,1,0.003,16,0.0475,3,0.0089,4,0.0119,0,0.0,9,0.0267,2,0.0059,6,0.0178,60,0.178,2,0.0059,25,0.0742,9,0.0267,3,0.0089,0,0.0,0,
2188,6,Novo mesto,10,Hrastnik - Trbovlje,28,"SEJNA DVORANA OBČINE TRBOVLJE, MESTNI TRG 4",936.0,476,0.5085,476,471,5,1.0,3,0.0064,0,0.0,12,0.0255,235,0.4989,0,,25,0.0531,0,0.0,17,0.0361,9,0.0191,5,0.0106,2,0.0042,37,0.0786,6,0.0127,3,0.0064,55,0.1168,1,0.0021,36,0.0764,12,0.0255,6,0.0127,7,0.0149,0,
2189,6,Novo mesto,10,Hrastnik - Trbovlje,35,"SEJNA SOBA KS FRANC SALAMON, GABRSKO 40/A",478.0,329,0.6883,329,327,2,1.0,0,0.0,0,0.0,8,0.0245,116,0.3547,0,,9,0.0275,0,0.0,11,0.0336,13,0.0398,8,0.0245,1,0.0031,22,0.0673,4,0.0122,12,0.0367,84,0.2569,8,0.0245,17,0.052,6,0.0183,3,0.0092,5,0.0153,0,
2190,6,Novo mesto,10,Hrastnik - Trbovlje,27,"SREDNJA TEHNIŠKA IN POKLICNA ŠOLA, NOVI DOM 60",818.0,477,0.5831,477,475,2,1.0,5,0.0105,0,0.0,8,0.0168,239,0.5032,0,,28,0.0589,0,0.0,21,0.0442,3,0.0063,10,0.0211,1,0.0021,14,0.0295,11,0.0232,4,0.0084,67,0.1411,4,0.0084,38,0.08,8,0.0168,9,0.0189,5,0.0105,0,
2191,6,Novo mesto,10,Hrastnik - Trbovlje,24,"SREDNJA TEHNIŠKA IN POKLICNA ŠOLA, ŠUŠTARJEVA 7A",644.0,410,0.6366,410,403,7,1.0,2,0.005,2,0.005,18,0.0447,169,0.4194,0,,34,0.0844,1,0.0025,13,0.0323,5,0.0124,13,0.0323,6,0.0149,10,0.0248,6,0.0149,3,0.0074,60,0.1489,3,0.0074,28,0.0695,14,0.0347,8,0.0199,8,0.0199,0,
2192,6,Novo mesto,10,Hrastnik - Trbovlje,32,"ŠD RUDAR, RUDARSKA CESTA 6, VHOD SPODAJ",551.0,268,0.4864,268,263,5,1.0,3,0.0114,0,0.0,10,0.038,154,0.5856,0,,19,0.0722,0,0.0,10,0.038,2,0.0076,2,0.0076,1,0.0038,4,0.0152,4,0.0152,0,0.0,17,0.0646,2,0.0076,16,0.0608,9,0.0342,5,0.019,5,0.019,0,
2193,6,Novo mesto,10,Hrastnik - Trbovlje,40,"ŠOLA NA SVETI PLANINI, SVETA PLANINA 28",107.0,82,0.7664,82,82,0,1.0,1,0.0122,0,0.0,1,0.0122,39,0.4756,0,,1,0.0122,0,0.0,1,0.0122,1,0.0122,1,0.0122,5,0.061,3,0.0366,0,0.0,5,0.061,17,0.2073,3,0.0366,2,0.0244,1,0.0122,0,0.0,1,0.0122,0,
2194,6,Novo mesto,10,Hrastnik - Trbovlje,8,VEČNAMENSKI OBJEKT PODKRAJ 91 A,413.0,236,0.5714,236,232,4,1.0,0,0.0,0,0.0,4,0.0172,72,0.3103,0,,16,0.069,0,0.0,6,0.0259,1,0.0043,5,0.0216,0,0.0,1,0.0043,2,0.0086,5,0.0216,37,0.1595,1,0.0043,59,0.2543,9,0.0388,11,0.0474,3,0.0129,0,
2195,6,Novo mesto,10,Hrastnik - Trbovlje,19,ZADRUŽNI DOM ČEČE,424.0,276,0.6509,276,274,2,1.0,2,0.0073,0,0.0,17,0.062,103,0.3759,0,,4,0.0146,0,0.0,5,0.0182,3,0.0109,4,0.0146,2,0.0073,6,0.0219,4,0.0146,9,0.0328,38,0.1387,3,0.0109,58,0.2117,4,0.0146,7,0.0255,5,0.0182,0,
2196,6,Novo mesto,10,Hrastnik - Trbovlje,18,ZADRUŽNI DOM PRAPRETNO,191.0,145,0.7592,145,145,0,1.0,1,0.0069,0,0.0,0,0.0,57,0.3931,0,,1,0.0069,0,0.0,6,0.0414,0,0.0,1,0.0069,0,0.0,6,0.0414,0,0.0,12,0.0828,31,0.2138,3,0.0207,14,0.0966,3,0.0207,9,0.0621,1,0.0069,0,
2197,6,Novo mesto,10,Hrastnik - Trbovlje,7,"ZB ZA VREDNOTE NOB HRASTNIK, CESTA 1. MAJA 52",218.0,112,0.5138,112,110,2,1.0,3,0.0273,0,0.0,1,0.0091,44,0.4,0,,5,0.0455,0,0.0,1,0.0091,0,0.0,2,0.0182,0,0.0,6,0.0545,1,0.0091,6,0.0545,15,0.1364,1,0.0091,11,0.1,6,0.0545,7,0.0636,1,0.0091,0,
2198,6,Novo mesto,10,Hrastnik - Trbovlje,901,PREDČASNO GLASOVANJE,,2645,,2645,2635,10,1.0,7,0.0027,0,0.0,43,0.0163,1373,0.5211,0,,123,0.0467,1,0.0004,104,0.0395,15,0.0057,34,0.0129,17,0.0065,70,0.0266,21,0.008,35,0.0133,358,0.1359,11,0.0042,266,0.1009,86,0.0326,50,0.019,21,0.008,0,
2199,6,Novo mesto,11,Zagorje,1,"DELAVSKI DOM I., CESTA 9. AVGUSTA 1, ZAGORJE",851.0,473,0.5558,473,469,4,1.0,3,0.0064,0,0.0,19,0.0405,188,0.4009,0,,24,0.0512,1,0.0021,33,0.0704,2,0.0043,7,0.0149,3,0.0064,19,0.0405,8,0.0171,25,0.0533,61,0.1301,5,0.0107,34,0.0725,15,0.032,20,0.0426,2,0.0043,0,
2200,6,Novo mesto,11,Zagorje,2,"DELAVSKI DOM II., C.9.AVGUSTA 1, ZAGORJE",1047.0,586,0.5597,586,582,4,1.0,1,0.0017,0,0.0,17,0.0292,269,0.4622,0,,27,0.0464,2,0.0034,46,0.079,3,0.0052,8,0.0137,1,0.0017,7,0.012,7,0.012,17,0.0292,79,0.1357,8,0.0137,40,0.0687,21,0.0361,23,0.0395,6,0.0103,0,
2201,6,Novo mesto,11,Zagorje,12,"DOM KULTURE KISOVEC,TRG POHORSKEGA BATALJONA 24",949.0,613,0.6459,613,608,5,1.0,2,0.0033,0,0.0,22,0.0362,301,0.4951,0,,26,0.0428,0,0.0,49,0.0806,2,0.0033,13,0.0214,5,0.0082,10,0.0164,13,0.0214,19,0.0312,57,0.0938,3,0.0049,41,0.0674,22,0.0362,18,0.0296,5,0.0082,0,
2202,6,Novo mesto,11,Zagorje,21,"GOSTILNA ZALOKA, JESENOVO 31, ČEMŠENIK",195.0,138,0.7077,138,134,4,1.0,0,0.0,0,0.0,8,0.0597,24,0.1791,0,,1,0.0075,0,0.0,9,0.0672,2,0.0149,4,0.0299,0,0.0,18,0.1343,2,0.0149,12,0.0896,39,0.291,2,0.0149,9,0.0672,2,0.0149,0,0.0,2,0.0149,0,
2203,6,Novo mesto,11,Zagorje,18,"GOSTINSKI LOKAL DRAŠLAR MARKA, OREHOVICA 18",261.0,188,0.7203,188,186,2,1.0,0,0.0,0,0.0,5,0.0269,57,0.3065,0,,5,0.0269,1,0.0054,20,0.1075,2,0.0108,6,0.0323,3,0.0161,22,0.1183,1,0.0054,6,0.0323,31,0.1667,2,0.0108,12,0.0645,4,0.0215,9,0.0484,0,0.0,0,
2204,6,Novo mesto,11,Zagorje,19,"GOSTIŠČE MAČEK, ŠENTGOTARD 22, TROJANE",231.0,162,0.7013,162,160,2,1.0,1,0.0062,0,0.0,7,0.0438,47,0.2938,0,,6,0.0375,0,0.0,13,0.0812,4,0.025,3,0.0188,0,0.0,11,0.0688,4,0.025,5,0.0312,37,0.2312,3,0.0188,9,0.0562,4,0.025,5,0.0312,1,0.0062,0,
2205,6,Novo mesto,11,Zagorje,25,"HIŠA HRIBAR ZORANA, BREZNIK 1, IZLAKE",139.0,117,0.8417,117,116,1,1.0,0,0.0,0,0.0,2,0.0172,39,0.3362,0,,2,0.0172,1,0.0086,22,0.1897,3,0.0259,0,0.0,1,0.0086,11,0.0948,1,0.0086,4,0.0345,21,0.181,0,0.0,5,0.0431,1,0.0086,3,0.0259,0,0.0,0,
2206,6,Novo mesto,11,Zagorje,22,"HIŠA MAŽGON HILDE, JESENOVO 38C, ČEMŠENIK",153.0,111,0.7255,111,110,1,1.0,0,0.0,2,0.0182,1,0.0091,46,0.4182,0,,4,0.0364,0,0.0,3,0.0273,1,0.0091,2,0.0182,0,0.0,11,0.1,4,0.0364,2,0.0182,26,0.2364,2,0.0182,5,0.0455,1,0.0091,0,0.0,0,0.0,0,
2207,6,Novo mesto,11,Zagorje,28,"HIŠA ROME JANEZA, BRIŠE 17, IZLAKE",84.0,64,0.7619,64,64,0,1.0,0,0.0,1,0.0156,4,0.0625,14,0.2188,0,,0,0.0,1,0.0156,4,0.0625,9,0.1406,0,0.0,0,0.0,8,0.125,2,0.0312,6,0.0938,9,0.1406,0,0.0,6,0.0938,0,0.0,0,0.0,0,0.0,0,
2208,6,Novo mesto,11,Zagorje,30,"HIŠA VOZELJ RADA, KAL 3, ZAGORJE OB SAVI",174.0,117,0.6724,117,117,0,1.0,0,0.0,0,0.0,5,0.0427,62,0.5299,0,,9,0.0769,0,0.0,9,0.0769,5,0.0427,0,0.0,0,0.0,2,0.0171,2,0.0171,3,0.0256,7,0.0598,3,0.0256,6,0.0513,1,0.0085,3,0.0256,0,0.0,0,
2209,6,Novo mesto,11,Zagorje,16,"HIŠA ZOREC DEJANA, SMUČIDOL 4, IZLAKE",184.0,139,0.7554,139,139,0,1.0,0,0.0,0,0.0,2,0.0144,28,0.2014,0,,1,0.0072,0,0.0,11,0.0791,4,0.0288,7,0.0504,1,0.0072,22,0.1583,4,0.0288,6,0.0432,28,0.2014,2,0.0144,14,0.1007,2,0.0144,3,0.0216,4,0.0288,0,
2210,6,Novo mesto,11,Zagorje,34,"HIŠA ZUPANC FRANČIŠKE, BOROVAK PRI PODKUMU 7",120.0,87,0.725,87,87,0,1.0,0,0.0,0,0.0,2,0.023,28,0.3218,0,,3,0.0345,0,0.0,4,0.046,18,0.2069,2,0.023,0,0.0,3,0.0345,0,0.0,4,0.046,16,0.1839,0,0.0,4,0.046,2,0.023,1,0.0115,0,0.0,0,
2211,6,Novo mesto,11,Zagorje,3,"KOMUNALA ZAGORJE D.O.O., CESTA ZMAGE 57, ZAGORJE",824.0,473,0.574,473,465,8,1.0,4,0.0086,0,0.0,15,0.0323,240,0.5161,0,,16,0.0344,4,0.0086,30,0.0645,5,0.0108,4,0.0086,4,0.0086,5,0.0108,6,0.0129,17,0.0366,56,0.1204,9,0.0194,24,0.0516,9,0.0194,17,0.0366,0,0.0,0,
2212,6,Novo mesto,11,Zagorje,13,"NK SVOBODA KISOVEC, NASELJE NA ŠAHTU 37, KISOVEC",370.0,232,0.627,232,229,3,1.0,0,0.0,0,0.0,5,0.0218,122,0.5328,0,,12,0.0524,3,0.0131,10,0.0437,2,0.0087,1,0.0044,1,0.0044,7,0.0306,2,0.0087,1,0.0044,32,0.1397,2,0.0087,14,0.0611,10,0.0437,3,0.0131,2,0.0087,0,
2213,6,Novo mesto,11,Zagorje,8,"OKREPČEVALNICA GASILČEK, KOTREDEŽ 12, ZAGORJE",530.0,362,0.683,362,357,5,1.0,2,0.0056,0,0.0,8,0.0224,105,0.2941,0,,14,0.0392,0,0.0,23,0.0644,7,0.0196,4,0.0112,5,0.014,21,0.0588,1,0.0028,35,0.098,64,0.1793,5,0.014,28,0.0784,11,0.0308,20,0.056,4,0.0112,0,
2214,6,Novo mesto,11,Zagorje,15,"OŠ IVAN KAVČIČ I., IZLAKE 4, IZLAKE",568.0,393,0.6919,393,391,2,1.0,1,0.0026,0,0.0,7,0.0179,159,0.4066,0,,29,0.0742,0,0.0,23,0.0588,1,0.0026,0,0.0,6,0.0153,21,0.0537,5,0.0128,12,0.0307,65,0.1662,5,0.0128,25,0.0639,20,0.0512,12,0.0307,0,0.0,0,
2215,6,Novo mesto,11,Zagorje,17,"OŠ IVAN KAVČIČ II., IZLAKE 4, IZLAKE",578.0,420,0.7266,420,420,0,1.0,1,0.0024,1,0.0024,10,0.0238,191,0.4548,0,,5,0.0119,4,0.0095,22,0.0524,4,0.0095,6,0.0143,4,0.0095,27,0.0643,6,0.0143,17,0.0405,79,0.1881,6,0.0143,14,0.0333,12,0.0286,9,0.0214,2,0.0048,0,
2216,6,Novo mesto,11,Zagorje,23,"OŠ MLINŠE, MLINŠE 14, IZLAKE",336.0,255,0.7589,255,254,1,1.0,1,0.0039,0,0.0,5,0.0197,99,0.3898,0,,7,0.0276,0,0.0,23,0.0906,2,0.0079,2,0.0079,0,0.0,14,0.0551,1,0.0039,6,0.0236,55,0.2165,3,0.0118,21,0.0827,6,0.0236,5,0.0197,4,0.0157,0,
2217,6,Novo mesto,11,Zagorje,6,"OŠ TONE OKROGAR, ŠOLSKA ULICA 1, ZAGORJE OB SAVI",821.0,439,0.5347,439,436,3,1.0,2,0.0046,0,0.0,14,0.0321,193,0.4427,0,,16,0.0367,2,0.0046,18,0.0413,11,0.0252,6,0.0138,1,0.0023,15,0.0344,4,0.0092,19,0.0436,73,0.1674,4,0.0092,23,0.0528,18,0.0413,16,0.0367,1,0.0023,0,
2218,6,Novo mesto,11,Zagorje,20,"PGD ČEMŠENIK, ČEMŠENIK 16, ČEMŠENIK",484.0,321,0.6632,321,319,2,1.0,0,0.0,0,0.0,8,0.0251,84,0.2633,0,,4,0.0125,0,0.0,18,0.0564,8,0.0251,9,0.0282,2,0.0063,33,0.1034,6,0.0188,33,0.1034,87,0.2727,2,0.0063,9,0.0282,2,0.0063,14,0.0439,0,0.0,0,
2219,6,Novo mesto,11,Zagorje,26,"PGD KANDRŠE, KANDRŠE - DEL 6, VAČE",298.0,227,0.7617,227,226,1,1.0,0,0.0,0,0.0,5,0.0221,68,0.3009,0,,8,0.0354,0,0.0,24,0.1062,7,0.031,1,0.0044,2,0.0088,10,0.0442,2,0.0088,13,0.0575,56,0.2478,8,0.0354,13,0.0575,2,0.0088,7,0.031,0,0.0,0,
2220,6,Novo mesto,11,Zagorje,27,"PGD KOLOVRAT, KOLOVRAT 19, IZLAKE",233.0,158,0.6781,158,156,2,1.0,2,0.0128,0,0.0,2,0.0128,41,0.2628,0,,2,0.0128,0,0.0,13,0.0833,11,0.0705,1,0.0064,0,0.0,22,0.141,1,0.0064,7,0.0449,38,0.2436,4,0.0256,4,0.0256,1,0.0064,5,0.0321,2,0.0128,0,
2221,6,Novo mesto,11,Zagorje,11,"PGD LOKE, LOKE PRI ZAGORJU 37,KISOVEC",303.0,218,0.7195,218,218,0,1.0,0,0.0,0,0.0,1,0.0046,78,0.3578,0,,5,0.0229,0,0.0,26,0.1193,5,0.0229,2,0.0092,0,0.0,13,0.0596,6,0.0275,13,0.0596,42,0.1927,3,0.0138,13,0.0596,2,0.0092,8,0.0367,1,0.0046,0,
2222,6,Novo mesto,11,Zagorje,35,"PGD PADEŽ, PADEŽ 1, PODKUM",74.0,52,0.7027,52,52,0,1.0,0,0.0,0,0.0,0,0.0,13,0.25,0,,2,0.0385,0,0.0,4,0.0769,14,0.2692,1,0.0192,0,0.0,0,0.0,2,0.0385,0,0.0,11,0.2115,0,0.0,1,0.0192,3,0.0577,1,0.0192,0,0.0,0,
2223,6,Novo mesto,11,Zagorje,33,"PGD PODKUM, PODKUM 16, PODKUM",246.0,189,0.7683,189,187,2,1.0,0,0.0,1,0.0053,4,0.0214,74,0.3957,0,,0,0.0,0,0.0,10,0.0535,39,0.2086,2,0.0107,3,0.016,5,0.0267,2,0.0107,0,0.0,33,0.1765,1,0.0053,7,0.0374,2,0.0107,4,0.0214,0,0.0,0,
2224,6,Novo mesto,11,Zagorje,7,"PGD RAVENSKA VAS, RAVENSKA VAS 3, ZAGORJE OB SAVI",210.0,159,0.7571,159,157,2,1.0,1,0.0064,0,0.0,4,0.0255,45,0.2866,0,,8,0.051,1,0.0064,6,0.0382,0,0.0,2,0.0127,0,0.0,5,0.0318,0,0.0,10,0.0637,12,0.0764,0,0.0,9,0.0573,3,0.0191,51,0.3248,0,0.0,0,
2225,6,Novo mesto,11,Zagorje,29,"PGD ŠENTLAMBERT, ŠENTLAMBERT 9, ZAGORJE OB SAVI",279.0,211,0.7563,211,211,0,1.0,2,0.0095,0,0.0,9,0.0427,77,0.3649,0,,6,0.0284,0,0.0,27,0.128,6,0.0284,5,0.0237,0,0.0,8,0.0379,1,0.0047,8,0.0379,28,0.1327,0,0.0,25,0.1185,8,0.0379,1,0.0047,0,0.0,0,
2226,6,Novo mesto,11,Zagorje,31,"PGD TIRNA, TIRNA 16, SAVA",191.0,149,0.7801,149,147,2,1.0,0,0.0,0,0.0,4,0.0272,65,0.4422,0,,1,0.0068,0,0.0,9,0.0612,5,0.034,0,0.0,0,0.0,7,0.0476,2,0.0136,8,0.0544,28,0.1905,3,0.0204,5,0.034,5,0.034,5,0.034,0,0.0,0,
2227,6,Novo mesto,11,Zagorje,14,"PGDČOLNIŠČE, ČOLNIŠČE 12, ZAGORJE OB SAVI",235.0,159,0.6766,159,159,0,1.0,2,0.0126,0,0.0,4,0.0252,72,0.4528,0,,4,0.0252,2,0.0126,15,0.0943,3,0.0189,0,0.0,1,0.0063,5,0.0314,0,0.0,4,0.0252,28,0.1761,2,0.0126,11,0.0692,2,0.0126,4,0.0252,0,0.0,0,
2228,6,Novo mesto,11,Zagorje,36,"ŠPORTNO DRUŠTVO ŠKLENDROVEC, ID 1889-1019, PODKUM",211.0,148,0.7014,148,146,2,1.0,0,0.0,0,0.0,3,0.0205,42,0.2877,0,,5,0.0342,1,0.0068,12,0.0822,41,0.2808,1,0.0068,3,0.0205,8,0.0548,1,0.0068,3,0.0205,15,0.1027,2,0.0137,8,0.0548,1,0.0068,0,0.0,0,0.0,0,
2229,6,Novo mesto,11,Zagorje,9,"VDC, CESTA 9.AVGUSTA 59C, ZAGORJE OB SAVI",871.0,533,0.6119,533,531,2,1.0,3,0.0056,0,0.0,4,0.0075,235,0.4426,0,,14,0.0264,4,0.0075,37,0.0697,4,0.0075,3,0.0056,3,0.0056,14,0.0264,7,0.0132,29,0.0546,75,0.1412,3,0.0056,57,0.1073,17,0.032,18,0.0339,4,0.0075,0,
2230,6,Novo mesto,11,Zagorje,4,"VRTEC ZAGORJE, ENOTA MAJA, PEČARJEVA ULICA 4",1108.0,667,0.602,667,658,9,1.0,6,0.0091,2,0.003,16,0.0243,255,0.3875,0,,33,0.0502,1,0.0015,62,0.0942,1,0.0015,12,0.0182,7,0.0106,41,0.0623,9,0.0137,20,0.0304,94,0.1429,4,0.0061,56,0.0851,22,0.0334,16,0.0243,1,0.0015,0,
2231,6,Novo mesto,11,Zagorje,901,PREDČASNO GLASOVANJE,,1512,,1512,1505,7,1.0,12,0.008,0,0.0,45,0.0299,744,0.4944,0,,59,0.0392,0,0.0,120,0.0797,19,0.0126,14,0.0093,16,0.0106,40,0.0266,11,0.0073,24,0.0159,181,0.1203,1,0.0007,103,0.0684,43,0.0286,66,0.0439,7,0.0047,0,
2232,7,Maribor,1,Šmarje pri Jelšah,14,"ALEŠ TADINA (POSL. PROSTORI), SPODNJI GABERNIK 35",354.0,226,0.6384,226,225,1,1.0,1,0.0044,0,0.0,11,0.0489,38,0.1689,0,0.0,5,0.0222,0,0.0,2,0.0089,8,0.0356,2,0.0089,1,0.0044,31,0.1378,3,0.0133,36,0.16,72,0.32,4,0.0178,7,0.0311,2,0.0089,1,0.0044,1,0.0044,0,
2233,7,Maribor,1,Šmarje pri Jelšah,10,DOM KRAJANOV IN GASILCEV POLJE OB SOTLI 4,377.0,255,0.6764,255,254,1,1.0,2,0.0079,0,0.0,4,0.0157,56,0.2205,0,0.0,4,0.0157,1,0.0039,5,0.0197,15,0.0591,1,0.0039,4,0.0157,11,0.0433,3,0.0118,81,0.3189,51,0.2008,4,0.0157,6,0.0236,3,0.0118,2,0.0079,1,0.0039,0,
2234,7,Maribor,1,Šmarje pri Jelšah,34,"DOM KRAJANOV IN GASILCEV S. GORA, SLADKA GORA 3C",493.0,322,0.6531,322,317,5,1.0,5,0.0158,0,0.0,12,0.0379,73,0.2303,1,0.0032,3,0.0095,1,0.0032,11,0.0347,11,0.0347,1,0.0032,6,0.0189,27,0.0852,2,0.0063,28,0.0883,99,0.3123,10,0.0315,13,0.041,9,0.0284,1,0.0032,4,0.0126,0,
2235,7,Maribor,1,Šmarje pri Jelšah,5,"DOM KRAJANOV OSREDEK, OSREDEK PRI PODSREDI 19A",54.0,35,0.6481,35,33,2,1.0,4,0.1212,0,0.0,2,0.0606,12,0.3636,0,0.0,0,0.0,1,0.0303,0,0.0,0,0.0,0,0.0,0,0.0,3,0.0909,0,0.0,2,0.0606,5,0.1515,2,0.0606,2,0.0606,0,0.0,0,0.0,0,0.0,0,
2236,7,Maribor,1,Šmarje pri Jelšah,6,"DOM KRAJANOV PODSREDA, PODSREDA 31",460.0,301,0.6543,301,293,8,1.0,4,0.0137,2,0.0068,9,0.0307,85,0.2901,1,0.0034,2,0.0068,2,0.0068,2,0.0068,8,0.0273,4,0.0137,4,0.0137,25,0.0853,4,0.0137,32,0.1092,84,0.2867,3,0.0102,11,0.0375,5,0.0171,4,0.0137,2,0.0068,0,
2237,7,Maribor,1,Šmarje pri Jelšah,29,"DVORANA KULTURNEGA DOMA ROGATEC,STRMOLSKA ULICA 6",1184.0,724,0.6115,724,704,20,1.0,5,0.0071,0,0.0,25,0.0355,192,0.2727,1,0.0014,21,0.0298,0,0.0,13,0.0185,24,0.0341,18,0.0256,7,0.0099,161,0.2287,8,0.0114,30,0.0426,125,0.1776,0,0.0,60,0.0852,5,0.0071,3,0.0043,6,0.0085,0,
2238,7,Maribor,1,Šmarje pri Jelšah,22,"GABERŠEK VINKO, SP. SEČOVO 26",501.0,285,0.5689,285,275,10,1.0,3,0.0109,3,0.0109,16,0.0582,38,0.1382,0,0.0,4,0.0145,4,0.0145,7,0.0255,34,0.1236,3,0.0109,7,0.0255,31,0.1127,1,0.0036,22,0.08,91,0.3309,1,0.0036,1,0.0036,2,0.0073,2,0.0073,5,0.0182,0,
2239,7,Maribor,1,Šmarje pri Jelšah,31,"GAS. KULTURNI DOM KRISTAN VRH, KRISTAN VRH 53A",732.0,483,0.6598,483,479,4,1.0,2,0.0042,3,0.0063,13,0.0271,88,0.1837,1,0.0021,12,0.0251,1,0.0021,12,0.0251,7,0.0146,9,0.0188,3,0.0063,42,0.0877,7,0.0146,58,0.1211,163,0.3403,18,0.0376,28,0.0585,7,0.0146,1,0.0021,4,0.0084,0,
2240,7,Maribor,1,Šmarje pri Jelšah,2,GASILSKI DOM BUČE,348.0,241,0.6925,241,238,3,1.0,0,0.0,0,0.0,3,0.0126,47,0.1975,0,0.0,5,0.021,1,0.0042,0,0.0,10,0.042,3,0.0126,0,0.0,20,0.084,0,0.0,57,0.2395,70,0.2941,5,0.021,4,0.0168,4,0.0168,3,0.0126,6,0.0252,0,
2241,7,Maribor,1,Šmarje pri Jelšah,9,"GASILSKI DOM IMENO, IMENO 38A",419.0,291,0.6945,291,289,2,1.0,3,0.0104,0,0.0,5,0.0173,65,0.2249,1,0.0035,3,0.0104,0,0.0,8,0.0277,1,0.0035,5,0.0173,2,0.0069,15,0.0519,2,0.0069,85,0.2941,74,0.2561,2,0.0069,11,0.0381,0,0.0,2,0.0069,5,0.0173,0,
2242,7,Maribor,1,Šmarje pri Jelšah,13,"GASILSKI DOM KOSTRIVNICA, ZG. KOSTRIVNICA 10A",807.0,481,0.596,481,471,10,1.0,3,0.0064,1,0.0021,13,0.0276,85,0.1805,0,0.0,11,0.0234,3,0.0064,13,0.0276,25,0.0531,5,0.0106,7,0.0149,59,0.1253,6,0.0127,62,0.1316,142,0.3015,8,0.017,18,0.0382,4,0.0085,3,0.0064,3,0.0064,0,
2243,7,Maribor,1,Šmarje pri Jelšah,33,"GASILSKI DOM MESTINJE, MESTINJE 19",575.0,366,0.6365,366,360,6,1.0,0,0.0,3,0.0083,23,0.0639,90,0.25,0,0.0,11,0.0306,0,0.0,7,0.0194,6,0.0167,6,0.0167,2,0.0056,21,0.0583,0,0.0,38,0.1056,109,0.3028,22,0.0611,14,0.0389,4,0.0111,2,0.0056,2,0.0056,0,
2244,7,Maribor,1,Šmarje pri Jelšah,8,"GASILSKI DOM PODČETRTEK, SLAKE 3",669.0,438,0.6547,438,430,8,1.0,3,0.007,0,0.0,11,0.0256,111,0.2581,0,0.0,7,0.0163,0,0.0,6,0.014,6,0.014,9,0.0209,3,0.007,27,0.0628,9,0.0209,140,0.3256,71,0.1651,6,0.014,8,0.0186,5,0.0116,8,0.0186,0,0.0,0,
2245,7,Maribor,1,Šmarje pri Jelšah,35,"GASILSKI DOM SVETI ŠTEFAN, SVETI ŠTEFAN 51",740.0,468,0.6324,468,465,3,1.0,3,0.0065,0,0.0,13,0.028,90,0.1935,0,0.0,11,0.0237,1,0.0022,14,0.0301,8,0.0172,7,0.0151,12,0.0258,34,0.0731,6,0.0129,53,0.114,169,0.3634,17,0.0366,13,0.028,5,0.0108,4,0.0086,5,0.0108,0,
2246,7,Maribor,1,Šmarje pri Jelšah,42,"GASILSKI DOM ŠMARJE PRI JELŠAH, OBRTNIŠKA ULICA 4",1750.0,1028,0.5874,1028,1017,11,1.0,3,0.0029,1,0.001,30,0.0295,209,0.2055,1,0.001,17,0.0167,1,0.001,21,0.0206,38,0.0374,15,0.0147,4,0.0039,80,0.0787,14,0.0138,146,0.1436,348,0.3422,28,0.0275,36,0.0354,11,0.0108,6,0.0059,8,0.0079,0,
2247,7,Maribor,1,Šmarje pri Jelšah,41,"GASILSKI DOM ZIBIKA, ZIBIKA 4A",613.0,398,0.6493,398,392,6,1.0,0,0.0,0,0.0,10,0.0255,73,0.1862,0,0.0,1,0.0026,2,0.0051,8,0.0204,12,0.0306,5,0.0128,1,0.0026,39,0.0995,5,0.0128,87,0.2219,130,0.3316,3,0.0077,8,0.0204,3,0.0077,3,0.0077,2,0.0051,0,
2248,7,Maribor,1,Šmarje pri Jelšah,18,"GASILSKI DOM, PRVOMAJSKA UL.15A ",781.0,506,0.6479,506,504,2,1.0,3,0.006,0,0.0,29,0.0575,185,0.3671,1,0.002,13,0.0258,2,0.004,7,0.0139,5,0.0099,7,0.0139,3,0.006,38,0.0754,8,0.0159,36,0.0714,96,0.1905,10,0.0198,36,0.0714,16,0.0317,5,0.0099,4,0.0079,0,
2249,7,Maribor,1,Šmarje pri Jelšah,37,"GASILSKO KULTURNI DOM ŠENTVID,ŠENTVID 30 ",673.0,468,0.6954,468,466,2,1.0,5,0.0107,0,0.0,16,0.0343,128,0.2747,0,0.0,9,0.0193,2,0.0043,10,0.0215,21,0.0451,5,0.0107,5,0.0107,20,0.0429,14,0.03,44,0.0944,133,0.2854,6,0.0129,33,0.0708,11,0.0236,3,0.0064,1,0.0021,0,
2250,7,Maribor,1,Šmarje pri Jelšah,36,"GOLEŽ STANISLAV, RAKOVEC 8",84.0,57,0.6786,57,57,0,1.0,0,0.0,0,0.0,8,0.1404,8,0.1404,0,0.0,0,0.0,0,0.0,0,0.0,0,0.0,0,0.0,3,0.0526,2,0.0351,0,0.0,12,0.2105,20,0.3509,1,0.0175,0,0.0,1,0.0175,0,0.0,2,0.0351,0,
2251,7,Maribor,1,Šmarje pri Jelšah,20,GOLUB ZVONIMIR ( PRI GOLOBU) SP. NEGONJE 18 ,588.0,367,0.6241,367,363,4,1.0,2,0.0055,0,0.0,16,0.0441,98,0.27,0,0.0,9,0.0248,0,0.0,4,0.011,11,0.0303,4,0.011,6,0.0165,34,0.0937,7,0.0193,32,0.0882,103,0.2837,6,0.0165,17,0.0468,7,0.0193,3,0.0083,4,0.011,0,
2252,7,Maribor,1,Šmarje pri Jelšah,21,"I.OŠ ROGAŠKA SLATINA, KIDRIČEVA ULICA 24",604.0,395,0.654,395,393,2,1.0,8,0.0204,0,0.0,6,0.0153,154,0.3919,0,0.0,14,0.0356,1,0.0025,13,0.0331,6,0.0153,3,0.0076,5,0.0127,27,0.0687,7,0.0178,21,0.0534,76,0.1934,7,0.0178,21,0.0534,17,0.0433,4,0.0102,3,0.0076,0,
2253,7,Maribor,1,Šmarje pri Jelšah,19,"II. OŠ ROGAŠKA SLATINA, UL. KOZJANSKEGA ODREDA 4",1180.0,750,0.6356,750,740,10,1.0,14,0.0189,0,0.0,23,0.0311,216,0.2919,1,0.0014,27,0.0365,0,0.0,20,0.027,18,0.0243,8,0.0108,10,0.0135,63,0.0851,14,0.0189,67,0.0905,149,0.2014,8,0.0108,64,0.0865,19,0.0257,14,0.0189,5,0.0068,0,
2254,7,Maribor,1,Šmarje pri Jelšah,24,"JAGODIČ BOŠTJAN S.P.,STEKLARSKA UL.1B,ROG.SLATINA",1171.0,722,0.6166,722,707,15,1.0,11,0.0156,0,0.0,24,0.0339,220,0.3112,1,0.0014,27,0.0382,3,0.0042,13,0.0184,10,0.0141,7,0.0099,3,0.0042,79,0.1117,10,0.0141,64,0.0905,146,0.2065,10,0.0141,50,0.0707,13,0.0184,5,0.0071,11,0.0156,0,
2255,7,Maribor,1,Šmarje pri Jelšah,38,"KINCEL MARIJA, BIFE,  GROBELNO-DEL 21",452.0,312,0.6903,312,305,7,1.0,3,0.0098,1,0.0033,8,0.0262,106,0.3475,1,0.0033,9,0.0295,1,0.0033,5,0.0164,6,0.0197,3,0.0098,1,0.0033,18,0.059,0,0.0,15,0.0492,99,0.3246,5,0.0164,18,0.059,4,0.0131,2,0.0066,0,0.0,0,
2256,7,Maribor,1,Šmarje pri Jelšah,17,"KOVAČIČ MARIJA, KAMENCE 24",262.0,125,0.4771,125,124,1,1.0,0,0.0,0,0.0,6,0.0484,24,0.1935,0,0.0,1,0.0081,0,0.0,2,0.0161,6,0.0484,0,0.0,0,0.0,4,0.0323,0,0.0,21,0.1694,49,0.3952,1,0.0081,5,0.0403,3,0.0242,1,0.0081,1,0.0081,0,
2257,7,Maribor,1,Šmarje pri Jelšah,25,"KULTURNI CENTER ROGAŠKA SLATINA, CELJSKA CESTA 3A",479.0,293,0.6117,293,293,0,1.0,4,0.0137,1,0.0034,6,0.0205,90,0.3072,1,0.0034,11,0.0375,2,0.0068,16,0.0546,0,0.0,1,0.0034,1,0.0034,14,0.0478,5,0.0171,27,0.0922,85,0.2901,4,0.0137,16,0.0546,4,0.0137,3,0.0102,2,0.0068,0,
2258,7,Maribor,1,Šmarje pri Jelšah,1,"KULTURNI DOM BISTRICA OB SOTLI, BISTRICA OB S. 9",1134.0,690,0.6085,690,679,11,1.0,2,0.0029,1,0.0015,8,0.0118,172,0.2533,2,0.0029,17,0.025,0,0.0,17,0.025,14,0.0206,19,0.028,13,0.0191,60,0.0884,14,0.0206,117,0.1723,162,0.2386,12,0.0177,28,0.0412,5,0.0074,11,0.0162,5,0.0074,0,
2259,7,Maribor,1,Šmarje pri Jelšah,4,"KULTURNI DOM LESIČNO, LESIČNO 5C",642.0,444,0.6916,444,440,4,1.0,0,0.0,1,0.0023,12,0.0273,117,0.2659,0,0.0,8,0.0182,0,0.0,11,0.025,9,0.0205,13,0.0295,3,0.0068,47,0.1068,10,0.0227,57,0.1295,98,0.2227,12,0.0273,22,0.05,11,0.025,3,0.0068,6,0.0136,0,
2260,7,Maribor,1,Šmarje pri Jelšah,39,"KULTURNI DOM ŠMARJE PRI J.,AŠKERČEV TRG 20",1796.0,944,0.5256,944,932,12,1.0,6,0.0064,4,0.0043,25,0.0268,277,0.2972,1,0.0011,30,0.0322,4,0.0043,25,0.0268,27,0.029,17,0.0182,11,0.0118,71,0.0762,13,0.0139,106,0.1137,210,0.2253,21,0.0225,55,0.059,17,0.0182,9,0.0097,3,0.0032,0,
2261,7,Maribor,1,Šmarje pri Jelšah,12,"KULTURNI DOM VIRŠTANJ, VIRŠTANJ 11",500.0,325,0.65,325,322,3,1.0,0,0.0,0,0.0,8,0.0248,56,0.1739,1,0.0031,2,0.0062,2,0.0062,8,0.0248,16,0.0497,4,0.0124,7,0.0217,20,0.0621,3,0.0093,114,0.354,58,0.1801,1,0.0031,8,0.0248,10,0.0311,3,0.0093,1,0.0031,0,
2262,7,Maribor,1,Šmarje pri Jelšah,30,"MARJAN PETAUER, DOL PRI PRISTAVI 2B",79.0,63,0.7975,63,62,1,1.0,0,0.0,1,0.0161,1,0.0161,7,0.1129,0,0.0,1,0.0161,0,0.0,0,0.0,1,0.0161,0,0.0,0,0.0,5,0.0806,1,0.0161,16,0.2581,25,0.4032,0,0.0,3,0.0484,0,0.0,0,0.0,1,0.0161,0,
2263,7,Maribor,1,Šmarje pri Jelšah,32,OŠ LEMBERG,120.0,85,0.7083,85,83,2,1.0,1,0.012,0,0.0,1,0.012,27,0.3253,0,0.0,0,0.0,1,0.012,6,0.0723,2,0.0241,0,0.0,1,0.012,3,0.0361,3,0.0361,3,0.0361,21,0.253,1,0.012,9,0.1084,2,0.0241,1,0.012,1,0.012,0,
2264,7,Maribor,1,Šmarje pri Jelšah,26,"OŠ SV. FLORIJAN, SV FLORIJAN 60",419.0,274,0.6539,274,270,4,1.0,1,0.0037,0,0.0,6,0.0222,37,0.137,0,0.0,7,0.0259,0,0.0,3,0.0111,18,0.0667,4,0.0148,2,0.0074,46,0.1704,2,0.0074,23,0.0852,108,0.4,2,0.0074,3,0.0111,5,0.0185,0,0.0,3,0.0111,0,
2265,7,Maribor,1,Šmarje pri Jelšah,7,"PISARNA KS ZAGORJE, ZAGORJE 47 ",232.0,146,0.6293,146,143,3,1.0,2,0.014,0,0.0,0,0.0,18,0.1259,1,0.007,3,0.021,3,0.021,3,0.021,5,0.035,2,0.014,2,0.014,40,0.2797,0,0.0,17,0.1189,36,0.2517,0,0.0,3,0.021,7,0.049,0,0.0,1,0.007,0,
2266,7,Maribor,1,Šmarje pri Jelšah,15,"RUSL JOŽEF, BRESTOVEC 1, ROGAŠKA SLATINA",1090.0,691,0.6339,690,673,17,1.0,3,0.0045,0,0.0,30,0.0446,163,0.2422,1,0.0015,15,0.0223,4,0.0059,6,0.0089,35,0.052,10,0.0149,8,0.0119,45,0.0669,10,0.0149,65,0.0966,212,0.315,17,0.0253,37,0.055,5,0.0074,2,0.003,5,0.0074,0,
2267,7,Maribor,1,Šmarje pri Jelšah,3,"SEJNA SOBA OBČINE KOZJE, KOZJE 37",860.0,533,0.6198,533,524,9,1.0,0,0.0,0,0.0,9,0.0172,148,0.2824,0,0.0,5,0.0095,2,0.0038,19,0.0363,5,0.0095,11,0.021,11,0.021,45,0.0859,5,0.0095,54,0.1031,162,0.3092,9,0.0172,27,0.0515,5,0.0095,2,0.0038,5,0.0095,0,
2268,7,Maribor,1,Šmarje pri Jelšah,11,"TELOVADNICA POŠ PRISTAVA,PRISTAVA PRI MESTINJU 27",870.0,571,0.6563,571,569,2,1.0,2,0.0035,0,0.0,32,0.0562,140,0.246,0,0.0,22,0.0387,0,0.0,15,0.0264,11,0.0193,7,0.0123,9,0.0158,23,0.0404,7,0.0123,111,0.1951,134,0.2355,7,0.0123,30,0.0527,11,0.0193,3,0.0053,5,0.0088,0,
2269,7,Maribor,1,Šmarje pri Jelšah,27,"VAŠKO GASILSKI DOM DOBOVEC,DOBOVEC PRI ROGATCU35D",471.0,291,0.6178,289,285,4,1.0,0,0.0,1,0.0035,9,0.0316,52,0.1825,0,0.0,2,0.007,0,0.0,4,0.014,5,0.0175,7,0.0246,0,0.0,129,0.4526,0,0.0,2,0.007,55,0.193,0,0.0,10,0.0351,8,0.0281,0,0.0,1,0.0035,0,
2270,7,Maribor,1,Šmarje pri Jelšah,28,"VAŠKO GASILSKI DOM DONAČKA GORA, DONAČKA GORA 4C",748.0,482,0.6444,482,471,11,1.0,1,0.0021,1,0.0021,13,0.0276,54,0.1146,0,0.0,5,0.0106,1,0.0021,4,0.0085,64,0.1359,5,0.0106,0,0.0,121,0.2569,2,0.0042,15,0.0318,161,0.3418,2,0.0042,16,0.034,4,0.0085,1,0.0021,1,0.0021,0,
2271,7,Maribor,1,Šmarje pri Jelšah,40,"VEČNAMENSKI DOM NA TINSKEM, 3223 LOKA PRI ŽUSMU",186.0,108,0.5806,108,108,0,1.0,1,0.0093,0,0.0,4,0.037,31,0.287,0,0.0,2,0.0185,0,0.0,5,0.0463,2,0.0185,0,0.0,3,0.0278,1,0.0093,4,0.037,21,0.1944,21,0.1944,4,0.037,2,0.0185,0,0.0,4,0.037,3,0.0278,0,
2272,7,Maribor,1,Šmarje pri Jelšah,23,"VRTNI CENTER, CEROVEC POD BOČEM 22A ",502.0,333,0.6633,333,326,7,1.0,2,0.0061,0,0.0,8,0.0245,59,0.181,2,0.0061,13,0.0399,0,0.0,8,0.0245,17,0.0521,3,0.0092,0,0.0,37,0.1135,4,0.0123,40,0.1227,110,0.3374,4,0.0123,15,0.046,3,0.0092,0,0.0,1,0.0031,0,
2273,7,Maribor,1,Šmarje pri Jelšah,901,PREDČASNO GLASOVANJE,,1209,,1209,1196,13,1.0,11,0.0092,1,0.0008,18,0.0151,448,0.3746,3,0.0025,28,0.0234,1,0.0008,26,0.0217,17,0.0142,19,0.0159,19,0.0159,96,0.0803,9,0.0075,110,0.092,255,0.2132,14,0.0117,76,0.0635,28,0.0234,10,0.0084,7,0.0059,0,
2274,7,Maribor,2,Slovenska Bistrica,24,"AVGUŠTIN ZDENKA, TINJSKA GORA 10",170.0,99,0.5824,99,99,0,1.0,0,0.0,0,0.0,5,0.0505,28,0.2828,0,0.0,1,0.0101,0,0.0,3,0.0303,1,0.0101,1,0.0101,0,0.0,15,0.1515,3,0.0303,3,0.0303,25,0.2525,1,0.0101,7,0.0707,5,0.0505,0,0.0,1,0.0101,0,
2275,7,Maribor,2,Slovenska Bistrica,14,"AVTOHIŠA JURIČ SLOVENSKA BISTRICA,  LACKOVA UL. 3",391.0,280,0.7161,280,280,0,1.0,1,0.0036,0,0.0,4,0.0143,123,0.4393,1,0.0036,8,0.0286,0,0.0,6,0.0214,5,0.0179,0,0.0,1,0.0036,9,0.0321,5,0.0179,14,0.05,77,0.275,5,0.0179,11,0.0393,6,0.0214,3,0.0107,1,0.0036,0,
2276,7,Maribor,2,Slovenska Bistrica,59,"BERGLEZ JOŽEF, MOSTEČNO 4",155.0,114,0.7355,114,114,0,1.0,0,0.0,0,0.0,6,0.0526,14,0.1228,0,0.0,0,0.0,1,0.0088,1,0.0088,4,0.0351,0,0.0,4,0.0351,2,0.0175,0,0.0,9,0.0789,65,0.5702,0,0.0,4,0.0351,1,0.0088,1,0.0088,2,0.0175,0,
2277,7,Maribor,2,Slovenska Bistrica,15,"CENTER ZA STAREJŠE, LESKOVARJEVA ULICA 16",993.0,556,0.5599,556,550,6,1.0,6,0.0109,1,0.0018,27,0.0491,214,0.3891,1,0.0018,22,0.04,3,0.0055,13,0.0236,1,0.0018,8,0.0145,10,0.0182,24,0.0436,11,0.02,27,0.0491,109,0.1982,14,0.0255,39,0.0709,10,0.0182,6,0.0109,4,0.0073,0,
2278,7,Maribor,2,Slovenska Bistrica,44,"ČEBULAR BRANKO, HOŠNICA 52",170.0,112,0.6588,112,111,1,1.0,0,0.0,0,0.0,5,0.045,26,0.2342,0,0.0,3,0.027,1,0.009,1,0.009,11,0.0991,3,0.027,0,0.0,3,0.027,2,0.018,6,0.0541,39,0.3514,3,0.027,8,0.0721,0,0.0,0,0.0,0,0.0,0,
2279,7,Maribor,2,Slovenska Bistrica,65,"DEČAR MARJAN, KORITNO 7",143.0,94,0.6573,94,93,1,1.0,0,0.0,0,0.0,8,0.086,2,0.0215,0,0.0,1,0.0108,0,0.0,1,0.0108,2,0.0215,1,0.0108,0,0.0,1,0.0108,3,0.0323,22,0.2366,44,0.4731,2,0.0215,4,0.043,0,0.0,1,0.0108,1,0.0108,0,
2280,7,Maribor,2,Slovenska Bistrica,48,"DOM DR. JOŽETA POTRČA POLJČANE, POTRČEVA ULICA 1",560.0,371,0.6625,371,367,4,1.0,1,0.0027,0,0.0,16,0.0436,75,0.2044,1,0.0027,9,0.0245,3,0.0082,6,0.0163,45,0.1226,6,0.0163,8,0.0218,18,0.049,2,0.0054,8,0.0218,123,0.3351,14,0.0381,19,0.0518,3,0.0082,4,0.0109,6,0.0163,0,
2281,7,Maribor,2,Slovenska Bistrica,23,"DOM KRAJANOV - GD, VELIKO TINJE 33",579.0,427,0.7375,427,418,9,1.0,0,0.0,0,0.0,18,0.0431,94,0.2249,0,0.0,6,0.0144,3,0.0072,21,0.0502,7,0.0167,1,0.0024,8,0.0191,15,0.0359,8,0.0191,58,0.1388,123,0.2943,17,0.0407,22,0.0526,8,0.0191,5,0.012,4,0.0096,0,
2282,7,Maribor,2,Slovenska Bistrica,17,"DOM KRAJANOV CIGONCA, CIGONCA 12A",308.0,191,0.6201,191,191,0,1.0,3,0.0157,0,0.0,3,0.0157,48,0.2513,0,0.0,3,0.0157,2,0.0105,4,0.0209,4,0.0209,0,0.0,3,0.0157,7,0.0366,2,0.0105,15,0.0785,66,0.3455,15,0.0785,9,0.0471,4,0.0209,1,0.0052,2,0.0105,0,
2283,7,Maribor,2,Slovenska Bistrica,49,"DOM KRAJANOV POLJČANE, BISTRIŠKA CESTA 91",558.0,388,0.6953,388,387,1,1.0,2,0.0052,0,0.0,11,0.0284,107,0.2765,2,0.0052,10,0.0258,1,0.0026,3,0.0078,16,0.0413,5,0.0129,9,0.0233,12,0.031,7,0.0181,20,0.0517,132,0.3411,8,0.0207,25,0.0646,7,0.0181,5,0.0129,5,0.0129,0,
2284,7,Maribor,2,Slovenska Bistrica,2,"DOM VAŠČANOV DEVINA, DEVINA 36A",452.0,290,0.6416,290,284,6,1.0,0,0.0,0,0.0,11,0.0387,69,0.243,0,0.0,3,0.0106,1,0.0035,2,0.007,5,0.0176,5,0.0176,4,0.0141,15,0.0528,5,0.0176,19,0.0669,100,0.3521,9,0.0317,21,0.0739,8,0.0282,4,0.0141,3,0.0106,0,
2285,7,Maribor,2,Slovenska Bistrica,75,"FRIDRIH MIHAEL, KOT NA POHORJU 9",97.0,62,0.6392,62,62,0,1.0,0,0.0,0,0.0,6,0.0968,6,0.0968,0,0.0,2,0.0323,0,0.0,1,0.0161,1,0.0161,0,0.0,0,0.0,1,0.0161,1,0.0161,4,0.0645,36,0.5806,2,0.0323,0,0.0,2,0.0323,0,0.0,0,0.0,0,
2286,7,Maribor,2,Slovenska Bistrica,19,"FURMAN VIDA, PRELOGE 10A",265.0,191,0.7208,191,190,1,1.0,3,0.0158,0,0.0,9,0.0474,35,0.1842,0,0.0,3,0.0158,1,0.0053,4,0.0211,6,0.0316,9,0.0474,0,0.0,9,0.0474,4,0.0211,8,0.0421,81,0.4263,0,0.0,10,0.0526,7,0.0368,1,0.0053,0,0.0,0,
2287,7,Maribor,2,Slovenska Bistrica,28,"FURMAN VILIBALD, OŠELJ 1",212.0,108,0.5094,108,108,0,1.0,0,0.0,1,0.0093,3,0.0278,21,0.1944,0,0.0,0,0.0,0,0.0,3,0.0278,1,0.0093,1,0.0093,2,0.0185,3,0.0278,2,0.0185,29,0.2685,32,0.2963,0,0.0,3,0.0278,5,0.0463,2,0.0185,0,0.0,0,
2288,7,Maribor,2,Slovenska Bistrica,42,"GASILSKI DOM LAPORJE, LAPORJE 30",333.0,234,0.7027,234,232,2,1.0,1,0.0043,0,0.0,9,0.0388,61,0.2629,0,0.0,3,0.0129,0,0.0,7,0.0302,5,0.0216,1,0.0043,5,0.0216,15,0.0647,2,0.0086,10,0.0431,93,0.4009,5,0.0216,9,0.0388,2,0.0086,3,0.0129,1,0.0043,0,
2289,7,Maribor,2,Slovenska Bistrica,8,"GASILSKI DOM ZGORNJA BISTRICA, KAJUHOVA ULICA 87",513.0,332,0.6472,332,325,7,1.0,3,0.0092,0,0.0,11,0.0338,118,0.3631,0,0.0,8,0.0246,1,0.0031,6,0.0185,5,0.0154,5,0.0154,7,0.0215,8,0.0246,4,0.0123,19,0.0585,85,0.2615,5,0.0154,34,0.1046,4,0.0123,2,0.0062,0,0.0,0,
2290,7,Maribor,2,Slovenska Bistrica,58,"GRIL JAKOB, PEČKE 23",230.0,151,0.6565,151,150,1,1.0,0,0.0,0,0.0,7,0.0467,33,0.22,0,0.0,1,0.0067,0,0.0,5,0.0333,6,0.04,3,0.02,1,0.0067,4,0.0267,3,0.02,10,0.0667,50,0.3333,5,0.0333,10,0.0667,4,0.0267,1,0.0067,7,0.0467,0,
2291,7,Maribor,2,Slovenska Bistrica,66,"HOHLER ZALKA, BOŽJE 19A",96.0,67,0.6979,67,67,0,1.0,0,0.0,0,0.0,1,0.0149,13,0.194,0,0.0,0,0.0,0,0.0,5,0.0746,4,0.0597,0,0.0,0,0.0,4,0.0597,0,0.0,6,0.0896,27,0.403,3,0.0448,3,0.0448,0,0.0,1,0.0149,0,0.0,0,
2292,7,Maribor,2,Slovenska Bistrica,40,"ILIĆ IVANA, VRHLOGA 29",290.0,187,0.6448,187,186,1,1.0,1,0.0054,0,0.0,2,0.0108,56,0.3011,1,0.0054,2,0.0108,0,0.0,3,0.0161,3,0.0161,4,0.0215,4,0.0215,4,0.0215,4,0.0215,15,0.0806,63,0.3387,4,0.0215,13,0.0699,5,0.0269,1,0.0054,1,0.0054,0,
2293,7,Maribor,2,Slovenska Bistrica,5,"JELEN FRANC, VISOLE 116",481.0,318,0.6611,318,315,3,1.0,3,0.0095,0,0.0,8,0.0254,114,0.3619,2,0.0063,5,0.0159,0,0.0,8,0.0254,2,0.0063,6,0.019,4,0.0127,12,0.0381,7,0.0222,30,0.0952,83,0.2635,10,0.0317,10,0.0317,3,0.0095,4,0.0127,4,0.0127,0,
2294,7,Maribor,2,Slovenska Bistrica,3,"KLOPCE - BAR ""GREGA"", KLOPCE 19",138.0,105,0.7609,105,105,0,1.0,0,0.0,0,0.0,2,0.019,35,0.3333,0,0.0,1,0.0095,0,0.0,2,0.019,1,0.0095,2,0.019,0,0.0,7,0.0667,2,0.019,10,0.0952,35,0.3333,2,0.019,4,0.0381,1,0.0095,0,0.0,1,0.0095,0,
2295,7,Maribor,2,Slovenska Bistrica,54,"KOREN BRANKO, LOŽNICA 28",112.0,78,0.6964,78,78,0,1.0,2,0.0256,0,0.0,4,0.0513,5,0.0641,0,0.0,4,0.0513,0,0.0,0,0.0,4,0.0513,1,0.0128,0,0.0,7,0.0897,2,0.0256,10,0.1282,33,0.4231,0,0.0,2,0.0256,0,0.0,1,0.0128,3,0.0385,0,
2296,7,Maribor,2,Slovenska Bistrica,46,"KOŠIČ ANTON, KRIŽNI VRH 96",360.0,251,0.6972,251,249,2,1.0,2,0.008,0,0.0,4,0.0161,69,0.2771,0,0.0,4,0.0161,1,0.004,2,0.008,13,0.0522,2,0.008,1,0.004,11,0.0442,2,0.008,21,0.0843,95,0.3815,5,0.0201,6,0.0241,8,0.0321,3,0.012,0,0.0,0,
2297,7,Maribor,2,Slovenska Bistrica,22,"KOŠIR JANEZ, GLADOMES 77",342.0,224,0.655,224,218,6,1.0,1,0.0046,0,0.0,8,0.0367,49,0.2248,1,0.0046,4,0.0183,0,0.0,5,0.0229,2,0.0092,5,0.0229,1,0.0046,13,0.0596,3,0.0138,11,0.0505,95,0.4358,8,0.0367,9,0.0413,2,0.0092,0,0.0,1,0.0046,0,
2298,7,Maribor,2,Slovenska Bistrica,26,"KS ŠMARTNO NA POHORJU, ŠMARTNO NA POHORJU 19",420.0,251,0.5976,251,248,3,1.0,4,0.0161,0,0.0,2,0.0081,26,0.1048,0,0.0,2,0.0081,0,0.0,5,0.0202,10,0.0403,3,0.0121,2,0.0081,3,0.0121,0,0.0,73,0.2944,104,0.4194,9,0.0363,3,0.0121,1,0.004,1,0.004,0,0.0,0,
2299,7,Maribor,2,Slovenska Bistrica,20,"KS VRHOLE-PRELOGE, VRHOLE PRI SLOV. KONJICAH 29",383.0,248,0.6475,248,246,2,1.0,0,0.0,1,0.0041,4,0.0163,53,0.2154,1,0.0041,5,0.0203,0,0.0,3,0.0122,1,0.0041,10,0.0407,6,0.0244,12,0.0488,4,0.0163,28,0.1138,105,0.4268,6,0.0244,3,0.0122,4,0.0163,0,0.0,0,0.0,0,
2300,7,Maribor,2,Slovenska Bistrica,51,"KUD ANDREJA STEFANCIOZA, STUDENICE 52",759.0,491,0.6469,491,484,7,1.0,2,0.0041,3,0.0062,7,0.0145,149,0.3079,0,0.0,3,0.0062,4,0.0083,9,0.0186,28,0.0579,5,0.0103,8,0.0165,26,0.0537,11,0.0227,29,0.0599,154,0.3182,10,0.0207,22,0.0455,9,0.0186,3,0.0062,2,0.0041,0,
2301,7,Maribor,2,Slovenska Bistrica,39,"KULTURNI DOM ČREŠNJEVEC, ČREŠNJEVEC 41",516.0,385,0.7461,385,383,2,1.0,7,0.0183,0,0.0,9,0.0235,99,0.2585,0,0.0,14,0.0366,1,0.0026,6,0.0157,7,0.0183,3,0.0078,9,0.0235,16,0.0418,8,0.0209,22,0.0574,136,0.3551,14,0.0366,22,0.0574,7,0.0183,3,0.0078,0,0.0,0,
2302,7,Maribor,2,Slovenska Bistrica,63,"OBČINA OPLOTNICA - KTC, GORIŠKA CESTA 4",922.0,676,0.7332,676,666,10,1.0,3,0.0045,0,0.0,12,0.018,181,0.2718,0,0.0,11,0.0165,4,0.006,11,0.0165,8,0.012,6,0.009,10,0.015,31,0.0465,6,0.009,36,0.0541,279,0.4189,19,0.0285,29,0.0435,5,0.0075,8,0.012,7,0.0105,0,
2303,7,Maribor,2,Slovenska Bistrica,50,"OSNOVNA ŠOLA, SP. POLJČANE, DRAVINJSKA CESTA 26",501.0,348,0.6946,348,346,2,1.0,9,0.026,0,0.0,4,0.0116,114,0.3295,0,0.0,6,0.0173,2,0.0058,8,0.0231,19,0.0549,10,0.0289,2,0.0058,14,0.0405,2,0.0058,11,0.0318,101,0.2919,16,0.0462,5,0.0145,16,0.0462,3,0.0087,4,0.0116,0,
2304,7,Maribor,2,Slovenska Bistrica,52,"OŠ ANICE ČERNEJEVE MAKOLE, MAKOLE 24",678.0,444,0.6549,444,441,3,1.0,1,0.0023,2,0.0045,12,0.0272,104,0.2358,0,0.0,6,0.0136,0,0.0,8,0.0181,41,0.093,2,0.0045,0,0.0,23,0.0522,3,0.0068,26,0.059,180,0.4082,11,0.0249,13,0.0295,4,0.0091,2,0.0045,3,0.0068,0,
2305,7,Maribor,2,Slovenska Bistrica,11,"OŠ POHORSKI ODRED SLOVENSKA BISTRICA, KOPALIŠKA 1",892.0,535,0.5998,534,530,4,1.0,3,0.0057,0,0.0,29,0.0547,184,0.3472,1,0.0019,18,0.034,0,0.0,14,0.0264,10,0.0189,8,0.0151,17,0.0321,19,0.0358,10,0.0189,33,0.0623,118,0.2226,11,0.0208,32,0.0604,7,0.0132,8,0.0151,8,0.0151,0,
2306,7,Maribor,2,Slovenska Bistrica,12,"OŠ POHORSKI ODRED SLOVENSKA BISTRICA, KOPALIŠKA 1",818.0,487,0.5954,487,481,6,1.0,0,0.0,0,0.0,22,0.0457,152,0.316,1,0.0021,17,0.0353,1,0.0021,16,0.0333,2,0.0042,9,0.0187,17,0.0353,11,0.0229,10,0.0208,33,0.0686,113,0.2349,13,0.027,48,0.0998,8,0.0166,2,0.0042,6,0.0125,0,
2307,7,Maribor,2,Slovenska Bistrica,21,"OŠ ZGORNJA LOŽNICA, ZGORNJA LOŽNICA 43",702.0,455,0.6481,455,450,5,1.0,4,0.0089,0,0.0,12,0.0267,103,0.2289,1,0.0022,13,0.0289,4,0.0089,9,0.02,1,0.0022,4,0.0089,7,0.0156,18,0.04,3,0.0067,32,0.0711,186,0.4133,12,0.0267,30,0.0667,5,0.0111,6,0.0133,0,0.0,0,
2308,7,Maribor,2,Slovenska Bistrica,67,"PIŠOTEK JANEZ, UGOVEC 5A",357.0,235,0.6583,235,233,2,1.0,2,0.0086,1,0.0043,19,0.0815,53,0.2275,0,0.0,5,0.0215,1,0.0043,4,0.0172,5,0.0215,0,0.0,7,0.03,5,0.0215,4,0.0172,7,0.03,86,0.3691,8,0.0343,14,0.0601,5,0.0215,1,0.0043,6,0.0258,0,
2309,7,Maribor,2,Slovenska Bistrica,77,"PODGRAJŠEK JOŽE, ZLAKOVA 12",138.0,86,0.6232,86,85,1,1.0,1,0.0118,0,0.0,0,0.0,14,0.1647,0,0.0,1,0.0118,2,0.0235,1,0.0118,4,0.0471,1,0.0118,3,0.0353,6,0.0706,0,0.0,3,0.0353,42,0.4941,4,0.0471,2,0.0235,1,0.0118,0,0.0,0,0.0,0,
2310,7,Maribor,2,Slovenska Bistrica,41,"POLAJŽER MATEJ, PRETREŽ 15B",192.0,139,0.724,139,138,1,1.0,2,0.0145,0,0.0,8,0.058,29,0.2101,0,0.0,2,0.0145,0,0.0,2,0.0145,4,0.029,1,0.0072,0,0.0,3,0.0217,1,0.0072,16,0.1159,50,0.3623,2,0.0145,9,0.0652,7,0.0507,2,0.0145,0,0.0,0,
2311,7,Maribor,2,Slovenska Bistrica,43,"POTISK IVAN, KOČNO OB LOŽNICI 17",326.0,239,0.7331,239,237,2,1.0,3,0.0127,0,0.0,14,0.0591,43,0.1814,0,0.0,6,0.0253,0,0.0,5,0.0211,5,0.0211,1,0.0042,5,0.0211,17,0.0717,2,0.0084,18,0.0759,105,0.443,7,0.0295,5,0.0211,0,0.0,1,0.0042,0,0.0,0,
2312,7,Maribor,2,Slovenska Bistrica,45,"PROSTORI DRUŠTVA ZA ŠPORT ŽABLJEK, ŽABLJEK B.Š.",310.0,221,0.7129,221,218,3,1.0,1,0.0046,0,0.0,10,0.0459,57,0.2615,0,0.0,8,0.0367,1,0.0046,4,0.0183,6,0.0275,6,0.0275,2,0.0092,3,0.0138,2,0.0092,16,0.0734,72,0.3303,10,0.0459,10,0.0459,7,0.0321,0,0.0,3,0.0138,0,
2313,7,Maribor,2,Slovenska Bistrica,73,"PROSTORI KRAJEVNE SKUPNOSTI, KEBELJ 26A",257.0,176,0.6848,176,173,3,1.0,5,0.0289,0,0.0,8,0.0462,35,0.2023,0,0.0,5,0.0289,1,0.0058,0,0.0,7,0.0405,2,0.0116,0,0.0,10,0.0578,1,0.0058,17,0.0983,71,0.4104,3,0.0173,5,0.0289,1,0.0058,2,0.0116,0,0.0,0,
2314,7,Maribor,2,Slovenska Bistrica,47,"PROSTORI OBČINE POLJČANE, BISTRIŠKA CESTA 65",1111.0,754,0.6787,754,746,8,1.0,12,0.0161,0,0.0,29,0.0389,197,0.2641,0,0.0,11,0.0147,7,0.0094,17,0.0228,31,0.0416,8,0.0107,15,0.0201,31,0.0416,10,0.0134,34,0.0456,266,0.3566,10,0.0134,31,0.0416,12,0.0161,10,0.0134,15,0.0201,0,
2315,7,Maribor,2,Slovenska Bistrica,13,"PUŠNIK OLGA, SPODNJA LOŽNICA 35",125.0,69,0.552,69,67,2,1.0,0,0.0,0,0.0,1,0.0149,21,0.3134,0,0.0,0,0.0,0,0.0,0,0.0,0,0.0,0,0.0,0,0.0,7,0.1045,1,0.0149,11,0.1642,23,0.3433,1,0.0149,2,0.0299,0,0.0,0,0.0,0,0.0,0,
2316,7,Maribor,2,Slovenska Bistrica,68,"RAKOVNIK ANTON, MALAHORNA 7",323.0,236,0.7307,236,233,3,1.0,1,0.0043,0,0.0,10,0.0429,43,0.1845,0,0.0,1,0.0043,1,0.0043,4,0.0172,7,0.03,4,0.0172,3,0.0129,19,0.0815,1,0.0043,19,0.0815,84,0.3605,8,0.0343,21,0.0901,2,0.0086,3,0.0129,2,0.0086,0,
2317,7,Maribor,2,Slovenska Bistrica,6,"REPNIK FRANC, NOVA GORA NAD SLOVENSKO BISTRICO 75",124.0,69,0.5565,69,68,1,1.0,0,0.0,0,0.0,2,0.0294,22,0.3235,0,0.0,1,0.0147,0,0.0,4,0.0588,1,0.0147,1,0.0147,2,0.0294,4,0.0588,0,0.0,2,0.0294,23,0.3382,3,0.0441,3,0.0441,0,0.0,0,0.0,0,0.0,0,
2318,7,Maribor,2,Slovenska Bistrica,76,"RIBIČ JANEZ, MODRIČ 24",103.0,62,0.6019,62,61,1,1.0,0,0.0,0,0.0,0,0.0,11,0.1803,0,0.0,3,0.0492,0,0.0,3,0.0492,1,0.0164,2,0.0328,0,0.0,5,0.082,0,0.0,4,0.0656,22,0.3607,7,0.1148,2,0.0328,0,0.0,0,0.0,1,0.0164,0,
2319,7,Maribor,2,Slovenska Bistrica,61,"SKLEDAR ŠTEFKA, ŠTATENBERG 66A",176.0,105,0.5966,105,104,1,1.0,0,0.0,0,0.0,3,0.0288,33,0.3173,0,0.0,1,0.0096,0,0.0,6,0.0577,7,0.0673,2,0.0192,2,0.0192,5,0.0481,3,0.0288,9,0.0865,28,0.2692,0,0.0,1,0.0096,2,0.0192,1,0.0096,1,0.0096,0,
2320,7,Maribor,2,Slovenska Bistrica,1,"SLOMŠKOV DOM SLOV. BISTRICA, TRG ALFONZA ŠARHA 2",683.0,464,0.6794,464,462,2,1.0,1,0.0022,0,0.0,15,0.0325,160,0.3463,0,0.0,14,0.0303,2,0.0043,15,0.0325,4,0.0087,4,0.0087,8,0.0173,26,0.0563,13,0.0281,28,0.0606,113,0.2446,11,0.0238,31,0.0671,11,0.0238,6,0.013,0,0.0,0,
2321,7,Maribor,2,Slovenska Bistrica,74,"SMOGAVC MARIJA, KOT NA POHORJU 30",32.0,25,0.7812,25,25,0,1.0,0,0.0,0,0.0,1,0.04,1,0.04,0,0.0,1,0.04,0,0.0,1,0.04,4,0.16,0,0.0,0,0.0,0,0.0,0,0.0,0,0.0,12,0.48,1,0.04,3,0.12,0,0.0,0,0.0,1,0.04,0,
2322,7,Maribor,2,Slovenska Bistrica,9,"SREDNJA ŠOLA, ULICA DR. JOŽETA PUČNIKA 21",1335.0,872,0.6532,871,864,7,1.0,4,0.0046,1,0.0012,24,0.0278,303,0.3507,1,0.0012,28,0.0324,1,0.0012,19,0.022,4,0.0046,8,0.0093,13,0.015,38,0.044,17,0.0197,49,0.0567,255,0.2951,12,0.0139,58,0.0671,19,0.022,6,0.0069,4,0.0046,0,
2323,7,Maribor,2,Slovenska Bistrica,7,"STOPAR JANEZ, KOVAČA VAS 135",424.0,272,0.6415,272,272,0,1.0,5,0.0184,1,0.0037,17,0.0625,93,0.3419,0,0.0,10,0.0368,1,0.0037,4,0.0147,2,0.0074,3,0.011,3,0.011,19,0.0699,2,0.0074,21,0.0772,56,0.2059,7,0.0257,13,0.0478,10,0.0368,2,0.0074,3,0.011,0,
2324,7,Maribor,2,Slovenska Bistrica,60,"ŠD STOPNO, STOPNO B.Š.",212.0,147,0.6934,147,145,2,1.0,2,0.0138,1,0.0069,3,0.0207,32,0.2207,0,0.0,6,0.0414,0,0.0,7,0.0483,0,0.0,1,0.0069,3,0.0207,10,0.069,3,0.0207,2,0.0138,65,0.4483,2,0.0138,3,0.0207,4,0.0276,1,0.0069,0,0.0,0,
2325,7,Maribor,2,Slovenska Bistrica,27,"ŠPES VERICA, ZGORNJE PREBUKOVJE 11",196.0,125,0.6378,125,123,2,1.0,0,0.0,0,0.0,2,0.0163,8,0.065,0,0.0,3,0.0244,1,0.0081,3,0.0244,2,0.0163,1,0.0081,2,0.0163,8,0.065,0,0.0,47,0.3821,42,0.3415,1,0.0081,3,0.0244,0,0.0,0,0.0,0,0.0,0,
2326,7,Maribor,2,Slovenska Bistrica,62,"ŠPORTNA DVORANA MILENIJ, UL. POH. BATALJONA 19",712.0,493,0.6924,493,491,2,1.0,3,0.0061,2,0.0041,21,0.0428,104,0.2118,0,0.0,7,0.0143,2,0.0041,14,0.0285,3,0.0061,6,0.0122,7,0.0143,20,0.0407,3,0.0061,15,0.0305,217,0.442,13,0.0265,37,0.0754,4,0.0081,4,0.0081,9,0.0183,0,
2327,7,Maribor,2,Slovenska Bistrica,25,"TIČ PETER, PLANINA POD ŠUMIKOM 19",68.0,51,0.75,51,51,0,1.0,0,0.0,0,0.0,3,0.0588,3,0.0588,0,0.0,0,0.0,0,0.0,2,0.0392,1,0.0196,0,0.0,0,0.0,1,0.0196,0,0.0,20,0.3922,20,0.3922,1,0.0196,0,0.0,0,0.0,0,0.0,0,0.0,0,
2328,7,Maribor,2,Slovenska Bistrica,4,"TIRGOT, PROSTORI KS IMPOL, LEVSTIKOVA ULICA 2",626.0,457,0.73,457,451,6,1.0,2,0.0044,0,0.0,13,0.0288,182,0.4035,1,0.0022,34,0.0754,1,0.0022,13,0.0288,7,0.0155,9,0.02,9,0.02,24,0.0532,11,0.0244,16,0.0355,63,0.1397,9,0.02,39,0.0865,11,0.0244,5,0.0111,2,0.0044,0,
2329,7,Maribor,2,Slovenska Bistrica,64,"TRGOVINA JURIČ LEOPOLD, ČADRAM 48",352.0,262,0.7443,262,259,3,1.0,1,0.0039,0,0.0,5,0.0193,54,0.2085,0,0.0,5,0.0193,0,0.0,5,0.0193,5,0.0193,1,0.0039,1,0.0039,13,0.0502,3,0.0116,9,0.0347,123,0.4749,14,0.0541,13,0.0502,4,0.0154,1,0.0039,2,0.0077,0,
2330,7,Maribor,2,Slovenska Bistrica,16,"VAŠKI DOM SP. NOVA VAS, SPODNJA NOVA VAS 35A",221.0,164,0.7421,164,162,2,1.0,7,0.0432,0,0.0,6,0.037,41,0.2531,0,0.0,2,0.0123,0,0.0,4,0.0247,2,0.0123,0,0.0,7,0.0432,16,0.0988,0,0.0,8,0.0494,57,0.3519,2,0.0123,8,0.0494,2,0.0123,0,0.0,0,0.0,0,
2331,7,Maribor,2,Slovenska Bistrica,38,"VEČNAMENSKA DVORANA KS, LESKOVEC 65",728.0,514,0.706,514,510,4,1.0,0,0.0,0,0.0,26,0.051,169,0.3314,2,0.0039,12,0.0235,3,0.0059,12,0.0235,3,0.0059,9,0.0176,12,0.0235,27,0.0529,4,0.0078,20,0.0392,151,0.2961,16,0.0314,29,0.0569,13,0.0255,2,0.0039,0,0.0,0,
2332,7,Maribor,2,Slovenska Bistrica,71,"VEČNAMENSKA DVORANA PRIHOVA, PRIHOVA B.Š.",435.0,299,0.6874,299,295,4,1.0,2,0.0068,0,0.0,15,0.0508,58,0.1966,1,0.0034,4,0.0136,2,0.0068,5,0.0169,4,0.0136,2,0.0068,0,0.0,11,0.0373,5,0.0169,23,0.078,127,0.4305,13,0.0441,12,0.0407,8,0.0271,2,0.0068,1,0.0034,0,
2333,7,Maribor,2,Slovenska Bistrica,57,"VRABIČ GABRIJEL, VAROŠ 34",159.0,90,0.566,90,89,1,1.0,1,0.0112,1,0.0112,3,0.0337,11,0.1236,0,0.0,2,0.0225,0,0.0,6,0.0674,1,0.0112,0,0.0,2,0.0225,5,0.0562,1,0.0112,6,0.0674,45,0.5056,3,0.0337,2,0.0225,0,0.0,0,0.0,0,0.0,0,
2334,7,Maribor,2,Slovenska Bistrica,901,PREDČASNO GLASOVANJE,,1385,,1385,1379,6,1.0,9,0.0065,2,0.0015,41,0.0297,483,0.3503,2,0.0015,50,0.0363,3,0.0022,33,0.0239,27,0.0196,9,0.0065,24,0.0174,49,0.0355,15,0.0109,82,0.0595,411,0.298,19,0.0138,81,0.0587,12,0.0087,18,0.0131,9,0.0065,0,
2335,7,Maribor,3,Slovenske Konjice,30,"BRODEJ JOŽE, BREZEN 55, VITANJE",134.0,89,0.6642,89,87,2,1.0,0,0.0,0,0.0,0,0.0,4,0.046,0,0.0,3,0.0345,0,0.0,1,0.0115,6,0.069,1,0.0115,2,0.023,5,0.0575,0,0.0,7,0.0805,53,0.6092,0,0.0,2,0.023,1,0.0115,2,0.023,0,0.0,0,
2336,7,Maribor,3,Slovenske Konjice,32,"CENTER NOORDUNG, NA VASI 18, VITANJE",144.0,87,0.6042,87,87,0,1.0,0,0.0,0,0.0,0,0.0,12,0.1379,0,0.0,0,0.0,1,0.0115,0,0.0,9,0.1034,0,0.0,2,0.023,17,0.1954,2,0.023,8,0.092,31,0.3563,4,0.046,1,0.0115,0,0.0,0,0.0,0,0.0,0,
2337,7,Maribor,3,Slovenske Konjice,39,"CENTER ŠOLSKIH IN OBŠOLSKIH DEJAV. GORENJE, ZREČE",594.0,418,0.7037,418,415,3,1.0,0,0.0,0,0.0,7,0.0169,63,0.1518,2,0.0048,3,0.0072,0,0.0,14,0.0337,15,0.0361,2,0.0048,4,0.0096,25,0.0602,5,0.012,23,0.0554,224,0.5398,10,0.0241,9,0.0217,2,0.0048,4,0.0096,3,0.0072,0,
2338,7,Maribor,3,Slovenske Konjice,12,"ČONČ NEŽA, LIČENCA 30, LOČE",194.0,148,0.7629,148,146,2,1.0,0,0.0,0,0.0,3,0.0205,23,0.1575,0,0.0,2,0.0137,0,0.0,2,0.0137,4,0.0274,2,0.0137,2,0.0137,14,0.0959,0,0.0,7,0.0479,65,0.4452,16,0.1096,1,0.0068,0,0.0,1,0.0068,4,0.0274,0,
2339,7,Maribor,3,Slovenske Konjice,1,"DOM KRAJANOV BEZINA, SLOV. KONJICE",697.0,498,0.7145,498,491,7,1.0,4,0.0081,1,0.002,8,0.0163,148,0.3014,0,0.0,5,0.0102,1,0.002,16,0.0326,7,0.0143,6,0.0122,6,0.0122,15,0.0305,3,0.0061,29,0.0591,157,0.3198,31,0.0631,41,0.0835,9,0.0183,4,0.0081,0,0.0,0,
2340,7,Maribor,3,Slovenske Konjice,43,"DOM KRAJANOV DOBROVLJE, DOBRAVA 78, ZREČE",304.0,218,0.7171,218,216,2,1.0,1,0.0046,1,0.0046,1,0.0046,61,0.2824,0,0.0,1,0.0046,0,0.0,4,0.0185,5,0.0231,3,0.0139,2,0.0093,14,0.0648,3,0.0139,14,0.0648,69,0.3194,11,0.0509,25,0.1157,0,0.0,0,0.0,1,0.0046,0,
2341,7,Maribor,3,Slovenske Konjice,9,"DOM KRAJANOV DRAŽA VAS, LOČE",391.0,299,0.7647,299,293,6,1.0,0,0.0,0,0.0,8,0.0273,70,0.2389,0,0.0,2,0.0068,1,0.0034,4,0.0137,4,0.0137,2,0.0068,1,0.0034,7,0.0239,6,0.0205,49,0.1672,104,0.3549,15,0.0512,10,0.0341,6,0.0205,3,0.0102,1,0.0034,0,
2342,7,Maribor,3,Slovenske Konjice,11,"DOM KRAJANOV JERNEJ, LOČE",483.0,362,0.7495,362,357,5,1.0,2,0.0056,1,0.0028,9,0.0252,73,0.2045,1,0.0028,2,0.0056,2,0.0056,11,0.0308,17,0.0476,2,0.0056,6,0.0168,10,0.028,2,0.0056,29,0.0812,132,0.3697,29,0.0812,13,0.0364,2,0.0056,5,0.014,9,0.0252,0,
2343,7,Maribor,3,Slovenske Konjice,5,"DOM KRAJANOV POLENE, SLOV. KONJICE",181.0,137,0.7569,137,136,1,1.0,1,0.0074,0,0.0,0,0.0,39,0.2868,0,0.0,8,0.0588,0,0.0,3,0.0221,3,0.0221,0,0.0,1,0.0074,4,0.0294,1,0.0074,0,0.0,57,0.4191,9,0.0662,8,0.0588,0,0.0,0,0.0,2,0.0147,0,
2344,7,Maribor,3,Slovenske Konjice,40,"DOM KRAJANOV RESNIK, ZREČE",105.0,79,0.7524,79,77,2,1.0,1,0.013,0,0.0,1,0.013,24,0.3117,0,0.0,1,0.013,0,0.0,0,0.0,1,0.013,2,0.026,1,0.013,8,0.1039,2,0.026,1,0.013,27,0.3506,5,0.0649,3,0.039,0,0.0,0,0.0,0,0.0,0,
2345,7,Maribor,3,Slovenske Konjice,42,"DOM KRAJANOV STRANICE, ZREČE",933.0,698,0.7481,698,689,9,1.0,5,0.0073,2,0.0029,8,0.0116,136,0.1974,0,0.0,15,0.0218,0,0.0,12,0.0174,38,0.0552,6,0.0087,4,0.0058,48,0.0697,7,0.0102,22,0.0319,297,0.4311,33,0.0479,39,0.0566,8,0.0116,4,0.0058,5,0.0073,0,
2346,7,Maribor,3,Slovenske Konjice,15,"DOM KRAJANOV TEPANJE, SLOV. KONJICE",750.0,536,0.7147,536,528,8,1.0,2,0.0038,0,0.0,11,0.0208,103,0.1951,0,0.0,8,0.0152,0,0.0,14,0.0265,4,0.0076,0,0.0,8,0.0152,28,0.053,10,0.0189,51,0.0966,238,0.4508,20,0.0379,18,0.0341,8,0.0152,4,0.0076,1,0.0019,0,
2347,7,Maribor,3,Slovenske Konjice,2,"DOM KRAJANOV V GAJU, VEŠENIK, SLOV. KONJICE",516.0,333,0.6453,333,332,1,1.0,2,0.006,0,0.0,5,0.0151,78,0.2349,0,0.0,7,0.0211,7,0.0211,12,0.0361,5,0.0151,3,0.009,6,0.0181,35,0.1054,9,0.0271,8,0.0241,108,0.3253,14,0.0422,21,0.0633,6,0.0181,3,0.009,3,0.009,0,
2348,7,Maribor,3,Slovenske Konjice,13,"DOM KRAJANOV ZBELOVO, LOČE",638.0,451,0.7069,451,450,1,1.0,2,0.0044,2,0.0044,17,0.0378,86,0.1911,0,0.0,9,0.02,0,0.0,9,0.02,10,0.0222,1,0.0022,2,0.0044,20,0.0444,5,0.0111,6,0.0133,217,0.4822,28,0.0622,25,0.0556,4,0.0089,3,0.0067,4,0.0089,0,
2349,7,Maribor,3,Slovenske Konjice,10,"DOM KRAJANOV ŽIČE, LOČE",458.0,323,0.7052,323,319,4,1.0,1,0.0031,2,0.0063,5,0.0157,67,0.21,2,0.0063,6,0.0188,0,0.0,4,0.0125,3,0.0094,2,0.0063,6,0.0188,14,0.0439,5,0.0157,30,0.094,122,0.3824,24,0.0752,20,0.0627,2,0.0063,3,0.0094,1,0.0031,0,
2350,7,Maribor,3,Slovenske Konjice,14,"DOM KRAJANOV,SP.GRUŠOVJE 30,SLOV. KONJICE",158.0,123,0.7785,123,122,1,1.0,0,0.0,0,0.0,1,0.0082,33,0.2705,0,0.0,2,0.0164,0,0.0,3,0.0246,4,0.0328,2,0.0164,7,0.0574,4,0.0328,0,0.0,2,0.0164,50,0.4098,11,0.0902,1,0.0082,1,0.0082,1,0.0082,0,0.0,0,
2351,7,Maribor,3,Slovenske Konjice,16,"DVORANA KONJIČANKA, STARI TRG, SLOV. KONJICE",1123.0,689,0.6135,689,683,6,1.0,9,0.0132,2,0.0029,11,0.0161,250,0.366,1,0.0015,25,0.0366,0,0.0,23,0.0337,5,0.0073,11,0.0161,9,0.0132,32,0.0469,7,0.0102,38,0.0556,156,0.2284,29,0.0425,53,0.0776,12,0.0176,6,0.0088,4,0.0059,0,
2352,7,Maribor,3,Slovenske Konjice,8,"GOSTIŠČE ULIPI, ZEČE 35, SLOV. KONJICE",645.0,426,0.6605,426,425,1,1.0,1,0.0024,0,0.0,10,0.0235,117,0.2753,0,0.0,12,0.0282,0,0.0,10,0.0235,9,0.0212,3,0.0071,11,0.0259,45,0.1059,2,0.0047,17,0.04,131,0.3082,16,0.0376,27,0.0635,6,0.0141,6,0.0141,2,0.0047,0,
2353,7,Maribor,3,Slovenske Konjice,25,"HIŠA DEDIŠČINE MLAČE, LOČE",232.0,164,0.7069,164,164,0,1.0,0,0.0,0,0.0,2,0.0122,43,0.2622,0,0.0,10,0.061,2,0.0122,2,0.0122,12,0.0732,0,0.0,4,0.0244,4,0.0244,0,0.0,13,0.0793,50,0.3049,8,0.0488,10,0.061,2,0.0122,1,0.0061,1,0.0061,0,
2354,7,Maribor,3,Slovenske Konjice,34,"HOTEL DOBRAVA,BELA DVORANA,C.NA ROGLO15,ZREČE",769.0,554,0.7204,554,551,3,1.0,1,0.0018,1,0.0018,7,0.0127,163,0.2958,1,0.0018,9,0.0163,2,0.0036,12,0.0218,13,0.0236,9,0.0163,3,0.0054,33,0.0599,9,0.0163,15,0.0272,199,0.3612,21,0.0381,36,0.0653,6,0.0109,8,0.0145,3,0.0054,0,
2355,7,Maribor,3,Slovenske Konjice,35,"HOTEL DOBRAVA,RUMENA DVORANA,C.NA ROGLO15, ZREČE",854.0,561,0.6569,561,556,5,1.0,6,0.0108,3,0.0054,12,0.0216,201,0.3615,1,0.0018,12,0.0216,2,0.0036,16,0.0288,17,0.0306,11,0.0198,12,0.0216,19,0.0342,6,0.0108,5,0.009,159,0.286,14,0.0252,42,0.0755,5,0.009,3,0.0054,10,0.018,0,
2356,7,Maribor,3,Slovenske Konjice,29,"HROVAT MILAN, HUDINJA 23, VITANJE",146.0,85,0.5822,85,84,1,1.0,1,0.0119,0,0.0,2,0.0238,6,0.0714,0,0.0,1,0.0119,0,0.0,2,0.0238,4,0.0476,0,0.0,1,0.0119,3,0.0357,0,0.0,11,0.131,46,0.5476,1,0.0119,6,0.0714,0,0.0,0,0.0,0,0.0,0,
2357,7,Maribor,3,Slovenske Konjice,31,"KOVŠE ""PRI VOLAVCU"", PAKA 40, VITANJE",161.0,105,0.6522,105,105,0,1.0,0,0.0,0,0.0,3,0.0286,9,0.0857,0,0.0,0,0.0,0,0.0,0,0.0,6,0.0571,0,0.0,0,0.0,5,0.0476,2,0.019,2,0.019,67,0.6381,7,0.0667,2,0.019,0,0.0,0,0.0,2,0.019,0,
2358,7,Maribor,3,Slovenske Konjice,18,"KULTURNI DOM SLOV. KONJICE, MESTNI TRG 4",1233.0,770,0.6245,770,766,4,1.0,1,0.0013,2,0.0026,16,0.0209,275,0.359,2,0.0026,19,0.0248,1,0.0013,21,0.0274,10,0.0131,10,0.0131,12,0.0157,28,0.0366,4,0.0052,17,0.0222,212,0.2768,41,0.0535,69,0.0901,12,0.0157,9,0.0117,5,0.0065,0,
2359,7,Maribor,3,Slovenske Konjice,28,"KUŠAR ZDENKO, STENICA 44, VITANJE",399.0,290,0.7268,290,287,3,1.0,0,0.0,0,0.0,0,0.0,49,0.1707,0,0.0,4,0.0139,1,0.0035,0,0.0,15,0.0523,0,0.0,1,0.0035,12,0.0418,1,0.0035,12,0.0418,169,0.5889,6,0.0209,14,0.0488,1,0.0035,1,0.0035,1,0.0035,0,
2360,7,Maribor,3,Slovenske Konjice,27,"OBČINA VITANJE, GRAJSKI TRG 1, VITANJE",810.0,556,0.6864,556,546,10,1.0,4,0.0073,2,0.0037,15,0.0275,153,0.2802,0,0.0,4,0.0073,2,0.0037,19,0.0348,21,0.0385,4,0.0073,3,0.0055,38,0.0696,4,0.0073,15,0.0275,199,0.3645,24,0.044,20,0.0366,14,0.0256,4,0.0073,1,0.0018,0,
2361,7,Maribor,3,Slovenske Konjice,7,"OSNOVNA  ŠOLA ŠPITALIČ, SLOV. KONJICE",294.0,189,0.6429,189,186,3,1.0,1,0.0054,1,0.0054,1,0.0054,25,0.1344,0,0.0,4,0.0215,0,0.0,7,0.0376,1,0.0054,1,0.0054,3,0.0161,8,0.043,1,0.0054,20,0.1075,83,0.4462,17,0.0914,11,0.0591,2,0.0108,0,0.0,0,0.0,0,
2362,7,Maribor,3,Slovenske Konjice,23,"OSNOVNA ŠOLA LOČE I.,ŠOLSKA ULICA 4, LOČE ",928.0,591,0.6369,589,578,11,1.0,2,0.0035,1,0.0017,20,0.0346,156,0.2699,0,0.0,14,0.0242,4,0.0069,6,0.0104,11,0.019,7,0.0121,8,0.0138,31,0.0536,6,0.0104,38,0.0657,176,0.3045,37,0.064,40,0.0692,15,0.026,5,0.0087,1,0.0017,0,
2363,7,Maribor,3,Slovenske Konjice,24,"OSNOVNA ŠOLA LOČE II., ŠOLSKA ULICA 4, LOČE ",154.0,102,0.6623,102,102,0,1.0,2,0.0196,0,0.0,1,0.0098,20,0.1961,0,0.0,0,0.0,3,0.0294,1,0.0098,2,0.0196,1,0.0098,0,0.0,3,0.0294,0,0.0,11,0.1078,47,0.4608,5,0.049,5,0.049,0,0.0,1,0.0098,0,0.0,0,
2364,7,Maribor,3,Slovenske Konjice,37,"OSNOVNA ŠOLA ZREČE, ŠOLSKA 3, ZREČE",1000.0,742,0.742,742,734,8,1.0,2,0.0027,1,0.0014,23,0.0313,207,0.282,0,0.0,12,0.0163,2,0.0027,18,0.0245,15,0.0204,4,0.0054,5,0.0068,74,0.1008,15,0.0204,18,0.0245,263,0.3583,25,0.0341,34,0.0463,5,0.0068,9,0.0123,2,0.0027,0,
2365,7,Maribor,3,Slovenske Konjice,20,"OŠ OB DRAVINJI I., DUŠANA JEREBA 1, SLOV. KONJICE",822.0,561,0.6825,561,552,9,1.0,2,0.0036,2,0.0036,7,0.0127,195,0.3533,0,0.0,20,0.0362,0,0.0,13,0.0236,1,0.0018,8,0.0145,10,0.0181,33,0.0598,12,0.0217,14,0.0254,122,0.221,37,0.067,58,0.1051,8,0.0145,8,0.0145,2,0.0036,0,
2366,7,Maribor,3,Slovenske Konjice,22,"OŠ OB DRAVINJI II., DUŠANA JEREBA 1, SLOV.KONJICE",368.0,254,0.6902,254,252,2,1.0,0,0.0,0,0.0,4,0.0159,73,0.2897,0,0.0,14,0.0556,0,0.0,2,0.0079,11,0.0437,2,0.0079,8,0.0317,18,0.0714,6,0.0238,13,0.0516,68,0.2698,14,0.0556,16,0.0635,2,0.0079,1,0.004,0,0.0,0,
2367,7,Maribor,3,Slovenske Konjice,17,"OŠ POD GORO (AVLA), ŠOLSKA ULICA 3, SLOV. KONJICE",455.0,285,0.6264,284,276,8,1.0,0,0.0,0,0.0,12,0.0435,91,0.3297,1,0.0036,10,0.0362,0,0.0,8,0.029,2,0.0072,7,0.0254,6,0.0217,13,0.0471,3,0.0109,11,0.0399,79,0.2862,11,0.0399,13,0.0471,8,0.029,1,0.0036,0,0.0,0,
2368,7,Maribor,3,Slovenske Konjice,4,"PISARNA KS KONJIŠKA VAS, SLOV. KONJICE",390.0,286,0.7333,286,284,2,1.0,2,0.007,0,0.0,2,0.007,44,0.1549,0,0.0,4,0.0141,3,0.0106,5,0.0176,4,0.0141,1,0.0035,0,0.0,11,0.0387,1,0.0035,74,0.2606,109,0.3838,11,0.0387,8,0.0282,0,0.0,4,0.0141,1,0.0035,0,
2369,7,Maribor,3,Slovenske Konjice,6,"PRI POHORCU, SOJEK 1, SLOV. KONJICE",177.0,106,0.5989,106,104,2,1.0,0,0.0,1,0.0096,8,0.0769,15,0.1442,0,0.0,2,0.0192,0,0.0,0,0.0,0,0.0,1,0.0096,0,0.0,4,0.0385,0,0.0,1,0.0096,61,0.5865,7,0.0673,1,0.0096,0,0.0,3,0.0288,0,0.0,0,
2370,7,Maribor,3,Slovenske Konjice,41,"TABORNIŠKI DOM, SKOMARJE 32, ZREČE",133.0,99,0.7444,99,98,1,1.0,0,0.0,1,0.0102,1,0.0102,17,0.1735,0,0.0,1,0.0102,0,0.0,4,0.0408,15,0.1531,2,0.0204,0,0.0,2,0.0204,0,0.0,3,0.0306,39,0.398,7,0.0714,5,0.051,0,0.0,1,0.0102,0,0.0,0,
2371,7,Maribor,3,Slovenske Konjice,33,"ZELENI APARTMA, LOŠKA GORA PRI ZREČAH 39, ZREČE",316.0,207,0.6551,207,205,2,1.0,1,0.0049,0,0.0,4,0.0195,53,0.2585,0,0.0,1,0.0049,0,0.0,3,0.0146,7,0.0341,1,0.0049,1,0.0049,16,0.078,3,0.0146,8,0.039,78,0.3805,9,0.0439,19,0.0927,1,0.0049,0,0.0,0,0.0,0,
2372,7,Maribor,3,Slovenske Konjice,3,"ZZ VERTAČNIK,DOBRAVA PRI KONJICAH 3B,SLOV.KONJICE",117.0,80,0.6838,80,80,0,1.0,0,0.0,0,0.0,2,0.025,23,0.2875,0,0.0,6,0.075,0,0.0,0,0.0,4,0.05,1,0.0125,1,0.0125,0,0.0,2,0.025,9,0.1125,21,0.2625,7,0.0875,4,0.05,0,0.0,0,0.0,0,0.0,0,
2373,7,Maribor,3,Slovenske Konjice,901,PREDČASNO GLASOVANJE,,1241,,1241,1233,8,1.0,8,0.0065,3,0.0024,31,0.0251,381,0.309,0,0.0,46,0.0373,1,0.0008,27,0.0219,22,0.0178,7,0.0057,17,0.0138,47,0.0381,10,0.0081,59,0.0479,402,0.326,37,0.03,103,0.0835,19,0.0154,8,0.0065,5,0.0041,0,
2374,7,Maribor,4,Ruše,11,"DOM KRAJANOV, BEZENA 17",486.0,318,0.6543,318,317,1,1.0,2,0.0063,0,0.0,7,0.0221,132,0.4164,0,0.0,20,0.0631,2,0.0063,8,0.0252,3,0.0095,3,0.0095,5,0.0158,14,0.0442,8,0.0252,11,0.0347,73,0.2303,4,0.0126,16,0.0505,6,0.0189,2,0.0063,1,0.0032,0,
2375,7,Maribor,4,Ruše,24,"DOM KRAJANOV, GLAZERJEVA UL. 29",542.0,319,0.5886,319,318,1,1.0,4,0.0126,0,0.0,23,0.0723,109,0.3428,0,0.0,15,0.0472,1,0.0031,11,0.0346,5,0.0157,3,0.0094,2,0.0063,10,0.0314,9,0.0283,10,0.0314,64,0.2013,6,0.0189,26,0.0818,6,0.0189,9,0.0283,5,0.0157,0,
2376,7,Maribor,4,Ruše,1,"DOM KULTURE, ULICA 27.DECEMBRA 2",1165.0,767,0.6584,767,761,6,1.0,5,0.0066,2,0.0026,34,0.0447,270,0.3548,0,0.0,28,0.0368,3,0.0039,58,0.0762,12,0.0158,15,0.0197,9,0.0118,47,0.0618,6,0.0079,9,0.0118,162,0.2129,7,0.0092,49,0.0644,26,0.0342,14,0.0184,5,0.0066,0,
2377,7,Maribor,4,Ruše,22,"DOM LACKOVEGA ODREDA, SV. DUH NA OSTR. VRHU 47",182.0,93,0.511,93,92,1,1.0,0,0.0,0,0.0,3,0.0326,17,0.1848,0,0.0,2,0.0217,0,0.0,0,0.0,6,0.0652,2,0.0217,2,0.0217,8,0.087,0,0.0,7,0.0761,33,0.3587,1,0.0109,4,0.0435,3,0.0326,1,0.0109,3,0.0326,0,
2378,7,Maribor,4,Ruše,17,"GASILSKI DOM SLEMEN, SP. SLEMEN 27",521.0,342,0.6564,342,339,3,1.0,2,0.0059,0,0.0,9,0.0265,119,0.351,2,0.0059,8,0.0236,3,0.0088,13,0.0383,3,0.0088,4,0.0118,2,0.0059,18,0.0531,2,0.0059,15,0.0442,99,0.292,2,0.0059,27,0.0796,3,0.0088,7,0.0206,1,0.0029,0,
2379,7,Maribor,4,Ruše,23,"GASILSKI DOM SMOLNIK, GASILSKA UL. 7",683.0,427,0.6252,427,422,5,1.0,3,0.0071,1,0.0024,13,0.0308,141,0.3341,0,0.0,15,0.0355,4,0.0095,25,0.0592,6,0.0142,4,0.0095,6,0.0142,11,0.0261,6,0.0142,8,0.019,87,0.2062,2,0.0047,60,0.1422,13,0.0308,13,0.0308,4,0.0095,0,
2380,7,Maribor,4,Ruše,26,"GOSTILNA DROZG, FALA 18",60.0,32,0.5333,32,30,2,1.0,0,0.0,0,0.0,1,0.0333,6,0.2,0,0.0,1,0.0333,1,0.0333,4,0.1333,0,0.0,2,0.0667,0,0.0,1,0.0333,1,0.0333,1,0.0333,9,0.3,0,0.0,1,0.0333,2,0.0667,0,0.0,0,0.0,0,
2381,7,Maribor,4,Ruše,20,"GOSTILNA HOJNIK, JANŽEVA GORA 26",1056.0,678,0.642,678,672,6,1.0,11,0.0164,1,0.0015,26,0.0387,265,0.3943,0,0.0,24,0.0357,0,0.0,18,0.0268,16,0.0238,6,0.0089,6,0.0089,21,0.0312,17,0.0253,7,0.0104,160,0.2381,19,0.0283,52,0.0774,7,0.0104,10,0.0149,6,0.0089,0,
2382,7,Maribor,4,Ruše,3,"GOSTILNA KOPER, LOG 84",326.0,215,0.6595,215,214,1,1.0,1,0.0047,0,0.0,15,0.0701,65,0.3037,0,0.0,6,0.028,0,0.0,15,0.0701,5,0.0234,3,0.014,4,0.0187,10,0.0467,5,0.0234,2,0.0093,57,0.2664,4,0.0187,9,0.0421,6,0.028,4,0.0187,3,0.014,0,
2383,7,Maribor,4,Ruše,16,"KNJIŽNICA JANKA GLAZERJA RUŠE, FALSKA CESTA 18",1039.0,627,0.6035,627,621,6,1.0,2,0.0032,0,0.0,16,0.0258,241,0.3881,0,0.0,36,0.058,0,0.0,26,0.0419,16,0.0258,7,0.0113,6,0.0097,22,0.0354,13,0.0209,11,0.0177,123,0.1981,1,0.0016,61,0.0982,13,0.0209,23,0.037,4,0.0064,0,
2384,7,Maribor,4,Ruše,18,"KZ ZADRUŽNIK, SP.SELNICA 5",592.0,389,0.6571,389,385,4,1.0,3,0.0078,0,0.0,15,0.039,140,0.3636,0,0.0,8,0.0208,6,0.0156,8,0.0208,9,0.0234,3,0.0078,4,0.0104,14,0.0364,4,0.0104,20,0.0519,119,0.3091,7,0.0182,16,0.0416,5,0.013,0,0.0,4,0.0104,0,
2385,7,Maribor,4,Ruše,12,"LOVSKI DOM, LOBNICA 20 C",120.0,53,0.4417,53,52,1,1.0,0,0.0,0,0.0,2,0.0385,18,0.3462,0,0.0,1,0.0192,0,0.0,3,0.0577,0,0.0,0,0.0,0,0.0,7,0.1346,0,0.0,0,0.0,11,0.2115,0,0.0,2,0.0385,7,0.1346,0,0.0,1,0.0192,0,
2386,7,Maribor,4,Ruše,5,"OBČINA LOVRENC, SP. TRG 8",961.0,628,0.6535,628,625,3,1.0,8,0.0128,0,0.0,19,0.0304,249,0.3984,2,0.0032,18,0.0288,3,0.0048,17,0.0272,7,0.0112,7,0.0112,8,0.0128,35,0.056,16,0.0256,16,0.0256,128,0.2048,11,0.0176,44,0.0704,22,0.0352,7,0.0112,8,0.0128,0,
2387,7,Maribor,4,Ruše,21,"OŠ GRADIŠČE, GRADIŠČE NA KOZJAKU 39",140.0,107,0.7643,107,107,0,1.0,2,0.0187,0,0.0,3,0.028,32,0.2991,0,0.0,0,0.0,3,0.028,3,0.028,3,0.028,0,0.0,2,0.0187,4,0.0374,0,0.0,1,0.0093,36,0.3364,4,0.0374,4,0.0374,1,0.0093,7,0.0654,2,0.0187,0,
2388,7,Maribor,4,Ruše,7,"OŠ LOVRENC, ŠOLSKA UL. 6",469.0,323,0.6887,323,318,5,1.0,9,0.0283,1,0.0031,8,0.0252,120,0.3774,0,0.0,7,0.022,0,0.0,16,0.0503,4,0.0126,3,0.0094,3,0.0094,19,0.0597,6,0.0189,9,0.0283,65,0.2044,4,0.0126,25,0.0786,14,0.044,4,0.0126,1,0.0031,0,
2389,7,Maribor,4,Ruše,19,"OŠ SELNICA OB DRAVI, MARIBORSKA C.30",1240.0,776,0.6258,776,770,6,1.0,17,0.0221,0,0.0,39,0.0506,296,0.3844,0,0.0,23,0.0299,2,0.0026,24,0.0312,8,0.0104,3,0.0039,17,0.0221,34,0.0442,13,0.0169,8,0.0104,208,0.2701,13,0.0169,43,0.0558,7,0.0091,13,0.0169,2,0.0026,0,
2390,7,Maribor,4,Ruše,10,"POŠTA ČINŽAT, ČINŽAT 28",354.0,225,0.6356,225,222,3,1.0,10,0.045,1,0.0045,6,0.027,73,0.3288,0,0.0,5,0.0225,3,0.0135,4,0.018,5,0.0225,3,0.0135,1,0.0045,13,0.0586,1,0.0045,9,0.0405,60,0.2703,1,0.0045,15,0.0676,6,0.027,2,0.009,4,0.018,0,
2391,7,Maribor,4,Ruše,8,"PRIREDITVENI CENTER, GORNJI TRG 62",699.0,497,0.711,497,493,4,1.0,5,0.0101,0,0.0,26,0.0527,201,0.4077,0,0.0,8,0.0162,2,0.0041,17,0.0345,1,0.002,2,0.0041,3,0.0061,38,0.0771,15,0.0304,8,0.0162,95,0.1927,14,0.0284,38,0.0771,9,0.0183,6,0.0122,5,0.0101,0,
2392,7,Maribor,4,Ruše,14,"REŽIJSKI OBRAT, MARIBORSKA C. 5",1387.0,770,0.5552,770,763,7,1.0,6,0.0079,2,0.0026,39,0.0511,262,0.3434,1,0.0013,39,0.0511,3,0.0039,27,0.0354,14,0.0183,16,0.021,18,0.0236,28,0.0367,9,0.0118,13,0.017,163,0.2136,12,0.0157,66,0.0865,17,0.0223,27,0.0354,1,0.0013,0,
2393,7,Maribor,4,Ruše,901,PREDČASNO GLASOVANJE,,684,,684,684,0,1.0,3,0.0044,2,0.0029,22,0.0322,242,0.3538,1,0.0015,139,0.2032,0,0.0,23,0.0336,4,0.0058,4,0.0058,5,0.0073,19,0.0278,6,0.0088,8,0.0117,125,0.1827,2,0.0029,46,0.0673,14,0.0205,14,0.0205,5,0.0073,0,
2394,7,Maribor,4,Ruše,902,Predčasno glasovanje Občina Selnica ob Dravi,,307,,307,304,3,1.0,12,0.0395,0,0.0,8,0.0263,126,0.4145,0,0.0,18,0.0592,0,0.0,8,0.0263,1,0.0033,2,0.0066,8,0.0263,14,0.0461,5,0.0164,7,0.023,64,0.2105,1,0.0033,17,0.0559,8,0.0263,4,0.0132,1,0.0033,0,
2395,7,Maribor,5,Maribor 1,36,"AMON RUDOLF, SELE PRI POLSKAVI 35",149.0,106,0.7114,106,105,1,1.0,1,0.0095,0,0.0,7,0.0667,36,0.3429,0,0.0,4,0.0381,0,0.0,1,0.0095,0,0.0,1,0.0095,3,0.0286,4,0.0381,2,0.019,17,0.1619,20,0.1905,4,0.0381,2,0.019,1,0.0095,1,0.0095,1,0.0095,0,
2396,7,Maribor,5,Maribor 1,13,"CENTER ZA SLUH IN GOVOR MARIBOR,VINARSKA 6",914.0,571,0.6247,571,565,6,1.0,2,0.0035,0,0.0,15,0.0265,221,0.3912,0,0.0,45,0.0796,2,0.0035,22,0.0389,11,0.0195,4,0.0071,9,0.0159,21,0.0372,14,0.0248,10,0.0177,103,0.1823,8,0.0142,38,0.0673,17,0.0301,19,0.0336,4,0.0071,0,
2397,7,Maribor,5,Maribor 1,33,"CVEČEK MATEJA, GABERNIK 80",235.0,135,0.5745,135,133,2,1.0,1,0.0075,0,0.0,5,0.0376,47,0.3534,0,0.0,3,0.0226,1,0.0075,7,0.0526,2,0.015,0,0.0,1,0.0075,5,0.0376,3,0.0226,14,0.1053,29,0.218,6,0.0451,4,0.0301,1,0.0075,2,0.015,2,0.015,0,
2398,7,Maribor,5,Maribor 1,40,"DOBERŠEK FRANC, ŠARHOVA ULICA 14",524.0,395,0.7538,395,394,1,1.0,5,0.0127,0,0.0,23,0.0584,128,0.3249,0,0.0,6,0.0152,2,0.0051,6,0.0152,3,0.0076,3,0.0076,6,0.0152,19,0.0482,5,0.0127,14,0.0355,105,0.2665,13,0.033,34,0.0863,6,0.0152,2,0.0051,14,0.0355,0,
2399,7,Maribor,5,Maribor 1,3,"DOM KRAJANOV BRESTERNICA,NA GAJ 2",1266.0,824,0.6509,824,815,9,1.0,4,0.0049,3,0.0037,25,0.0307,282,0.346,0,0.0,37,0.0454,2,0.0025,26,0.0319,10,0.0123,10,0.0123,15,0.0184,40,0.0491,18,0.0221,40,0.0491,209,0.2564,11,0.0135,50,0.0613,21,0.0258,8,0.0098,4,0.0049,0,
2400,7,Maribor,5,Maribor 1,39,"DRUŠTVO KKS PRAGERSKO, KOLODVORSKA ULICA 9",902.0,607,0.6729,607,601,6,1.0,4,0.0067,0,0.0,35,0.0582,183,0.3045,4,0.0067,30,0.0499,2,0.0033,19,0.0316,9,0.015,16,0.0266,6,0.01,24,0.0399,7,0.0116,28,0.0466,153,0.2546,13,0.0216,34,0.0566,8,0.0133,2,0.0033,24,0.0399,0,
2401,7,Maribor,5,Maribor 1,29,"GASILSKI DOM GORICA, SP. GORICA 55A",324.0,236,0.7284,236,231,5,1.0,1,0.0043,1,0.0043,13,0.0563,78,0.3377,0,0.0,4,0.0173,0,0.0,5,0.0216,4,0.0173,4,0.0173,1,0.0043,14,0.0606,2,0.0087,12,0.0519,60,0.2597,13,0.0563,13,0.0563,1,0.0043,3,0.013,2,0.0087,0,
2402,7,Maribor,5,Maribor 1,28,"GASILSKI DOM PODOVA, PODOVA 26",433.0,321,0.7413,321,317,4,1.0,4,0.0126,1,0.0032,25,0.0789,96,0.3028,0,0.0,12,0.0379,1,0.0032,11,0.0347,15,0.0473,0,0.0,1,0.0032,19,0.0599,1,0.0032,19,0.0599,79,0.2492,6,0.0189,14,0.0442,5,0.0158,5,0.0158,3,0.0095,0,
2403,7,Maribor,5,Maribor 1,18,"GD FRAM,TURNERJEVA 105",1238.0,899,0.7262,899,894,5,1.0,7,0.0078,0,0.0,34,0.038,314,0.3512,0,0.0,27,0.0302,0,0.0,32,0.0358,5,0.0056,11,0.0123,16,0.0179,40,0.0447,7,0.0078,47,0.0526,231,0.2584,20,0.0224,77,0.0861,12,0.0134,10,0.0112,4,0.0045,0,
2404,7,Maribor,5,Maribor 1,2,"HOTEL TISA, HOČKO POHORJE 40",252.0,151,0.5992,151,149,2,1.0,0,0.0,0,0.0,8,0.0537,52,0.349,0,0.0,2,0.0134,1,0.0067,2,0.0134,11,0.0738,4,0.0268,0,0.0,8,0.0537,1,0.0067,1,0.0067,45,0.302,3,0.0201,3,0.0201,7,0.047,1,0.0067,0,0.0,0,
2405,7,Maribor,5,Maribor 1,35,"KALAN JOŽEF, OGLJENŠAK 10",234.0,168,0.7179,168,167,1,1.0,0,0.0,0,0.0,6,0.0359,45,0.2695,3,0.018,4,0.024,0,0.0,5,0.0299,5,0.0299,3,0.018,0,0.0,5,0.0299,3,0.018,19,0.1138,48,0.2874,4,0.024,9,0.0539,7,0.0419,0,0.0,1,0.006,0,
2406,7,Maribor,5,Maribor 1,37,"KS SPODNJA POLSKAVA, SPODNJA POLSKAVA 270",745.0,530,0.7114,530,526,4,1.0,0,0.0,0,0.0,18,0.0342,124,0.2357,0,0.0,26,0.0494,1,0.0019,10,0.019,1,0.0019,2,0.0038,7,0.0133,22,0.0418,6,0.0114,133,0.2529,104,0.1977,9,0.0171,36,0.0684,13,0.0247,7,0.0133,7,0.0133,0,
2407,7,Maribor,5,Maribor 1,10,"KULTURNI DOM KAMNICA, VRBANSKA 97",1310.0,734,0.5603,734,729,5,1.0,4,0.0055,1,0.0014,31,0.0425,269,0.369,0,0.0,31,0.0425,1,0.0014,19,0.0261,11,0.0151,6,0.0082,19,0.0261,31,0.0425,17,0.0233,50,0.0686,165,0.2263,15,0.0206,25,0.0343,12,0.0165,17,0.0233,5,0.0069,0,
2408,7,Maribor,5,Maribor 1,11,"KULTURNI DOM KAMNICA, VRBANSKA 97",1140.0,665,0.5833,665,653,12,1.0,3,0.0046,1,0.0015,15,0.023,246,0.3767,0,0.0,19,0.0291,2,0.0031,15,0.023,13,0.0199,14,0.0214,22,0.0337,32,0.049,17,0.026,44,0.0674,140,0.2144,8,0.0123,39,0.0597,15,0.023,4,0.0061,4,0.0061,0,
2409,7,Maribor,5,Maribor 1,32,"KULTURNI DOM ZGORNJA POLSKAVA, MLADINSKA ULICA 12",947.0,661,0.698,661,654,7,1.0,3,0.0046,1,0.0015,34,0.052,244,0.3731,1,0.0015,13,0.0199,0,0.0,18,0.0275,6,0.0092,9,0.0138,12,0.0183,25,0.0382,21,0.0321,33,0.0505,149,0.2278,13,0.0199,42,0.0642,19,0.0291,6,0.0092,5,0.0076,0,
2410,7,Maribor,5,Maribor 1,38,"MLADINSKA DVORANA, POKOŠE 25D",165.0,123,0.7455,123,123,0,1.0,2,0.0163,0,0.0,3,0.0244,44,0.3577,0,0.0,0,0.0,0,0.0,8,0.065,2,0.0163,0,0.0,1,0.0081,3,0.0244,0,0.0,18,0.1463,25,0.2033,1,0.0081,5,0.0407,3,0.0244,0,0.0,8,0.065,0,
2411,7,Maribor,5,Maribor 1,34,"OKREPČEVALNICA LOVSKI DOM, BUKOVEC 2",749.0,534,0.713,533,531,2,1.0,7,0.0132,1,0.0019,18,0.0339,201,0.3785,0,0.0,13,0.0245,6,0.0113,14,0.0264,7,0.0132,3,0.0056,8,0.0151,12,0.0226,10,0.0188,19,0.0358,120,0.226,12,0.0226,48,0.0904,14,0.0264,2,0.0038,16,0.0301,0,
2412,7,Maribor,5,Maribor 1,14,"OŠ PREŽIHOVEGA VORANCA MARIBOR, GOSPOSVETSKA 10",968.0,582,0.6012,579,579,0,1.0,0,0.0,2,0.0035,13,0.0225,250,0.4318,0,0.0,39,0.0674,0,0.0,12,0.0207,3,0.0052,14,0.0242,3,0.0052,29,0.0501,14,0.0242,12,0.0207,104,0.1796,4,0.0069,44,0.076,19,0.0328,10,0.0173,7,0.0121,0,
2413,7,Maribor,5,Maribor 1,15,"OŠ PREŽIHOVEGA VORANCA MARIBOR, GOSPOSVETSKA 10",526.0,356,0.6768,355,352,3,1.0,1,0.0028,0,0.0,12,0.0341,161,0.4574,3,0.0085,23,0.0653,0,0.0,11,0.0312,2,0.0057,0,0.0,4,0.0114,12,0.0341,7,0.0199,12,0.0341,63,0.179,3,0.0085,29,0.0824,8,0.0227,0,0.0,1,0.0028,0,
2414,7,Maribor,5,Maribor 1,26,"OŠ RAČE, GRAJSKI TRG 1",1523.0,1042,0.6842,1042,1033,9,1.0,4,0.0039,1,0.001,38,0.0368,358,0.3466,0,0.0,32,0.031,0,0.0,37,0.0358,13,0.0126,8,0.0077,12,0.0116,65,0.0629,20,0.0194,35,0.0339,278,0.2691,23,0.0223,70,0.0678,16,0.0155,9,0.0087,14,0.0136,0,
2415,7,Maribor,5,Maribor 1,27,"OŠ RAČE, GRAJSKI TRG 1",857.0,581,0.6779,581,580,1,1.0,6,0.0103,0,0.0,15,0.0259,246,0.4241,2,0.0034,18,0.031,2,0.0034,26,0.0448,7,0.0121,9,0.0155,5,0.0086,24,0.0414,10,0.0172,17,0.0293,114,0.1966,11,0.019,37,0.0638,12,0.0207,6,0.0103,13,0.0224,0,
2416,7,Maribor,5,Maribor 1,31,"OŠ RADA ROBIČA LIMBUŠ, LIMBUŠKA 62",871.0,594,0.682,594,590,4,1.0,1,0.0017,1,0.0017,19,0.0322,245,0.4153,1,0.0017,26,0.0441,1,0.0017,14,0.0237,5,0.0085,7,0.0119,12,0.0203,42,0.0712,7,0.0119,8,0.0136,121,0.2051,13,0.022,38,0.0644,16,0.0271,8,0.0136,5,0.0085,0,
2417,7,Maribor,5,Maribor 1,6,"OŠ RADA ROBIČA LIMBUŠ, LIMBUŠKA 62",1125.0,761,0.6764,759,749,10,1.0,3,0.004,2,0.0027,15,0.02,318,0.4246,3,0.004,25,0.0334,5,0.0067,27,0.036,10,0.0134,14,0.0187,4,0.0053,42,0.0561,11,0.0147,15,0.02,166,0.2216,6,0.008,52,0.0694,23,0.0307,5,0.0067,3,0.004,0,
2418,7,Maribor,5,Maribor 1,1,"OŠ REKA POHORJE, HOČKO POHORJE 1",1086.0,732,0.674,732,729,3,1.0,2,0.0027,4,0.0055,34,0.0466,259,0.3553,0,0.0,27,0.037,2,0.0027,30,0.0412,20,0.0274,17,0.0233,6,0.0082,38,0.0521,10,0.0137,18,0.0247,175,0.2401,9,0.0123,55,0.0754,14,0.0192,5,0.0069,4,0.0055,0,
2419,7,Maribor,5,Maribor 1,5,"ŠOLSKA ZGRADBA, ŠOBER 1",343.0,215,0.6268,215,212,3,1.0,0,0.0,2,0.0094,8,0.0377,47,0.2217,0,0.0,5,0.0236,0,0.0,8,0.0377,4,0.0189,0,0.0,0,0.0,11,0.0519,5,0.0236,38,0.1792,61,0.2877,2,0.0094,11,0.0519,4,0.0189,1,0.0047,5,0.0236,0,
2420,7,Maribor,5,Maribor 1,23,"VAŠKI DOM KOPIVNIK, KOPIVNIK 4 A",195.0,134,0.6872,134,132,2,1.0,2,0.0152,0,0.0,11,0.0833,37,0.2803,0,0.0,0,0.0,0,0.0,6,0.0455,5,0.0379,1,0.0076,0,0.0,10,0.0758,1,0.0076,18,0.1364,29,0.2197,2,0.0152,9,0.0682,1,0.0076,0,0.0,0,0.0,0,
2421,7,Maribor,5,Maribor 1,22,"VAŠKI DOM LOKA, LOKA PRI FRAMU 13",115.0,74,0.6435,74,72,2,1.0,0,0.0,0,0.0,5,0.0694,13,0.1806,0,0.0,0,0.0,0,0.0,2,0.0278,5,0.0694,1,0.0139,0,0.0,0,0.0,0,0.0,15,0.2083,24,0.3333,1,0.0139,1,0.0139,2,0.0278,1,0.0139,2,0.0278,0,
2422,7,Maribor,5,Maribor 1,25,"VAŠKI DOM PLANICA, PLANICA 9",108.0,70,0.6481,70,66,4,1.0,0,0.0,0,0.0,0,0.0,12,0.1818,0,0.0,3,0.0455,0,0.0,0,0.0,5,0.0758,0,0.0,0,0.0,6,0.0909,2,0.0303,18,0.2727,19,0.2879,1,0.0152,0,0.0,0,0.0,0,0.0,0,0.0,0,
2423,7,Maribor,5,Maribor 1,24,"VAŠKI DOM RANČE, RANČE 20",216.0,129,0.5972,129,127,2,1.0,0,0.0,0,0.0,8,0.063,25,0.1969,1,0.0079,3,0.0236,0,0.0,3,0.0236,1,0.0079,0,0.0,4,0.0315,3,0.0236,3,0.0236,21,0.1654,40,0.315,5,0.0394,4,0.0315,3,0.0236,2,0.0157,1,0.0079,0,
2424,7,Maribor,5,Maribor 1,21,"VAŠKI DOM, MORJE 31",706.0,512,0.7252,512,508,4,1.0,4,0.0079,1,0.002,23,0.0453,201,0.3957,0,0.0,12,0.0236,3,0.0059,14,0.0276,11,0.0217,14,0.0276,16,0.0315,15,0.0295,3,0.0059,26,0.0512,105,0.2067,5,0.0098,22,0.0433,4,0.0079,13,0.0256,16,0.0315,0,
2425,7,Maribor,5,Maribor 1,20,"VAŠKI DOM, POŽEG 17",511.0,372,0.728,371,371,0,1.0,0,0.0,1,0.0027,9,0.0243,160,0.4313,0,0.0,16,0.0431,2,0.0054,11,0.0296,9,0.0243,5,0.0135,2,0.0054,12,0.0323,3,0.0081,13,0.035,81,0.2183,6,0.0162,21,0.0566,2,0.0054,10,0.027,8,0.0216,0,
2426,7,Maribor,5,Maribor 1,8,"VRTEC STUDENCI, ENOTA PEKRE, BEZJAKOVA ULICA 2",1002.0,682,0.6806,682,677,5,1.0,3,0.0044,0,0.0,26,0.0384,299,0.4417,0,0.0,25,0.0369,1,0.0015,12,0.0177,15,0.0222,3,0.0044,11,0.0162,31,0.0458,13,0.0192,11,0.0162,145,0.2142,10,0.0148,46,0.0679,15,0.0222,7,0.0103,4,0.0059,0,
2427,7,Maribor,5,Maribor 1,9,"VRTEC STUDENCI, ENOTA PEKRE, BEZJAKOVA ULICA 2",702.0,531,0.7564,531,530,1,1.0,0,0.0,0,0.0,8,0.0151,209,0.3943,0,0.0,30,0.0566,2,0.0038,18,0.034,6,0.0113,3,0.0057,9,0.017,28,0.0528,12,0.0226,10,0.0189,119,0.2245,7,0.0132,43,0.0811,17,0.0321,5,0.0094,4,0.0075,0,
2428,7,Maribor,5,Maribor 1,901,PREDČASNO GLASOVANJE,,1376,,1376,1371,5,1.0,3,0.0022,2,0.0015,29,0.0212,675,0.4923,2,0.0015,79,0.0576,1,0.0007,35,0.0255,15,0.0109,2,0.0015,23,0.0168,59,0.043,18,0.0131,51,0.0372,213,0.1554,10,0.0073,91,0.0664,30,0.0219,29,0.0212,4,0.0029,0,
2429,7,Maribor,6,Maribor 2,26,"BELL CENTER, PTUJSKA CESTA 13",1119.0,724,0.647,724,720,4,1.0,2,0.0028,1,0.0014,37,0.0514,299,0.4153,1,0.0014,26,0.0361,3,0.0042,16,0.0222,6,0.0083,18,0.025,15,0.0208,30,0.0417,11,0.0153,13,0.0181,158,0.2194,7,0.0097,52,0.0722,15,0.0208,5,0.0069,5,0.0069,0,
2430,7,Maribor,6,Maribor 2,13,"DOM AMD, OREHOVA CESTA 26",364.0,263,0.7225,263,262,1,1.0,3,0.0115,0,0.0,9,0.0344,76,0.2901,0,0.0,7,0.0267,0,0.0,9,0.0344,6,0.0229,1,0.0038,4,0.0153,21,0.0802,6,0.0229,16,0.0611,76,0.2901,8,0.0305,14,0.0534,3,0.0115,0,0.0,3,0.0115,0,
2431,7,Maribor,6,Maribor 2,30,"DOM KRAJANOV, BRUNŠVIK 49B",350.0,244,0.6971,244,244,0,1.0,2,0.0082,0,0.0,7,0.0287,102,0.418,1,0.0041,4,0.0164,0,0.0,6,0.0246,5,0.0205,0,0.0,3,0.0123,11,0.0451,3,0.0123,7,0.0287,72,0.2951,1,0.0041,12,0.0492,3,0.0123,4,0.0164,1,0.0041,0,
2432,7,Maribor,6,Maribor 2,18,"DOM KRAJANOV, ROGOŠKA C. 60",1183.0,810,0.6847,810,806,4,1.0,6,0.0074,0,0.0,41,0.0509,308,0.3821,1,0.0012,29,0.036,2,0.0025,23,0.0285,8,0.0099,14,0.0174,11,0.0136,38,0.0471,11,0.0136,14,0.0174,192,0.2382,15,0.0186,49,0.0608,21,0.0261,13,0.0161,10,0.0124,0,
2433,7,Maribor,6,Maribor 2,4,"DOM KS, MARJETA 57A",382.0,270,0.7068,270,269,1,1.0,2,0.0074,0,0.0,22,0.0818,69,0.2565,0,0.0,7,0.026,0,0.0,8,0.0297,4,0.0149,5,0.0186,2,0.0074,24,0.0892,3,0.0112,9,0.0335,82,0.3048,5,0.0186,15,0.0558,7,0.026,2,0.0074,3,0.0112,0,
2434,7,Maribor,6,Maribor 2,17,"FAKULTETA ZA KBV, PIVOLA 10",355.0,221,0.6225,221,217,4,1.0,4,0.0184,3,0.0138,15,0.0691,81,0.3733,1,0.0046,7,0.0323,2,0.0092,12,0.0553,6,0.0276,2,0.0092,1,0.0046,7,0.0323,1,0.0046,5,0.023,52,0.2396,6,0.0276,10,0.0461,0,0.0,0,0.0,2,0.0092,0,
2435,7,Maribor,6,Maribor 2,5,"GASILSKI DOM, TRNIČE 30",370.0,278,0.7514,278,277,1,1.0,5,0.0181,0,0.0,14,0.0505,75,0.2708,1,0.0036,7,0.0253,2,0.0072,5,0.0181,5,0.0181,2,0.0072,9,0.0325,15,0.0542,4,0.0144,9,0.0325,97,0.3502,4,0.0144,13,0.0469,3,0.0108,2,0.0072,5,0.0181,0,
2436,7,Maribor,6,Maribor 2,8,"GASILSKI DOM, ZLATOLIČJE 10",607.0,424,0.6985,424,420,4,1.0,0,0.0,0,0.0,18,0.0429,144,0.3429,2,0.0048,17,0.0405,1,0.0024,8,0.019,15,0.0357,4,0.0095,9,0.0214,21,0.05,4,0.0095,8,0.019,118,0.281,7,0.0167,23,0.0548,9,0.0214,6,0.0143,6,0.0143,0,
2437,7,Maribor,6,Maribor 2,16,"KD HOČE, POHORSKA 15",956.0,645,0.6747,645,644,1,1.0,6,0.0093,0,0.0,25,0.0388,204,0.3168,0,0.0,21,0.0326,0,0.0,25,0.0388,16,0.0248,5,0.0078,12,0.0186,28,0.0435,12,0.0186,12,0.0186,172,0.2671,8,0.0124,62,0.0963,19,0.0295,10,0.0155,7,0.0109,0,
2438,7,Maribor,6,Maribor 2,24,"KD MIKLAVŽ, CESTA V ROGOZO 11",1211.0,822,0.6788,822,819,3,1.0,5,0.0061,3,0.0037,17,0.0208,305,0.3724,0,0.0,15,0.0183,3,0.0037,35,0.0427,13,0.0159,15,0.0183,19,0.0232,60,0.0733,17,0.0208,19,0.0232,191,0.2332,24,0.0293,44,0.0537,14,0.0171,7,0.0085,13,0.0159,0,
2439,7,Maribor,6,Maribor 2,25,"KD MIKLAVŽ, CESTA V ROGOZO 11",971.0,674,0.6941,674,670,4,1.0,3,0.0045,0,0.0,31,0.0463,277,0.4134,1,0.0015,23,0.0343,3,0.0045,24,0.0358,9,0.0134,11,0.0164,21,0.0313,20,0.0299,10,0.0149,17,0.0254,159,0.2373,9,0.0134,36,0.0537,11,0.0164,3,0.0045,2,0.003,0,
2440,7,Maribor,6,Maribor 2,15,"KNJIŽNICA HOČE, SRŠAKOVA 2",951.0,657,0.6909,657,651,6,1.0,3,0.0046,0,0.0,26,0.0399,238,0.3656,1,0.0015,34,0.0522,1,0.0015,18,0.0276,14,0.0215,11,0.0169,18,0.0276,27,0.0415,9,0.0138,23,0.0353,156,0.2396,10,0.0154,31,0.0476,19,0.0292,7,0.0108,5,0.0077,0,
2441,7,Maribor,6,Maribor 2,21,"KS DRAVSKI DVOR, KIDRIČEVA CESTA 9",561.0,410,0.7308,410,404,6,1.0,1,0.0025,0,0.0,18,0.0446,153,0.3787,0,0.0,12,0.0297,0,0.0,13,0.0322,18,0.0446,5,0.0124,11,0.0272,18,0.0446,4,0.0099,2,0.005,93,0.2302,7,0.0173,29,0.0718,9,0.0223,3,0.0074,8,0.0198,0,
2442,7,Maribor,6,Maribor 2,10,"KS PREPOLJE, PREPOLJE 62",447.0,333,0.745,333,330,3,1.0,7,0.0212,0,0.0,25,0.0758,100,0.303,3,0.0091,8,0.0242,1,0.003,8,0.0242,9,0.0273,4,0.0121,2,0.0061,21,0.0636,8,0.0242,6,0.0182,86,0.2606,8,0.0242,25,0.0758,5,0.0152,1,0.003,3,0.0091,0,
2443,7,Maribor,6,Maribor 2,23,"KS SKOKE, USKOŠKA UL. 58",875.0,633,0.7234,633,630,3,1.0,2,0.0032,3,0.0048,19,0.0302,216,0.3429,0,0.0,22,0.0349,1,0.0016,16,0.0254,12,0.019,9,0.0143,17,0.027,32,0.0508,9,0.0143,16,0.0254,169,0.2683,11,0.0175,40,0.0635,16,0.0254,13,0.0206,7,0.0111,0,
2444,7,Maribor,6,Maribor 2,14,"KULTURNI CENTER HOTINJA VAS, HOTINJSKA C. 127",1129.0,723,0.6404,723,721,2,1.0,7,0.0097,0,0.0,21,0.0291,305,0.423,0,0.0,21,0.0291,0,0.0,18,0.025,12,0.0166,3,0.0042,4,0.0055,22,0.0305,9,0.0125,11,0.0153,207,0.2871,16,0.0222,39,0.0541,13,0.018,2,0.0028,11,0.0153,0,
2445,7,Maribor,6,Maribor 2,7,"KULTURNI DOM, ROŠNJA 40A",317.0,225,0.7098,225,219,6,1.0,3,0.0137,0,0.0,3,0.0137,70,0.3196,0,0.0,6,0.0274,0,0.0,2,0.0091,4,0.0183,2,0.0091,5,0.0228,16,0.0731,4,0.0183,0,0.0,75,0.3425,6,0.0274,13,0.0594,4,0.0183,2,0.0091,4,0.0183,0,
2446,7,Maribor,6,Maribor 2,2,"MČ TEZNO, PANONSKA 12",775.0,510,0.6581,510,503,7,1.0,2,0.004,2,0.004,25,0.0497,163,0.3241,2,0.004,35,0.0696,5,0.0099,12,0.0239,5,0.0099,6,0.0119,5,0.0099,19,0.0378,9,0.0179,12,0.0239,125,0.2485,10,0.0199,35,0.0696,20,0.0398,5,0.0099,6,0.0119,0,
2447,7,Maribor,6,Maribor 2,3,"MČ TEZNO, PANONSKA 12",888.0,585,0.6588,584,584,0,1.0,7,0.012,0,0.0,12,0.0205,273,0.4675,1,0.0017,30,0.0514,2,0.0034,11,0.0188,5,0.0086,3,0.0051,8,0.0137,27,0.0462,8,0.0137,17,0.0291,109,0.1866,10,0.0171,32,0.0548,16,0.0274,9,0.0154,4,0.0068,0,
2448,7,Maribor,6,Maribor 2,27,"MČ TEZNO, PANONSKA 12",927.0,596,0.6429,596,593,3,1.0,3,0.0051,2,0.0034,21,0.0354,252,0.425,0,0.0,19,0.032,5,0.0084,21,0.0354,5,0.0084,2,0.0034,15,0.0253,18,0.0304,7,0.0118,11,0.0185,142,0.2395,11,0.0185,33,0.0556,19,0.032,4,0.0067,3,0.0051,0,
2449,7,Maribor,6,Maribor 2,1,"OŠ M. KONŠAK, PREKMURSKA 67",1083.0,732,0.6759,732,727,5,1.0,3,0.0041,0,0.0,19,0.0261,298,0.4099,0,0.0,30,0.0413,3,0.0041,25,0.0344,7,0.0096,14,0.0193,18,0.0248,32,0.044,11,0.0151,21,0.0289,157,0.216,15,0.0206,43,0.0591,15,0.0206,9,0.0124,7,0.0096,0,
2450,7,Maribor,6,Maribor 2,11,"OŠ SLIVNICA, MARIBORSKA C. 4",774.0,502,0.6486,502,500,2,1.0,1,0.002,0,0.0,20,0.04,193,0.386,1,0.002,22,0.044,2,0.004,13,0.026,6,0.012,16,0.032,10,0.02,31,0.062,8,0.016,5,0.01,104,0.208,8,0.016,33,0.066,10,0.02,7,0.014,10,0.02,0,
2451,7,Maribor,6,Maribor 2,12,"OŠ SLIVNICA, MARIBORSKA C. 4",1496.0,990,0.6618,990,977,13,1.0,3,0.0031,2,0.002,39,0.0399,391,0.4002,2,0.002,38,0.0389,4,0.0041,39,0.0399,9,0.0092,16,0.0164,16,0.0164,45,0.0461,17,0.0174,16,0.0164,209,0.2139,25,0.0256,57,0.0583,29,0.0297,12,0.0123,8,0.0082,0,
2452,7,Maribor,6,Maribor 2,6,"ŠD LOKA - ROŠNJA, LOKA 23A",225.0,171,0.76,171,170,1,1.0,1,0.0059,0,0.0,11,0.0647,44,0.2588,1,0.0059,3,0.0176,2,0.0118,5,0.0294,4,0.0235,6,0.0353,0,0.0,14,0.0824,3,0.0176,6,0.0353,48,0.2824,3,0.0176,6,0.0353,12,0.0706,1,0.0059,0,0.0,0,
2453,7,Maribor,6,Maribor 2,20,"TRUCK-STOP, MIKLAVŠKA CESTA 82",292.0,217,0.7432,217,216,1,1.0,2,0.0093,0,0.0,7,0.0324,75,0.3472,0,0.0,6,0.0278,0,0.0,5,0.0231,0,0.0,6,0.0278,1,0.0046,3,0.0139,2,0.0093,1,0.0046,79,0.3657,2,0.0093,19,0.088,2,0.0093,5,0.0231,1,0.0046,0,
2454,7,Maribor,6,Maribor 2,19,"VEČNAMENSKI OBJEKT BOHOVA, BOHOVA 2A",218.0,149,0.6835,149,145,4,1.0,0,0.0,0,0.0,5,0.0345,54,0.3724,0,0.0,4,0.0276,0,0.0,5,0.0345,3,0.0207,2,0.0138,5,0.0345,10,0.069,2,0.0138,3,0.0207,31,0.2138,2,0.0138,13,0.0897,3,0.0207,3,0.0207,0,0.0,0,
2455,7,Maribor,6,Maribor 2,22,"VRTEC CICIBAN - DOBROVCE, KIDRIČEVA CESTA 55",643.0,452,0.703,452,444,8,1.0,4,0.009,0,0.0,11,0.0248,165,0.3716,0,0.0,11,0.0248,1,0.0023,8,0.018,5,0.0113,5,0.0113,8,0.018,24,0.0541,2,0.0045,16,0.036,134,0.3018,7,0.0158,26,0.0586,12,0.027,3,0.0068,2,0.0045,0,
2456,7,Maribor,6,Maribor 2,9,"ZDRAV. POSTAJA, STARŠE 78 C",654.0,484,0.7401,484,476,8,1.0,5,0.0105,0,0.0,5,0.0105,161,0.3382,0,0.0,9,0.0189,0,0.0,16,0.0336,17,0.0357,3,0.0063,24,0.0504,21,0.0441,17,0.0357,19,0.0399,137,0.2878,5,0.0105,22,0.0462,5,0.0105,5,0.0105,5,0.0105,0,
2457,7,Maribor,6,Maribor 2,901,PREDČASNO GLASOVANJE,,1015,,1015,1009,6,1.0,1,0.001,0,0.0,36,0.0357,471,0.4668,2,0.002,49,0.0486,0,0.0,29,0.0287,10,0.0099,18,0.0178,15,0.0149,44,0.0436,12,0.0119,16,0.0159,172,0.1705,5,0.005,86,0.0852,26,0.0258,13,0.0129,4,0.004,0,
2458,7,Maribor,7,Maribor 3,12,"BIVŠA KS, RUPERČE 1",556.0,360,0.6475,360,360,0,1.0,1,0.0028,0,0.0,22,0.0611,102,0.2833,1,0.0028,7,0.0194,2,0.0056,5,0.0139,8,0.0222,3,0.0083,1,0.0028,8,0.0222,3,0.0083,30,0.0833,128,0.3556,2,0.0056,18,0.05,12,0.0333,4,0.0111,3,0.0083,0,
2459,7,Maribor,7,Maribor 3,20,"DOM KRAJANOV, POČEHOVSKA 19",828.0,560,0.6763,560,557,3,1.0,3,0.0054,1,0.0018,24,0.0431,193,0.3465,1,0.0018,17,0.0305,1,0.0018,15,0.0269,3,0.0054,14,0.0251,12,0.0215,8,0.0144,12,0.0215,43,0.0772,154,0.2765,10,0.018,22,0.0395,13,0.0233,8,0.0144,3,0.0054,0,
2460,7,Maribor,7,Maribor 3,7,"GD BREZJE, DUPLEŠKA 35",914.0,571,0.6247,571,564,7,1.0,2,0.0035,1,0.0018,18,0.0319,209,0.3706,1,0.0018,24,0.0426,3,0.0053,15,0.0266,12,0.0213,4,0.0071,7,0.0124,20,0.0355,11,0.0195,27,0.0479,138,0.2447,7,0.0124,33,0.0585,16,0.0284,5,0.0089,11,0.0195,0,
2461,7,Maribor,7,Maribor 3,9,"GD DOGOŠE, DUPLEŠKA 237",590.0,378,0.6407,378,374,4,1.0,2,0.0053,1,0.0027,13,0.0348,79,0.2112,0,0.0,14,0.0374,2,0.0053,5,0.0134,27,0.0722,3,0.008,4,0.0107,13,0.0348,4,0.0107,50,0.1337,121,0.3235,3,0.008,16,0.0428,8,0.0214,5,0.0134,4,0.0107,0,
2462,7,Maribor,7,Maribor 3,16,"GD ZRKOVCI, ZRKOVCI 73",527.0,391,0.7419,391,381,10,1.0,0,0.0,0,0.0,15,0.0394,114,0.2992,0,0.0,18,0.0472,1,0.0026,8,0.021,14,0.0367,1,0.0026,4,0.0105,22,0.0577,3,0.0079,27,0.0709,108,0.2835,7,0.0184,19,0.0499,11,0.0289,2,0.0052,7,0.0184,0,
2463,7,Maribor,7,Maribor 3,6,"KULTURNI DOM KORENA, ZG.KORENA 38",1141.0,725,0.6354,725,714,11,1.0,2,0.0028,4,0.0056,32,0.0448,167,0.2339,1,0.0014,9,0.0126,7,0.0098,22,0.0308,13,0.0182,9,0.0126,6,0.0084,32,0.0448,6,0.0084,131,0.1835,199,0.2787,14,0.0196,23,0.0322,10,0.014,12,0.0168,15,0.021,0,
2464,7,Maribor,7,Maribor 3,4,"KULTURNI DOM VURBERK, VURBERK 94",329.0,233,0.7082,233,231,2,1.0,0,0.0,1,0.0043,12,0.0519,63,0.2727,0,0.0,8,0.0346,2,0.0087,2,0.0087,6,0.026,2,0.0087,3,0.013,7,0.0303,3,0.013,21,0.0909,69,0.2987,2,0.0087,11,0.0476,10,0.0433,5,0.0216,4,0.0173,0,
2465,7,Maribor,7,Maribor 3,8,"MČ BREZJE, NA TRATI 2",990.0,580,0.5859,580,574,6,1.0,2,0.0035,0,0.0,20,0.0348,218,0.3798,0,0.0,23,0.0401,4,0.007,6,0.0105,14,0.0244,0,0.0,6,0.0105,41,0.0714,13,0.0226,8,0.0139,145,0.2526,15,0.0261,32,0.0557,11,0.0192,8,0.0139,8,0.0139,0,
2466,7,Maribor,7,Maribor 3,2,"OBČINA DUPLEK, TRG SLOVENSKE OSAMOSVOJITVE 1",1402.0,948,0.6762,948,933,15,1.0,0,0.0,5,0.0054,51,0.0547,258,0.2765,2,0.0021,38,0.0407,12,0.0129,19,0.0204,10,0.0107,9,0.0096,10,0.0107,26,0.0279,14,0.015,180,0.1929,211,0.2262,17,0.0182,30,0.0322,17,0.0182,18,0.0193,6,0.0064,0,
2467,7,Maribor,7,Maribor 3,3,"OSNOVNA ŠOLA DVORJANE, DVORJANE 15",792.0,528,0.6667,528,523,5,1.0,4,0.0076,1,0.0019,18,0.0344,170,0.325,0,0.0,22,0.0421,2,0.0038,16,0.0306,9,0.0172,6,0.0115,1,0.0019,25,0.0478,11,0.021,83,0.1587,118,0.2256,11,0.021,15,0.0287,2,0.0038,4,0.0076,5,0.0096,0,
2468,7,Maribor,7,Maribor 3,11,"OŠ MALEČNIK, MALEČNIK 61",1023.0,655,0.6403,655,646,9,1.0,1,0.0015,0,0.0,7,0.0108,222,0.3437,2,0.0031,20,0.031,2,0.0031,14,0.0217,9,0.0139,8,0.0124,9,0.0139,33,0.0511,11,0.017,43,0.0666,179,0.2771,5,0.0077,47,0.0728,16,0.0248,11,0.017,7,0.0108,0,
2469,7,Maribor,7,Maribor 3,17,"OŠ TONE ČUFAR, ZRKOVSKA 67",744.0,439,0.5901,439,435,4,1.0,2,0.0046,0,0.0,19,0.0437,160,0.3678,1,0.0023,24,0.0552,1,0.0023,10,0.023,14,0.0322,12,0.0276,5,0.0115,8,0.0184,8,0.0184,22,0.0506,81,0.1862,13,0.0299,29,0.0667,14,0.0322,8,0.0184,4,0.0092,0,
2470,7,Maribor,7,Maribor 3,13,"OŠ TONE ČUFAR, ZRKOVSKA 67",921.0,584,0.6341,584,580,4,1.0,4,0.0069,0,0.0,35,0.0603,222,0.3828,0,0.0,25,0.0431,2,0.0034,16,0.0276,15,0.0259,9,0.0155,9,0.0155,30,0.0517,15,0.0259,19,0.0328,96,0.1655,8,0.0138,42,0.0724,16,0.0276,8,0.0138,9,0.0155,0,
2471,7,Maribor,7,Maribor 3,14,"OŠ TONE ČUFAR, ZRKOVSKA 67",898.0,605,0.6737,605,601,4,1.0,5,0.0083,2,0.0033,27,0.0449,232,0.386,0,0.0,28,0.0466,3,0.005,19,0.0316,8,0.0133,13,0.0216,8,0.0133,22,0.0366,9,0.015,21,0.0349,121,0.2013,10,0.0166,31,0.0516,24,0.0399,4,0.0067,14,0.0233,0,
2472,7,Maribor,7,Maribor 3,15,"OŠ TONE ČUFAR, ZRKOVSKA 67",973.0,576,0.592,576,570,6,1.0,5,0.0088,1,0.0018,11,0.0193,221,0.3877,0,0.0,21,0.0368,4,0.007,16,0.0281,3,0.0053,5,0.0088,8,0.014,21,0.0368,12,0.0211,22,0.0386,142,0.2491,11,0.0193,38,0.0667,18,0.0316,5,0.0088,6,0.0105,0,
2473,7,Maribor,7,Maribor 3,1,"OŠ ŽITEČKA VAS, ZG. DUPLEK 98",1498.0,987,0.6589,987,971,16,1.0,0,0.0,1,0.001,34,0.035,285,0.2935,1,0.001,26,0.0268,10,0.0103,22,0.0227,15,0.0154,17,0.0175,21,0.0216,38,0.0391,17,0.0175,76,0.0783,297,0.3059,12,0.0124,61,0.0628,19,0.0196,16,0.0165,3,0.0031,0,
2474,7,Maribor,7,Maribor 3,10,"PROSTORI KS MALEČNIK, MALEČNIK 51",742.0,528,0.7116,528,527,1,1.0,4,0.0076,1,0.0019,20,0.038,212,0.4023,1,0.0019,14,0.0266,1,0.0019,14,0.0266,15,0.0285,5,0.0095,13,0.0247,20,0.038,13,0.0247,38,0.0721,107,0.203,4,0.0076,18,0.0342,17,0.0323,4,0.0076,6,0.0114,0,
2475,7,Maribor,7,Maribor 3,5,VEČNAMENSKI PROSTOR PRI IGRIŠČU ZIMICA 46C,480.0,329,0.6854,329,322,7,1.0,1,0.0031,2,0.0062,9,0.028,78,0.2422,1,0.0031,9,0.028,4,0.0124,4,0.0124,10,0.0311,5,0.0155,6,0.0186,9,0.028,4,0.0124,75,0.2329,79,0.2453,5,0.0155,11,0.0342,3,0.0093,6,0.0186,1,0.0031,0,
2476,7,Maribor,7,Maribor 3,18,"WALDORFSKI VRTEC, WILSONOVA 18",1048.0,597,0.5697,597,593,4,1.0,5,0.0084,0,0.0,30,0.0506,192,0.3238,1,0.0017,26,0.0438,2,0.0034,19,0.032,5,0.0084,15,0.0253,9,0.0152,20,0.0337,8,0.0135,28,0.0472,146,0.2462,5,0.0084,36,0.0607,25,0.0422,9,0.0152,12,0.0202,0,
2477,7,Maribor,7,Maribor 3,901,PREDČASNO GLASOVANJE,,992,,992,991,1,1.0,8,0.0081,1,0.001,25,0.0252,379,0.3824,0,0.0,39,0.0394,4,0.004,19,0.0192,19,0.0192,6,0.0061,12,0.0121,41,0.0414,13,0.0131,70,0.0706,255,0.2573,3,0.003,59,0.0595,18,0.0182,11,0.0111,9,0.0091,0,
2478,7,Maribor,8,Maribor 4,6,"DOM KRAJANOV KRČEVINA, ŠUBIČEVA UL. 11",746.0,507,0.6796,507,504,3,1.0,2,0.004,1,0.002,18,0.0357,199,0.3948,2,0.004,28,0.0556,1,0.002,24,0.0476,7,0.0139,8,0.0159,8,0.0159,15,0.0298,16,0.0317,8,0.0159,103,0.2044,5,0.0099,24,0.0476,29,0.0575,5,0.0099,1,0.002,0,
2479,7,Maribor,8,Maribor 4,12,"DOM KRAJANOV, V ZAVOJU 40B",997.0,630,0.6319,630,625,5,1.0,4,0.0064,0,0.0,20,0.032,221,0.3536,0,0.0,26,0.0416,4,0.0064,14,0.0224,9,0.0144,6,0.0096,15,0.024,18,0.0288,9,0.0144,10,0.016,174,0.2784,13,0.0208,34,0.0544,26,0.0416,12,0.0192,10,0.016,0,
2480,7,Maribor,8,Maribor 4,11,"OŠ B. POLANČIČ, PREŠERNOVA 19",554.0,320,0.5776,320,316,4,1.0,1,0.0032,1,0.0032,2,0.0063,150,0.4747,0,0.0,23,0.0728,0,0.0,13,0.0411,2,0.0063,7,0.0222,7,0.0222,15,0.0475,2,0.0063,3,0.0095,48,0.1519,5,0.0158,24,0.0759,10,0.0316,2,0.0063,1,0.0032,0,
2481,7,Maribor,8,Maribor 4,7,"OŠ B. POLANČIČ, PREŠERNOVA 19",738.0,437,0.5921,437,435,2,1.0,4,0.0092,1,0.0023,8,0.0184,173,0.3977,0,0.0,32,0.0736,0,0.0,18,0.0414,3,0.0069,4,0.0092,10,0.023,19,0.0437,15,0.0345,10,0.023,66,0.1517,7,0.0161,30,0.069,25,0.0575,8,0.0184,2,0.0046,0,
2482,7,Maribor,8,Maribor 4,8,"OŠ F.R. STANE, KERSNIKOVA 10",1025.0,620,0.6049,620,615,5,1.0,3,0.0049,2,0.0033,24,0.039,260,0.4228,1,0.0016,43,0.0699,0,0.0,26,0.0423,2,0.0033,13,0.0211,17,0.0276,26,0.0423,11,0.0179,7,0.0114,103,0.1675,7,0.0114,39,0.0634,17,0.0276,13,0.0211,1,0.0016,0,
2483,7,Maribor,8,Maribor 4,10,"OŠ F.R. STANE, KERSNIKOVA 10",729.0,424,0.5816,424,422,2,1.0,1,0.0024,0,0.0,7,0.0166,169,0.4005,0,0.0,21,0.0498,5,0.0118,14,0.0332,8,0.019,5,0.0118,11,0.0261,19,0.045,6,0.0142,16,0.0379,79,0.1872,6,0.0142,31,0.0735,15,0.0355,8,0.019,1,0.0024,0,
2484,7,Maribor,8,Maribor 4,15,"PROSTORI MČ CENTER, KACOVA 1",1057.0,535,0.5061,535,529,6,1.0,5,0.0095,0,0.0,21,0.0397,201,0.38,1,0.0019,36,0.0681,0,0.0,20,0.0378,7,0.0132,7,0.0132,13,0.0246,16,0.0302,13,0.0246,9,0.017,103,0.1947,7,0.0132,38,0.0718,25,0.0473,2,0.0038,5,0.0095,0,
2485,7,Maribor,8,Maribor 4,2,"RAZSTAVNI SALON, GRAJSKA UL. 7",1533.0,633,0.4129,633,628,5,1.0,7,0.0111,0,0.0,23,0.0366,244,0.3885,1,0.0016,43,0.0685,1,0.0016,18,0.0287,8,0.0127,10,0.0159,15,0.0239,26,0.0414,18,0.0287,14,0.0223,113,0.1799,14,0.0223,36,0.0573,20,0.0318,16,0.0255,1,0.0016,0,
2486,7,Maribor,8,Maribor 4,3,"RAZSTAVNI SALON, GRAJSKA UL.7",1056.0,528,0.5,528,526,2,1.0,5,0.0095,1,0.0019,21,0.0399,206,0.3916,0,0.0,30,0.057,0,0.0,14,0.0266,5,0.0095,9,0.0171,5,0.0095,23,0.0437,10,0.019,21,0.0399,97,0.1844,6,0.0114,39,0.0741,21,0.0399,10,0.019,3,0.0057,0,
2487,7,Maribor,8,Maribor 4,4,"SR.GRADBENA ŠOLA,SMETANOVA 35",570.0,258,0.4526,258,258,0,1.0,0,0.0,0,0.0,8,0.031,109,0.4225,0,0.0,9,0.0349,0,0.0,9,0.0349,1,0.0039,6,0.0233,8,0.031,11,0.0426,8,0.031,4,0.0155,49,0.1899,2,0.0078,17,0.0659,10,0.0388,6,0.0233,1,0.0039,0,
2488,7,Maribor,8,Maribor 4,17,"SR.GRADBENA ŠOLA,SMETANOVA 35",568.0,294,0.5176,294,293,1,1.0,2,0.0068,0,0.0,2,0.0068,110,0.3754,0,0.0,27,0.0922,0,0.0,13,0.0444,6,0.0205,6,0.0205,8,0.0273,17,0.058,6,0.0205,6,0.0205,52,0.1775,1,0.0034,20,0.0683,7,0.0239,8,0.0273,2,0.0068,0,
2489,7,Maribor,8,Maribor 4,18,"SR.GRADBENA ŠOLA,SMETANOVA 35",1075.0,588,0.547,588,583,5,1.0,5,0.0086,2,0.0034,25,0.0429,238,0.4082,0,0.0,34,0.0583,3,0.0051,24,0.0412,4,0.0069,9,0.0154,18,0.0309,12,0.0206,12,0.0206,8,0.0137,108,0.1852,7,0.012,37,0.0635,18,0.0309,15,0.0257,4,0.0069,0,
2490,7,Maribor,8,Maribor 4,19,"SR.GRADBENA ŠOLA,SMETANOVA 35",678.0,401,0.5914,401,398,3,1.0,3,0.0075,1,0.0025,19,0.0477,161,0.4045,0,0.0,29,0.0729,2,0.005,15,0.0377,1,0.0025,5,0.0126,10,0.0251,11,0.0276,3,0.0075,3,0.0075,71,0.1784,4,0.0101,27,0.0678,15,0.0377,12,0.0302,6,0.0151,0,
2491,7,Maribor,8,Maribor 4,20,"SR.GRADBENA ŠOLA,SMETANOVA 35",825.0,525,0.6364,525,518,7,1.0,0,0.0,1,0.0019,14,0.027,224,0.4324,0,0.0,36,0.0695,1,0.0019,14,0.027,6,0.0116,9,0.0174,13,0.0251,23,0.0444,7,0.0135,16,0.0309,85,0.1641,2,0.0039,32,0.0618,22,0.0425,10,0.0193,3,0.0058,0,
2492,7,Maribor,8,Maribor 4,901,PREDČASNO GLASOVANJE,,1836,,1836,1822,14,1.0,8,0.0044,3,0.0016,21,0.0115,827,0.4539,0,0.0,163,0.0895,6,0.0033,60,0.0329,10,0.0055,6,0.0033,46,0.0252,65,0.0357,24,0.0132,44,0.0241,250,0.1372,8,0.0044,160,0.0878,57,0.0313,54,0.0296,10,0.0055,0,
2493,7,Maribor,9,Maribor 5,9,"AMD BORIS KIDRIČ, UL. HEROJA ZIDANŠKA 8",1028.0,546,0.5311,546,545,1,1.0,1,0.0018,1,0.0018,23,0.0422,237,0.4349,0,0.0,42,0.0771,0,0.0,15,0.0275,4,0.0073,7,0.0128,9,0.0165,21,0.0385,11,0.0202,15,0.0275,96,0.1761,5,0.0092,35,0.0642,12,0.022,8,0.0147,3,0.0055,0,
2494,7,Maribor,9,Maribor 5,11,"DOM LIZIKE JANČAR, TITOVA 24A",986.0,586,0.5943,586,582,4,1.0,9,0.0155,1,0.0017,17,0.0292,241,0.4141,0,0.0,22,0.0378,2,0.0034,28,0.0481,6,0.0103,13,0.0223,10,0.0172,19,0.0326,11,0.0189,9,0.0155,114,0.1959,9,0.0155,39,0.067,18,0.0309,9,0.0155,5,0.0086,0,
2495,7,Maribor,9,Maribor 5,12,"DTV PARTIZAN, OSOJNIKOVA UL. 25",1021.0,623,0.6102,623,615,8,1.0,4,0.0065,2,0.0033,41,0.0667,225,0.3659,3,0.0049,23,0.0374,5,0.0081,12,0.0195,10,0.0163,12,0.0195,16,0.026,16,0.026,7,0.0114,15,0.0244,157,0.2553,11,0.0179,28,0.0455,15,0.0244,7,0.0114,6,0.0098,0,
2496,7,Maribor,9,Maribor 5,13,"DTV PARTIZAN, OSOJNIKOVA UL. 25",528.0,300,0.5682,300,297,3,1.0,1,0.0034,0,0.0,18,0.0606,117,0.3939,0,0.0,12,0.0404,2,0.0067,7,0.0236,5,0.0168,7,0.0236,11,0.037,8,0.0269,5,0.0168,6,0.0202,57,0.1919,4,0.0135,18,0.0606,10,0.0337,3,0.0101,6,0.0202,0,
2497,7,Maribor,9,Maribor 5,8,"MČ MAGDALENA, PRERADOVIČEVA UL. 1",604.0,379,0.6275,378,374,4,1.0,4,0.0107,1,0.0027,21,0.0561,151,0.4037,1,0.0027,15,0.0401,1,0.0027,7,0.0187,7,0.0187,5,0.0134,6,0.016,7,0.0187,8,0.0214,6,0.016,80,0.2139,5,0.0134,22,0.0588,17,0.0455,5,0.0134,5,0.0134,0,
2498,7,Maribor,9,Maribor 5,10,"MESTNI MLADINSKI SVET, TRG REVOLUCIJE 9",1266.0,646,0.5103,646,638,8,1.0,5,0.0078,1,0.0016,16,0.0251,256,0.4013,0,0.0,36,0.0564,1,0.0016,17,0.0266,7,0.011,13,0.0204,10,0.0157,37,0.058,14,0.0219,13,0.0204,117,0.1834,4,0.0063,57,0.0893,20,0.0313,10,0.0157,4,0.0063,0,
2499,7,Maribor,9,Maribor 5,17,"MESTNI MLADINSKI SVET, TRG REVOLUCIJE 9",762.0,359,0.4711,359,350,9,1.0,2,0.0057,1,0.0029,20,0.0571,126,0.36,2,0.0057,13,0.0371,3,0.0086,14,0.04,4,0.0114,6,0.0171,9,0.0257,15,0.0429,10,0.0286,6,0.0171,68,0.1943,5,0.0143,24,0.0686,11,0.0314,9,0.0257,2,0.0057,0,
2500,7,Maribor,9,Maribor 5,14,"OŠ BORCI ZA SEVERNO MEJO, BORCEV ZA SEV. MEJO 16",1184.0,723,0.6106,723,710,13,1.0,3,0.0042,5,0.007,27,0.038,271,0.3817,0,0.0,9,0.0127,3,0.0042,42,0.0592,13,0.0183,11,0.0155,5,0.007,17,0.0239,9,0.0127,15,0.0211,146,0.2056,8,0.0113,57,0.0803,14,0.0197,11,0.0155,44,0.062,0,
2501,7,Maribor,9,Maribor 5,15,"OŠ DRAGA KOBALA, TOLSTOJEVA UL. 3",966.0,625,0.647,624,619,5,1.0,2,0.0032,2,0.0032,21,0.0339,263,0.4249,0,0.0,28,0.0452,0,0.0,12,0.0194,8,0.0129,16,0.0258,15,0.0242,27,0.0436,12,0.0194,13,0.021,122,0.1971,14,0.0226,36,0.0582,16,0.0258,8,0.0129,4,0.0065,0,
2502,7,Maribor,9,Maribor 5,16,"OŠ DRAGA KOBALA, TOLSTOJEVA UL. 3",1011.0,621,0.6142,621,620,1,1.0,4,0.0065,3,0.0048,31,0.05,237,0.3823,0,0.0,29,0.0468,2,0.0032,16,0.0258,13,0.021,4,0.0065,8,0.0129,25,0.0403,8,0.0129,13,0.021,136,0.2194,13,0.021,45,0.0726,20,0.0323,7,0.0113,6,0.0097,0,
2503,7,Maribor,9,Maribor 5,1,"OŠ JANKO PADEŽNIK, IZTOKOVA UL.6",731.0,386,0.528,386,385,1,1.0,3,0.0078,1,0.0026,18,0.0468,146,0.3792,2,0.0052,22,0.0571,1,0.0026,10,0.026,7,0.0182,3,0.0078,7,0.0182,17,0.0442,6,0.0156,10,0.026,85,0.2208,10,0.026,20,0.0519,11,0.0286,3,0.0078,3,0.0078,0,
2504,7,Maribor,9,Maribor 5,2,"OŠ JANKO PADEŽNIK, IZTOKOVA UL.6",957.0,593,0.6196,593,582,11,1.0,4,0.0069,4,0.0069,21,0.0361,248,0.4261,0,0.0,25,0.043,2,0.0034,14,0.0241,8,0.0137,7,0.012,0,0.0,23,0.0395,7,0.012,13,0.0223,135,0.232,5,0.0086,42,0.0722,15,0.0258,4,0.0069,5,0.0086,0,
2505,7,Maribor,9,Maribor 5,3,"PROMETNA ŠOLA, PRERADOVIČEVA UL.33",1079.0,722,0.6691,722,717,5,1.0,0,0.0,3,0.0042,19,0.0265,300,0.4184,0,0.0,29,0.0404,2,0.0028,28,0.0391,6,0.0084,13,0.0181,20,0.0279,44,0.0614,16,0.0223,20,0.0279,135,0.1883,6,0.0084,36,0.0502,24,0.0335,13,0.0181,3,0.0042,0,
2506,7,Maribor,9,Maribor 5,4,"PROMETNA ŠOLA, PRERADOVIČEVA UL.33",707.0,462,0.6535,462,460,2,1.0,2,0.0043,2,0.0043,19,0.0413,206,0.4478,0,0.0,26,0.0565,1,0.0022,13,0.0283,2,0.0043,5,0.0109,2,0.0043,20,0.0435,10,0.0217,4,0.0087,92,0.2,8,0.0174,26,0.0565,15,0.0326,4,0.0087,3,0.0065,0,
2507,7,Maribor,9,Maribor 5,5,"PROMETNA ŠOLA, PRERADOVIČEVA UL.33",667.0,428,0.6417,428,428,0,1.0,5,0.0117,1,0.0023,13,0.0304,165,0.3855,0,0.0,20,0.0467,0,0.0,12,0.028,4,0.0093,15,0.035,10,0.0234,11,0.0257,7,0.0164,14,0.0327,95,0.222,2,0.0047,22,0.0514,19,0.0444,8,0.0187,5,0.0117,0,
2508,7,Maribor,9,Maribor 5,6,"PROMETNA ŠOLA, PRERADOVIČEVA UL.33",1027.0,617,0.6008,616,614,2,1.0,5,0.0081,1,0.0016,28,0.0456,272,0.443,0,0.0,37,0.0603,3,0.0049,15,0.0244,4,0.0065,11,0.0179,5,0.0081,19,0.0309,8,0.013,8,0.013,118,0.1922,8,0.013,29,0.0472,27,0.044,9,0.0147,7,0.0114,0,
2509,7,Maribor,9,Maribor 5,7,"PROMETNA ŠOLA, PRERADOVIČEVA UL.33",803.0,410,0.5106,410,407,3,1.0,3,0.0074,0,0.0,19,0.0467,163,0.4005,1,0.0025,27,0.0663,1,0.0025,21,0.0516,2,0.0049,9,0.0221,2,0.0049,17,0.0418,16,0.0393,2,0.0049,84,0.2064,2,0.0049,27,0.0663,6,0.0147,2,0.0049,3,0.0074,0,
2510,7,Maribor,9,Maribor 5,901,PREDČASNO GLASOVANJE,,1250,,1247,1231,16,1.0,6,0.0049,1,0.0008,34,0.0276,549,0.446,0,0.0,105,0.0853,0,0.0,37,0.0301,12,0.0097,10,0.0081,29,0.0236,49,0.0398,20,0.0162,27,0.0219,188,0.1527,8,0.0065,90,0.0731,34,0.0276,24,0.0195,8,0.0065,0,
2511,7,Maribor,10,Maribor 6,19,"DOM KRAJANOV, RAZVANJSKA 22",1102.0,774,0.7024,774,766,8,1.0,4,0.0052,0,0.0,23,0.03,296,0.3864,0,0.0,30,0.0392,1,0.0013,39,0.0509,9,0.0117,5,0.0065,15,0.0196,41,0.0535,13,0.017,32,0.0418,167,0.218,9,0.0117,52,0.0679,18,0.0235,6,0.0078,6,0.0078,0,
2512,7,Maribor,10,Maribor 6,5,"DRAŠ CENTER, POHORSKA 57",847.0,540,0.6375,540,537,3,1.0,1,0.0019,1,0.0019,8,0.0149,202,0.3762,0,0.0,22,0.041,1,0.0019,19,0.0354,4,0.0074,2,0.0037,8,0.0149,35,0.0652,1,0.0019,18,0.0335,139,0.2588,6,0.0112,35,0.0652,16,0.0298,10,0.0186,9,0.0168,0,
2513,7,Maribor,10,Maribor 6,2,"HIŠNI SVET, BOROVA VAS 24",1341.0,857,0.6391,857,850,7,1.0,5,0.0059,1,0.0012,33,0.0388,362,0.4259,2,0.0024,50,0.0588,0,0.0,32,0.0376,10,0.0118,16,0.0188,15,0.0176,44,0.0518,15,0.0176,11,0.0129,145,0.1706,12,0.0141,45,0.0529,33,0.0388,15,0.0176,4,0.0047,0,
2514,7,Maribor,10,Maribor 6,15,"HIŠNI SVET, KNAFELČEVA 28",1358.0,875,0.6443,875,860,15,1.0,5,0.0058,0,0.0,25,0.0291,339,0.3942,2,0.0023,48,0.0558,3,0.0035,29,0.0337,8,0.0093,11,0.0128,14,0.0163,32,0.0372,27,0.0314,12,0.014,179,0.2081,10,0.0116,68,0.0791,38,0.0442,3,0.0035,7,0.0081,0,
2515,7,Maribor,10,Maribor 6,16,"JZ GASILSKA BRIGADA, C. PROLETARSKIH BRIGAD 21",599.0,313,0.5225,313,311,2,1.0,3,0.0096,1,0.0032,11,0.0354,134,0.4309,0,0.0,16,0.0514,0,0.0,8,0.0257,2,0.0064,6,0.0193,6,0.0193,16,0.0514,7,0.0225,10,0.0322,53,0.1704,7,0.0225,16,0.0514,7,0.0225,3,0.0096,5,0.0161,0,
2516,7,Maribor,10,Maribor 6,17,"JZ GASILSKA BRIGADA, C. PROLETARSKIH BRIGAD 21",1170.0,605,0.5171,605,598,7,1.0,3,0.005,0,0.0,30,0.0502,238,0.398,2,0.0033,31,0.0518,0,0.0,20,0.0334,3,0.005,12,0.0201,20,0.0334,28,0.0468,8,0.0134,6,0.01,131,0.2191,4,0.0067,41,0.0686,13,0.0217,2,0.0033,6,0.01,0,
2517,7,Maribor,10,Maribor 6,3,"MČ RADVANJE, LACKOVA 43",1101.0,733,0.6658,733,726,7,1.0,1,0.0014,1,0.0014,22,0.0303,275,0.3788,0,0.0,35,0.0482,1,0.0014,15,0.0207,16,0.022,16,0.022,9,0.0124,33,0.0455,22,0.0303,40,0.0551,159,0.219,11,0.0152,42,0.0579,16,0.022,8,0.011,4,0.0055,0,
2518,7,Maribor,10,Maribor 6,11,"OŠ LEONA ŠTUKLJA,KLINETOVA 18",792.0,544,0.6869,544,538,6,1.0,4,0.0074,0,0.0,22,0.0409,237,0.4405,1,0.0019,18,0.0335,4,0.0074,14,0.026,4,0.0074,12,0.0223,7,0.013,15,0.0279,16,0.0297,7,0.013,79,0.1468,4,0.0074,49,0.0911,23,0.0428,4,0.0074,18,0.0335,0,
2519,7,Maribor,10,Maribor 6,12,"OŠ LEONA ŠTUKLJA,KLINETOVA 18",827.0,570,0.6892,569,563,6,1.0,1,0.0018,0,0.0,17,0.0302,237,0.421,3,0.0053,31,0.0551,1,0.0018,22,0.0391,10,0.0178,11,0.0195,12,0.0213,20,0.0355,11,0.0195,10,0.0178,102,0.1812,6,0.0107,40,0.071,17,0.0302,12,0.0213,0,0.0,0,
2520,7,Maribor,10,Maribor 6,1,"OŠ LUDVIKA PLIBERŠKA, LACKOVA 4",1435.0,965,0.6725,965,961,4,1.0,3,0.0031,1,0.001,32,0.0333,379,0.3944,3,0.0031,55,0.0572,1,0.001,36,0.0375,9,0.0094,15,0.0156,14,0.0146,32,0.0333,24,0.025,23,0.0239,186,0.1935,12,0.0125,81,0.0843,26,0.0271,15,0.0156,14,0.0146,0,
2521,7,Maribor,10,Maribor 6,14,"OŠ TABOR I, A. TOVORNIKA 21",782.0,486,0.6215,481,479,2,1.0,8,0.0167,0,0.0,9,0.0188,201,0.4196,1,0.0021,24,0.0501,3,0.0063,23,0.048,7,0.0146,9,0.0188,4,0.0084,11,0.023,9,0.0188,8,0.0167,108,0.2255,3,0.0063,25,0.0522,16,0.0334,5,0.0104,5,0.0104,0,
2522,7,Maribor,10,Maribor 6,9,"OŠ TABOR I, A. TOVORNIKA 21",1388.0,949,0.6837,949,938,11,1.0,5,0.0053,3,0.0032,21,0.0224,413,0.4403,2,0.0021,40,0.0426,7,0.0075,19,0.0203,8,0.0085,16,0.0171,13,0.0139,35,0.0373,14,0.0149,15,0.016,190,0.2026,11,0.0117,66,0.0704,44,0.0469,12,0.0128,4,0.0043,0,
2523,7,Maribor,10,Maribor 6,8,"PROSTORI MČ, RADVANJSKA 65",833.0,563,0.6759,563,559,4,1.0,2,0.0036,2,0.0036,13,0.0233,223,0.3989,0,0.0,25,0.0447,2,0.0036,16,0.0286,8,0.0143,14,0.025,17,0.0304,18,0.0322,12,0.0215,13,0.0233,108,0.1932,16,0.0286,35,0.0626,13,0.0233,12,0.0215,10,0.0179,0,
2524,7,Maribor,10,Maribor 6,4,"VRTEC RADVANJE, GRIZOLDOVA 1",844.0,549,0.6505,549,547,2,1.0,0,0.0,1,0.0018,13,0.0238,201,0.3675,1,0.0018,16,0.0293,4,0.0073,21,0.0384,7,0.0128,9,0.0165,12,0.0219,33,0.0603,16,0.0293,19,0.0347,116,0.2121,3,0.0055,33,0.0603,29,0.053,8,0.0146,5,0.0091,0,
2525,7,Maribor,10,Maribor 6,10,"ZD POSTAJA, CESTA PROLETARSKIH BRIGAD 71",727.0,490,0.674,490,489,1,1.0,5,0.0102,0,0.0,22,0.045,204,0.4172,3,0.0061,27,0.0552,1,0.002,11,0.0225,0,0.0,11,0.0225,6,0.0123,18,0.0368,10,0.0204,11,0.0225,83,0.1697,6,0.0123,26,0.0532,30,0.0613,5,0.0102,10,0.0204,0,
2526,7,Maribor,10,Maribor 6,901,PREDČASNO GLASOVANJE,,1271,,1271,1268,3,1.0,6,0.0047,1,0.0008,18,0.0142,603,0.4756,1,0.0008,94,0.0741,1,0.0008,40,0.0315,12,0.0095,22,0.0174,22,0.0174,38,0.03,15,0.0118,35,0.0276,188,0.1483,7,0.0055,116,0.0915,36,0.0284,8,0.0063,5,0.0039,0,
2527,7,Maribor,11,Maribor 7,2,"HS, RADVANJSKA 61",540.0,308,0.5704,308,299,9,1.0,2,0.0067,1,0.0033,6,0.0201,130,0.4348,0,0.0,22,0.0736,1,0.0033,11,0.0368,2,0.0067,5,0.0167,5,0.0167,4,0.0134,7,0.0234,3,0.01,61,0.204,3,0.01,17,0.0569,8,0.0268,8,0.0268,3,0.01,0,
2528,7,Maribor,11,Maribor 7,3,"HS, RADVANJSKA 61",996.0,652,0.6546,651,649,2,1.0,1,0.0015,2,0.0031,23,0.0354,266,0.4099,2,0.0031,39,0.0601,2,0.0031,27,0.0416,6,0.0092,19,0.0293,7,0.0108,29,0.0447,16,0.0247,13,0.02,111,0.171,11,0.0169,33,0.0508,35,0.0539,3,0.0046,4,0.0062,0,
2529,7,Maribor,11,Maribor 7,11,"MČ TABOR, METELKOVA 63",780.0,398,0.5103,398,398,0,1.0,1,0.0025,0,0.0,7,0.0176,152,0.3819,1,0.0025,33,0.0829,1,0.0025,4,0.0101,8,0.0201,12,0.0302,1,0.0025,14,0.0352,10,0.0251,7,0.0176,95,0.2387,6,0.0151,26,0.0653,11,0.0276,4,0.0101,5,0.0126,0,
2530,7,Maribor,11,Maribor 7,7,"OŠ A. BESEDNJAK, CELJSKA 11",671.0,384,0.5723,381,376,5,1.0,4,0.0106,4,0.0106,11,0.0293,166,0.4415,1,0.0027,13,0.0346,1,0.0027,7,0.0186,8,0.0213,3,0.008,8,0.0213,11,0.0293,6,0.016,9,0.0239,72,0.1915,6,0.016,23,0.0612,15,0.0399,4,0.0106,4,0.0106,0,
2531,7,Maribor,11,Maribor 7,8,"OŠ A. BESEDNJAK, CELJSKA 11",1106.0,633,0.5723,633,627,6,1.0,8,0.0128,1,0.0016,22,0.0351,256,0.4083,2,0.0032,36,0.0574,7,0.0112,20,0.0319,11,0.0175,8,0.0128,9,0.0144,18,0.0287,20,0.0319,9,0.0144,132,0.2105,4,0.0064,35,0.0558,17,0.0271,8,0.0128,4,0.0064,0,
2532,7,Maribor,11,Maribor 7,10,"OŠ A. BESEDNJAK, CELJSKA 11",833.0,367,0.4406,367,364,3,1.0,1,0.0027,0,0.0,15,0.0412,141,0.3874,0,0.0,21,0.0577,2,0.0055,17,0.0467,6,0.0165,6,0.0165,4,0.011,17,0.0467,7,0.0192,9,0.0247,72,0.1978,7,0.0192,28,0.0769,7,0.0192,1,0.0027,3,0.0082,0,
2533,7,Maribor,11,Maribor 7,13,"OŠ BORCEV ZA SEVERNO MEJO, BORCEV ZA SEV. MEJO 16",1569.0,966,0.6157,966,959,7,1.0,5,0.0052,2,0.0021,45,0.0469,380,0.3962,0,0.0,55,0.0574,1,0.001,25,0.0261,7,0.0073,16,0.0167,13,0.0136,44,0.0459,23,0.024,24,0.025,211,0.22,9,0.0094,66,0.0688,21,0.0219,5,0.0052,7,0.0073,0,
2534,7,Maribor,11,Maribor 7,19,"OŠ MARTIN KONŠAK, PREKMURSKA 67",749.0,426,0.5688,426,424,2,1.0,4,0.0094,2,0.0047,23,0.0542,145,0.342,1,0.0024,14,0.033,4,0.0094,15,0.0354,2,0.0047,8,0.0189,8,0.0189,12,0.0283,7,0.0165,16,0.0377,104,0.2453,7,0.0165,30,0.0708,11,0.0259,7,0.0165,4,0.0094,0,
2535,7,Maribor,11,Maribor 7,20,"OŠ MARTIN KONŠAK, PREKMURSKA 67",1074.0,546,0.5084,546,537,9,1.0,7,0.013,1,0.0019,26,0.0484,211,0.3929,2,0.0037,16,0.0298,0,0.0,18,0.0335,10,0.0186,6,0.0112,6,0.0112,15,0.0279,6,0.0112,13,0.0242,127,0.2365,17,0.0317,36,0.067,7,0.013,6,0.0112,7,0.013,0,
2536,7,Maribor,11,Maribor 7,15,"OŠ S. KLAVORA, ŠTREKLJEVA 31",1074.0,583,0.5428,583,573,10,1.0,1,0.0017,0,0.0,38,0.0663,212,0.37,3,0.0052,26,0.0454,1,0.0017,19,0.0332,4,0.007,13,0.0227,6,0.0105,12,0.0209,12,0.0209,5,0.0087,131,0.2286,14,0.0244,40,0.0698,19,0.0332,5,0.0087,12,0.0209,0,
2537,7,Maribor,11,Maribor 7,17,"OŠ S. KLAVORA, ŠTREKLJEVA 31",1330.0,841,0.6323,841,827,14,1.0,8,0.0097,4,0.0048,48,0.058,343,0.4148,2,0.0024,26,0.0314,2,0.0024,19,0.023,11,0.0133,5,0.006,4,0.0048,38,0.0459,14,0.0169,10,0.0121,168,0.2031,13,0.0157,47,0.0568,38,0.0459,18,0.0218,9,0.0109,0,
2538,7,Maribor,11,Maribor 7,6,"PROSTORI DU, GORKEGA 48",733.0,441,0.6016,441,432,9,1.0,1,0.0023,0,0.0,25,0.0579,178,0.412,0,0.0,22,0.0509,4,0.0093,7,0.0162,6,0.0139,6,0.0139,7,0.0162,12,0.0278,6,0.0139,10,0.0231,92,0.213,8,0.0185,34,0.0787,9,0.0208,4,0.0093,1,0.0023,0,
2539,7,Maribor,11,Maribor 7,5,"VRTEC JADVIGE GOLEŽ, BETNAVSKA CESTA 100",814.0,476,0.5848,476,473,3,1.0,7,0.0148,3,0.0063,9,0.019,175,0.37,1,0.0021,32,0.0677,1,0.0021,23,0.0486,5,0.0106,12,0.0254,9,0.019,19,0.0402,10,0.0211,10,0.0211,86,0.1818,6,0.0127,35,0.074,11,0.0233,9,0.019,10,0.0211,0,
2540,7,Maribor,11,Maribor 7,1,"VRTEC JADVIGE GOLEŽ, BETNAVSKA CESTA 100",785.0,475,0.6051,475,471,4,1.0,1,0.0021,0,0.0,25,0.0531,209,0.4437,0,0.0,28,0.0594,1,0.0021,24,0.051,3,0.0064,6,0.0127,4,0.0085,16,0.034,10,0.0212,10,0.0212,65,0.138,2,0.0042,28,0.0594,25,0.0531,8,0.017,6,0.0127,0,
2541,7,Maribor,11,Maribor 7,901,PREDČASNO GLASOVANJE,,1015,,1015,1011,4,1.0,5,0.0049,1,0.001,24,0.0237,481,0.4758,2,0.002,71,0.0702,0,0.0,21,0.0208,15,0.0148,10,0.0099,22,0.0218,33,0.0326,19,0.0188,22,0.0218,160,0.1583,10,0.0099,71,0.0702,25,0.0247,15,0.0148,4,0.004,0,
2542,8,Ptuj,1,Lendava,3,BREZOVICA - V PROSTORIH MEDGENERACIJSKEGA CENTRA,170.0,101,0.5941,101,100,1,1.0,1,0.01,0,0.0,4,0.04,23,0.23,0,,1,0.01,0,0.0,1,0.01,0,0.0,0,0.0,0,0.0,30,0.3,1,0.01,0,0.0,36,0.36,1,0.01,1,0.01,1,0.01,0,0.0,0,0.0,0,0.0
2543,8,Ptuj,1,Lendava,14,ČENTIBA - VAŠKI DOM,664.0,388,0.5843,388,381,7,1.0,3,0.0079,0,0.0,11,0.0289,100,0.2625,0,,11,0.0289,0,0.0,7,0.0184,6,0.0157,3,0.0079,6,0.0157,13,0.0341,4,0.0105,9,0.0236,180,0.4724,2,0.0052,12,0.0315,9,0.0236,3,0.0079,1,0.0026,1,0.0026
2544,8,Ptuj,1,Lendava,4,ČRENŠOVCI I - V PROSTORIH KULTURNE DVORANE,402.0,275,0.6841,275,274,1,1.0,4,0.0146,2,0.0073,12,0.0438,83,0.3029,0,,0,0.0,0,0.0,5,0.0182,4,0.0146,2,0.0073,1,0.0036,56,0.2044,6,0.0219,0,0.0,82,0.2993,2,0.0073,10,0.0365,3,0.0109,1,0.0036,0,0.0,1,0.0036
2545,8,Ptuj,1,Lendava,46,ČRENŠOVCI II - V PROSTORIH KULTURNE DVORANE,518.0,296,0.5714,296,295,1,1.0,1,0.0034,0,0.0,4,0.0136,91,0.3085,0,,4,0.0136,0,0.0,9,0.0305,3,0.0102,1,0.0034,4,0.0136,59,0.2,6,0.0203,9,0.0305,76,0.2576,4,0.0136,17,0.0576,4,0.0136,3,0.0102,0,0.0,0,0.0
2546,8,Ptuj,1,Lendava,30,DOBROVNIK I - KULTURNI DOM,266.0,142,0.5338,142,138,4,1.0,0,0.0,0,0.0,4,0.029,37,0.2681,0,,6,0.0435,1,0.0072,3,0.0217,6,0.0435,6,0.0435,1,0.0072,9,0.0652,1,0.0072,5,0.0362,51,0.3696,1,0.0072,7,0.0507,0,0.0,0,0.0,0,0.0,0,0.0
2547,8,Ptuj,1,Lendava,44,DOBROVNIK II - V PROSTORIH DOŠ V DOBROVNIKU,530.0,319,0.6019,319,314,5,1.0,0,0.0,0,0.0,12,0.0382,83,0.2643,0,,10,0.0318,0,0.0,12,0.0382,4,0.0127,6,0.0191,3,0.0096,24,0.0764,9,0.0287,8,0.0255,106,0.3376,9,0.0287,20,0.0637,5,0.0159,2,0.0064,1,0.0032,0,0.0
2548,8,Ptuj,1,Lendava,18,DOLG. GORICE-VEČNAMENSKI OBJEKT V LENDAV. GORICAH,248.0,116,0.4677,116,114,2,1.0,0,0.0,0,0.0,2,0.0175,40,0.3509,0,,1,0.0088,0,0.0,2,0.0175,1,0.0088,4,0.0351,4,0.0351,2,0.0175,0,0.0,2,0.0175,49,0.4298,2,0.0175,2,0.0175,1,0.0088,2,0.0175,0,0.0,0,0.0
2549,8,Ptuj,1,Lendava,19,DOLGA VAS - VAŠKI DOM,511.0,285,0.5577,285,280,5,1.0,6,0.0214,0,0.0,7,0.025,81,0.2893,0,,13,0.0464,0,0.0,6,0.0214,7,0.025,2,0.0071,3,0.0107,2,0.0071,3,0.0107,7,0.025,133,0.475,2,0.0071,5,0.0179,2,0.0071,1,0.0036,0,0.0,0,0.0
2550,8,Ptuj,1,Lendava,13,DOLINA  - VAŠKO-GASILSKI DOM,286.0,175,0.6119,175,173,2,1.0,5,0.0289,0,0.0,3,0.0173,24,0.1387,0,,6,0.0347,1,0.0058,2,0.0116,5,0.0289,6,0.0347,13,0.0751,6,0.0347,1,0.0058,2,0.0116,90,0.5202,3,0.0173,2,0.0116,1,0.0058,1,0.0058,2,0.0116,0,0.0
2551,8,Ptuj,1,Lendava,7,DOLNJA BISTRICA - VAŠKO GASILSKI DOM,463.0,301,0.6501,301,298,3,1.0,3,0.0101,0,0.0,13,0.0436,98,0.3289,0,,8,0.0268,0,0.0,6,0.0201,2,0.0067,0,0.0,3,0.0101,43,0.1443,0,0.0,7,0.0235,84,0.2819,5,0.0168,15,0.0503,8,0.0268,3,0.0101,0,0.0,0,0.0
2552,8,Ptuj,1,Lendava,32,DOLNJI LAKOŠ - VAŠKI DOM,190.0,126,0.6632,126,125,1,1.0,2,0.016,0,0.0,3,0.024,28,0.224,0,,3,0.024,0,0.0,1,0.008,5,0.04,1,0.008,2,0.016,6,0.048,4,0.032,0,0.0,64,0.512,1,0.008,3,0.024,2,0.016,0,0.0,0,0.0,0,0.0
2553,8,Ptuj,1,Lendava,33,GABERJE - VAŠKI DOM,420.0,278,0.6619,278,275,3,1.0,3,0.0109,1,0.0036,7,0.0255,97,0.3527,0,,5,0.0182,1,0.0036,3,0.0109,4,0.0145,10,0.0364,6,0.0218,9,0.0327,4,0.0145,5,0.0182,104,0.3782,4,0.0145,7,0.0255,0,0.0,3,0.0109,2,0.0073,0,0.0
2554,8,Ptuj,1,Lendava,25,GENTEROVCI - DVOJEZIČNA OSNOVNA ŠOLA,149.0,82,0.5503,82,81,1,1.0,3,0.037,0,0.0,2,0.0247,17,0.2099,0,,4,0.0494,0,0.0,8,0.0988,0,0.0,6,0.0741,0,0.0,2,0.0247,0,0.0,2,0.0247,33,0.4074,1,0.0123,2,0.0247,0,0.0,1,0.0123,0,0.0,0,0.0
2555,8,Ptuj,1,Lendava,40,"GOMILICA - VAŠKI, KULTURNI IN GASILSKI DOM",508.0,321,0.6319,321,315,6,1.0,7,0.0222,0,0.0,10,0.0317,64,0.2032,0,,4,0.0127,1,0.0032,8,0.0254,11,0.0349,2,0.0063,1,0.0032,57,0.181,6,0.019,6,0.019,118,0.3746,9,0.0286,5,0.0159,0,0.0,1,0.0032,4,0.0127,1,0.0032
2556,8,Ptuj,1,Lendava,9,GORNJA BISTRICA - PROSTORI GASILSKEGA DOMA,616.0,378,0.6136,378,375,3,1.0,4,0.0107,2,0.0053,7,0.0187,131,0.3493,0,,5,0.0133,0,0.0,6,0.016,6,0.016,6,0.016,7,0.0187,67,0.1787,1,0.0027,8,0.0213,91,0.2427,6,0.016,20,0.0533,7,0.0187,1,0.0027,0,0.0,0,0.0
2557,8,Ptuj,1,Lendava,31,GORNJI LAKOŠ - STARA ŠOLA,309.0,191,0.6181,191,189,2,1.0,1,0.0053,1,0.0053,8,0.0423,59,0.3122,0,,4,0.0212,0,0.0,1,0.0053,3,0.0159,2,0.0106,7,0.037,8,0.0423,3,0.0159,4,0.0212,78,0.4127,1,0.0053,6,0.0317,0,0.0,2,0.0106,0,0.0,1,0.0053
2558,8,Ptuj,1,Lendava,36,HOTIZA - ZADRUŽNI DOM V HOTIZI,635.0,404,0.6362,404,404,0,1.0,0,0.0,0,0.0,13,0.0322,142,0.3515,0,,9,0.0223,0,0.0,5,0.0124,8,0.0198,5,0.0124,2,0.005,49,0.1213,2,0.005,6,0.0149,153,0.3787,4,0.0099,3,0.0074,3,0.0074,0,0.0,0,0.0,0,0.0
2559,8,Ptuj,1,Lendava,26,KAMOVCI - VAŠKI DOM,84.0,51,0.6071,51,49,2,1.0,4,0.0816,0,0.0,2,0.0408,14,0.2857,0,,0,0.0,0,0.0,1,0.0204,0,0.0,0,0.0,0,0.0,4,0.0816,1,0.0204,2,0.0408,18,0.3673,2,0.0408,1,0.0204,0,0.0,0,0.0,0,0.0,0,0.0
2560,8,Ptuj,1,Lendava,34,KAPCA - STARA ŠOLA,348.0,234,0.6724,234,233,1,1.0,0,0.0,0,0.0,13,0.0558,60,0.2575,0,,4,0.0172,0,0.0,4,0.0172,2,0.0086,3,0.0129,2,0.0086,8,0.0343,2,0.0086,1,0.0043,116,0.4979,3,0.0129,9,0.0386,0,0.0,0,0.0,5,0.0215,1,0.0043
2561,8,Ptuj,1,Lendava,10,KOBILJE - ŠPORTNO MEDGENERACIJSKI CENTER,454.0,327,0.7203,327,323,4,1.0,1,0.0031,0,0.0,4,0.0124,66,0.2043,0,,3,0.0093,0,0.0,26,0.0805,3,0.0093,1,0.0031,0,0.0,25,0.0774,4,0.0124,75,0.2322,76,0.2353,8,0.0248,15,0.0464,5,0.0155,9,0.0279,1,0.0031,1,0.0031
2562,8,Ptuj,1,Lendava,35,KOT - VAŠKI DOM,94.0,69,0.734,69,69,0,1.0,0,0.0,0,0.0,4,0.058,13,0.1884,0,,1,0.0145,0,0.0,2,0.029,0,0.0,1,0.0145,2,0.029,3,0.0435,2,0.029,1,0.0145,38,0.5507,1,0.0145,0,0.0,0,0.0,1,0.0145,0,0.0,0,0.0
2563,8,Ptuj,1,Lendava,21,LENDAVA I - DVOJEZIČNA OSNOVNA ŠOLA I LENDAVA,688.0,399,0.5799,399,398,1,1.0,6,0.0151,1,0.0025,13,0.0327,148,0.3719,0,,19,0.0477,2,0.005,9,0.0226,5,0.0126,9,0.0226,8,0.0201,15,0.0377,5,0.0126,1,0.0025,102,0.2563,2,0.005,40,0.1005,9,0.0226,1,0.0025,3,0.0075,0,0.0
2564,8,Ptuj,1,Lendava,22,LENDAVA II-CENTER ZA ZAŠČITO IN REŠEVANJE,660.0,354,0.5364,354,351,3,1.0,5,0.0142,0,0.0,14,0.0399,135,0.3846,0,,15,0.0427,0,0.0,6,0.0171,6,0.0171,8,0.0228,3,0.0085,27,0.0769,4,0.0114,2,0.0057,95,0.2707,2,0.0057,18,0.0513,4,0.0114,1,0.0028,5,0.0142,1,0.0028
2565,8,Ptuj,1,Lendava,23,"LENDAVA III-DOŠ II LENDAVA, UL. HEROJA MOHORJA 1",826.0,424,0.5133,424,420,4,1.0,1,0.0024,4,0.0095,13,0.031,177,0.4214,0,,11,0.0262,0,0.0,19,0.0452,2,0.0048,5,0.0119,9,0.0214,23,0.0548,8,0.019,6,0.0143,102,0.2429,4,0.0095,26,0.0619,8,0.019,1,0.0024,1,0.0024,0,0.0
2566,8,Ptuj,1,Lendava,17,LENDAVSKE GORICE - VEČNAMENSKI OBJEKT,544.0,326,0.5993,326,323,3,1.0,6,0.0186,0,0.0,8,0.0248,126,0.3901,0,,17,0.0526,0,0.0,5,0.0155,1,0.0031,10,0.031,3,0.0093,17,0.0526,4,0.0124,8,0.0248,75,0.2322,3,0.0093,33,0.1022,4,0.0124,2,0.0062,0,0.0,1,0.0031
2567,8,Ptuj,1,Lendava,2,MALA POLANA-MEDGENERACIJSKI CENTER (BUKOVJE),281.0,176,0.6263,176,173,3,1.0,1,0.0058,0,0.0,6,0.0347,25,0.1445,0,,3,0.0173,0,0.0,3,0.0173,5,0.0289,5,0.0289,2,0.0116,38,0.2197,1,0.0058,6,0.0347,69,0.3988,3,0.0173,5,0.0289,1,0.0058,0,0.0,0,0.0,0,0.0
2568,8,Ptuj,1,Lendava,24,"MOSTJE - V PROSTORIH NK MOSTJE, MOSTJE 39",328.0,191,0.5823,191,190,1,1.0,5,0.0263,0,0.0,7,0.0368,92,0.4842,0,,3,0.0158,0,0.0,0,0.0,5,0.0263,4,0.0211,1,0.0053,10,0.0526,0,0.0,5,0.0263,46,0.2421,3,0.0158,6,0.0316,1,0.0053,2,0.0105,0,0.0,0,0.0
2569,8,Ptuj,1,Lendava,41,NEDELICA - VAŠKO GASILSKI DOM,456.0,285,0.625,285,281,4,1.0,6,0.0214,2,0.0071,7,0.0249,86,0.306,0,,3,0.0107,0,0.0,2,0.0071,4,0.0142,1,0.0036,2,0.0071,35,0.1246,6,0.0214,9,0.032,102,0.363,4,0.0142,9,0.032,2,0.0071,1,0.0036,0,0.0,0,0.0
2570,8,Ptuj,1,Lendava,37,ODRANCI I - VAŠKI DOM,450.0,286,0.6356,286,280,6,1.0,1,0.0036,0,0.0,6,0.0214,81,0.2893,0,,6,0.0214,0,0.0,6,0.0214,5,0.0179,5,0.0179,7,0.025,46,0.1643,1,0.0036,10,0.0357,71,0.2536,11,0.0393,15,0.0536,6,0.0214,1,0.0036,1,0.0036,1,0.0036
2571,8,Ptuj,1,Lendava,38,ODRANCI II - VAŠKI DOM,428.0,288,0.6729,288,283,5,1.0,0,0.0,0,0.0,17,0.0601,79,0.2792,0,,4,0.0141,0,0.0,7,0.0247,7,0.0247,4,0.0141,1,0.0035,39,0.1378,7,0.0247,2,0.0071,85,0.3004,8,0.0283,12,0.0424,11,0.0389,0,0.0,0,0.0,0,0.0
2572,8,Ptuj,1,Lendava,39,ODRANCI III - VAŠKI DOM,452.0,289,0.6394,289,286,3,1.0,4,0.014,0,0.0,14,0.049,77,0.2692,0,,4,0.014,0,0.0,12,0.042,4,0.014,2,0.007,0,0.0,62,0.2168,3,0.0105,4,0.014,81,0.2832,6,0.021,9,0.0315,3,0.0105,0,0.0,1,0.0035,0,0.0
2573,8,Ptuj,1,Lendava,15,PETIŠOVCI I - GASILSKI DOM,485.0,261,0.5381,261,260,1,1.0,3,0.0115,0,0.0,6,0.0231,98,0.3769,0,,5,0.0192,0,0.0,11,0.0423,4,0.0154,2,0.0077,3,0.0115,8,0.0308,3,0.0115,3,0.0115,93,0.3577,3,0.0115,11,0.0423,5,0.0192,1,0.0038,0,0.0,1,0.0038
2574,8,Ptuj,1,Lendava,16,PETIŠOVCI II - VAŠKI DOM,160.0,77,0.4812,77,77,0,1.0,1,0.013,0,0.0,0,0.0,27,0.3506,0,,0,0.0,0,0.0,3,0.039,2,0.026,2,0.026,2,0.026,1,0.013,0,0.0,2,0.026,25,0.3247,3,0.039,6,0.0779,1,0.013,1,0.013,1,0.013,0,0.0
2575,8,Ptuj,1,Lendava,12,PINCE - GASILSKI DOM,166.0,85,0.512,85,84,1,1.0,3,0.0357,0,0.0,1,0.0119,20,0.2381,0,,0,0.0,0,0.0,0,0.0,2,0.0238,1,0.0119,1,0.0119,7,0.0833,1,0.0119,0,0.0,47,0.5595,0,0.0,0,0.0,0,0.0,0,0.0,1,0.0119,0,0.0
2576,8,Ptuj,1,Lendava,11,PINCE MAROF - ZADRUŽNI DOM,118.0,69,0.5847,69,66,3,1.0,0,0.0,0,0.0,2,0.0303,25,0.3788,0,,4,0.0606,0,0.0,1,0.0152,0,0.0,2,0.0303,2,0.0303,2,0.0303,1,0.0152,1,0.0152,21,0.3182,0,0.0,4,0.0606,1,0.0152,0,0.0,0,0.0,0,0.0
2577,8,Ptuj,1,Lendava,28,RADMOŽANCI - GASILSKI DOM,178.0,85,0.4775,85,84,1,1.0,1,0.0119,0,0.0,0,0.0,17,0.2024,0,,0,0.0,0,0.0,0,0.0,4,0.0476,1,0.0119,1,0.0119,8,0.0952,0,0.0,0,0.0,49,0.5833,0,0.0,1,0.0119,1,0.0119,1,0.0119,0,0.0,0,0.0
2578,8,Ptuj,1,Lendava,42,RENKOVCI - VAŠKO GASILSKI DOM,512.0,351,0.6855,351,347,4,1.0,6,0.0173,0,0.0,8,0.0231,82,0.2363,0,,9,0.0259,1,0.0029,11,0.0317,6,0.0173,2,0.0058,2,0.0058,40,0.1153,7,0.0202,13,0.0375,119,0.3429,3,0.0086,21,0.0605,7,0.0202,1,0.0029,7,0.0202,2,0.0058
2579,8,Ptuj,1,Lendava,8,SREDNJA BISTRICA - GASILSKI DOM,371.0,240,0.6469,240,239,1,1.0,2,0.0084,1,0.0042,2,0.0084,71,0.2971,0,,7,0.0293,1,0.0042,5,0.0209,1,0.0042,0,0.0,6,0.0251,64,0.2678,4,0.0167,6,0.0251,48,0.2008,1,0.0042,13,0.0544,3,0.0126,3,0.0126,1,0.0042,0,0.0
2580,8,Ptuj,1,Lendava,29,STREHOVCI - VAŠKO GASILSKI DOM,193.0,137,0.7098,137,137,0,1.0,0,0.0,0,0.0,9,0.0657,43,0.3139,0,,9,0.0657,0,0.0,5,0.0365,3,0.0219,0,0.0,1,0.0073,17,0.1241,1,0.0073,2,0.0146,40,0.292,1,0.0073,2,0.0146,3,0.0219,0,0.0,1,0.0073,0,0.0
2581,8,Ptuj,1,Lendava,20,TRIMLINI - VAŠKI DOM,255.0,174,0.6824,174,174,0,1.0,0,0.0,0,0.0,6,0.0345,74,0.4253,0,,10,0.0575,1,0.0057,5,0.0287,2,0.0115,3,0.0172,1,0.0057,0,0.0,1,0.0057,4,0.023,52,0.2989,0,0.0,6,0.0345,6,0.0345,0,0.0,1,0.0057,2,0.0115
2582,8,Ptuj,1,Lendava,5,TRNJE - VAŠKI DOM,464.0,284,0.6121,284,282,2,1.0,2,0.0071,0,0.0,6,0.0213,56,0.1986,0,,5,0.0177,0,0.0,6,0.0213,2,0.0071,5,0.0177,3,0.0106,60,0.2128,2,0.0071,6,0.0213,102,0.3617,8,0.0284,15,0.0532,1,0.0035,1,0.0035,1,0.0035,1,0.0035
2583,8,Ptuj,1,Lendava,43,TURNIŠČE I - VAŠKI DOM,621.0,423,0.6812,423,416,7,1.0,5,0.012,2,0.0048,11,0.0264,127,0.3053,0,,9,0.0216,0,0.0,10,0.024,3,0.0072,4,0.0096,4,0.0096,46,0.1106,4,0.0096,9,0.0216,126,0.3029,13,0.0312,25,0.0601,7,0.0168,9,0.0216,2,0.0048,0,0.0
2584,8,Ptuj,1,Lendava,47,TURNIŠČE II - OŠ TURNIŠČE,584.0,406,0.6952,406,401,5,1.0,11,0.0274,0,0.0,10,0.0249,169,0.4214,0,,2,0.005,0,0.0,21,0.0524,9,0.0224,7,0.0175,4,0.01,35,0.0873,3,0.0075,7,0.0175,88,0.2195,5,0.0125,20,0.0499,3,0.0075,4,0.01,2,0.005,1,0.0025
2585,8,Ptuj,1,Lendava,1,VELIKA POLANA - CENTER ZA ZAŠČITO IN REŠEVANJE ,723.0,455,0.6293,455,448,7,1.0,0,0.0,0,0.0,8,0.0179,144,0.3214,0,,9,0.0201,0,0.0,14,0.0312,10,0.0223,3,0.0067,4,0.0089,97,0.2165,5,0.0112,5,0.0112,109,0.2433,1,0.0022,24,0.0536,3,0.0067,9,0.0201,1,0.0022,2,0.0045
2586,8,Ptuj,1,Lendava,27,ŽITKOVCI - VAŠKO GASILSKI DOM,91.0,58,0.6374,58,54,4,1.0,0,0.0,0,0.0,0,0.0,9,0.1667,0,,1,0.0185,0,0.0,2,0.037,1,0.0185,1,0.0185,0,0.0,2,0.037,1,0.0185,1,0.0185,33,0.6111,2,0.037,1,0.0185,0,0.0,0,0.0,0,0.0,0,0.0
2587,8,Ptuj,1,Lendava,6,ŽIŽKI - VAŠKI DOM,455.0,321,0.7055,321,314,7,1.0,0,0.0,0,0.0,9,0.0287,89,0.2834,0,,3,0.0096,0,0.0,8,0.0255,1,0.0032,1,0.0032,0,0.0,113,0.3599,2,0.0064,3,0.0096,56,0.1783,5,0.0159,16,0.051,4,0.0127,3,0.0096,1,0.0032,0,0.0
2588,8,Ptuj,1,Lendava,901,PREDČASNO GLASOVANJE,,619,,619,618,1,1.0,5,0.0081,0,0.0,15,0.0243,264,0.4272,0,,41,0.0663,0,0.0,22,0.0356,11,0.0178,10,0.0162,12,0.0194,43,0.0696,7,0.0113,18,0.0291,115,0.1861,7,0.0113,26,0.0421,14,0.0227,6,0.0097,2,0.0032,0,0.0
2589,8,Ptuj,2,Ormož,25,"DOM KULTURE OBREŽ, OBREŽ 85",408.0,285,0.6985,285,281,4,1.0,2,0.0071,0,0.0,4,0.0142,42,0.1495,0,,2,0.0071,0,0.0,11,0.0391,24,0.0854,0,0.0,6,0.0214,15,0.0534,0,0.0,27,0.0961,101,0.3594,13,0.0463,16,0.0569,3,0.0107,0,0.0,14,0.0498,1,0.0036
2590,8,Ptuj,2,Ormož,49,"GASILSKI DOM BRESNICA, BRESNICA 19",239.0,171,0.7155,171,170,1,1.0,1,0.0059,0,0.0,17,0.1,28,0.1647,0,,4,0.0235,0,0.0,2,0.0118,5,0.0294,1,0.0059,3,0.0176,25,0.1471,5,0.0294,4,0.0235,47,0.2765,14,0.0824,9,0.0529,1,0.0059,1,0.0059,2,0.0118,1,0.0059
2591,8,Ptuj,2,Ormož,46,"GASILSKI DOM CVETKOVCI, CVETKOVCI 10C",382.0,282,0.7382,282,281,1,1.0,2,0.0071,0,0.0,2,0.0071,45,0.1601,0,,5,0.0178,0,0.0,6,0.0214,13,0.0463,2,0.0071,0,0.0,14,0.0498,5,0.0178,15,0.0534,133,0.4733,26,0.0925,11,0.0391,0,0.0,2,0.0071,0,0.0,0,0.0
2592,8,Ptuj,2,Ormož,30,"GASILSKI DOM HARDEK, HARDEK 17",206.0,152,0.7379,152,152,0,1.0,0,0.0,0,0.0,3,0.0197,50,0.3289,0,,7,0.0461,0,0.0,12,0.0789,12,0.0789,3,0.0197,0,0.0,3,0.0197,0,0.0,17,0.1118,26,0.1711,3,0.0197,10,0.0658,4,0.0263,1,0.0066,1,0.0066,0,0.0
2593,8,Ptuj,2,Ormož,10,"GASILSKI DOM KLJUČAROVCI, SP. KLJUČAROVCI 13",277.0,196,0.7076,196,192,4,1.0,1,0.0052,0,0.0,3,0.0156,27,0.1406,0,,4,0.0208,0,0.0,5,0.026,25,0.1302,1,0.0052,2,0.0104,32,0.1667,2,0.0104,17,0.0885,60,0.3125,8,0.0417,2,0.0104,1,0.0052,0,0.0,2,0.0104,0,0.0
2594,8,Ptuj,2,Ormož,12,"GASILSKI DOM KORAČICE, KORAČICE 15",147.0,100,0.6803,100,99,1,1.0,0,0.0,0,0.0,5,0.0505,12,0.1212,0,,4,0.0404,0,0.0,4,0.0404,10,0.101,0,0.0,0,0.0,19,0.1919,0,0.0,8,0.0808,25,0.2525,2,0.0202,6,0.0606,0,0.0,0,0.0,4,0.0404,0,0.0
2595,8,Ptuj,2,Ormož,33,"GASILSKI DOM LOPERŠICE, LOPERŠICE 3",148.0,90,0.6081,90,86,4,1.0,0,0.0,0,0.0,0,0.0,10,0.1163,0,,2,0.0233,0,0.0,1,0.0116,4,0.0465,3,0.0349,2,0.0233,4,0.0465,0,0.0,13,0.1512,30,0.3488,13,0.1512,3,0.0349,0,0.0,0,0.0,1,0.0116,0,0.0
2596,8,Ptuj,2,Ormož,11,"GASILSKI DOM PRŠETINCI, PRŠETINCI 23",137.0,88,0.6423,88,87,1,1.0,1,0.0115,0,0.0,2,0.023,21,0.2414,0,,0,0.0,0,0.0,5,0.0575,7,0.0805,1,0.0115,0,0.0,8,0.092,0,0.0,0,0.0,33,0.3793,3,0.0345,3,0.0345,1,0.0115,1,0.0115,1,0.0115,0,0.0
2597,8,Ptuj,2,Ormož,14,"GASILSKI DOM SAVCI, SAVCI 68",248.0,184,0.7419,184,182,2,1.0,1,0.0055,0,0.0,5,0.0275,18,0.0989,0,,3,0.0165,0,0.0,7,0.0385,15,0.0824,2,0.011,1,0.0055,23,0.1264,1,0.0055,12,0.0659,77,0.4231,8,0.044,5,0.0275,1,0.0055,2,0.011,1,0.0055,0,0.0
2598,8,Ptuj,2,Ormož,41,"GASILSKI DOM SENEŠCI, SENEŠCI 9",420.0,271,0.6452,271,268,3,1.0,2,0.0075,0,0.0,8,0.0299,40,0.1493,0,,0,0.0,1,0.0037,10,0.0373,11,0.041,5,0.0187,1,0.0037,23,0.0858,1,0.0037,4,0.0149,135,0.5037,18,0.0672,4,0.0149,1,0.0037,0,0.0,4,0.0149,0,0.0
2599,8,Ptuj,2,Ormož,43,"GASILSKI DOM TRGOVIŠČE, TRGOVIŠČE 31",165.0,118,0.7152,118,116,2,1.0,3,0.0259,0,0.0,3,0.0259,22,0.1897,0,,0,0.0,0,0.0,2,0.0172,16,0.1379,1,0.0086,0,0.0,5,0.0431,0,0.0,3,0.0259,47,0.4052,7,0.0603,3,0.0259,1,0.0086,1,0.0086,2,0.0172,0,0.0
2600,8,Ptuj,2,Ormož,9,"GASILSKI DOM TRNOVCI, TRNOVCI 4",392.0,265,0.676,265,263,2,1.0,2,0.0076,1,0.0038,11,0.0418,34,0.1293,0,,2,0.0076,3,0.0114,7,0.0266,18,0.0684,6,0.0228,4,0.0152,30,0.1141,4,0.0152,17,0.0646,117,0.4449,1,0.0038,2,0.0076,0,0.0,0,0.0,4,0.0152,0,0.0
2601,8,Ptuj,2,Ormož,40,"GASILSKI DOM VELIKA NEDELJA, VELIKA NEDELJA 8A",443.0,325,0.7336,325,319,6,1.0,1,0.0031,0,0.0,4,0.0125,75,0.2351,0,,3,0.0094,0,0.0,11,0.0345,21,0.0658,1,0.0031,7,0.0219,22,0.069,6,0.0188,21,0.0658,106,0.3323,13,0.0408,19,0.0596,4,0.0125,3,0.0094,2,0.0063,0,0.0
2602,8,Ptuj,2,Ormož,15,"GASILSKI DOM VITAN, VITAN 4",188.0,119,0.633,119,117,2,1.0,1,0.0085,1,0.0085,3,0.0256,13,0.1111,0,,1,0.0085,0,0.0,2,0.0171,16,0.1368,9,0.0769,2,0.0171,6,0.0513,1,0.0085,11,0.094,40,0.3419,5,0.0427,4,0.0342,0,0.0,0,0.0,2,0.0171,0,0.0
2603,8,Ptuj,2,Ormož,50,"PRI ALBINU MEGLA, STRJANCI 19",111.0,71,0.6396,71,70,1,1.0,1,0.0143,0,0.0,0,0.0,8,0.1143,0,,5,0.0714,0,0.0,2,0.0286,0,0.0,2,0.0286,0,0.0,15,0.2143,1,0.0143,2,0.0286,29,0.4143,1,0.0143,2,0.0286,1,0.0143,1,0.0143,0,0.0,0,0.0
2604,8,Ptuj,2,Ormož,28,"PRI BOGŠA IVANU, LITMERK 15B",133.0,86,0.6466,86,83,3,1.0,2,0.0241,0,0.0,3,0.0361,13,0.1566,0,,0,0.0,0,0.0,1,0.012,8,0.0964,2,0.0241,7,0.0843,3,0.0361,0,0.0,8,0.0964,28,0.3373,6,0.0723,1,0.012,0,0.0,1,0.012,0,0.0,0,0.0
2605,8,Ptuj,2,Ormož,42,"PRI CIMERMAN JANKU, ŠARDINJE 54A",205.0,125,0.6098,125,124,1,1.0,1,0.0081,0,0.0,0,0.0,28,0.2258,0,,7,0.0565,0,0.0,1,0.0081,6,0.0484,0,0.0,3,0.0242,17,0.1371,1,0.0081,6,0.0484,37,0.2984,7,0.0565,5,0.0403,0,0.0,0,0.0,5,0.0403,0,0.0
2606,8,Ptuj,2,Ormož,8,"PRI GORJAK ZORICA, STANOVNO 47",185.0,124,0.6703,124,124,0,1.0,0,0.0,0,0.0,1,0.0081,41,0.3306,0,,4,0.0323,3,0.0242,2,0.0161,6,0.0484,0,0.0,0,0.0,9,0.0726,1,0.0081,15,0.121,25,0.2016,6,0.0484,8,0.0645,1,0.0081,0,0.0,2,0.0161,0,0.0
2607,8,Ptuj,2,Ormož,18,"PRI JANEŽIČ AVGUSTU, VELIKI BREBROVNIK 41",167.0,119,0.7126,119,118,1,1.0,1,0.0085,0,0.0,1,0.0085,23,0.1949,0,,7,0.0593,1,0.0085,3,0.0254,5,0.0424,1,0.0085,0,0.0,6,0.0508,0,0.0,14,0.1186,33,0.2797,4,0.0339,14,0.1186,4,0.0339,0,0.0,1,0.0085,0,0.0
2608,8,Ptuj,2,Ormož,31,"PRI KRALJ LUDVIKU, PAVLOVCI 28",173.0,110,0.6358,110,107,3,1.0,0,0.0,0,0.0,4,0.0374,27,0.2523,0,,0,0.0,0,0.0,9,0.0841,5,0.0467,1,0.0093,2,0.0187,5,0.0467,0,0.0,14,0.1308,29,0.271,2,0.0187,8,0.0748,0,0.0,1,0.0093,0,0.0,0,0.0
2609,8,Ptuj,2,Ormož,39,"PRI LEBEN MIRANU, HAJNDL 1",115.0,82,0.713,82,82,0,1.0,2,0.0244,0,0.0,0,0.0,30,0.3659,0,,1,0.0122,0,0.0,4,0.0488,6,0.0732,0,0.0,0,0.0,4,0.0488,2,0.0244,1,0.0122,19,0.2317,6,0.0732,6,0.0732,1,0.0122,0,0.0,0,0.0,0,0.0
2610,8,Ptuj,2,Ormož,3,"PRI MLAKAR FRANCU, PAVLOVSKI VRH 1",175.0,120,0.6857,120,119,1,1.0,2,0.0168,0,0.0,1,0.0084,27,0.2269,0,,0,0.0,0,0.0,6,0.0504,7,0.0588,2,0.0168,2,0.0168,10,0.084,1,0.0084,12,0.1008,39,0.3277,3,0.0252,5,0.042,0,0.0,2,0.0168,0,0.0,0,0.0
2611,8,Ptuj,2,Ormož,5,"PRI PETEK NIVES, CEROVEC STANKA VRAZA 31",99.0,73,0.7374,73,72,1,1.0,3,0.0417,0,0.0,1,0.0139,26,0.3611,0,,3,0.0417,0,0.0,2,0.0278,9,0.125,3,0.0417,0,0.0,0,0.0,2,0.0278,2,0.0278,15,0.2083,0,0.0,4,0.0556,0,0.0,1,0.0139,1,0.0139,0,0.0
2612,8,Ptuj,2,Ormož,7,"PRI TRSTENJAK MARIJI,LAHONCI 1",269.0,168,0.6245,168,163,5,1.0,0,0.0,0,0.0,1,0.0061,53,0.3252,0,,3,0.0184,0,0.0,3,0.0184,10,0.0613,1,0.0061,4,0.0245,11,0.0675,0,0.0,6,0.0368,51,0.3129,7,0.0429,6,0.0368,1,0.0061,1,0.0061,4,0.0245,1,0.0061
2613,8,Ptuj,2,Ormož,45,"PRI VESENJAK MARIJI, VIČANCI 10",210.0,113,0.5381,113,112,1,1.0,0,0.0,0,0.0,5,0.0446,20,0.1786,0,,1,0.0089,0,0.0,2,0.0179,12,0.1071,2,0.0179,3,0.0268,7,0.0625,0,0.0,6,0.0536,36,0.3214,9,0.0804,5,0.0446,3,0.0268,1,0.0089,0,0.0,0,0.0
2614,8,Ptuj,2,Ormož,26,"PRI ZAJC JOŽETU, ŠALOVCI 12",149.0,113,0.7584,113,112,1,1.0,1,0.0089,0,0.0,6,0.0536,4,0.0357,0,,1,0.0089,0,0.0,3,0.0268,6,0.0536,1,0.0089,8,0.0714,4,0.0357,0,0.0,14,0.125,59,0.5268,2,0.0179,1,0.0089,0,0.0,0,0.0,2,0.0179,0,0.0
2615,8,Ptuj,2,Ormož,4,"PROSTORI KS IVANJKOVCI, IVANJKOVCI 1",611.0,417,0.6825,417,415,2,1.0,1,0.0024,0,0.0,7,0.0169,122,0.294,0,,9,0.0217,0,0.0,20,0.0482,23,0.0554,3,0.0072,4,0.0096,24,0.0578,8,0.0193,31,0.0747,113,0.2723,17,0.041,22,0.053,4,0.0096,1,0.0024,4,0.0096,2,0.0048
2616,8,Ptuj,2,Ormož,16,"SEJNA SOBA KS KOG, KOG 7",428.0,254,0.5935,254,253,1,1.0,1,0.004,0,0.0,8,0.0316,60,0.2372,0,,6,0.0237,2,0.0079,7,0.0277,30,0.1186,11,0.0435,3,0.0119,7,0.0277,2,0.0079,15,0.0593,68,0.2688,7,0.0277,25,0.0988,0,0.0,1,0.004,0,0.0,0,0.0
2617,8,Ptuj,2,Ormož,1,"ŠOLA RUNEČ, RUNEČ 26",212.0,124,0.5849,124,122,2,1.0,0,0.0,0,0.0,0,0.0,25,0.2049,0,,1,0.0082,1,0.0082,7,0.0574,10,0.082,3,0.0246,3,0.0246,7,0.0574,0,0.0,8,0.0656,49,0.4016,3,0.0246,3,0.0246,0,0.0,1,0.0082,1,0.0082,0,0.0
2618,8,Ptuj,2,Ormož,17,V BIFEJU BALAŽIC MARIJANE GOMILA PRI KOGU 25,125.0,78,0.624,78,77,1,1.0,1,0.013,0,0.0,1,0.013,13,0.1688,0,,0,0.0,0,0.0,1,0.013,6,0.0779,2,0.026,1,0.013,8,0.1039,2,0.026,4,0.0519,27,0.3506,4,0.0519,5,0.0649,1,0.013,1,0.013,0,0.0,0,0.0
2619,8,Ptuj,2,Ormož,44,"V BOMBEKOVI HIŠI, VELIKA NEDELJA 10",287.0,198,0.6899,198,195,3,1.0,0,0.0,0,0.0,0,0.0,57,0.2923,0,,10,0.0513,0,0.0,5,0.0256,7,0.0359,0,0.0,2,0.0103,11,0.0564,2,0.0103,9,0.0462,68,0.3487,6,0.0308,11,0.0564,3,0.0154,0,0.0,4,0.0205,0,0.0
2620,8,Ptuj,2,Ormož,24,"V BRUNARICI REKREACIJSKEGA DR.GODENINCI, GODENINC",121.0,69,0.5702,69,69,0,1.0,0,0.0,0,0.0,1,0.0145,14,0.2029,0,,0,0.0,0,0.0,1,0.0145,8,0.1159,0,0.0,0,0.0,3,0.0435,2,0.029,4,0.058,27,0.3913,2,0.029,1,0.0145,1,0.0145,1,0.0145,4,0.058,0,0.0
2621,8,Ptuj,2,Ormož,36,"V DOMU DRUŠTEV ORMOŽ, LJUTOMERSKA CESTA 30",499.0,352,0.7054,352,349,3,1.0,5,0.0143,0,0.0,1,0.0029,105,0.3009,0,,4,0.0115,1,0.0029,31,0.0888,19,0.0544,4,0.0115,2,0.0057,10,0.0287,5,0.0143,26,0.0745,90,0.2579,26,0.0745,13,0.0372,3,0.0086,1,0.0029,3,0.0086,0,0.0
2622,8,Ptuj,2,Ormož,20,V DOMU KULTURE MIKLA. P.OR. MIKLAVŽ PRI ORMOŽU 35,611.0,380,0.6219,380,374,6,1.0,2,0.0053,0,0.0,13,0.0348,71,0.1898,0,,2,0.0053,0,0.0,22,0.0588,18,0.0481,4,0.0107,4,0.0107,12,0.0321,4,0.0107,54,0.1444,130,0.3476,10,0.0267,18,0.0481,4,0.0107,0,0.0,6,0.016,0,0.0
2623,8,Ptuj,2,Ormož,37,"V DOMU KULTURE ORMOŽ, SKOLIBROVA ULICA 17",646.0,391,0.6053,391,386,5,1.0,4,0.0104,0,0.0,9,0.0233,117,0.3031,0,,11,0.0285,0,0.0,68,0.1762,22,0.057,12,0.0311,3,0.0078,17,0.044,1,0.0026,21,0.0544,44,0.114,29,0.0751,18,0.0466,5,0.013,2,0.0052,3,0.0078,0,0.0
2624,8,Ptuj,2,Ormož,13,"V DOMU KULTURE PRI SV.TOMAŽU, SV.TOMAŽ 44",609.0,414,0.6798,414,406,8,1.0,2,0.0049,1,0.0025,12,0.0296,67,0.165,0,,8,0.0197,0,0.0,8,0.0197,40,0.0985,12,0.0296,6,0.0148,50,0.1232,3,0.0074,21,0.0517,122,0.3005,18,0.0443,23,0.0567,2,0.0049,2,0.0049,9,0.0222,0,0.0
2625,8,Ptuj,2,Ormož,38,"V DOMU MEDOB.ZVEZE UPOKOJ. ORMOŽ,DR.HROVATA 8",429.0,288,0.6713,288,283,5,1.0,1,0.0035,0,0.0,4,0.0141,87,0.3074,0,,6,0.0212,0,0.0,40,0.1413,18,0.0636,4,0.0141,7,0.0247,6,0.0212,1,0.0035,17,0.0601,59,0.2085,11,0.0389,11,0.0389,5,0.0177,2,0.0071,4,0.0141,0,0.0
2626,8,Ptuj,2,Ormož,6,"V GASILSKEM DOMU ŽEROVINCI, ŽEROVINCI 7",259.0,164,0.6332,164,164,0,1.0,0,0.0,1,0.0061,1,0.0061,69,0.4207,0,,2,0.0122,0,0.0,3,0.0183,7,0.0427,1,0.0061,0,0.0,6,0.0366,0,0.0,6,0.0366,49,0.2988,3,0.0183,15,0.0915,1,0.0061,0,0.0,0,0.0,0,0.0
2627,8,Ptuj,2,Ormož,19,"V GASILSKO VAŠKEM DOMU HERMANCI, HERMANCI 54",212.0,150,0.7075,150,144,6,1.0,1,0.0069,0,0.0,2,0.0139,35,0.2431,0,,2,0.0139,0,0.0,2,0.0139,6,0.0417,2,0.0139,2,0.0139,4,0.0278,0,0.0,18,0.125,57,0.3958,4,0.0278,9,0.0625,0,0.0,0,0.0,0,0.0,0,0.0
2628,8,Ptuj,2,Ormož,48,"V KRAJEVNI SKUPNOSTI PODGORCI, PODGORCI 23B",418.0,298,0.7129,298,297,1,1.0,4,0.0135,0,0.0,20,0.0673,74,0.2492,0,,7,0.0236,0,0.0,2,0.0067,22,0.0741,7,0.0236,3,0.0101,19,0.064,2,0.0067,12,0.0404,99,0.3333,13,0.0438,13,0.0438,0,0.0,0,0.0,0,0.0,0,0.0
2629,8,Ptuj,2,Ormož,22,"V OSN. ŠOLI SREDIŠČE OB DRAVI, SLOVENSKA CESTA 22",815.0,559,0.6859,559,553,6,1.0,6,0.0108,0,0.0,9,0.0163,161,0.2911,0,,17,0.0307,2,0.0036,11,0.0199,40,0.0723,8,0.0145,4,0.0072,37,0.0669,1,0.0018,37,0.0669,145,0.2622,12,0.0217,30,0.0542,7,0.0127,3,0.0054,22,0.0398,1,0.0018
2630,8,Ptuj,2,Ormož,32,"V STARI ŠOLI HUM, HUM PRI OMOŽU 1",262.0,174,0.6641,174,171,3,1.0,0,0.0,1,0.0058,1,0.0058,38,0.2222,0,,3,0.0175,0,0.0,8,0.0468,14,0.0819,3,0.0175,1,0.0058,17,0.0994,1,0.0058,21,0.1228,35,0.2047,20,0.117,3,0.0175,0,0.0,0,0.0,5,0.0292,0,0.0
2631,8,Ptuj,2,Ormož,29,"V VAŠKEM DOMU DOBRAVA, DOBRAVA 17B",106.0,77,0.7264,77,76,1,1.0,0,0.0,0,0.0,2,0.0263,12,0.1579,0,,3,0.0395,0,0.0,4,0.0526,7,0.0921,0,0.0,1,0.0132,2,0.0263,1,0.0132,13,0.1711,22,0.2895,1,0.0132,5,0.0658,0,0.0,0,0.0,2,0.0263,1,0.0132
2632,8,Ptuj,2,Ormož,34,"V VAŠKEM DOMU FRANKOVCI, FRANKOVCI 26A",137.0,111,0.8102,111,109,2,1.0,1,0.0092,0,0.0,6,0.055,28,0.2569,0,,1,0.0092,0,0.0,5,0.0459,5,0.0459,0,0.0,1,0.0092,1,0.0092,0,0.0,7,0.0642,36,0.3303,9,0.0826,6,0.055,1,0.0092,0,0.0,2,0.0183,0,0.0
2633,8,Ptuj,2,Ormož,27,"V VAŠKEM DOMU LEŠNICA, LEŠNICA 20A",197.0,119,0.6041,119,118,1,1.0,1,0.0085,0,0.0,0,0.0,26,0.2203,0,,3,0.0254,0,0.0,2,0.0169,10,0.0847,1,0.0085,3,0.0254,13,0.1102,1,0.0085,6,0.0508,33,0.2797,7,0.0593,11,0.0932,1,0.0085,0,0.0,0,0.0,0,0.0
2634,8,Ptuj,2,Ormož,47,"VAŠKI DOM OSLUŠEVCI, OSLUŠEVCI 20",171.0,124,0.7251,124,123,1,1.0,2,0.0163,0,0.0,1,0.0081,19,0.1545,0,,0,0.0,0,0.0,2,0.0163,20,0.1626,0,0.0,2,0.0163,17,0.1382,3,0.0244,2,0.0163,45,0.3659,4,0.0325,3,0.0244,1,0.0081,0,0.0,2,0.0163,0,0.0
2635,8,Ptuj,2,Ormož,35,"VAŠKI DOM PUŠENCI, PUŠENCI 27A",200.0,138,0.69,138,138,0,1.0,0,0.0,0,0.0,0,0.0,30,0.2174,0,,7,0.0507,0,0.0,8,0.058,11,0.0797,1,0.0072,0,0.0,13,0.0942,1,0.0072,22,0.1594,24,0.1739,12,0.087,7,0.0507,1,0.0072,1,0.0072,0,0.0,0,0.0
2636,8,Ptuj,2,Ormož,23,"VČEBELARSKEM DOMU NA GRABAH, GRABE 23",112.0,86,0.7679,86,86,0,1.0,1,0.0116,0,0.0,0,0.0,24,0.2791,0,,5,0.0581,1,0.0116,3,0.0349,5,0.0581,2,0.0233,1,0.0116,7,0.0814,0,0.0,6,0.0698,21,0.2442,2,0.0233,8,0.093,0,0.0,0,0.0,0,0.0,0,0.0
2637,8,Ptuj,2,Ormož,901,PREDČASNO GLASOVANJE,,474,,474,472,2,1.0,4,0.0085,0,0.0,15,0.0318,136,0.2881,0,,7,0.0148,0,0.0,37,0.0784,24,0.0508,11,0.0233,2,0.0042,31,0.0657,3,0.0064,37,0.0784,123,0.2606,12,0.0254,17,0.036,9,0.0191,1,0.0021,1,0.0021,2,0.0042
2638,8,Ptuj,3,Ljutomer,9,"BUČEČOVCI - GASILSKI DOM BUČEČOVCI, BUČEČOVCI 19",257.0,163,0.6342,163,163,0,1.0,2,0.0123,0,0.0,5,0.0307,52,0.319,0,,7,0.0429,0,0.0,1,0.0061,1,0.0061,3,0.0184,7,0.0429,5,0.0307,0,0.0,7,0.0429,45,0.2761,3,0.0184,17,0.1043,7,0.0429,0,0.0,0,0.0,1,0.0061
2639,8,Ptuj,3,Ljutomer,1,CEZANJEVCI - GASILSKI DOM CEZANJEVCI 46A,325.0,224,0.6892,224,223,1,1.0,3,0.0135,0,0.0,5,0.0224,67,0.3004,0,,5,0.0224,0,0.0,11,0.0493,4,0.0179,3,0.0135,3,0.0135,34,0.1525,3,0.0135,7,0.0314,54,0.2422,3,0.0135,17,0.0762,4,0.0179,0,0.0,0,0.0,0,0.0
2640,8,Ptuj,3,Ljutomer,3,"CVEN - GASILSKI DOM CVEN, CVEN 49A",492.0,345,0.7012,345,337,8,1.0,8,0.0237,1,0.003,11,0.0326,129,0.3828,0,,6,0.0178,0,0.0,11,0.0326,31,0.092,5,0.0148,5,0.0148,13,0.0386,8,0.0237,7,0.0208,68,0.2018,6,0.0178,19,0.0564,6,0.0178,1,0.003,2,0.0059,0,0.0
2641,8,Ptuj,3,Ljutomer,11,KLJUČAROVCI PRI LJUTOMERU-SKZ LJUTOMER-KRIŽEVCI,382.0,249,0.6518,249,248,1,1.0,1,0.004,0,0.0,2,0.0081,81,0.3266,0,,9,0.0363,0,0.0,3,0.0121,7,0.0282,5,0.0202,5,0.0202,22,0.0887,1,0.004,29,0.1169,49,0.1976,11,0.0444,17,0.0685,2,0.0081,2,0.0081,2,0.0081,0,0.0
2642,8,Ptuj,3,Ljutomer,5,"KRAPJE - GASILSKI DOM SPODNJE KRAPJE, KRAPJE 43",231.0,147,0.6364,147,145,2,1.0,3,0.0207,0,0.0,4,0.0276,29,0.2,0,,3,0.0207,0,0.0,2,0.0138,5,0.0345,5,0.0345,3,0.0207,6,0.0414,4,0.0276,4,0.0276,62,0.4276,3,0.0207,11,0.0759,0,0.0,1,0.0069,0,0.0,0,0.0
2643,8,Ptuj,3,Ljutomer,7,KRIŽEVCI PRI LJUTOMERU - KULTURNI DOM KRIŽEVCI,838.0,544,0.6492,544,540,4,1.0,18,0.0333,1,0.0019,28,0.0519,185,0.3426,0,,18,0.0333,2,0.0037,17,0.0315,20,0.037,3,0.0056,12,0.0222,11,0.0204,11,0.0204,19,0.0352,129,0.2389,7,0.013,37,0.0685,15,0.0278,0,0.0,7,0.013,0,0.0
2644,8,Ptuj,3,Ljutomer,13,LJUTOMER - DOM KULTURE NA PREŠERNOVI ULICI 20,950.0,527,0.5547,527,520,7,1.0,10,0.0192,0,0.0,13,0.025,211,0.4058,0,,13,0.025,0,0.0,19,0.0365,15,0.0288,6,0.0115,11,0.0212,24,0.0462,4,0.0077,14,0.0269,119,0.2288,3,0.0058,40,0.0769,12,0.0231,5,0.0096,1,0.0019,0,0.0
2645,8,Ptuj,3,Ljutomer,14,LJUTOMER - GIMNAZIJA FRANA MIKLOŠIČA,537.0,310,0.5773,310,306,4,1.0,4,0.0131,1,0.0033,14,0.0458,114,0.3725,0,,13,0.0425,0,0.0,10,0.0327,5,0.0163,2,0.0065,4,0.0131,12,0.0392,3,0.0098,8,0.0261,71,0.232,5,0.0163,25,0.0817,5,0.0163,5,0.0163,3,0.0098,2,0.0065
2646,8,Ptuj,3,Ljutomer,15,LJUTOMER-DOM UPOKOJENCEV NA ORMOŠKI CESTI 33,1093.0,672,0.6148,672,656,16,1.0,10,0.0152,0,0.0,16,0.0244,274,0.4177,0,,18,0.0274,1,0.0015,24,0.0366,8,0.0122,9,0.0137,13,0.0198,23,0.0351,12,0.0183,10,0.0152,163,0.2485,11,0.0168,41,0.0625,11,0.0168,7,0.0107,5,0.0076,0,0.0
2647,8,Ptuj,3,Ljutomer,18,"LOGAROVCI-PROSTORI BIVŠE KS, LOGAROVCI 22",500.0,322,0.644,322,320,2,1.0,3,0.0094,1,0.0031,13,0.0406,79,0.2469,0,,6,0.0188,1,0.0031,1,0.0031,7,0.0219,2,0.0062,7,0.0219,14,0.0438,5,0.0156,37,0.1156,114,0.3562,6,0.0188,15,0.0469,5,0.0156,0,0.0,4,0.0125,0,0.0
2648,8,Ptuj,3,Ljutomer,12,"LUKAVCI - GASILSKI DOM LUKAVCI, LUKAVCI 8",322.0,217,0.6739,217,213,4,1.0,0,0.0,0,0.0,4,0.0188,67,0.3146,0,,7,0.0329,0,0.0,4,0.0188,6,0.0282,0,0.0,2,0.0094,6,0.0282,1,0.0047,37,0.1737,54,0.2535,3,0.0141,13,0.061,7,0.0329,0,0.0,1,0.0047,1,0.0047
2649,8,Ptuj,3,Ljutomer,19,MALA NEDELJA - KULTURNI DOM MALA NEDELJA,622.0,346,0.5563,346,343,3,1.0,13,0.0379,1,0.0029,4,0.0117,95,0.277,0,,10,0.0292,0,0.0,8,0.0233,14,0.0408,5,0.0146,5,0.0146,26,0.0758,6,0.0175,8,0.0233,116,0.3382,7,0.0204,19,0.0554,1,0.0029,1,0.0029,4,0.0117,0,0.0
2650,8,Ptuj,3,Ljutomer,20,MORAVCI V SLOV.GORICAH-HOTEL BIOTERME M. NEDELJA,292.0,149,0.5103,149,148,1,1.0,6,0.0405,0,0.0,14,0.0946,36,0.2432,0,,3,0.0203,1,0.0068,2,0.0135,1,0.0068,1,0.0068,4,0.027,4,0.027,0,0.0,1,0.0068,56,0.3784,2,0.0135,9,0.0608,2,0.0135,0,0.0,6,0.0405,0,0.0
2651,8,Ptuj,3,Ljutomer,4,"MOTA - GASILSKI DOM MOTA, MOTA 16B",276.0,196,0.7101,196,195,1,1.0,4,0.0205,1,0.0051,6,0.0308,59,0.3026,0,,7,0.0359,0,0.0,3,0.0154,6,0.0308,1,0.0051,4,0.0205,17,0.0872,5,0.0256,5,0.0256,62,0.3179,2,0.0103,4,0.0205,4,0.0205,2,0.0103,3,0.0154,0,0.0
2652,8,Ptuj,3,Ljutomer,16,NORŠINCI PRI LJUTOMERU-VAŠKO GASILSKI DOM BABINCI,407.0,274,0.6732,274,271,3,1.0,11,0.0406,0,0.0,6,0.0221,96,0.3542,0,,6,0.0221,0,0.0,15,0.0554,2,0.0074,4,0.0148,9,0.0332,8,0.0295,0,0.0,10,0.0369,73,0.2694,2,0.0074,15,0.0554,5,0.0185,5,0.0185,4,0.0148,0,0.0
2653,8,Ptuj,3,Ljutomer,28,"PODGRADJE - GASILSKI DOM PODGRADJE, PODGRADJE 17",515.0,315,0.6117,315,314,1,1.0,7,0.0223,0,0.0,4,0.0127,102,0.3248,0,,14,0.0446,0,0.0,10,0.0318,5,0.0159,2,0.0064,3,0.0096,20,0.0637,1,0.0032,6,0.0191,110,0.3503,8,0.0255,17,0.0541,2,0.0064,0,0.0,2,0.0064,1,0.0032
2654,8,Ptuj,3,Ljutomer,27,"PRISTAVA - GASILSKI DOM PRISTAVA, PRISTAVA 30D",196.0,148,0.7551,148,145,3,1.0,2,0.0138,0,0.0,1,0.0069,53,0.3655,0,,0,0.0,2,0.0138,5,0.0345,11,0.0759,0,0.0,2,0.0138,7,0.0483,1,0.0069,7,0.0483,41,0.2828,2,0.0138,7,0.0483,1,0.0069,0,0.0,3,0.0207,0,0.0
2655,8,Ptuj,3,Ljutomer,30,"RADOMERJE - GASILSKI DOM RADOMERJE, RADOMERJE 2",572.0,359,0.6276,359,355,4,1.0,5,0.0141,0,0.0,9,0.0254,152,0.4282,0,,9,0.0254,0,0.0,11,0.031,14,0.0394,2,0.0056,4,0.0113,9,0.0254,4,0.0113,8,0.0225,69,0.1944,11,0.031,37,0.1042,5,0.0141,3,0.0085,1,0.0028,2,0.0056
2656,8,Ptuj,3,Ljutomer,21,"RADOSLAVCI - GASILSKI DOM, RADOSLAVCI 15C",456.0,275,0.6031,275,271,4,1.0,8,0.0295,0,0.0,13,0.048,64,0.2362,0,,6,0.0221,0,0.0,8,0.0295,12,0.0443,0,0.0,7,0.0258,12,0.0443,2,0.0074,14,0.0517,96,0.3542,7,0.0258,14,0.0517,6,0.0221,0,0.0,2,0.0074,0,0.0
2657,8,Ptuj,3,Ljutomer,17,SPODNJI KAMENŠČAK-GASILLSKI DOM SP. KAMENŠČAK 35F,323.0,216,0.6687,216,213,3,1.0,4,0.0188,0,0.0,2,0.0094,83,0.3897,0,,6,0.0282,2,0.0094,9,0.0423,4,0.0188,1,0.0047,2,0.0094,15,0.0704,3,0.0141,0,0.0,44,0.2066,7,0.0329,24,0.1127,6,0.0282,0,0.0,0,0.0,1,0.0047
2658,8,Ptuj,3,Ljutomer,25,STARA CESTA - GASILSKI DOM MEKOTNJAK 29,520.0,326,0.6269,326,322,4,1.0,10,0.0311,1,0.0031,15,0.0466,109,0.3385,0,,8,0.0248,0,0.0,11,0.0342,9,0.028,5,0.0155,5,0.0155,5,0.0155,1,0.0031,3,0.0093,100,0.3106,10,0.0311,18,0.0559,6,0.0186,1,0.0031,5,0.0155,0,0.0
2659,8,Ptuj,3,Ljutomer,8,STARA NOVA VAS-VAŠKO GAS. DOM STARA NOVA VAS 27A,317.0,239,0.7539,239,239,0,1.0,5,0.0209,1,0.0042,4,0.0167,53,0.2218,0,,3,0.0126,0,0.0,5,0.0209,9,0.0377,4,0.0167,2,0.0084,20,0.0837,4,0.0167,21,0.0879,71,0.2971,7,0.0293,23,0.0962,3,0.0126,2,0.0084,2,0.0084,0,0.0
2660,8,Ptuj,3,Ljutomer,26,"STROČJA VAS - OSNOVNA ŠOLA, STROČJA VAS 101",789.0,509,0.6451,509,503,6,1.0,12,0.0239,0,0.0,14,0.0278,208,0.4135,0,,17,0.0338,0,0.0,23,0.0457,13,0.0258,8,0.0159,9,0.0179,12,0.0239,6,0.0119,12,0.0239,111,0.2207,8,0.0159,35,0.0696,7,0.0139,3,0.006,5,0.0099,0,0.0
2661,8,Ptuj,3,Ljutomer,23,"ŠAFARSKO - DOM KULTURE RAZKRIŽJE, ŠAFARSKO 42",610.0,378,0.6197,378,373,5,1.0,9,0.0241,0,0.0,17,0.0456,147,0.3941,0,,11,0.0295,0,0.0,7,0.0188,7,0.0188,5,0.0134,3,0.008,19,0.0509,6,0.0161,12,0.0322,98,0.2627,6,0.0161,11,0.0295,4,0.0107,1,0.0027,10,0.0268,0,0.0
2662,8,Ptuj,3,Ljutomer,6,"ŠALINCI - GASILSKI DOM ŠALINCI, ŠALINCI 29",302.0,226,0.7483,226,223,3,1.0,4,0.0179,0,0.0,2,0.009,84,0.3767,0,,3,0.0135,0,0.0,7,0.0314,17,0.0762,3,0.0135,0,0.0,7,0.0314,2,0.009,9,0.0404,63,0.2825,2,0.009,13,0.0583,6,0.0269,1,0.0045,0,0.0,0,0.0
2663,8,Ptuj,3,Ljutomer,29,VERŽEJ - PROSTORI OBČINE VERŽEJ,1113.0,821,0.7376,821,805,16,1.0,12,0.0149,0,0.0,22,0.0273,283,0.3516,0,,20,0.0248,1,0.0012,18,0.0224,17,0.0211,12,0.0149,16,0.0199,43,0.0534,4,0.005,22,0.0273,258,0.3205,14,0.0174,40,0.0497,13,0.0161,10,0.0124,0,0.0,0,0.0
2664,8,Ptuj,3,Ljutomer,24,"VEŠČICA - OKREPČEVALNICA MARINKA,VEŠČICA 5",392.0,253,0.6454,253,247,6,1.0,5,0.0202,0,0.0,13,0.0526,80,0.3239,0,,5,0.0202,3,0.0121,3,0.0121,1,0.004,3,0.0121,1,0.004,14,0.0567,4,0.0162,6,0.0243,95,0.3846,9,0.0364,2,0.0081,1,0.004,2,0.0081,0,0.0,0,0.0
2665,8,Ptuj,3,Ljutomer,2,"VOGRIČEVCI-GASILSKI DOM VOGRIČEVCI,VOGRIČEVCI 13A",256.0,161,0.6289,161,161,0,1.0,2,0.0124,0,0.0,1,0.0062,42,0.2609,0,,6,0.0373,3,0.0186,10,0.0621,7,0.0435,1,0.0062,5,0.0311,18,0.1118,4,0.0248,0,0.0,50,0.3106,2,0.0124,6,0.0373,1,0.0062,0,0.0,1,0.0062,2,0.0124
2666,8,Ptuj,3,Ljutomer,10,"VUČJA VAS - GASILSKI DOM VUČJA VAS, VUČJA VAS 2",185.0,123,0.6649,123,118,5,1.0,1,0.0085,0,0.0,5,0.0424,38,0.322,0,,4,0.0339,1,0.0085,5,0.0424,3,0.0254,1,0.0085,1,0.0085,10,0.0847,3,0.0254,5,0.0424,23,0.1949,2,0.0169,13,0.1102,3,0.0254,0,0.0,0,0.0,0,0.0
2667,8,Ptuj,3,Ljutomer,901,PREDČASNO GLASOVANJE,,616,,616,614,2,1.0,4,0.0065,1,0.0016,11,0.0179,252,0.4104,0,,37,0.0603,2,0.0033,21,0.0342,7,0.0114,5,0.0081,11,0.0179,21,0.0342,5,0.0081,14,0.0228,142,0.2313,8,0.013,55,0.0896,13,0.0212,2,0.0033,3,0.0049,0,0.0
2668,8,Ptuj,4,Murska Sobota 1,28,ADRIJANCI - STARA ŠOLA,116.0,76,0.6552,76,76,0,1.0,1,0.0132,0,0.0,1,0.0132,18,0.2368,0,,2,0.0263,0,0.0,0,0.0,0,0.0,0,0.0,0,0.0,3,0.0395,0,0.0,4,0.0526,21,0.2763,1,0.0132,15,0.1974,9,0.1184,1,0.0132,0,0.0,0,0.0
2669,8,Ptuj,4,Murska Sobota 1,57,ANDREJCI - VAŠKO-GASILSKI DOM,168.0,115,0.6845,115,115,0,1.0,5,0.0435,0,0.0,3,0.0261,37,0.3217,0,,14,0.1217,0,0.0,6,0.0522,1,0.0087,0,0.0,3,0.0261,4,0.0348,0,0.0,9,0.0783,13,0.113,2,0.0174,14,0.1217,3,0.0261,0,0.0,1,0.0087,0,0.0
2670,8,Ptuj,4,Murska Sobota 1,62,BERKOVCI - GASILSKI DOM,38.0,32,0.8421,32,32,0,1.0,0,0.0,0,0.0,1,0.0312,9,0.2812,0,,1,0.0312,0,0.0,1,0.0312,0,0.0,0,0.0,0,0.0,2,0.0625,0,0.0,0,0.0,10,0.3125,0,0.0,8,0.25,0,0.0,0,0.0,0,0.0,0,0.0
2671,8,Ptuj,4,Murska Sobota 1,98,BEZNOVCI - GASILSKI DOM,124.0,88,0.7097,88,87,1,1.0,5,0.0575,0,0.0,0,0.0,14,0.1609,0,,0,0.0,0,0.0,2,0.023,3,0.0345,1,0.0115,0,0.0,1,0.0115,0,0.0,15,0.1724,25,0.2874,2,0.023,14,0.1609,4,0.046,1,0.0115,0,0.0,0,0.0
2672,8,Ptuj,4,Murska Sobota 1,95,BODONCI - GASILSKI DOM,360.0,253,0.7028,253,245,8,1.0,3,0.0122,0,0.0,3,0.0122,50,0.2041,0,,2,0.0082,0,0.0,5,0.0204,13,0.0531,0,0.0,7,0.0286,6,0.0245,1,0.0041,50,0.2041,43,0.1755,7,0.0286,29,0.1184,21,0.0857,2,0.0082,1,0.0041,2,0.0082
2673,8,Ptuj,4,Murska Sobota 1,87,BOKRAČI - GASILSKI DOM,61.0,38,0.623,38,36,2,1.0,0,0.0,0,0.0,0,0.0,12,0.3333,0,,2,0.0556,0,0.0,2,0.0556,1,0.0278,0,0.0,1,0.0278,1,0.0278,0,0.0,0,0.0,5,0.1389,1,0.0278,9,0.25,1,0.0278,1,0.0278,0,0.0,0,0.0
2674,8,Ptuj,4,Murska Sobota 1,29,BOREČA - VAŠKO-GASILSKI DOM,70.0,51,0.7286,51,51,0,1.0,0,0.0,0,0.0,3,0.0588,7,0.1373,0,,0,0.0,0,0.0,2,0.0392,0,0.0,0,0.0,1,0.0196,1,0.0196,0,0.0,4,0.0784,18,0.3529,0,0.0,14,0.2745,1,0.0196,0,0.0,0,0.0,0,0.0
2675,8,Ptuj,4,Murska Sobota 1,10,BOREJCI - VAŠKO-GASILSKI DOM,194.0,116,0.5979,116,116,0,1.0,1,0.0086,0,0.0,9,0.0776,52,0.4483,0,,1,0.0086,2,0.0172,3,0.0259,0,0.0,1,0.0086,1,0.0086,5,0.0431,1,0.0086,7,0.0603,21,0.181,4,0.0345,7,0.0603,0,0.0,1,0.0086,0,0.0,0,0.0
2676,8,Ptuj,4,Murska Sobota 1,92,BREZOVCI - GASILSKI DOM,203.0,149,0.734,149,148,1,1.0,7,0.0473,0,0.0,5,0.0338,64,0.4324,0,,3,0.0203,0,0.0,3,0.0203,1,0.0068,0,0.0,8,0.0541,0,0.0,1,0.0068,8,0.0541,25,0.1689,0,0.0,16,0.1081,6,0.0405,1,0.0068,0,0.0,0,0.0
2677,8,Ptuj,4,Murska Sobota 1,40,BUDINCI - VAŠKI DOM,92.0,56,0.6087,56,56,0,1.0,0,0.0,0,0.0,1,0.0179,20,0.3571,0,,0,0.0,0,0.0,0,0.0,0,0.0,0,0.0,0,0.0,2,0.0357,0,0.0,7,0.125,17,0.3036,3,0.0536,4,0.0714,0,0.0,0,0.0,1,0.0179,1,0.0179
2678,8,Ptuj,4,Murska Sobota 1,1,CANKOVA - VAŠKO-GASILSKI DOM,378.0,281,0.7434,281,278,3,1.0,4,0.0144,0,0.0,10,0.036,74,0.2662,0,,12,0.0432,0,0.0,4,0.0144,7,0.0252,2,0.0072,6,0.0216,17,0.0612,4,0.0144,6,0.0216,89,0.3201,6,0.0216,28,0.1007,5,0.018,2,0.0072,0,0.0,2,0.0072
2679,8,Ptuj,4,Murska Sobota 1,39,ČEPINCI - ZADRUŽNI DOM,218.0,141,0.6468,141,138,3,1.0,5,0.0362,0,0.0,28,0.2029,18,0.1304,0,,1,0.0072,0,0.0,4,0.029,1,0.0072,0,0.0,0,0.0,6,0.0435,1,0.0072,4,0.029,39,0.2826,5,0.0362,20,0.1449,6,0.0435,0,0.0,0,0.0,0,0.0
2680,8,Ptuj,4,Murska Sobota 1,63,ČIKEČKA VAS - GASILSKI DOM,75.0,46,0.6133,46,46,0,1.0,1,0.0217,1,0.0217,1,0.0217,5,0.1087,0,,2,0.0435,0,0.0,5,0.1087,1,0.0217,3,0.0652,5,0.1087,1,0.0217,0,0.0,0,0.0,13,0.2826,0,0.0,4,0.087,0,0.0,0,0.0,4,0.087,0,0.0
2681,8,Ptuj,4,Murska Sobota 1,79,DANKOVCI - GASILSKI DOM,122.0,84,0.6885,84,84,0,1.0,4,0.0476,0,0.0,1,0.0119,16,0.1905,0,,4,0.0476,0,0.0,4,0.0476,2,0.0238,2,0.0238,1,0.0119,1,0.0119,2,0.0238,2,0.0238,20,0.2381,1,0.0119,5,0.0595,19,0.2262,0,0.0,0,0.0,0,0.0
2682,8,Ptuj,4,Murska Sobota 1,38,DOLENCI - VAŠKI DOM,145.0,93,0.6414,93,91,2,1.0,1,0.011,0,0.0,5,0.0549,18,0.1978,0,,5,0.0549,0,0.0,1,0.011,1,0.011,1,0.011,0,0.0,2,0.022,1,0.011,9,0.0989,26,0.2857,6,0.0659,14,0.1538,1,0.011,0,0.0,0,0.0,0,0.0
2683,8,Ptuj,4,Murska Sobota 1,52,DOLIČ - ZADRUŽNI DOM,297.0,198,0.6667,198,196,2,1.0,1,0.0051,0,0.0,7,0.0357,3,0.0153,0,,1,0.0051,1,0.0051,1,0.0051,0,0.0,3,0.0153,2,0.0102,10,0.051,0,0.0,2,0.0102,29,0.148,5,0.0255,129,0.6582,2,0.0102,0,0.0,0,0.0,0,0.0
2684,8,Ptuj,4,Murska Sobota 1,88,DOLINA - GASILSKI DOM,156.0,82,0.5256,82,82,0,1.0,2,0.0244,0,0.0,1,0.0122,35,0.4268,0,,3,0.0366,0,0.0,0,0.0,0,0.0,0,0.0,1,0.0122,3,0.0366,0,0.0,2,0.0244,21,0.2561,5,0.061,5,0.061,2,0.0244,0,0.0,1,0.0122,1,0.0122
2685,8,Ptuj,4,Murska Sobota 1,45,DOLNJI SLAVEČI - VAŠKI DOM,348.0,192,0.5517,192,189,3,1.0,2,0.0106,0,0.0,9,0.0476,32,0.1693,0,,1,0.0053,1,0.0053,6,0.0317,6,0.0317,0,0.0,1,0.0053,11,0.0582,0,0.0,5,0.0265,77,0.4074,6,0.0317,31,0.164,0,0.0,1,0.0053,0,0.0,0,0.0
2686,8,Ptuj,4,Murska Sobota 1,2,DOMAJINCI - VAŠKO-GASILSKI DOM,182.0,97,0.533,97,97,0,1.0,0,0.0,0,0.0,2,0.0206,27,0.2784,0,,4,0.0412,0,0.0,1,0.0103,0,0.0,1,0.0103,0,0.0,5,0.0515,1,0.0103,4,0.0412,43,0.4433,0,0.0,3,0.0309,1,0.0103,3,0.0309,1,0.0103,1,0.0103
2687,8,Ptuj,4,Murska Sobota 1,35,DOMANJŠEVCI - VAŠKO-GASILSKI DOM,219.0,135,0.6164,135,134,1,1.0,1,0.0075,0,0.0,8,0.0597,31,0.2313,0,,2,0.0149,0,0.0,2,0.0149,0,0.0,1,0.0075,0,0.0,6,0.0448,6,0.0448,3,0.0224,55,0.4104,3,0.0224,10,0.0746,4,0.0299,2,0.0149,0,0.0,0,0.0
2688,8,Ptuj,4,Murska Sobota 1,109,FIKŠINCI - VAŠKO-GASILSKI DOM,133.0,77,0.5789,77,76,1,1.0,0,0.0,0,0.0,4,0.0526,12,0.1579,0,,1,0.0132,0,0.0,6,0.0789,4,0.0526,0,0.0,0,0.0,7,0.0921,1,0.0132,0,0.0,21,0.2763,3,0.0395,11,0.1447,3,0.0395,1,0.0132,2,0.0263,0,0.0
2689,8,Ptuj,4,Murska Sobota 1,73,FOKOVCI - OSNOVNA ŠOLA FOKOVCI,159.0,102,0.6415,102,97,5,1.0,0,0.0,0,0.0,0,0.0,35,0.3608,0,,8,0.0825,0,0.0,12,0.1237,1,0.0103,2,0.0206,0,0.0,2,0.0206,0,0.0,7,0.0722,14,0.1443,1,0.0103,12,0.1237,1,0.0103,2,0.0206,0,0.0,0,0.0
2690,8,Ptuj,4,Murska Sobota 1,17,GEDEROVCI - VAŠKO-GASILSKI DOM,137.0,101,0.7372,101,100,1,1.0,1,0.01,0,0.0,5,0.05,43,0.43,0,,2,0.02,0,0.0,3,0.03,0,0.0,0,0.0,0,0.0,4,0.04,1,0.01,3,0.03,28,0.28,3,0.03,7,0.07,0,0.0,0,0.0,0,0.0,0,0.0
2691,8,Ptuj,4,Murska Sobota 1,3,GERLINCI - VAŠKO-GASILSKI DOM,266.0,181,0.6805,181,180,1,1.0,2,0.0111,0,0.0,6,0.0333,43,0.2389,0,,3,0.0167,0,0.0,7,0.0389,3,0.0167,2,0.0111,1,0.0056,13,0.0722,0,0.0,15,0.0833,49,0.2722,9,0.05,19,0.1056,6,0.0333,1,0.0056,0,0.0,1,0.0056
2692,8,Ptuj,4,Murska Sobota 1,89,GORICA-VEČNAMENSKI OBJEKT PRI IGRIŠČU,235.0,136,0.5787,136,134,2,1.0,0,0.0,0,0.0,4,0.0299,59,0.4403,0,,0,0.0,1,0.0075,1,0.0075,1,0.0075,1,0.0075,0,0.0,5,0.0373,3,0.0224,4,0.0299,23,0.1716,1,0.0075,19,0.1418,12,0.0896,0,0.0,0,0.0,0,0.0
2693,8,Ptuj,4,Murska Sobota 1,6,GORNJI ČRNCI - VAŠKO-GASILSKI DOM,110.0,65,0.5909,65,64,1,1.0,1,0.0156,0,0.0,6,0.0938,14,0.2188,0,,2,0.0312,0,0.0,2,0.0312,0,0.0,0,0.0,0,0.0,4,0.0625,0,0.0,0,0.0,27,0.4219,2,0.0312,5,0.0781,0,0.0,1,0.0156,0,0.0,0,0.0
2694,8,Ptuj,4,Murska Sobota 1,25,GORNJI PETROVCI - VAŠKA DVORANA,333.0,225,0.6757,225,225,0,1.0,2,0.0089,0,0.0,4,0.0178,81,0.36,0,,6,0.0267,0,0.0,5,0.0222,2,0.0089,4,0.0178,0,0.0,7,0.0311,2,0.0089,8,0.0356,56,0.2489,6,0.0267,34,0.1511,5,0.0222,3,0.0133,0,0.0,0,0.0
2695,8,Ptuj,4,Murska Sobota 1,53,GORNJI SLAVEČI - GASILSKI DOM,366.0,228,0.623,228,227,1,1.0,0,0.0,0,0.0,5,0.022,46,0.2026,0,,1,0.0044,0,0.0,2,0.0088,2,0.0088,0,0.0,0,0.0,18,0.0793,1,0.0044,5,0.022,80,0.3524,11,0.0485,51,0.2247,1,0.0044,0,0.0,3,0.0132,1,0.0044
2696,8,Ptuj,4,Murska Sobota 1,44,GRAD - GASILSKI DOM,521.0,320,0.6142,320,316,4,1.0,6,0.019,0,0.0,9,0.0285,85,0.269,0,,4,0.0127,0,0.0,5,0.0158,1,0.0032,1,0.0032,0,0.0,14,0.0443,1,0.0032,7,0.0222,112,0.3544,5,0.0158,56,0.1772,4,0.0127,4,0.0127,0,0.0,2,0.0063
2697,8,Ptuj,4,Murska Sobota 1,11,GRADIŠČE-ŠPORTNO REKREACIJSKI CENTER,267.0,195,0.7303,195,194,1,1.0,4,0.0206,0,0.0,2,0.0103,74,0.3814,0,,2,0.0103,0,0.0,5,0.0258,5,0.0258,2,0.0103,0,0.0,7,0.0361,2,0.0103,26,0.134,39,0.201,1,0.0052,23,0.1186,1,0.0052,0,0.0,1,0.0052,0,0.0
2698,8,Ptuj,4,Murska Sobota 1,42,HODOŠ - VAŠKO-KULTURNI DOM,186.0,115,0.6183,115,109,6,1.0,0,0.0,0,0.0,4,0.0367,15,0.1376,0,,1,0.0092,0,0.0,4,0.0367,4,0.0367,0,0.0,1,0.0092,12,0.1101,1,0.0092,6,0.055,49,0.4495,3,0.0275,4,0.0367,2,0.0183,2,0.0183,1,0.0092,0,0.0
2699,8,Ptuj,4,Murska Sobota 1,64,IVANJŠEVCI - GASILSKI DOM,36.0,25,0.6944,25,25,0,1.0,0,0.0,0,0.0,0,0.0,7,0.28,0,,1,0.04,0,0.0,4,0.16,0,0.0,1,0.04,0,0.0,0,0.0,1,0.04,3,0.12,5,0.2,0,0.0,3,0.12,0,0.0,0,0.0,0,0.0,0,0.0
2700,8,Ptuj,4,Murska Sobota 1,69,IVANOVCI - VAŠKI DOM,123.0,87,0.7073,87,85,2,1.0,0,0.0,0,0.0,1,0.0118,34,0.4,0,,2,0.0235,0,0.0,7,0.0824,1,0.0118,3,0.0353,4,0.0471,1,0.0118,0,0.0,6,0.0706,9,0.1059,2,0.0235,12,0.1412,2,0.0235,1,0.0118,0,0.0,0,0.0
2701,8,Ptuj,4,Murska Sobota 1,70,KANČEVCI - GASILSKI DOM,55.0,42,0.7636,42,41,1,1.0,1,0.0244,0,0.0,4,0.0976,14,0.3415,0,,1,0.0244,0,0.0,0,0.0,0,0.0,1,0.0244,0,0.0,4,0.0976,0,0.0,0,0.0,8,0.1951,1,0.0244,7,0.1707,0,0.0,0,0.0,0,0.0,0,0.0
2702,8,Ptuj,4,Murska Sobota 1,4,KOROVCI - VAŠKO-GASILSKI DOM,160.0,100,0.625,100,99,1,1.0,1,0.0101,0,0.0,2,0.0202,39,0.3939,0,,2,0.0202,1,0.0101,6,0.0606,1,0.0101,0,0.0,1,0.0101,5,0.0505,1,0.0101,5,0.0505,14,0.1414,7,0.0707,11,0.1111,2,0.0202,0,0.0,0,0.0,1,0.0101
2703,8,Ptuj,4,Murska Sobota 1,22,KOŠAROVCI - ŠPORTNI CENTER,56.0,28,0.5,28,28,0,1.0,0,0.0,0,0.0,0,0.0,6,0.2143,0,,0,0.0,1,0.0357,0,0.0,11,0.3929,0,0.0,0,0.0,0,0.0,1,0.0357,0,0.0,4,0.1429,1,0.0357,3,0.1071,1,0.0357,0,0.0,0,0.0,0,0.0
2704,8,Ptuj,4,Murska Sobota 1,46,KOVAČEVCI - GASILSKI DOM,84.0,44,0.5238,44,44,0,1.0,1,0.0227,0,0.0,0,0.0,9,0.2045,0,,4,0.0909,1,0.0227,1,0.0227,0,0.0,0,0.0,0,0.0,0,0.0,0,0.0,5,0.1136,15,0.3409,0,0.0,6,0.1364,2,0.0455,0,0.0,0,0.0,0,0.0
2705,8,Ptuj,4,Murska Sobota 1,18,KRAJNA - VAŠKO-GASILSKI DOM,232.0,163,0.7026,163,163,0,1.0,1,0.0061,0,0.0,5,0.0307,75,0.4601,0,,2,0.0123,0,0.0,6,0.0368,6,0.0368,2,0.0123,0,0.0,11,0.0675,1,0.0061,7,0.0429,34,0.2086,6,0.0368,5,0.0307,2,0.0123,0,0.0,0,0.0,0,0.0
2706,8,Ptuj,4,Murska Sobota 1,103,KRAMAROVCI - VAŠKO-GASILSKI DOM,29.0,21,0.7241,21,21,0,1.0,0,0.0,0,0.0,1,0.0476,3,0.1429,0,,0,0.0,0,0.0,0,0.0,0,0.0,0,0.0,0,0.0,0,0.0,1,0.0476,0,0.0,8,0.381,0,0.0,8,0.381,0,0.0,0,0.0,0,0.0,0,0.0
2707,8,Ptuj,4,Murska Sobota 1,5,KRAŠČI - GASILSKO - VAŠKI DOM,222.0,127,0.5721,127,127,0,1.0,1,0.0079,0,0.0,3,0.0236,18,0.1417,0,,2,0.0157,1,0.0079,3,0.0236,0,0.0,2,0.0157,1,0.0079,9,0.0709,1,0.0079,16,0.126,48,0.378,6,0.0472,14,0.1102,2,0.0157,0,0.0,0,0.0,0,0.0
2708,8,Ptuj,4,Murska Sobota 1,21,KRIŽEVCI - GASILSKI DOM,315.0,189,0.6,189,186,3,1.0,0,0.0,0,0.0,13,0.0699,59,0.3172,0,,6,0.0323,0,0.0,4,0.0215,9,0.0484,0,0.0,0,0.0,6,0.0323,3,0.0161,17,0.0914,45,0.2419,2,0.0108,20,0.1075,2,0.0108,0,0.0,0,0.0,0,0.0
2709,8,Ptuj,4,Murska Sobota 1,58,KRNCI - VAŠKI DOM,50.0,33,0.66,33,33,0,1.0,0,0.0,0,0.0,0,0.0,5,0.1515,0,,0,0.0,0,0.0,1,0.0303,1,0.0303,0,0.0,0,0.0,0,0.0,0,0.0,1,0.0303,23,0.697,1,0.0303,1,0.0303,0,0.0,0,0.0,0,0.0,0,0.0
2710,8,Ptuj,4,Murska Sobota 1,74,"KROG-PODRUŽNIČNA ŠOLA KROG, TRUBARJEVA 77",976.0,681,0.6977,681,674,7,1.0,5,0.0074,1,0.0015,30,0.0445,208,0.3086,0,,14,0.0208,0,0.0,11,0.0163,16,0.0237,4,0.0059,6,0.0089,34,0.0504,8,0.0119,27,0.0401,196,0.2908,18,0.0267,73,0.1083,5,0.0074,9,0.0134,7,0.0104,2,0.003
2711,8,Ptuj,4,Murska Sobota 1,43,KRPLIVNIK - VAŠKO-GASILSKI DOM,67.0,32,0.4776,32,32,0,1.0,2,0.0625,0,0.0,7,0.2188,2,0.0625,0,,0,0.0,0,0.0,2,0.0625,1,0.0312,1,0.0312,0,0.0,1,0.0312,0,0.0,3,0.0938,11,0.3438,2,0.0625,0,0.0,0,0.0,0,0.0,0,0.0,0,0.0
2712,8,Ptuj,4,Murska Sobota 1,47,KRUPLIVNIK - GASILSKI DOM,159.0,100,0.6289,100,99,1,1.0,4,0.0404,0,0.0,1,0.0101,24,0.2424,0,,1,0.0101,4,0.0404,0,0.0,7,0.0707,0,0.0,2,0.0202,4,0.0404,1,0.0101,4,0.0404,32,0.3232,0,0.0,15,0.1515,0,0.0,0,0.0,0,0.0,0,0.0
2713,8,Ptuj,4,Murska Sobota 1,23,KUKEČ - VAŠKO-GASILSKI DOM,45.0,29,0.6444,29,29,0,1.0,0,0.0,0,0.0,0,0.0,14,0.4828,0,,0,0.0,0,0.0,1,0.0345,1,0.0345,0,0.0,0,0.0,1,0.0345,1,0.0345,2,0.069,1,0.0345,0,0.0,8,0.2759,0,0.0,0,0.0,0,0.0,0,0.0
2714,8,Ptuj,4,Murska Sobota 1,80,KUŠTANOVCI - GASILSKI DOM,137.0,68,0.4964,68,66,2,1.0,4,0.0606,0,0.0,3,0.0455,14,0.2121,0,,3,0.0455,0,0.0,2,0.0303,4,0.0606,1,0.0152,0,0.0,0,0.0,2,0.0303,2,0.0303,16,0.2424,0,0.0,14,0.2121,1,0.0152,0,0.0,0,0.0,0,0.0
2715,8,Ptuj,4,Murska Sobota 1,51,KUZMA - KRAJEVNA DVORANA,319.0,191,0.5987,191,190,1,1.0,0,0.0,0,0.0,4,0.0211,20,0.1053,0,,1,0.0053,0,0.0,1,0.0053,3,0.0158,3,0.0158,0,0.0,8,0.0421,2,0.0105,7,0.0368,69,0.3632,2,0.0105,68,0.3579,2,0.0105,0,0.0,0,0.0,0,0.0
2716,8,Ptuj,4,Murska Sobota 1,93,LEMERJE - GASILSKI DOM,217.0,138,0.6359,138,137,1,1.0,7,0.0511,0,0.0,4,0.0292,67,0.4891,0,,6,0.0438,0,0.0,3,0.0219,3,0.0219,0,0.0,0,0.0,0,0.0,2,0.0146,2,0.0146,14,0.1022,2,0.0146,26,0.1898,0,0.0,0,0.0,0,0.0,1,0.0073
2717,8,Ptuj,4,Murska Sobota 1,71,LONČAROVCI - GASILSKI DOM,48.0,37,0.7708,37,37,0,1.0,3,0.0811,0,0.0,0,0.0,13,0.3514,0,,1,0.027,0,0.0,1,0.027,0,0.0,0,0.0,0,0.0,0,0.0,0,0.0,2,0.0541,3,0.0811,2,0.0541,10,0.2703,0,0.0,0,0.0,2,0.0541,0,0.0
2718,8,Ptuj,4,Murska Sobota 1,30,LUCOVA - VAŠKO-GASILSKI DOM,108.0,57,0.5278,57,57,0,1.0,0,0.0,0,0.0,0,0.0,20,0.3509,0,,0,0.0,0,0.0,0,0.0,0,0.0,0,0.0,0,0.0,4,0.0702,0,0.0,0,0.0,19,0.3333,3,0.0526,10,0.1754,1,0.0175,0,0.0,0,0.0,0,0.0
2719,8,Ptuj,4,Murska Sobota 1,78,MAČKOVCI - GASILSKI DOM,179.0,120,0.6704,120,120,0,1.0,3,0.025,0,0.0,5,0.0417,33,0.275,0,,11,0.0917,0,0.0,2,0.0167,4,0.0333,1,0.0083,0,0.0,3,0.025,2,0.0167,4,0.0333,26,0.2167,5,0.0417,17,0.1417,2,0.0167,0,0.0,1,0.0083,1,0.0083
2720,8,Ptuj,4,Murska Sobota 1,77,MARKIŠAVCI - GASILSKI DOM,167.0,118,0.7066,118,116,2,1.0,1,0.0086,0,0.0,3,0.0259,44,0.3793,0,,7,0.0603,0,0.0,5,0.0431,1,0.0086,3,0.0259,1,0.0086,2,0.0172,3,0.0259,2,0.0172,17,0.1466,1,0.0086,21,0.181,5,0.0431,0,0.0,0,0.0,0,0.0
2721,8,Ptuj,4,Murska Sobota 1,41,MARKOVCI - VAŠKO-GASILSKI DOM,211.0,136,0.6445,136,135,1,1.0,3,0.0222,1,0.0074,11,0.0815,41,0.3037,0,,1,0.0074,0,0.0,4,0.0296,1,0.0074,4,0.0296,4,0.0296,9,0.0667,1,0.0074,5,0.037,33,0.2444,3,0.0222,10,0.0741,1,0.0074,0,0.0,2,0.0148,1,0.0074
2722,8,Ptuj,4,Murska Sobota 1,31,MARTINJE - VAŠKO-GASILSKI DOM,84.0,56,0.6667,56,55,1,1.0,2,0.0364,0,0.0,0,0.0,6,0.1091,0,,0,0.0,0,0.0,1,0.0182,6,0.1091,0,0.0,0,0.0,2,0.0364,0,0.0,4,0.0727,21,0.3818,0,0.0,13,0.2364,0,0.0,0,0.0,0,0.0,0,0.0
2723,8,Ptuj,4,Murska Sobota 1,56,MARTJANCI - VAŠKI DOM,433.0,314,0.7252,314,310,4,1.0,2,0.0065,0,0.0,6,0.0194,110,0.3548,0,,10,0.0323,0,0.0,10,0.0323,3,0.0097,4,0.0129,5,0.0161,20,0.0645,1,0.0032,7,0.0226,69,0.2226,0,0.0,52,0.1677,10,0.0323,1,0.0032,0,0.0,0,0.0
2724,8,Ptuj,4,Murska Sobota 1,54,MATJAŠEVCI - GASILSKI DOM,142.0,93,0.6549,93,93,0,1.0,0,0.0,0,0.0,4,0.043,19,0.2043,0,,3,0.0323,0,0.0,5,0.0538,0,0.0,1,0.0108,1,0.0108,10,0.1075,1,0.0108,2,0.0215,20,0.2151,0,0.0,26,0.2796,1,0.0108,0,0.0,0,0.0,0,0.0
2725,8,Ptuj,4,Murska Sobota 1,81,MOŠČANCI - GASILSKI DOM,221.0,139,0.629,139,135,4,1.0,5,0.037,0,0.0,0,0.0,61,0.4519,0,,4,0.0296,1,0.0074,1,0.0074,0,0.0,0,0.0,0,0.0,3,0.0222,2,0.0148,11,0.0815,22,0.163,0,0.0,17,0.1259,8,0.0593,0,0.0,0,0.0,0,0.0
2726,8,Ptuj,4,Murska Sobota 1,48,MOTOVILCI - VAŠKI DOM,232.0,141,0.6078,141,141,0,1.0,1,0.0071,0,0.0,4,0.0284,28,0.1986,0,,2,0.0142,0,0.0,2,0.0142,2,0.0142,1,0.0071,0,0.0,13,0.0922,1,0.0071,2,0.0142,38,0.2695,6,0.0426,37,0.2624,0,0.0,1,0.0071,3,0.0213,0,0.0
2727,8,Ptuj,4,Murska Sobota 1,65,MOTVARJEVCI - VAŠKI DOM,125.0,68,0.544,68,68,0,1.0,2,0.0294,0,0.0,4,0.0588,11,0.1618,0,,2,0.0294,0,0.0,3,0.0441,2,0.0294,1,0.0147,0,0.0,1,0.0147,1,0.0147,6,0.0882,29,0.4265,0,0.0,6,0.0882,0,0.0,0,0.0,0,0.0,0,0.0
2728,8,Ptuj,4,Murska Sobota 1,12,MURSKI ČRNCI - VAŠKO-GASILSKI DOM,369.0,277,0.7507,277,276,1,1.0,5,0.0181,0,0.0,9,0.0326,111,0.4022,0,,2,0.0072,0,0.0,9,0.0326,4,0.0145,0,0.0,2,0.0072,9,0.0326,1,0.0036,11,0.0399,65,0.2355,6,0.0217,36,0.1304,3,0.0109,0,0.0,3,0.0109,0,0.0
2729,8,Ptuj,4,Murska Sobota 1,19,MURSKI PETROVCI - VAŠKO-GASILSKI DOM,111.0,76,0.6847,76,76,0,1.0,1,0.0132,0,0.0,9,0.1184,20,0.2632,0,,0,0.0,0,0.0,4,0.0526,3,0.0395,0,0.0,1,0.0132,2,0.0263,1,0.0132,2,0.0263,30,0.3947,0,0.0,3,0.0395,0,0.0,0,0.0,0,0.0,0,0.0
2730,8,Ptuj,4,Murska Sobota 1,76,NEMČAVCI - VAŠKO-GASILSKI DOM,212.0,167,0.7877,167,167,0,1.0,6,0.0359,0,0.0,3,0.018,66,0.3952,0,,2,0.012,0,0.0,6,0.0359,5,0.0299,3,0.018,0,0.0,6,0.0359,2,0.012,5,0.0299,24,0.1437,5,0.0299,31,0.1856,2,0.012,0,0.0,1,0.006,0,0.0
2731,8,Ptuj,4,Murska Sobota 1,32,NERADNOVCI - VAŠKO-GASILSKI DOM,124.0,82,0.6613,82,80,2,1.0,2,0.025,0,0.0,9,0.1125,16,0.2,0,,6,0.075,0,0.0,3,0.0375,1,0.0125,1,0.0125,0,0.0,2,0.025,2,0.025,4,0.05,8,0.1,2,0.025,22,0.275,2,0.025,0,0.0,0,0.0,0,0.0
2732,8,Ptuj,4,Murska Sobota 1,59,NORŠINCI - GASILSKI DOM,198.0,154,0.7778,154,154,0,1.0,1,0.0065,0,0.0,7,0.0455,62,0.4026,0,,5,0.0325,0,0.0,8,0.0519,3,0.0195,1,0.0065,0,0.0,5,0.0325,4,0.026,7,0.0455,27,0.1753,7,0.0455,15,0.0974,1,0.0065,1,0.0065,0,0.0,0,0.0
2733,8,Ptuj,4,Murska Sobota 1,104,NUSKOVA - VAŠKO-GASILSKI DOM,239.0,163,0.682,163,163,0,1.0,1,0.0061,2,0.0123,5,0.0307,44,0.2699,0,,8,0.0491,0,0.0,6,0.0368,5,0.0307,0,0.0,1,0.0061,4,0.0245,0,0.0,6,0.0368,50,0.3067,5,0.0307,24,0.1472,1,0.0061,1,0.0061,0,0.0,0,0.0
2734,8,Ptuj,4,Murska Sobota 1,105,OCINJE - VAŠKI DOM,42.0,28,0.6667,28,27,1,1.0,1,0.037,0,0.0,1,0.037,2,0.0741,0,,5,0.1852,0,0.0,1,0.037,1,0.037,0,0.0,0,0.0,1,0.037,1,0.037,1,0.037,6,0.2222,0,0.0,4,0.1481,2,0.0741,0,0.0,1,0.037,0,0.0
2735,8,Ptuj,4,Murska Sobota 1,82,OTOVCI - GASILSKI DOM,190.0,139,0.7316,139,138,1,1.0,5,0.0362,0,0.0,5,0.0362,44,0.3188,0,,5,0.0362,0,0.0,2,0.0145,0,0.0,1,0.0072,3,0.0217,2,0.0145,3,0.0217,5,0.0362,29,0.2101,6,0.0435,23,0.1667,3,0.0217,1,0.0072,1,0.0072,0,0.0
2736,8,Ptuj,4,Murska Sobota 1,24,PANOVCI - VAŠKO-GASILSKI DOM,33.0,19,0.5758,19,19,0,1.0,0,0.0,0,0.0,0,0.0,10,0.5263,0,,1,0.0526,0,0.0,2,0.1053,0,0.0,0,0.0,0,0.0,0,0.0,1,0.0526,1,0.0526,4,0.2105,0,0.0,0,0.0,0,0.0,0,0.0,0,0.0,0,0.0
2737,8,Ptuj,4,Murska Sobota 1,83,PEČAROVCI - GASILSKI DOM,336.0,223,0.6637,223,218,5,1.0,18,0.0826,0,0.0,16,0.0734,72,0.3303,0,,7,0.0321,0,0.0,8,0.0367,2,0.0092,2,0.0092,2,0.0092,13,0.0596,0,0.0,16,0.0734,37,0.1697,1,0.0046,20,0.0917,4,0.0183,0,0.0,0,0.0,0,0.0
2738,8,Ptuj,4,Murska Sobota 1,108,"PERTOČA, VAŠKO-GASILSKI DOM",337.0,171,0.5074,171,169,2,1.0,1,0.0059,0,0.0,6,0.0355,28,0.1657,0,,6,0.0355,0,0.0,9,0.0533,1,0.0059,1,0.0059,0,0.0,19,0.1124,2,0.0118,4,0.0237,72,0.426,0,0.0,16,0.0947,3,0.0178,0,0.0,1,0.0059,0,0.0
2739,8,Ptuj,4,Murska Sobota 1,26,PESKOVCI - VAŠKO GASILSKI DOM,61.0,40,0.6557,40,39,1,1.0,0,0.0,0,0.0,0,0.0,7,0.1795,0,,0,0.0,0,0.0,0,0.0,6,0.1538,0,0.0,2,0.0513,2,0.0513,0,0.0,2,0.0513,9,0.2308,2,0.0513,7,0.1795,2,0.0513,0,0.0,0,0.0,0,0.0
2740,8,Ptuj,4,Murska Sobota 1,13,PETANJCI - VAŠKO-GASILSKI DOM,549.0,366,0.6667,366,363,3,1.0,2,0.0055,0,0.0,8,0.022,131,0.3609,0,,12,0.0331,0,0.0,19,0.0523,2,0.0055,3,0.0083,3,0.0083,36,0.0992,5,0.0138,3,0.0083,98,0.27,6,0.0165,31,0.0854,3,0.0083,1,0.0028,0,0.0,0,0.0
2741,8,Ptuj,4,Murska Sobota 1,66,PORDAŠINCI - VAŠKI DOM,36.0,22,0.6111,22,22,0,1.0,0,0.0,0,0.0,0,0.0,4,0.1818,0,,0,0.0,0,0.0,2,0.0909,0,0.0,0,0.0,1,0.0455,0,0.0,0,0.0,0,0.0,10,0.4545,0,0.0,5,0.2273,0,0.0,0,0.0,0,0.0,0,0.0
2742,8,Ptuj,4,Murska Sobota 1,84,POZNANOVCI - GASILSKI DOM,142.0,77,0.5423,77,77,0,1.0,3,0.039,0,0.0,1,0.013,38,0.4935,0,,2,0.026,0,0.0,1,0.013,0,0.0,1,0.013,0,0.0,2,0.026,0,0.0,2,0.026,14,0.1818,2,0.026,8,0.1039,1,0.013,0,0.0,2,0.026,0,0.0
2743,8,Ptuj,4,Murska Sobota 1,94,PREDANOVCI - GASILSKI DOM,156.0,110,0.7051,110,109,1,1.0,5,0.0459,0,0.0,7,0.0642,25,0.2294,0,,5,0.0459,0,0.0,0,0.0,4,0.0367,1,0.0092,0,0.0,4,0.0367,1,0.0092,5,0.0459,34,0.3119,4,0.0367,13,0.1193,0,0.0,0,0.0,1,0.0092,0,0.0
2744,8,Ptuj,4,Murska Sobota 1,85,PROSEČKA VAS - GASILSKI DOM,100.0,55,0.55,55,55,0,1.0,3,0.0545,0,0.0,1,0.0182,17,0.3091,0,,3,0.0545,0,0.0,1,0.0182,0,0.0,1,0.0182,0,0.0,4,0.0727,0,0.0,8,0.1455,9,0.1636,2,0.0364,4,0.0727,2,0.0364,0,0.0,0,0.0,0,0.0
2745,8,Ptuj,4,Murska Sobota 1,61,PROSENJAKOVCI - STARI GASILSKI DOM,136.0,77,0.5662,77,77,0,1.0,3,0.039,0,0.0,0,0.0,15,0.1948,0,,4,0.0519,0,0.0,2,0.026,1,0.013,0,0.0,0,0.0,2,0.026,1,0.013,10,0.1299,22,0.2857,1,0.013,11,0.1429,2,0.026,1,0.013,2,0.026,0,0.0
2746,8,Ptuj,4,Murska Sobota 1,86,PUCONCI - OSNOVNA ŠOLA,521.0,375,0.7198,375,372,3,1.0,10,0.0269,0,0.0,11,0.0296,148,0.3978,0,,14,0.0376,2,0.0054,12,0.0323,6,0.0161,3,0.0081,3,0.0081,9,0.0242,6,0.0161,10,0.0269,50,0.1344,4,0.0108,72,0.1935,8,0.0215,2,0.0054,1,0.0027,1,0.0027
2747,8,Ptuj,4,Murska Sobota 1,99,PUŽEVCI - GASILSKI DOM,140.0,91,0.65,91,91,0,1.0,3,0.033,0,0.0,5,0.0549,35,0.3846,0,,1,0.011,0,0.0,1,0.011,0,0.0,3,0.033,0,0.0,0,0.0,0,0.0,4,0.044,20,0.2198,3,0.033,13,0.1429,1,0.011,0,0.0,2,0.022,0,0.0
2748,8,Ptuj,4,Murska Sobota 1,49,RADOVCI - VAŠKI DOM,157.0,106,0.6752,106,106,0,1.0,1,0.0094,0,0.0,4,0.0377,31,0.2925,0,,2,0.0189,0,0.0,1,0.0094,0,0.0,0,0.0,0,0.0,1,0.0094,0,0.0,3,0.0283,45,0.4245,1,0.0094,16,0.1509,0,0.0,1,0.0094,0,0.0,0,0.0
2749,8,Ptuj,4,Murska Sobota 1,14,RANKOVCI - VAŠKO-GASILSKI DOM,203.0,131,0.6453,131,130,1,1.0,1,0.0077,2,0.0154,4,0.0308,33,0.2538,0,,1,0.0077,0,0.0,2,0.0154,1,0.0077,0,0.0,0,0.0,13,0.1,1,0.0077,2,0.0154,50,0.3846,3,0.0231,15,0.1154,1,0.0077,1,0.0077,0,0.0,0,0.0
2750,8,Ptuj,4,Murska Sobota 1,68,RATKOVCI - GASILSKI DOM,49.0,36,0.7347,36,35,1,1.0,0,0.0,0,0.0,0,0.0,6,0.1714,0,,1,0.0286,0,0.0,5,0.1429,3,0.0857,0,0.0,1,0.0286,0,0.0,0,0.0,2,0.0571,6,0.1714,1,0.0286,9,0.2571,0,0.0,1,0.0286,0,0.0,0,0.0
2751,8,Ptuj,4,Murska Sobota 1,101,ROGAŠOVCI - VAŠKO-GASILSKI DOM,226.0,147,0.6504,147,147,0,1.0,0,0.0,0,0.0,12,0.0816,40,0.2721,0,,8,0.0544,0,0.0,7,0.0476,1,0.0068,3,0.0204,0,0.0,10,0.068,0,0.0,7,0.0476,27,0.1837,1,0.0068,24,0.1633,3,0.0204,1,0.0068,1,0.0068,2,0.0136
2752,8,Ptuj,4,Murska Sobota 1,110,"ROPOČA - VAŠKO-GASILSKI DOM, SPODAJ",169.0,95,0.5621,95,95,0,1.0,1,0.0105,0,0.0,3,0.0316,26,0.2737,0,,0,0.0,0,0.0,3,0.0316,2,0.0211,0,0.0,0,0.0,7,0.0737,0,0.0,1,0.0105,45,0.4737,0,0.0,6,0.0632,0,0.0,1,0.0105,0,0.0,0,0.0
2753,8,Ptuj,4,Murska Sobota 1,75,SATAHOVCI - GASILSKI DOM,239.0,162,0.6778,162,161,1,1.0,1,0.0062,0,0.0,8,0.0497,44,0.2733,0,,4,0.0248,0,0.0,5,0.0311,3,0.0186,0,0.0,1,0.0062,8,0.0497,2,0.0124,10,0.0621,59,0.3665,5,0.0311,9,0.0559,2,0.0124,0,0.0,0,0.0,0,0.0
2754,8,Ptuj,4,Murska Sobota 1,60,SEBEBORCI - GASILSKI DOM,404.0,274,0.6782,274,271,3,1.0,1,0.0037,1,0.0037,8,0.0295,92,0.3395,0,,10,0.0369,0,0.0,9,0.0332,3,0.0111,7,0.0258,16,0.059,4,0.0148,6,0.0221,13,0.048,41,0.1513,5,0.0185,42,0.155,6,0.0221,2,0.0074,4,0.0148,1,0.0037
2755,8,Ptuj,4,Murska Sobota 1,72,SELO - GASILSKI DOM,228.0,137,0.6009,137,137,0,1.0,1,0.0073,0,0.0,6,0.0438,26,0.1898,0,,27,0.1971,0,0.0,10,0.073,0,0.0,1,0.0073,1,0.0073,2,0.0146,1,0.0073,4,0.0292,38,0.2774,3,0.0219,17,0.1241,0,0.0,0,0.0,0,0.0,0,0.0
2756,8,Ptuj,4,Murska Sobota 1,106,SERDICA - VAŠKO-GASILSKI DOM,437.0,226,0.5172,226,226,0,1.0,2,0.0088,0,0.0,4,0.0177,47,0.208,0,,7,0.031,0,0.0,24,0.1062,2,0.0088,0,0.0,0,0.0,5,0.0221,1,0.0044,4,0.0177,93,0.4115,7,0.031,27,0.1195,3,0.0133,0,0.0,0,0.0,0,0.0
2757,8,Ptuj,4,Murska Sobota 1,7,SKAKOVCI - VAŠKO-GASILSKI DOM,174.0,109,0.6264,109,108,1,1.0,0,0.0,0,0.0,2,0.0185,24,0.2222,0,,1,0.0093,0,0.0,3,0.0278,4,0.037,3,0.0278,0,0.0,3,0.0278,2,0.0185,3,0.0278,45,0.4167,2,0.0185,14,0.1296,1,0.0093,0,0.0,1,0.0093,0,0.0
2758,8,Ptuj,4,Murska Sobota 1,20,SODIŠINCI - VAŠKO-GASILSKI DOM,179.0,125,0.6983,125,123,2,1.0,2,0.0163,0,0.0,2,0.0163,45,0.3659,0,,2,0.0163,2,0.0163,0,0.0,2,0.0163,0,0.0,6,0.0488,3,0.0244,0,0.0,5,0.0407,39,0.3171,1,0.0081,9,0.0732,1,0.0081,2,0.0163,2,0.0163,0,0.0
2759,8,Ptuj,4,Murska Sobota 1,107,SOTINA - VAŠKO-GASILSKI DOM,282.0,150,0.5319,150,149,1,1.0,3,0.0201,3,0.0201,13,0.0872,18,0.1208,0,,4,0.0268,0,0.0,20,0.1342,4,0.0268,3,0.0201,3,0.0201,9,0.0604,3,0.0201,4,0.0268,35,0.2349,7,0.047,18,0.1208,0,0.0,1,0.0067,1,0.0067,0,0.0
2760,8,Ptuj,4,Murska Sobota 1,67,SREDIŠČE - GASILSKI DOM,35.0,29,0.8286,29,29,0,1.0,1,0.0345,0,0.0,5,0.1724,3,0.1034,0,,3,0.1034,0,0.0,0,0.0,3,0.1034,0,0.0,0,0.0,0,0.0,0,0.0,0,0.0,13,0.4483,0,0.0,1,0.0345,0,0.0,0,0.0,0,0.0,0,0.0
2761,8,Ptuj,4,Murska Sobota 1,33,STANJEVCI - VAŠKO-GASILSKI DOM,157.0,113,0.7197,113,110,3,1.0,0,0.0,1,0.0091,5,0.0455,26,0.2364,0,,2,0.0182,0,0.0,3,0.0273,2,0.0182,0,0.0,0,0.0,5,0.0455,1,0.0091,5,0.0455,40,0.3636,0,0.0,15,0.1364,4,0.0364,0,0.0,1,0.0091,0,0.0
2762,8,Ptuj,4,Murska Sobota 1,100,STRUKOVCI - GASILSKI DOM,143.0,107,0.7483,107,106,1,1.0,2,0.0189,0,0.0,1,0.0094,32,0.3019,0,,2,0.0189,0,0.0,2,0.0189,0,0.0,0,0.0,1,0.0094,5,0.0472,0,0.0,14,0.1321,11,0.1038,3,0.0283,20,0.1887,9,0.0849,0,0.0,4,0.0377,0,0.0
2763,8,Ptuj,4,Murska Sobota 1,102,SVETI JURIJ - VAŠKO-GASILSKI DOM,375.0,260,0.6933,260,259,1,1.0,1,0.0039,0,0.0,14,0.0541,89,0.3436,0,,8,0.0309,0,0.0,14,0.0541,1,0.0039,1,0.0039,0,0.0,14,0.0541,2,0.0077,7,0.027,59,0.2278,6,0.0232,34,0.1313,8,0.0309,1,0.0039,0,0.0,0,0.0
2764,8,Ptuj,4,Murska Sobota 1,90,ŠALAMENCI - GASILSKI DOM,244.0,162,0.6639,162,161,1,1.0,6,0.0373,0,0.0,4,0.0248,34,0.2112,0,,6,0.0373,0,0.0,0,0.0,4,0.0248,0,0.0,0,0.0,4,0.0248,1,0.0062,12,0.0745,46,0.2857,6,0.0373,34,0.2112,1,0.0062,1,0.0062,2,0.0124,0,0.0
2765,8,Ptuj,4,Murska Sobota 1,36,ŠALOVCI - ZADRUŽNI DOM,338.0,214,0.6331,214,211,3,1.0,2,0.0095,2,0.0095,17,0.0806,57,0.2701,0,,6,0.0284,0,0.0,8,0.0379,4,0.019,1,0.0047,2,0.0095,12,0.0569,1,0.0047,11,0.0521,43,0.2038,11,0.0521,26,0.1232,6,0.0284,0,0.0,2,0.0095,0,0.0
2766,8,Ptuj,4,Murska Sobota 1,27,ŠULINCI - VAŠKO-GASILSKI DOM,144.0,100,0.6944,100,99,1,1.0,3,0.0303,0,0.0,2,0.0202,41,0.4141,0,,3,0.0303,0,0.0,3,0.0303,3,0.0303,1,0.0101,0,0.0,0,0.0,0,0.0,7,0.0707,13,0.1313,0,0.0,20,0.202,3,0.0303,0,0.0,0,0.0,0,0.0
2767,8,Ptuj,4,Murska Sobota 1,9,TIŠINA - VAŠKO-GASILSKI DOM,349.0,258,0.7393,258,257,1,1.0,1,0.0039,0,0.0,7,0.0272,82,0.3191,0,,7,0.0272,0,0.0,6,0.0233,6,0.0233,3,0.0117,1,0.0039,16,0.0623,3,0.0117,10,0.0389,72,0.2802,5,0.0195,31,0.1206,5,0.0195,2,0.0078,0,0.0,0,0.0
2768,8,Ptuj,4,Murska Sobota 1,8,TOPOLOVCI - VAŠKO-KULTURNI DOM,48.0,35,0.7292,35,35,0,1.0,0,0.0,0,0.0,1,0.0286,5,0.1429,0,,1,0.0286,0,0.0,0,0.0,2,0.0571,0,0.0,0,0.0,0,0.0,0,0.0,1,0.0286,17,0.4857,0,0.0,7,0.2,1,0.0286,0,0.0,0,0.0,0,0.0
2769,8,Ptuj,4,Murska Sobota 1,55,TRDKOVA - GASILSKI DOM,159.0,115,0.7233,115,115,0,1.0,1,0.0087,1,0.0087,0,0.0,12,0.1043,0,,0,0.0,0,0.0,1,0.0087,3,0.0261,0,0.0,1,0.0087,14,0.1217,1,0.0087,8,0.0696,41,0.3565,3,0.0261,28,0.2435,0,0.0,0,0.0,0,0.0,1,0.0087
2770,8,Ptuj,4,Murska Sobota 1,15,TROPOVCI - VAŠKO-GASILSKI DOM,396.0,284,0.7172,284,275,9,1.0,0,0.0,0,0.0,4,0.0145,98,0.3564,0,,6,0.0218,1,0.0036,12,0.0436,5,0.0182,5,0.0182,1,0.0036,22,0.08,2,0.0073,7,0.0255,64,0.2327,5,0.0182,27,0.0982,11,0.04,3,0.0109,2,0.0073,0,0.0
2771,8,Ptuj,4,Murska Sobota 1,96,VADARCI - GASILSKI DOM,277.0,133,0.4801,133,130,3,1.0,3,0.0231,0,0.0,5,0.0385,48,0.3692,0,,4,0.0308,2,0.0154,1,0.0077,1,0.0077,0,0.0,2,0.0154,4,0.0308,0,0.0,11,0.0846,41,0.3154,1,0.0077,6,0.0462,1,0.0077,0,0.0,0,0.0,0,0.0
2772,8,Ptuj,4,Murska Sobota 1,16,VANČA VAS - VAŠKO-GASILSKI DOM,386.0,205,0.5311,205,202,3,1.0,3,0.0149,0,0.0,7,0.0347,73,0.3614,0,,6,0.0297,0,0.0,5,0.0248,2,0.0099,3,0.0149,1,0.005,9,0.0446,2,0.0099,4,0.0198,54,0.2673,3,0.0149,25,0.1238,3,0.0149,1,0.005,0,0.0,1,0.005
2773,8,Ptuj,4,Murska Sobota 1,91,VANEČA - GASILSKI DOM,413.0,289,0.6998,289,288,1,1.0,11,0.0382,0,0.0,5,0.0174,123,0.4271,0,,14,0.0486,0,0.0,5,0.0174,1,0.0035,6,0.0208,2,0.0069,5,0.0174,2,0.0069,10,0.0347,45,0.1562,8,0.0278,43,0.1493,4,0.0139,3,0.0104,1,0.0035,0,0.0
2774,8,Ptuj,4,Murska Sobota 1,111,VEČESLAVCI - VAŠKO-GASILSKI DOM,316.0,182,0.5759,182,180,2,1.0,0,0.0,0,0.0,6,0.0333,48,0.2667,0,,1,0.0056,1,0.0056,13,0.0722,3,0.0167,3,0.0167,1,0.0056,12,0.0667,1,0.0056,5,0.0278,58,0.3222,7,0.0389,18,0.1,3,0.0167,0,0.0,0,0.0,0,0.0
2775,8,Ptuj,4,Murska Sobota 1,50,VIDONCI - VAŠKI DOM,259.0,180,0.695,180,178,2,1.0,2,0.0112,0,0.0,11,0.0618,31,0.1742,0,,6,0.0337,0,0.0,5,0.0281,3,0.0169,1,0.0056,2,0.0112,14,0.0787,0,0.0,3,0.0169,48,0.2697,4,0.0225,40,0.2247,5,0.0281,1,0.0056,2,0.0112,0,0.0
2776,8,Ptuj,4,Murska Sobota 1,97,ZENKOVCI - GASILSKI DOM,262.0,119,0.4542,119,118,1,1.0,1,0.0085,0,0.0,7,0.0593,37,0.3136,0,,6,0.0508,0,0.0,1,0.0085,0,0.0,0,0.0,1,0.0085,1,0.0085,1,0.0085,10,0.0847,31,0.2627,6,0.0508,10,0.0847,6,0.0508,0,0.0,0,0.0,0,0.0
2777,8,Ptuj,4,Murska Sobota 1,34,ŽENAVLJE - ZADRUŽNI DOM,82.0,39,0.4756,39,38,1,1.0,1,0.0263,0,0.0,2,0.0526,6,0.1579,0,,3,0.0789,0,0.0,0,0.0,3,0.0789,0,0.0,0,0.0,4,0.1053,0,0.0,0,0.0,8,0.2105,1,0.0263,7,0.1842,2,0.0526,1,0.0263,0,0.0,0,0.0
2778,8,Ptuj,4,Murska Sobota 1,901,PREDČASNO GLASOVANJE,,364,,364,363,1,1.0,1,0.0028,0,0.0,13,0.0358,128,0.3526,0,,26,0.0716,0,0.0,11,0.0303,9,0.0248,3,0.0083,6,0.0165,4,0.011,5,0.0138,11,0.0303,78,0.2149,5,0.0138,45,0.124,11,0.0303,5,0.0138,2,0.0055,0,0.0
2779,8,Ptuj,5,Murska Sobota 2,20,BAKOVCI I - VAŠKI DOM,660.0,449,0.6803,449,443,6,1.0,3,0.0068,0,0.0,14,0.0316,134,0.3025,0,,25,0.0564,0,0.0,3,0.0068,15,0.0339,8,0.0181,8,0.0181,24,0.0542,8,0.0181,9,0.0203,129,0.2912,6,0.0135,49,0.1106,7,0.0158,1,0.0023,0,0.0,0,0.0
2780,8,Ptuj,5,Murska Sobota 2,21,BAKOVCI II - VAŠKI DOM,601.0,397,0.6606,397,394,3,1.0,1,0.0025,0,0.0,4,0.0102,130,0.3299,0,,9,0.0228,0,0.0,12,0.0305,6,0.0152,7,0.0178,8,0.0203,15,0.0381,5,0.0127,21,0.0533,113,0.2868,9,0.0228,32,0.0812,10,0.0254,6,0.0152,6,0.0152,0,0.0
2781,8,Ptuj,5,Murska Sobota 2,1,"BELTINCI I, KULTURNI DOM, UL.ŠTEFANA KOVAČA 3",831.0,506,0.6089,506,502,4,1.0,7,0.0139,0,0.0,23,0.0458,169,0.3367,0,,23,0.0458,2,0.004,22,0.0438,2,0.004,6,0.012,7,0.0139,29,0.0578,3,0.006,32,0.0637,112,0.2231,6,0.012,47,0.0936,3,0.006,3,0.006,6,0.012,0,0.0
2782,8,Ptuj,5,Murska Sobota 2,2,"BELTINCI II, KULTURNI DOM, UL. ŠTEFANA KOVAČA 3",1195.0,851,0.7121,851,839,12,1.0,2,0.0024,1,0.0012,19,0.0226,279,0.3325,0,,26,0.031,2,0.0024,31,0.0369,6,0.0072,7,0.0083,13,0.0155,59,0.0703,9,0.0107,49,0.0584,222,0.2646,15,0.0179,65,0.0775,13,0.0155,8,0.0095,13,0.0155,0,0.0
2783,8,Ptuj,5,Murska Sobota 2,10,BOGOJINA - KULTURNA DVORANA VAŠKO GASILSKEGA DOMA,450.0,335,0.7444,335,329,6,1.0,1,0.003,0,0.0,5,0.0152,33,0.1003,0,,13,0.0395,1,0.003,23,0.0699,4,0.0122,1,0.003,3,0.0091,24,0.0729,5,0.0152,17,0.0517,158,0.4802,6,0.0182,24,0.0729,4,0.0122,4,0.0122,3,0.0091,0,0.0
2784,8,Ptuj,5,Murska Sobota 2,3,"BRATONCI - TURISTIČNA HIŠA ŽLICA, BRATONCI 81A",574.0,430,0.7491,430,426,4,1.0,10,0.0235,0,0.0,13,0.0305,122,0.2864,0,,15,0.0352,1,0.0023,13,0.0305,7,0.0164,3,0.007,2,0.0047,36,0.0845,4,0.0094,14,0.0329,136,0.3192,11,0.0258,28,0.0657,6,0.0141,0,0.0,4,0.0094,1,0.0023
2785,8,Ptuj,5,Murska Sobota 2,11,BUKOVNICA - VAŠKI DOM,37.0,27,0.7297,27,27,0,1.0,0,0.0,0,0.0,1,0.037,3,0.1111,0,,1,0.037,0,0.0,1,0.037,0,0.0,0,0.0,0,0.0,2,0.0741,0,0.0,6,0.2222,10,0.3704,1,0.037,1,0.037,1,0.037,0,0.0,0,0.0,0,0.0
2786,8,Ptuj,5,Murska Sobota 2,30,"CENTER III - LJUDSKA UNIVERZA, SLOMŠKOVA UL. 33",1183.0,614,0.519,614,604,10,1.0,3,0.005,1,0.0017,25,0.0414,218,0.3609,0,,27,0.0447,0,0.0,13,0.0215,12,0.0199,12,0.0199,15,0.0248,21,0.0348,12,0.0199,22,0.0364,115,0.1904,14,0.0232,74,0.1225,12,0.0199,5,0.0083,3,0.005,0,0.0
2787,8,Ptuj,5,Murska Sobota 2,29,CENTER II-POKRAJINSKA IN ŠTUDIJSKA KNJIŽNICA,1226.0,636,0.5188,636,632,4,1.0,3,0.0047,0,0.0,13,0.0206,219,0.3465,0,,26,0.0411,1,0.0016,19,0.0301,5,0.0079,10,0.0158,15,0.0237,21,0.0332,7,0.0111,27,0.0427,140,0.2215,11,0.0174,83,0.1313,18,0.0285,6,0.0095,7,0.0111,1,0.0016
2788,8,Ptuj,5,Murska Sobota 2,28,CENTER I-POKRAJINSKA IN ŠTUDIJSKA KNJIŽNICA,1039.0,591,0.5688,591,587,4,1.0,7,0.0119,0,0.0,11,0.0187,203,0.3458,0,,29,0.0494,3,0.0051,27,0.046,12,0.0204,9,0.0153,5,0.0085,24,0.0409,15,0.0256,33,0.0562,114,0.1942,5,0.0085,69,0.1175,16,0.0273,3,0.0051,2,0.0034,0,0.0
2789,8,Ptuj,5,Murska Sobota 2,31,"CENTER IV - LJUDSKA UNIVERZA, SLOMŠKOVA ULICA 33",278.0,179,0.6439,178,177,1,1.0,1,0.0056,0,0.0,5,0.0282,57,0.322,0,,14,0.0791,0,0.0,7,0.0395,1,0.0056,1,0.0056,4,0.0226,2,0.0113,6,0.0339,4,0.0226,37,0.209,0,0.0,31,0.1751,4,0.0226,3,0.0169,0,0.0,0,0.0
2790,8,Ptuj,5,Murska Sobota 2,22,ČERNELAVCI - ZADRUŽNI DOM,1080.0,752,0.6963,752,745,7,1.0,2,0.0027,2,0.0027,13,0.0174,317,0.4255,0,,27,0.0362,0,0.0,14,0.0188,4,0.0054,3,0.004,15,0.0201,36,0.0483,13,0.0174,36,0.0483,112,0.1503,14,0.0188,110,0.1477,23,0.0309,3,0.004,0,0.0,1,0.0013
2791,8,Ptuj,5,Murska Sobota 2,4,DOKLEŽOVJE - VAŠKI DOM,703.0,439,0.6245,439,430,9,1.0,7,0.0163,0,0.0,19,0.0442,78,0.1814,0,,10,0.0233,4,0.0093,8,0.0186,2,0.0047,2,0.0047,0,0.0,23,0.0535,7,0.0163,28,0.0651,187,0.4349,13,0.0302,41,0.0953,1,0.0023,0,0.0,0,0.0,0,0.0
2792,8,Ptuj,5,Murska Sobota 2,12,FILOVCI - VAŠKO-GASILSKI DOM,420.0,280,0.6667,280,278,2,1.0,0,0.0,0,0.0,6,0.0216,65,0.2338,0,,9,0.0324,0,0.0,11,0.0396,7,0.0252,2,0.0072,3,0.0108,11,0.0396,2,0.0072,28,0.1007,90,0.3237,7,0.0252,31,0.1115,1,0.0036,0,0.0,5,0.018,0,0.0
2793,8,Ptuj,5,Murska Sobota 2,5,"GANČANI, ŠRC GANČANI",825.0,564,0.6836,564,559,5,1.0,9,0.0161,0,0.0,8,0.0143,124,0.2218,0,,12,0.0215,1,0.0018,13,0.0233,5,0.0089,7,0.0125,4,0.0072,49,0.0877,4,0.0072,55,0.0984,202,0.3614,10,0.0179,46,0.0823,6,0.0107,2,0.0036,0,0.0,2,0.0036
2794,8,Ptuj,5,Murska Sobota 2,13,IVANCI - VEČNAMENSKA DVORANA,202.0,156,0.7723,156,155,1,1.0,0,0.0,0,0.0,5,0.0323,19,0.1226,0,,3,0.0194,1,0.0065,1,0.0065,5,0.0323,0,0.0,0,0.0,18,0.1161,2,0.0129,40,0.2581,42,0.271,6,0.0387,8,0.0516,1,0.0065,1,0.0065,3,0.0194,0,0.0
2795,8,Ptuj,5,Murska Sobota 2,6,IŽAKOVCI - VAŠKI DOM,649.0,389,0.5994,389,384,5,1.0,2,0.0052,0,0.0,8,0.0208,92,0.2396,0,,12,0.0312,0,0.0,15,0.0391,7,0.0182,3,0.0078,0,0.0,62,0.1615,1,0.0026,33,0.0859,77,0.2005,20,0.0521,44,0.1146,7,0.0182,1,0.0026,0,0.0,0,0.0
2796,8,Ptuj,5,Murska Sobota 2,24,KUPŠINCI - STARA ŠOLA,315.0,234,0.7429,234,232,2,1.0,2,0.0086,0,0.0,6,0.0259,66,0.2845,0,,5,0.0216,0,0.0,9,0.0388,5,0.0216,1,0.0043,5,0.0216,3,0.0129,2,0.0086,5,0.0216,55,0.2371,3,0.0129,43,0.1853,17,0.0733,4,0.0172,1,0.0043,0,0.0
2797,8,Ptuj,5,Murska Sobota 2,32,"LEDAVA I - ZAVAROVALNICA TRIGLAV,LENDAVSKA UL. 5 ",652.0,368,0.5644,368,366,2,1.0,5,0.0137,1,0.0027,23,0.0628,120,0.3279,0,,23,0.0628,0,0.0,14,0.0383,3,0.0082,7,0.0191,6,0.0164,4,0.0109,3,0.0082,15,0.041,61,0.1667,8,0.0219,56,0.153,9,0.0246,4,0.0109,3,0.0082,1,0.0027
2798,8,Ptuj,5,Murska Sobota 2,33,"LEDAVA II- ZAVAROVALNICA TRIGLAV,LENDAVSKA UL. 5",563.0,350,0.6217,350,348,2,1.0,0,0.0,0,0.0,8,0.023,129,0.3707,0,,17,0.0489,0,0.0,13,0.0374,1,0.0029,4,0.0115,4,0.0115,12,0.0345,6,0.0172,29,0.0833,59,0.1695,6,0.0172,46,0.1322,7,0.0201,4,0.0115,3,0.0086,0,0.0
2799,8,Ptuj,5,Murska Sobota 2,7,"LIPA - CIMPRANA IŽA, LIPA 78A",495.0,331,0.6687,331,328,3,1.0,2,0.0061,0,0.0,11,0.0335,88,0.2683,0,,7,0.0213,0,0.0,17,0.0518,4,0.0122,3,0.0091,4,0.0122,28,0.0854,4,0.0122,7,0.0213,99,0.3018,7,0.0213,41,0.125,4,0.0122,0,0.0,2,0.0061,0,0.0
2800,8,Ptuj,5,Murska Sobota 2,8,"LIPOVCI-GASILSKI DOM LIPOVCI, LIPOVCI 138",877.0,622,0.7092,622,615,7,1.0,12,0.0195,1,0.0016,11,0.0179,168,0.2732,0,,13,0.0211,3,0.0049,16,0.026,8,0.013,5,0.0081,5,0.0081,45,0.0732,2,0.0033,37,0.0602,212,0.3447,22,0.0358,41,0.0667,9,0.0146,4,0.0065,0,0.0,1,0.0016
2801,8,Ptuj,5,Murska Sobota 2,9,MELINCI - VAŠKI DOM,642.0,392,0.6106,392,384,8,1.0,0,0.0,0,0.0,20,0.0521,95,0.2474,0,,14,0.0365,1,0.0026,9,0.0234,3,0.0078,5,0.013,0,0.0,32,0.0833,6,0.0156,19,0.0495,138,0.3594,12,0.0312,24,0.0625,4,0.0104,0,0.0,1,0.0026,1,0.0026
2802,8,Ptuj,5,Murska Sobota 2,17,MLAJTINCI - VAŠKI DOM,213.0,163,0.7653,163,160,3,1.0,3,0.0188,0,0.0,3,0.0188,35,0.2188,0,,5,0.0312,0,0.0,8,0.05,0,0.0,1,0.0062,7,0.0438,21,0.1312,4,0.025,5,0.0312,48,0.3,3,0.0188,12,0.075,3,0.0188,0,0.0,2,0.0125,0,0.0
2803,8,Ptuj,5,Murska Sobota 2,15,MORAVSKE TOPLICE II - GASILSKI DOM,124.0,84,0.6774,84,84,0,1.0,0,0.0,0,0.0,4,0.0476,24,0.2857,0,,3,0.0357,0,0.0,5,0.0595,1,0.0119,4,0.0476,2,0.0238,2,0.0238,1,0.0119,4,0.0476,19,0.2262,1,0.0119,9,0.1071,4,0.0476,1,0.0119,0,0.0,0,0.0
2804,8,Ptuj,5,Murska Sobota 2,14,MORAVSKE TOPLICE I-VRTEC MORAVSKE TOPLICE,556.0,385,0.6924,385,381,4,1.0,0,0.0,0,0.0,6,0.0157,144,0.378,0,,4,0.0105,0,0.0,10,0.0262,2,0.0052,6,0.0157,4,0.0105,16,0.042,7,0.0184,29,0.0761,82,0.2152,12,0.0315,52,0.1365,3,0.0079,2,0.0052,2,0.0052,0,0.0
2805,8,Ptuj,5,Murska Sobota 2,34,"PARK I - OSNOVNA ŠOLA I, ULICA ŠTEFANA KOVAČA 32",853.0,522,0.612,522,520,2,1.0,0,0.0,1,0.0019,17,0.0327,195,0.375,0,,20,0.0385,1,0.0019,24,0.0462,4,0.0077,9,0.0173,12,0.0231,12,0.0231,6,0.0115,36,0.0692,81,0.1558,5,0.0096,84,0.1615,7,0.0135,6,0.0115,0,0.0,0,0.0
2806,8,Ptuj,5,Murska Sobota 2,35,"PARK II - OSNOVNA ŠOLA I, ULICA ŠTEFANA KOVAČA 32",844.0,526,0.6232,526,520,6,1.0,2,0.0038,0,0.0,14,0.0269,224,0.4308,0,,25,0.0481,1,0.0019,7,0.0135,0,0.0,6,0.0115,9,0.0173,19,0.0365,11,0.0212,27,0.0519,71,0.1365,1,0.0019,83,0.1596,13,0.025,6,0.0115,1,0.0019,0,0.0
2807,8,Ptuj,5,Murska Sobota 2,37,"PARTIZAN II-OSNOVNA ŠOLA III,TRSTENJAKOVA UL. 73",618.0,396,0.6408,396,394,2,1.0,2,0.0051,1,0.0025,7,0.0178,126,0.3198,0,,16,0.0406,2,0.0051,8,0.0203,4,0.0102,2,0.0051,9,0.0228,20,0.0508,5,0.0127,26,0.066,63,0.1599,4,0.0102,90,0.2284,8,0.0203,1,0.0025,0,0.0,0,0.0
2808,8,Ptuj,5,Murska Sobota 2,36,"PARTIZAN I-OSNOVNA ŠOLA III, TRSTENJAKOVA UL. 73",788.0,523,0.6637,523,520,3,1.0,2,0.0038,0,0.0,8,0.0154,173,0.3327,0,,20,0.0385,1,0.0019,16,0.0308,10,0.0192,10,0.0192,4,0.0077,25,0.0481,9,0.0173,24,0.0462,114,0.2192,5,0.0096,84,0.1615,7,0.0135,6,0.0115,2,0.0038,0,0.0
2809,8,Ptuj,5,Murska Sobota 2,25,POLANA - GASILSKI DOM,162.0,126,0.7778,126,126,0,1.0,5,0.0397,0,0.0,3,0.0238,38,0.3016,0,,1,0.0079,1,0.0079,2,0.0159,0,0.0,2,0.0159,1,0.0079,3,0.0238,5,0.0397,9,0.0714,13,0.1032,5,0.0397,34,0.2698,3,0.0238,0,0.0,1,0.0079,0,0.0
2810,8,Ptuj,5,Murska Sobota 2,23,"PUŠČA - VEČNAMENSKA DVORANA, ULICA OB KAPELICI 63",396.0,144,0.3636,143,139,4,1.0,0,0.0,0,0.0,7,0.0504,15,0.1079,0,,4,0.0288,0,0.0,3,0.0216,0,0.0,1,0.0072,0,0.0,2,0.0144,1,0.0072,3,0.0216,38,0.2734,2,0.0144,61,0.4388,1,0.0072,0,0.0,1,0.0072,0,0.0
2811,8,Ptuj,5,Murska Sobota 2,27,RAKIČAN - VAŠKI DOM,1130.0,759,0.6717,758,750,8,1.0,4,0.0053,1,0.0013,13,0.0173,232,0.3093,0,,15,0.02,1,0.0013,7,0.0093,7,0.0093,11,0.0147,11,0.0147,35,0.0467,10,0.0133,42,0.056,216,0.288,17,0.0227,96,0.128,20,0.0267,6,0.008,3,0.004,3,0.004
2812,8,Ptuj,5,Murska Sobota 2,18,SUHI VRH - VAŠKI DOM,100.0,77,0.77,77,77,0,1.0,0,0.0,0,0.0,1,0.013,21,0.2727,0,,9,0.1169,0,0.0,4,0.0519,3,0.039,0,0.0,0,0.0,0,0.0,3,0.039,5,0.0649,13,0.1688,3,0.039,13,0.1688,1,0.013,1,0.013,0,0.0,0,0.0
2813,8,Ptuj,5,Murska Sobota 2,16,TEŠANOVCI - VAŠKI DOM,298.0,212,0.7114,212,210,2,1.0,0,0.0,0,0.0,1,0.0048,47,0.2238,0,,8,0.0381,0,0.0,2,0.0095,3,0.0143,4,0.019,5,0.0238,10,0.0476,4,0.019,27,0.1286,41,0.1952,3,0.0143,51,0.2429,3,0.0143,0,0.0,0,0.0,1,0.0048
2814,8,Ptuj,5,Murska Sobota 2,39,"TUROPOLJE II-OSNOVNA ŠOLA II,CANKARJEVA ULICA 91",669.0,409,0.6114,409,404,5,1.0,1,0.0025,0,0.0,10,0.0248,145,0.3589,0,,18,0.0446,1,0.0025,9,0.0223,8,0.0198,1,0.0025,12,0.0297,11,0.0272,8,0.0198,22,0.0545,81,0.2005,1,0.0025,66,0.1634,9,0.0223,0,0.0,0,0.0,1,0.0025
2815,8,Ptuj,5,Murska Sobota 2,38,"TUROPOLJE I-OSNOVNA ŠOLA II, CANKARJEVA ULICA 91",537.0,355,0.6611,355,353,2,1.0,0,0.0,0,0.0,4,0.0113,130,0.3683,0,,15,0.0425,0,0.0,6,0.017,8,0.0227,3,0.0085,2,0.0057,10,0.0283,5,0.0142,23,0.0652,75,0.2125,8,0.0227,56,0.1586,7,0.0198,1,0.0028,0,0.0,0,0.0
2816,8,Ptuj,5,Murska Sobota 2,26,VEŠČICA - GASILSKI DOM,347.0,251,0.7233,251,250,1,1.0,4,0.016,0,0.0,9,0.036,73,0.292,0,,9,0.036,0,0.0,7,0.028,6,0.024,2,0.008,3,0.012,27,0.108,2,0.008,10,0.04,53,0.212,3,0.012,34,0.136,6,0.024,1,0.004,1,0.004,0,0.0
2817,8,Ptuj,5,Murska Sobota 2,19,VUČJA GOMILA - VAŠKI DOM,225.0,127,0.5644,127,127,0,1.0,1,0.0079,0,0.0,0,0.0,33,0.2598,0,,1,0.0079,0,0.0,1,0.0079,2,0.0157,2,0.0157,0,0.0,5,0.0394,2,0.0157,11,0.0866,44,0.3465,3,0.0236,18,0.1417,3,0.0236,0,0.0,1,0.0079,0,0.0
2818,8,Ptuj,5,Murska Sobota 2,901,PREDČASNO GLASOVANJE,,1476,,1476,1465,11,1.0,7,0.0048,3,0.002,24,0.0164,600,0.4096,0,,58,0.0396,1,0.0007,54,0.0369,13,0.0089,13,0.0089,28,0.0191,48,0.0328,12,0.0082,63,0.043,234,0.1597,8,0.0055,256,0.1747,31,0.0212,9,0.0061,2,0.0014,1,0.0007
2819,8,Ptuj,6,Gornja Radgona,4,APAČE -  AVLA KULTURNEGA DOMA APAČE 36,987.0,658,0.6667,658,650,8,1.0,10,0.0154,0,0.0,30,0.0462,221,0.34,0,,8,0.0123,0,0.0,12,0.0185,7,0.0108,13,0.02,6,0.0092,29,0.0446,16,0.0246,19,0.0292,194,0.2985,27,0.0415,47,0.0723,5,0.0077,0,0.0,4,0.0062,2,0.0031
2820,8,Ptuj,6,Gornja Radgona,29,BOLEHNEČICI - GASILSKI DOM,155.0,105,0.6774,105,103,2,1.0,0,0.0,0,0.0,4,0.0388,13,0.1262,0,,3,0.0291,0,0.0,0,0.0,5,0.0485,0,0.0,0,0.0,6,0.0583,1,0.0097,12,0.1165,43,0.4175,4,0.0388,3,0.0291,4,0.0388,4,0.0388,0,0.0,1,0.0097
2821,8,Ptuj,6,Gornja Radgona,7,ČREŠNJEVCI - GASILSKI DOM,887.0,566,0.6381,566,560,6,1.0,10,0.0179,0,0.0,10,0.0179,191,0.3411,0,,21,0.0375,1,0.0018,9,0.0161,14,0.025,15,0.0268,4,0.0071,54,0.0964,13,0.0232,18,0.0321,146,0.2607,16,0.0286,18,0.0321,12,0.0214,4,0.0071,3,0.0054,1,0.0018
2822,8,Ptuj,6,Gornja Radgona,11,G.RADGONA - UPRAVA POMURSKEGA SEJMA D.D.,760.0,445,0.5855,445,440,5,1.0,3,0.0068,2,0.0045,25,0.0568,177,0.4023,0,,31,0.0705,1,0.0023,7,0.0159,9,0.0205,15,0.0341,14,0.0318,13,0.0295,6,0.0136,11,0.025,78,0.1773,5,0.0114,28,0.0636,10,0.0227,1,0.0023,4,0.0091,0,0.0
2823,8,Ptuj,6,Gornja Radgona,10,GORNJA RADGONA - ANDY BAR (PRI MIČU-TISK),864.0,580,0.6713,580,577,3,1.0,8,0.0139,2,0.0035,12,0.0208,200,0.3466,0,,25,0.0433,1,0.0017,23,0.0399,13,0.0225,11,0.0191,6,0.0104,33,0.0572,10,0.0173,14,0.0243,133,0.2305,20,0.0347,47,0.0815,7,0.0121,8,0.0139,4,0.0069,0,0.0
2824,8,Ptuj,6,Gornja Radgona,13,GORNJA RADGONA - GASILSKI DOM,611.0,388,0.635,388,387,1,1.0,2,0.0052,0,0.0,20,0.0517,117,0.3023,0,,12,0.031,0,0.0,14,0.0362,12,0.031,11,0.0284,13,0.0336,24,0.062,5,0.0129,8,0.0207,90,0.2326,11,0.0284,28,0.0724,9,0.0233,3,0.0078,8,0.0207,0,0.0
2825,8,Ptuj,6,Gornja Radgona,12,GORNJA RADGONA - KULTURNI DOM (KINODVORANA),966.0,519,0.5373,519,513,6,1.0,14,0.0273,0,0.0,16,0.0312,187,0.3645,0,,17,0.0331,0,0.0,16,0.0312,9,0.0175,14,0.0273,15,0.0292,14,0.0273,8,0.0156,21,0.0409,106,0.2066,15,0.0292,45,0.0877,14,0.0273,2,0.0039,0,0.0,0,0.0
2826,8,Ptuj,6,Gornja Radgona,20,HRASTJE MOTA-GASILSKO VAŠKI DOM HRASTJE MOTA 36A,390.0,266,0.6821,266,265,1,1.0,0,0.0,0,0.0,11,0.0415,79,0.2981,0,,9,0.034,0,0.0,9,0.034,13,0.0491,9,0.034,0,0.0,15,0.0566,7,0.0264,10,0.0377,61,0.2302,12,0.0453,17,0.0642,10,0.0377,1,0.0038,0,0.0,2,0.0075
2827,8,Ptuj,6,Gornja Radgona,21,HRAŠENSKI VRH - GASILSKI DOM,377.0,216,0.5729,216,210,6,1.0,4,0.019,0,0.0,13,0.0619,63,0.3,0,,9,0.0429,1,0.0048,10,0.0476,9,0.0429,1,0.0048,2,0.0095,8,0.0381,2,0.0095,21,0.1,47,0.2238,6,0.0286,10,0.0476,1,0.0048,2,0.0095,1,0.0048,0,0.0
2828,8,Ptuj,6,Gornja Radgona,16,IVANJŠEVCI OB ŠČAVNICI - GASILSKI DOM,245.0,173,0.7061,173,170,3,1.0,1,0.0059,0,0.0,2,0.0118,32,0.1882,0,,7,0.0412,0,0.0,5,0.0294,17,0.1,2,0.0118,0,0.0,15,0.0882,4,0.0235,7,0.0412,61,0.3588,3,0.0176,8,0.0471,3,0.0176,1,0.0059,0,0.0,2,0.0118
2829,8,Ptuj,6,Gornja Radgona,22,KAPELA - OSNOVNA ŠOLA ,697.0,445,0.6385,445,439,6,1.0,3,0.0068,2,0.0046,10,0.0228,143,0.3257,0,,12,0.0273,0,0.0,11,0.0251,7,0.0159,7,0.0159,5,0.0114,19,0.0433,7,0.0159,52,0.1185,102,0.2323,11,0.0251,32,0.0729,7,0.0159,5,0.0114,4,0.0091,0,0.0
2830,8,Ptuj,6,Gornja Radgona,5,LUTVERCI - GASILSKI DOM,390.0,279,0.7154,279,277,2,1.0,8,0.0289,0,0.0,20,0.0722,94,0.3394,0,,8,0.0289,1,0.0036,3,0.0108,5,0.0181,4,0.0144,5,0.0181,15,0.0542,5,0.0181,5,0.0181,64,0.231,5,0.0181,33,0.1191,2,0.0072,0,0.0,0,0.0,0,0.0
2831,8,Ptuj,6,Gornja Radgona,15,NEGOVA - GASILSKI DOM,716.0,429,0.5992,429,424,5,1.0,8,0.0189,1,0.0024,26,0.0613,104,0.2453,0,,7,0.0165,0,0.0,11,0.0259,25,0.059,8,0.0189,11,0.0259,18,0.0425,11,0.0259,20,0.0472,129,0.3042,11,0.0259,21,0.0495,7,0.0165,3,0.0071,1,0.0024,2,0.0047
2832,8,Ptuj,6,Gornja Radgona,19,OBČINA RADENCI-RADGONSKA C. 9G-NOVI PROST. OBČINE,686.0,481,0.7012,481,480,1,1.0,2,0.0042,0,0.0,12,0.025,230,0.4792,0,,16,0.0333,0,0.0,4,0.0083,6,0.0125,2,0.0042,10,0.0208,22,0.0458,6,0.0125,19,0.0396,103,0.2146,8,0.0167,26,0.0542,10,0.0208,2,0.0042,2,0.0042,0,0.0
2833,8,Ptuj,6,Gornja Radgona,23,OKOSLAVCI - GASILSKI DOM,221.0,157,0.7104,157,156,1,1.0,2,0.0128,1,0.0064,2,0.0128,46,0.2949,0,,4,0.0256,0,0.0,0,0.0,5,0.0321,5,0.0321,3,0.0192,15,0.0962,2,0.0128,10,0.0641,49,0.3141,4,0.0256,3,0.0192,2,0.0128,3,0.0192,0,0.0,0,0.0
2834,8,Ptuj,6,Gornja Radgona,1,PODGORJE - GASILSKI DOM,433.0,296,0.6836,296,294,2,1.0,7,0.0238,0,0.0,13,0.0442,109,0.3707,0,,10,0.034,1,0.0034,8,0.0272,7,0.0238,3,0.0102,3,0.0102,18,0.0612,6,0.0204,6,0.0204,45,0.1531,10,0.034,30,0.102,8,0.0272,1,0.0034,6,0.0204,3,0.0102
2835,8,Ptuj,6,Gornja Radgona,9,"POLICE - MILAN KOLARIČ, POLICE 108",323.0,191,0.5913,191,186,5,1.0,7,0.0376,0,0.0,11,0.0591,66,0.3548,0,,2,0.0108,0,0.0,1,0.0054,2,0.0108,4,0.0215,1,0.0054,10,0.0538,1,0.0054,4,0.0215,45,0.2419,10,0.0538,15,0.0806,7,0.0376,0,0.0,0,0.0,0,0.0
2836,8,Ptuj,6,Gornja Radgona,18,RADENCI - OSNOVNA ŠOLA,974.0,653,0.6704,653,650,3,1.0,1,0.0015,0,0.0,29,0.0446,224,0.3446,0,,37,0.0569,2,0.0031,28,0.0431,9,0.0138,22,0.0338,8,0.0123,35,0.0538,13,0.02,34,0.0523,120,0.1846,6,0.0092,49,0.0754,15,0.0231,11,0.0169,7,0.0108,0,0.0
2837,8,Ptuj,6,Gornja Radgona,17,RADENCI - VRTEC,899.0,615,0.6841,615,611,4,1.0,8,0.0131,1,0.0016,14,0.0229,263,0.4304,0,,25,0.0409,1,0.0016,22,0.036,15,0.0245,10,0.0164,15,0.0245,30,0.0491,4,0.0065,20,0.0327,114,0.1866,9,0.0147,45,0.0736,10,0.0164,2,0.0033,1,0.0016,2,0.0033
2838,8,Ptuj,6,Gornja Radgona,25,ROŽIČKI VRH - GASILSKI DOM,290.0,206,0.7103,206,202,4,1.0,1,0.005,0,0.0,6,0.0297,72,0.3564,0,,3,0.0149,1,0.005,4,0.0198,1,0.005,0,0.0,7,0.0347,13,0.0644,3,0.0149,37,0.1832,34,0.1683,6,0.0297,12,0.0594,1,0.005,0,0.0,0,0.0,1,0.005
2839,8,Ptuj,6,Gornja Radgona,26,SLAPTINCI- GASILSKI DOM,253.0,164,0.6482,164,161,3,1.0,0,0.0,1,0.0062,6,0.0373,31,0.1925,0,,1,0.0062,0,0.0,5,0.0311,7,0.0435,0,0.0,3,0.0186,22,0.1366,4,0.0248,10,0.0621,62,0.3851,2,0.0124,4,0.0248,1,0.0062,0,0.0,2,0.0124,0,0.0
2840,8,Ptuj,6,Gornja Radgona,28,SOVJAK - GASILSKI DOM,485.0,324,0.668,324,321,3,1.0,2,0.0062,0,0.0,17,0.053,92,0.2866,0,,10,0.0312,0,0.0,5,0.0156,4,0.0125,3,0.0093,11,0.0343,69,0.215,4,0.0125,3,0.0093,75,0.2336,10,0.0312,7,0.0218,3,0.0093,0,0.0,4,0.0125,2,0.0062
2841,8,Ptuj,6,Gornja Radgona,6,SPODNJA ŠČAVNICA - DOM OBČANOV,760.0,450,0.5921,450,444,6,1.0,5,0.0113,0,0.0,14,0.0315,113,0.2545,0,,9,0.0203,2,0.0045,8,0.018,33,0.0743,3,0.0068,1,0.0023,27,0.0608,8,0.018,17,0.0383,144,0.3243,18,0.0405,24,0.0541,8,0.018,6,0.0135,3,0.0068,1,0.0023
2842,8,Ptuj,6,Gornja Radgona,14,SPODNJI IVANJCI - GASILSKI DOM,505.0,329,0.6515,329,325,4,1.0,2,0.0062,2,0.0062,14,0.0431,102,0.3138,0,,7,0.0215,0,0.0,10,0.0308,18,0.0554,14,0.0431,3,0.0092,35,0.1077,8,0.0246,17,0.0523,65,0.2,2,0.0062,21,0.0646,0,0.0,2,0.0062,1,0.0031,2,0.0062
2843,8,Ptuj,6,Gornja Radgona,27,STARA GORA  - GASILSKI DOM,307.0,218,0.7101,218,216,2,1.0,0,0.0,0,0.0,10,0.0463,61,0.2824,0,,2,0.0093,3,0.0139,6,0.0278,10,0.0463,2,0.0093,1,0.0046,35,0.162,1,0.0046,18,0.0833,47,0.2176,7,0.0324,11,0.0509,0,0.0,1,0.0046,1,0.0046,0,0.0
2844,8,Ptuj,6,Gornja Radgona,2,STOGOVCI - OSNOVNA ŠOLA,508.0,319,0.628,319,313,6,1.0,8,0.0256,0,0.0,14,0.0447,91,0.2907,0,,5,0.016,1,0.0032,7,0.0224,3,0.0096,4,0.0128,2,0.0064,18,0.0575,6,0.0192,4,0.0128,105,0.3355,14,0.0447,17,0.0543,5,0.016,1,0.0032,4,0.0128,4,0.0128
2845,8,Ptuj,6,Gornja Radgona,24,SVETI JURIJ OB ŠČAVNICI - BIVŠI PROSTORI OBČINE,846.0,557,0.6584,557,550,7,1.0,4,0.0073,0,0.0,21,0.0382,117,0.2127,0,,7,0.0127,1,0.0018,11,0.02,21,0.0382,4,0.0073,8,0.0145,103,0.1873,4,0.0073,32,0.0582,174,0.3164,12,0.0218,17,0.0309,5,0.0091,1,0.0018,7,0.0127,1,0.0018
2846,8,Ptuj,6,Gornja Radgona,8,ZBIGOVCI - GASILSKI DOM,320.0,215,0.6719,215,214,1,1.0,12,0.0561,0,0.0,18,0.0841,43,0.2009,0,,4,0.0187,0,0.0,3,0.014,14,0.0654,7,0.0327,2,0.0093,14,0.0654,2,0.0093,3,0.014,68,0.3178,7,0.0327,11,0.0514,5,0.0234,0,0.0,0,0.0,1,0.0047
2847,8,Ptuj,6,Gornja Radgona,3,ŽEPOVCI - VAŠKI-GASILSKI DOM,636.0,425,0.6682,425,421,4,1.0,11,0.0261,0,0.0,17,0.0404,151,0.3587,0,,7,0.0166,1,0.0024,5,0.0119,5,0.0119,10,0.0238,4,0.0095,14,0.0333,5,0.0119,4,0.0095,96,0.228,9,0.0214,57,0.1354,14,0.0333,8,0.019,2,0.0048,1,0.0024
2848,8,Ptuj,6,Gornja Radgona,901,PREDČASNO GLASOVANJE,,873,,873,869,4,1.0,11,0.0127,7,0.0081,19,0.0219,359,0.4131,0,,62,0.0713,0,0.0,21,0.0242,12,0.0138,11,0.0127,20,0.023,42,0.0483,7,0.0081,22,0.0253,162,0.1864,7,0.0081,78,0.0898,21,0.0242,5,0.0058,3,0.0035,0,0.0
2849,8,Ptuj,7,Lenart,13,"AVLA OBČINE LENART, TRG OSVOBODITVE 7",1434.0,796,0.5551,796,789,7,1.0,5,0.0063,1,0.0013,39,0.0494,248,0.3143,0,,16,0.0203,0,0.0,14,0.0177,22,0.0279,8,0.0101,27,0.0342,46,0.0583,8,0.0101,42,0.0532,232,0.294,7,0.0089,41,0.052,19,0.0241,9,0.0114,3,0.0038,2,0.0025
2850,8,Ptuj,7,Lenart,14,"CENTER SLOVENSKIH GORIC, TRG OSVOBODITVE 9",1009.0,594,0.5887,593,588,5,1.0,5,0.0085,0,0.0,9,0.0153,237,0.4031,0,,28,0.0476,1,0.0017,17,0.0289,6,0.0102,11,0.0187,15,0.0255,20,0.034,8,0.0136,19,0.0323,151,0.2568,8,0.0136,29,0.0493,11,0.0187,7,0.0119,6,0.0102,0,0.0
2851,8,Ptuj,7,Lenart,5,"DOM DRUŠTVA UPOKOJENCEV, CERKVENJAK 13 B",451.0,287,0.6364,287,283,4,1.0,3,0.0106,1,0.0035,15,0.053,67,0.2367,0,,5,0.0177,0,0.0,11,0.0389,14,0.0495,2,0.0071,7,0.0247,11,0.0389,2,0.0071,5,0.0177,102,0.3604,5,0.0177,24,0.0848,1,0.0035,3,0.0106,2,0.0071,3,0.0106
2852,8,Ptuj,7,Lenart,25,"GASILSKI DOM, GOČOVA",202.0,147,0.7277,147,147,0,1.0,2,0.0136,0,0.0,4,0.0272,31,0.2109,0,,7,0.0476,0,0.0,5,0.034,4,0.0272,1,0.0068,4,0.0272,21,0.1429,4,0.0272,3,0.0204,41,0.2789,5,0.034,13,0.0884,0,0.0,1,0.0068,1,0.0068,0,0.0
2853,8,Ptuj,7,Lenart,24,"GASILSKI DOM, OSEK",307.0,210,0.684,210,206,4,1.0,3,0.0146,0,0.0,13,0.0631,46,0.2233,0,,3,0.0146,2,0.0097,3,0.0146,32,0.1553,1,0.0049,2,0.0097,18,0.0874,2,0.0097,2,0.0097,64,0.3107,3,0.0146,10,0.0485,2,0.0097,0,0.0,0,0.0,0,0.0
2854,8,Ptuj,7,Lenart,27,"KS VOLIČINA, SP. VOLIČINA 81",1060.0,676,0.6377,676,665,11,1.0,8,0.012,1,0.0015,26,0.0391,186,0.2797,0,,22,0.0331,5,0.0075,24,0.0361,24,0.0361,6,0.009,19,0.0286,37,0.0556,8,0.012,20,0.0301,194,0.2917,15,0.0226,49,0.0737,9,0.0135,7,0.0105,4,0.006,1,0.0015
2855,8,Ptuj,7,Lenart,6,"KULTURNI DOM, CERKVENJAK 25",372.0,232,0.6237,232,231,1,1.0,1,0.0043,0,0.0,7,0.0303,50,0.2165,0,,7,0.0303,1,0.0043,7,0.0303,11,0.0476,5,0.0216,3,0.013,7,0.0303,5,0.0216,6,0.026,98,0.4242,3,0.013,8,0.0346,8,0.0346,2,0.0087,1,0.0043,1,0.0043
2856,8,Ptuj,7,Lenart,28,"KULTURNI DOM, SELCE 11",561.0,363,0.6471,363,362,1,1.0,4,0.011,0,0.0,7,0.0193,103,0.2845,0,,19,0.0525,3,0.0083,2,0.0055,7,0.0193,0,0.0,6,0.0166,21,0.058,2,0.0055,15,0.0414,141,0.3895,9,0.0249,17,0.047,0,0.0,5,0.0138,1,0.0028,0,0.0
2857,8,Ptuj,7,Lenart,29,"KULTURNI DOM, ZAVRH 42",614.0,420,0.684,420,414,6,1.0,6,0.0145,0,0.0,21,0.0507,97,0.2343,0,,18,0.0435,0,0.0,7,0.0169,18,0.0435,6,0.0145,4,0.0097,22,0.0531,5,0.0121,7,0.0169,150,0.3623,11,0.0266,31,0.0749,8,0.0193,2,0.0048,1,0.0024,0,0.0
2858,8,Ptuj,7,Lenart,10,"LOVSKI DOM JUROVSKI DOL, MALNA 10",430.0,268,0.6233,268,264,4,1.0,2,0.0076,0,0.0,7,0.0265,52,0.197,0,,1,0.0038,0,0.0,1,0.0038,5,0.0189,3,0.0114,2,0.0076,18,0.0682,2,0.0076,17,0.0644,137,0.5189,5,0.0189,8,0.0303,1,0.0038,2,0.0076,1,0.0038,0,0.0
2859,8,Ptuj,7,Lenart,16,"LOVSKI DOM LENART, SP. PORČIČ 22",683.0,451,0.6603,451,445,6,1.0,2,0.0045,0,0.0,16,0.036,100,0.2247,0,,9,0.0202,0,0.0,8,0.018,14,0.0315,11,0.0247,14,0.0315,46,0.1034,8,0.018,35,0.0787,144,0.3236,9,0.0202,18,0.0404,5,0.0112,4,0.009,1,0.0022,1,0.0022
2860,8,Ptuj,7,Lenart,4,"OSNOVNA ŠOLA, CERKVENJAK 24",601.0,373,0.6206,373,371,2,1.0,3,0.0081,2,0.0054,18,0.0485,97,0.2615,0,,10,0.027,1,0.0027,11,0.0296,16,0.0431,4,0.0108,1,0.0027,22,0.0593,5,0.0135,9,0.0243,135,0.3639,12,0.0323,18,0.0485,2,0.0054,3,0.0081,2,0.0054,0,0.0
2861,8,Ptuj,7,Lenart,8,"OSNOVNA ŠOLA, JUROVSKI DOL 13",561.0,329,0.5865,329,325,4,1.0,0,0.0,0,0.0,3,0.0092,63,0.1938,0,,6,0.0185,1,0.0031,10,0.0308,9,0.0277,1,0.0031,3,0.0092,35,0.1077,2,0.0062,4,0.0123,160,0.4923,6,0.0185,17,0.0523,3,0.0092,2,0.0062,0,0.0,0,0.0
2862,8,Ptuj,7,Lenart,9,"OSNOVNA ŠOLA, JUROVSKI DOL 13",543.0,346,0.6372,346,344,2,1.0,1,0.0029,0,0.0,18,0.0523,77,0.2238,0,,7,0.0203,0,0.0,13,0.0378,10,0.0291,3,0.0087,6,0.0174,13,0.0378,6,0.0174,7,0.0203,159,0.4622,6,0.0174,9,0.0262,2,0.0058,5,0.0145,1,0.0029,1,0.0029
2863,8,Ptuj,7,Lenart,18,"OSNOVNA ŠOLA, LOKAVEC 6",300.0,169,0.5633,169,169,0,1.0,2,0.0118,0,0.0,13,0.0769,28,0.1657,0,,1,0.0059,1,0.0059,4,0.0237,2,0.0118,4,0.0237,0,0.0,11,0.0651,5,0.0296,14,0.0828,69,0.4083,5,0.0296,4,0.0237,1,0.0059,2,0.0118,2,0.0118,1,0.0059
2864,8,Ptuj,7,Lenart,22,"OSNOVNA ŠOLA, MEZNARIČEVA 1",666.0,476,0.7147,476,472,4,1.0,4,0.0085,0,0.0,21,0.0445,110,0.2331,0,,12,0.0254,0,0.0,13,0.0275,5,0.0106,4,0.0085,14,0.0297,94,0.1992,10,0.0212,12,0.0254,118,0.25,7,0.0148,35,0.0742,11,0.0233,1,0.0021,1,0.0021,0,0.0
2865,8,Ptuj,7,Lenart,26,"OSNOVNA ŠOLA, MEZNARIČEVA 1",313.0,204,0.6518,204,200,4,1.0,0,0.0,0,0.0,7,0.035,38,0.19,0,,1,0.005,0,0.0,2,0.01,10,0.05,1,0.005,3,0.015,51,0.255,1,0.005,8,0.04,63,0.315,3,0.015,9,0.045,2,0.01,0,0.0,1,0.005,0,0.0
2866,8,Ptuj,7,Lenart,15,"OSNOVNA ŠOLA, PTUJSKA 25",339.0,217,0.6401,217,216,1,1.0,2,0.0093,0,0.0,4,0.0185,42,0.1944,0,,1,0.0046,2,0.0093,7,0.0324,9,0.0417,1,0.0046,11,0.0509,18,0.0833,3,0.0139,9,0.0417,88,0.4074,7,0.0324,7,0.0324,4,0.0185,0,0.0,0,0.0,1,0.0046
2867,8,Ptuj,7,Lenart,19,"OSNOVNA ŠOLA, SV. ANA 14",511.0,325,0.636,325,322,3,1.0,4,0.0124,1,0.0031,15,0.0466,47,0.146,0,,5,0.0155,2,0.0062,1,0.0031,6,0.0186,1,0.0031,4,0.0124,34,0.1056,8,0.0248,23,0.0714,129,0.4006,11,0.0342,22,0.0683,3,0.0093,2,0.0062,3,0.0093,1,0.0031
2868,8,Ptuj,7,Lenart,20,"OSNOVNA ŠOLA, SV. ANA 14",574.0,381,0.6638,381,379,2,1.0,0,0.0,0,0.0,11,0.029,97,0.2559,0,,8,0.0211,0,0.0,12,0.0317,15,0.0396,5,0.0132,0,0.0,25,0.066,0,0.0,26,0.0686,136,0.3588,8,0.0211,28,0.0739,4,0.0106,1,0.0026,3,0.0079,0,0.0
2869,8,Ptuj,7,Lenart,1,"OSNOVNA ŠOLA, ŠOLSKA ULICA 2",850.0,574,0.6753,574,566,8,1.0,1,0.0018,0,0.0,17,0.03,241,0.4258,0,,6,0.0106,2,0.0035,6,0.0106,18,0.0318,6,0.0106,4,0.0071,11,0.0194,8,0.0141,22,0.0389,191,0.3375,8,0.0141,17,0.03,0,0.0,8,0.0141,0,0.0,0,0.0
2870,8,Ptuj,7,Lenart,2,"OSNOVNA ŠOLA, ŠOLSKA ULICA 2",576.0,355,0.6163,355,352,3,1.0,0,0.0,0,0.0,12,0.0341,103,0.2926,0,,1,0.0028,0,0.0,5,0.0142,8,0.0227,2,0.0057,5,0.0142,29,0.0824,4,0.0114,17,0.0483,142,0.4034,8,0.0227,6,0.017,3,0.0085,3,0.0085,3,0.0085,1,0.0028
2871,8,Ptuj,7,Lenart,3,"OSNOVNA ŠOLA, ŠOLSKA ULICA 2",642.0,421,0.6558,421,418,3,1.0,5,0.012,0,0.0,12,0.0287,180,0.4306,0,,9,0.0215,0,0.0,4,0.0096,6,0.0144,1,0.0024,6,0.0144,24,0.0574,4,0.0096,14,0.0335,134,0.3206,9,0.0215,6,0.0144,0,0.0,2,0.0048,2,0.0048,0,0.0
2872,8,Ptuj,7,Lenart,23,"PROSTORI DRUŠTVA UPOKOJENCEV, TROJIŠKI TRG 25",315.0,206,0.654,206,203,3,1.0,2,0.0099,0,0.0,12,0.0591,54,0.266,0,,3,0.0148,0,0.0,3,0.0148,4,0.0197,4,0.0197,3,0.0148,37,0.1823,4,0.0197,8,0.0394,52,0.2562,3,0.0148,3,0.0148,1,0.0049,3,0.0148,7,0.0345,0,0.0
2873,8,Ptuj,7,Lenart,21,"SEJNA SOBA OBČINE, SV. ANA 17",463.0,331,0.7149,331,327,4,1.0,1,0.0031,1,0.0031,24,0.0734,86,0.263,0,,9,0.0275,1,0.0031,2,0.0061,7,0.0214,6,0.0183,4,0.0122,29,0.0887,4,0.0122,37,0.1131,82,0.2508,7,0.0214,20,0.0612,4,0.0122,1,0.0031,2,0.0061,0,0.0
2874,8,Ptuj,7,Lenart,7,"SMOLINCI 88, PLOJ",246.0,151,0.6138,151,150,1,1.0,3,0.02,0,0.0,2,0.0133,32,0.2133,0,,5,0.0333,0,0.0,3,0.02,3,0.02,0,0.0,3,0.02,4,0.0267,0,0.0,8,0.0533,67,0.4467,6,0.04,9,0.06,1,0.0067,2,0.0133,0,0.0,2,0.0133
2875,8,Ptuj,7,Lenart,17,"TRGOVINA, ZAMARKOVA 20",623.0,359,0.5762,359,356,3,1.0,6,0.0169,0,0.0,17,0.0478,90,0.2528,0,,7,0.0197,0,0.0,4,0.0112,9,0.0253,4,0.0112,2,0.0056,21,0.059,4,0.0112,8,0.0225,150,0.4213,4,0.0112,14,0.0393,6,0.0169,3,0.0084,4,0.0112,3,0.0084
2876,8,Ptuj,7,Lenart,11,"ŽITENCE 23, SENEKOVIČ",92.0,60,0.6522,60,60,0,1.0,1,0.0167,0,0.0,3,0.05,3,0.05,0,,2,0.0333,0,0.0,0,0.0,3,0.05,0,0.0,0,0.0,8,0.1333,2,0.0333,3,0.05,31,0.5167,0,0.0,1,0.0167,1,0.0167,0,0.0,1,0.0167,1,0.0167
2877,8,Ptuj,7,Lenart,12,"ŽITENCE 65, LEKEŽIČ",120.0,81,0.675,81,81,0,1.0,0,0.0,0,0.0,0,0.0,7,0.0864,0,,1,0.0123,0,0.0,1,0.0123,3,0.037,0,0.0,2,0.0247,5,0.0617,0,0.0,6,0.0741,49,0.6049,2,0.0247,5,0.0617,0,0.0,0,0.0,0,0.0,0,0.0
2878,8,Ptuj,7,Lenart,901,PREDČASNO GLASOVANJE,,861,,861,854,7,1.0,10,0.0117,1,0.0012,22,0.0258,352,0.4122,0,,36,0.0422,0,0.0,15,0.0176,13,0.0152,9,0.0105,18,0.0211,60,0.0703,7,0.0082,36,0.0422,192,0.2248,10,0.0117,43,0.0504,17,0.0199,10,0.0117,3,0.0035,0,0.0
2879,8,Ptuj,8,Pesnica,7,"DVERI-PAX, POLIČKI VRH 1",357.0,227,0.6359,227,226,1,1.0,2,0.0088,0,0.0,11,0.0487,74,0.3274,0,,11,0.0487,1,0.0044,12,0.0531,2,0.0088,4,0.0177,1,0.0044,6,0.0265,1,0.0044,1,0.0044,66,0.292,4,0.0177,22,0.0973,3,0.0133,3,0.0133,2,0.0088,0,0.0
2880,8,Ptuj,8,Pesnica,21,"FARASIN BRANKA, TRATE 14",211.0,135,0.6398,135,135,0,1.0,2,0.0148,0,0.0,8,0.0593,56,0.4148,0,,7,0.0519,0,0.0,5,0.037,2,0.0148,0,0.0,0,0.0,10,0.0741,3,0.0222,2,0.0148,29,0.2148,3,0.0222,5,0.037,3,0.0222,0,0.0,0,0.0,0,0.0
2881,8,Ptuj,8,Pesnica,13,"JANUŠ JOŽE, SELNICA OB MURI 102 I",971.0,586,0.6035,586,585,1,1.0,1,0.0017,0,0.0,30,0.0513,182,0.3111,0,,8,0.0137,1,0.0017,4,0.0068,18,0.0308,6,0.0103,3,0.0051,24,0.041,8,0.0137,9,0.0154,212,0.3624,22,0.0376,25,0.0427,6,0.0103,11,0.0188,15,0.0256,0,0.0
2882,8,Ptuj,8,Pesnica,1,"KLUB SVEČINA, PLAČ 7",736.0,446,0.606,446,439,7,1.0,1,0.0023,2,0.0046,16,0.0364,136,0.3098,0,,11,0.0251,0,0.0,12,0.0273,22,0.0501,0,0.0,3,0.0068,30,0.0683,4,0.0091,13,0.0296,131,0.2984,7,0.0159,17,0.0387,16,0.0364,10,0.0228,7,0.0159,1,0.0023
2883,8,Ptuj,8,Pesnica,18,"KRANVOGEL, KANIŽA 24",265.0,174,0.6566,174,172,2,1.0,1,0.0058,1,0.0058,16,0.093,47,0.2733,0,,7,0.0407,1,0.0058,6,0.0349,4,0.0233,1,0.0058,4,0.0233,13,0.0756,4,0.0233,6,0.0349,38,0.2209,7,0.0407,7,0.0407,5,0.0291,2,0.0116,2,0.0116,0,0.0
2884,8,Ptuj,8,Pesnica,12,"KS CERŠAK, CERŠAK 19",686.0,466,0.6793,466,459,7,1.0,4,0.0087,1,0.0022,27,0.0588,186,0.4052,0,,10,0.0218,0,0.0,5,0.0109,5,0.0109,8,0.0174,2,0.0044,26,0.0566,7,0.0153,2,0.0044,127,0.2767,7,0.0153,20,0.0436,13,0.0283,3,0.0065,4,0.0087,2,0.0044
2885,8,Ptuj,8,Pesnica,27,"KS PERNICA, PERNICA 8",1245.0,772,0.6201,772,769,3,1.0,7,0.0091,0,0.0,37,0.0481,229,0.2978,0,,22,0.0286,3,0.0039,15,0.0195,16,0.0208,7,0.0091,9,0.0117,41,0.0533,9,0.0117,36,0.0468,241,0.3134,20,0.026,39,0.0507,17,0.0221,12,0.0156,6,0.0078,3,0.0039
2886,8,Ptuj,8,Pesnica,9,"KULTURNA DVORANA JAKOB, SP. JAKOBSKI DOL 2",1065.0,588,0.5521,588,578,10,1.0,4,0.0069,2,0.0035,28,0.0484,171,0.2958,0,,17,0.0294,4,0.0069,14,0.0242,9,0.0156,11,0.019,7,0.0121,38,0.0657,8,0.0138,16,0.0277,201,0.3478,7,0.0121,23,0.0398,9,0.0156,3,0.0052,6,0.0104,0,0.0
2887,8,Ptuj,8,Pesnica,14,"KULTURNI DOM SLADKI VRH,SLADKI VRH 3",948.0,600,0.6329,600,595,5,1.0,2,0.0034,0,0.0,16,0.0269,247,0.4151,0,,15,0.0252,5,0.0084,12,0.0202,13,0.0218,6,0.0101,5,0.0084,20,0.0336,12,0.0202,9,0.0151,192,0.3227,5,0.0084,22,0.037,7,0.0118,3,0.005,4,0.0067,0,0.0
2888,8,Ptuj,8,Pesnica,17,"KULTURNO PROSVETNI DOM ŠENTILJ, MAISTROVA UL. 7",1859.0,1217,0.6547,1217,1215,2,1.0,7,0.0058,1,0.0008,68,0.056,511,0.4206,0,,31,0.0255,1,0.0008,32,0.0263,12,0.0099,14,0.0115,11,0.0091,52,0.0428,7,0.0058,21,0.0173,334,0.2749,14,0.0115,58,0.0477,21,0.0173,8,0.0066,11,0.0091,1,0.0008
2889,8,Ptuj,8,Pesnica,15,"LOVSKI DOM, VRANJI VRH 7",272.0,174,0.6397,174,174,0,1.0,0,0.0,0,0.0,6,0.0345,45,0.2586,0,,2,0.0115,0,0.0,1,0.0057,3,0.0172,1,0.0057,0,0.0,7,0.0402,1,0.0057,5,0.0287,85,0.4885,2,0.0115,6,0.0345,4,0.023,2,0.0115,3,0.0172,1,0.0057
2890,8,Ptuj,8,Pesnica,26,"MULEC, ROČICA 40",289.0,188,0.6505,188,188,0,1.0,0,0.0,0,0.0,12,0.0638,41,0.2181,0,,2,0.0106,0,0.0,2,0.0106,7,0.0372,2,0.0106,4,0.0213,13,0.0691,2,0.0106,3,0.016,81,0.4309,3,0.016,4,0.0213,6,0.0319,2,0.0106,4,0.0213,0,0.0
2891,8,Ptuj,8,Pesnica,6,"OSNOVNA ŠOLA JARENINA, JARENINSKI DOL 26",875.0,556,0.6354,556,553,3,1.0,2,0.0036,2,0.0036,28,0.0506,201,0.3635,0,,16,0.0289,0,0.0,12,0.0217,7,0.0127,6,0.0108,11,0.0199,17,0.0307,8,0.0145,7,0.0127,155,0.2803,13,0.0235,34,0.0615,21,0.038,4,0.0072,9,0.0163,0,0.0
2892,8,Ptuj,8,Pesnica,20,"OSNOVNA ŠOLA ZG. VELKA, ZG. VELKA 41",938.0,585,0.6237,585,578,7,1.0,6,0.0104,0,0.0,29,0.0502,217,0.3754,0,,3,0.0052,0,0.0,6,0.0104,20,0.0346,6,0.0104,6,0.0104,45,0.0779,2,0.0035,13,0.0225,178,0.308,8,0.0138,10,0.0173,14,0.0242,3,0.0052,9,0.0156,3,0.0052
2893,8,Ptuj,8,Pesnica,5,"PODRUŽNICA OŠ KUNGOTA, GRADIŠKA 219",1422.0,943,0.6632,943,935,8,1.0,7,0.0075,2,0.0021,54,0.0578,320,0.3422,0,,26,0.0278,0,0.0,43,0.046,11,0.0118,10,0.0107,17,0.0182,47,0.0503,11,0.0118,24,0.0257,252,0.2695,20,0.0214,57,0.061,17,0.0182,6,0.0064,10,0.0107,1,0.0011
2894,8,Ptuj,8,Pesnica,19,"POLC, KRESNICA 41",252.0,118,0.4683,118,118,0,1.0,1,0.0085,0,0.0,5,0.0424,34,0.2881,0,,5,0.0424,0,0.0,5,0.0424,0,0.0,1,0.0085,2,0.0169,4,0.0339,0,0.0,0,0.0,45,0.3814,5,0.0424,4,0.0339,3,0.0254,0,0.0,0,0.0,4,0.0339
2895,8,Ptuj,8,Pesnica,22,"RAJŠP FRANC, SP. VELKA 61",397.0,210,0.529,210,209,1,1.0,2,0.0096,1,0.0048,7,0.0335,60,0.2871,0,,7,0.0335,0,0.0,3,0.0144,0,0.0,0,0.0,7,0.0335,24,0.1148,0,0.0,6,0.0287,67,0.3206,9,0.0431,7,0.0335,2,0.0096,1,0.0048,4,0.0191,2,0.0096
2896,8,Ptuj,8,Pesnica,10,"VEČNAMENSKI KTPC PESNICA, PESNICA PRI MARIBORU 41",1424.0,807,0.5667,807,796,11,1.0,6,0.0075,2,0.0025,40,0.0503,253,0.3178,0,,31,0.0389,0,0.0,18,0.0226,11,0.0138,9,0.0113,9,0.0113,34,0.0427,13,0.0163,11,0.0138,213,0.2676,17,0.0214,85,0.1068,17,0.0214,12,0.0151,13,0.0163,2,0.0025
2897,8,Ptuj,8,Pesnica,11,"VEČNAMENSKI KTPC PESNICA, PESNICA PRI MARIBORU 41",798.0,459,0.5752,459,454,5,1.0,7,0.0154,1,0.0022,23,0.0507,133,0.293,0,,19,0.0419,0,0.0,10,0.022,4,0.0088,13,0.0286,5,0.011,14,0.0308,4,0.0088,11,0.0242,141,0.3106,15,0.033,37,0.0815,10,0.022,4,0.0088,3,0.0066,0,0.0
2898,8,Ptuj,8,Pesnica,3,"VS ZG. KUNGOTA, PLINTOVEC 1",669.0,409,0.6114,409,402,7,1.0,8,0.0199,0,0.0,15,0.0373,142,0.3532,0,,8,0.0199,0,0.0,9,0.0224,5,0.0124,6,0.0149,9,0.0224,26,0.0647,10,0.0249,4,0.01,110,0.2736,4,0.01,21,0.0522,16,0.0398,8,0.0199,1,0.0025,0,0.0
2899,8,Ptuj,8,Pesnica,25,"VS ZG. KUNGOTA, PLINTOVEC 1",682.0,400,0.5865,400,394,6,1.0,0,0.0,1,0.0025,12,0.0305,164,0.4162,0,,13,0.033,0,0.0,6,0.0152,17,0.0431,3,0.0076,9,0.0228,24,0.0609,16,0.0406,5,0.0127,94,0.2386,6,0.0152,10,0.0254,7,0.0178,3,0.0076,2,0.0051,2,0.0051
2900,8,Ptuj,8,Pesnica,4,"ŽUPNIJSKI URAD SV. JURIJ OB PESNICI, JURSKI VRH 5",485.0,324,0.668,324,320,4,1.0,7,0.0219,2,0.0062,15,0.0469,77,0.2406,0,,5,0.0156,2,0.0062,7,0.0219,14,0.0438,4,0.0125,3,0.0094,12,0.0375,3,0.0094,10,0.0312,116,0.3625,12,0.0375,16,0.05,6,0.0188,5,0.0156,4,0.0125,0,0.0
2901,8,Ptuj,8,Pesnica,901,PREDČASNO GLASOVANJE,,1069,,1069,1064,5,1.0,5,0.0047,0,0.0,44,0.0414,340,0.3195,0,,35,0.0329,2,0.0019,30,0.0282,15,0.0141,9,0.0085,9,0.0085,46,0.0432,11,0.0103,24,0.0226,370,0.3477,4,0.0038,84,0.0789,23,0.0216,5,0.0047,6,0.0056,2,0.0019
2902,8,Ptuj,9,Ptuj 1,73,"ARNUŠ DANILO, PACINJE 2",183.0,129,0.7049,129,129,0,1.0,2,0.0155,1,0.0078,4,0.031,26,0.2016,0,,5,0.0388,0,0.0,0,0.0,7,0.0543,1,0.0078,1,0.0078,4,0.031,1,0.0078,13,0.1008,51,0.3953,1,0.0078,5,0.0388,1,0.0078,0,0.0,6,0.0465,0,0.0
2903,8,Ptuj,9,Ptuj 1,12,"BENKO ALOJZ, LOČIČ 23",107.0,74,0.6916,74,74,0,1.0,1,0.0135,0,0.0,8,0.1081,6,0.0811,0,,0,0.0,0,0.0,2,0.027,3,0.0405,0,0.0,0,0.0,9,0.1216,0,0.0,18,0.2432,25,0.3378,1,0.0135,1,0.0135,0,0.0,0,0.0,0,0.0,0,0.0
2904,8,Ptuj,9,Ptuj 1,14,"BRUMEN ELIZABETA, TRNOVSKI VRH 14",133.0,100,0.7519,100,100,0,1.0,0,0.0,0,0.0,8,0.08,19,0.19,0,,1,0.01,0,0.0,0,0.0,2,0.02,0,0.0,0,0.0,2,0.02,1,0.01,13,0.13,43,0.43,2,0.02,5,0.05,0,0.0,1,0.01,3,0.03,0,0.0
2905,8,Ptuj,9,Ptuj 1,18,"CAF JANEZ, GOMILA 11",62.0,46,0.7419,46,46,0,1.0,0,0.0,0,0.0,0,0.0,8,0.1739,0,,1,0.0217,0,0.0,3,0.0652,1,0.0217,0,0.0,0,0.0,1,0.0217,1,0.0217,4,0.087,24,0.5217,0,0.0,3,0.0652,0,0.0,0,0.0,0,0.0,0,0.0
2906,8,Ptuj,9,Ptuj 1,26,"ČUČEK FRANC, PLACAR 39B",231.0,151,0.6537,151,151,0,1.0,1,0.0066,0,0.0,5,0.0331,30,0.1987,0,,6,0.0397,0,0.0,4,0.0265,17,0.1126,0,0.0,3,0.0199,4,0.0265,0,0.0,8,0.053,43,0.2848,8,0.053,12,0.0795,4,0.0265,0,0.0,5,0.0331,1,0.0066
2907,8,Ptuj,9,Ptuj 1,19,"ČUČEK KONRAD, GOMILCI 11A",45.0,34,0.7556,34,34,0,1.0,0,0.0,0,0.0,1,0.0294,5,0.1471,0,,0,0.0,0,0.0,3,0.0882,0,0.0,0,0.0,4,0.1176,1,0.0294,0,0.0,4,0.1176,12,0.3529,1,0.0294,1,0.0294,0,0.0,0,0.0,2,0.0588,0,0.0
2908,8,Ptuj,9,Ptuj 1,66,"DOM KRAJANOV GRAJENA, GRAJENA 46",312.0,210,0.6731,210,207,3,1.0,0,0.0,0,0.0,10,0.0483,68,0.3285,0,,9,0.0435,0,0.0,5,0.0242,1,0.0048,3,0.0145,9,0.0435,10,0.0483,3,0.0145,7,0.0338,49,0.2367,6,0.029,19,0.0918,5,0.0242,2,0.0097,1,0.0048,0,0.0
2909,8,Ptuj,9,Ptuj 1,67,"DOM KRAJANOV GRAJENA, GRAJENA 46",413.0,244,0.5908,244,242,2,1.0,0,0.0,0,0.0,6,0.0248,61,0.2521,0,,6,0.0248,0,0.0,10,0.0413,12,0.0496,2,0.0083,2,0.0083,9,0.0372,1,0.0041,10,0.0413,90,0.3719,8,0.0331,19,0.0785,3,0.0124,0,0.0,1,0.0041,2,0.0083
2910,8,Ptuj,9,Ptuj 1,69,"DOM KRAJANOV GRAJENA, GRAJENA 46",779.0,491,0.6303,491,489,2,1.0,4,0.0082,1,0.002,10,0.0204,155,0.317,0,,22,0.045,0,0.0,10,0.0204,14,0.0286,6,0.0123,4,0.0082,14,0.0286,8,0.0164,26,0.0532,161,0.3292,8,0.0164,26,0.0532,7,0.0143,4,0.0082,9,0.0184,0,0.0
2911,8,Ptuj,9,Ptuj 1,81,"DOM KRAJANOV GRAJENA, GRAJENA 46",314.0,184,0.586,184,184,0,1.0,3,0.0163,0,0.0,3,0.0163,63,0.3424,0,,5,0.0272,0,0.0,1,0.0054,5,0.0272,0,0.0,0,0.0,5,0.0272,4,0.0217,14,0.0761,49,0.2663,2,0.0109,24,0.1304,3,0.0163,1,0.0054,2,0.0109,0,0.0
2912,8,Ptuj,9,Ptuj 1,71,"DOM KRAJANOV GRAJENA,GRAJENA 46",253.0,158,0.6245,158,154,4,1.0,0,0.0,0,0.0,6,0.039,67,0.4351,0,,4,0.026,0,0.0,1,0.0065,8,0.0519,0,0.0,7,0.0455,3,0.0195,4,0.026,4,0.026,32,0.2078,4,0.026,7,0.0455,4,0.026,2,0.013,1,0.0065,0,0.0
2913,8,Ptuj,9,Ptuj 1,61,"DOM KRAJANOV ROGOZNICA, SLOVENSKOGORIŠKA C.18",812.0,569,0.7007,569,565,4,1.0,3,0.0053,0,0.0,18,0.0319,214,0.3788,0,,15,0.0265,0,0.0,15,0.0265,19,0.0336,8,0.0142,13,0.023,38,0.0673,9,0.0159,46,0.0814,111,0.1965,7,0.0124,42,0.0743,3,0.0053,0,0.0,3,0.0053,1,0.0018
2914,8,Ptuj,9,Ptuj 1,62,"DOM KRAJANOV ROGOZNICA, SLOVENSKOGORIŠKA C.18",343.0,225,0.656,225,222,3,1.0,0,0.0,0,0.0,11,0.0495,67,0.3018,0,,6,0.027,1,0.0045,4,0.018,3,0.0135,5,0.0225,4,0.018,10,0.045,1,0.0045,8,0.036,70,0.3153,3,0.0135,17,0.0766,5,0.0225,4,0.018,3,0.0135,0,0.0
2915,8,Ptuj,9,Ptuj 1,63,"DOM KRAJANOV ROGOZNICA, SLOVENSKOGORIŠKA C.18",589.0,407,0.691,407,406,1,1.0,4,0.0099,0,0.0,16,0.0394,156,0.3842,0,,10,0.0246,0,0.0,8,0.0197,11,0.0271,6,0.0148,9,0.0222,26,0.064,7,0.0172,15,0.0369,98,0.2414,3,0.0074,30,0.0739,4,0.0099,2,0.0049,1,0.0025,0,0.0
2916,8,Ptuj,9,Ptuj 1,43,"DOM VAŠČANOV MOŠKANJCI, MOŠKANJCI 18A",567.0,426,0.7513,426,419,7,1.0,1,0.0024,0,0.0,11,0.0263,100,0.2387,0,,7,0.0167,0,0.0,8,0.0191,19,0.0453,8,0.0191,3,0.0072,35,0.0835,8,0.0191,39,0.0931,138,0.3294,19,0.0453,10,0.0239,8,0.0191,2,0.0048,2,0.0048,1,0.0024
2917,8,Ptuj,9,Ptuj 1,46,"DOM VAŠČANOV TIBOLCI, TIBOLCI 23 A",164.0,112,0.6829,112,111,1,1.0,2,0.018,0,0.0,4,0.036,29,0.2613,0,,0,0.0,0,0.0,0,0.0,5,0.045,3,0.027,3,0.027,9,0.0811,2,0.018,9,0.0811,36,0.3243,3,0.027,4,0.036,1,0.009,0,0.0,0,0.0,1,0.009
2918,8,Ptuj,9,Ptuj 1,4,FRAS STANKO NOVINCI 54 ,311.0,212,0.6817,212,207,5,1.0,0,0.0,0,0.0,12,0.058,29,0.1401,0,,2,0.0097,3,0.0145,2,0.0097,7,0.0338,2,0.0097,8,0.0386,20,0.0966,3,0.0145,15,0.0725,81,0.3913,8,0.0386,9,0.0435,3,0.0145,1,0.0048,1,0.0048,1,0.0048
2919,8,Ptuj,9,Ptuj 1,10,"GASILSKI DOM BIŠ, BIŠ 20A",272.0,195,0.7169,195,190,5,1.0,0,0.0,0,0.0,33,0.1737,44,0.2316,0,,3,0.0158,1,0.0053,2,0.0105,2,0.0105,5,0.0263,4,0.0211,9,0.0474,1,0.0053,9,0.0474,65,0.3421,1,0.0053,6,0.0316,0,0.0,1,0.0053,4,0.0211,0,0.0
2920,8,Ptuj,9,Ptuj 1,64,"GASILSKI DOM BOROVCI, BOROVCI 13",246.0,173,0.7033,173,169,4,1.0,1,0.0059,0,0.0,3,0.0178,62,0.3669,0,,0,0.0,0,0.0,0,0.0,3,0.0178,2,0.0118,3,0.0178,13,0.0769,4,0.0237,11,0.0651,50,0.2959,4,0.0237,11,0.0651,1,0.0059,1,0.0059,0,0.0,0,0.0
2921,8,Ptuj,9,Ptuj 1,65,"GASILSKI DOM BUKOVCI, BUKOVCI 103C",795.0,551,0.6931,551,548,3,1.0,4,0.0073,1,0.0018,20,0.0365,138,0.2518,0,,8,0.0146,0,0.0,20,0.0365,12,0.0219,3,0.0055,3,0.0055,35,0.0639,4,0.0073,49,0.0894,191,0.3485,21,0.0383,22,0.0401,11,0.0201,3,0.0055,3,0.0055,0,0.0
2922,8,Ptuj,9,Ptuj 1,32,"GASILSKI DOM DORNAVA, DORNAVA 65 B",402.0,285,0.709,285,282,3,1.0,0,0.0,0,0.0,9,0.0319,73,0.2589,0,,2,0.0071,0,0.0,6,0.0213,6,0.0213,7,0.0248,6,0.0213,10,0.0355,1,0.0035,18,0.0638,119,0.422,6,0.0213,9,0.0319,3,0.0106,3,0.0106,4,0.0142,0,0.0
2923,8,Ptuj,9,Ptuj 1,33,"GASILSKI DOM DORNAVA, DORNAVA 65B",403.0,259,0.6427,259,254,5,1.0,3,0.0118,0,0.0,4,0.0157,73,0.2874,0,,8,0.0315,0,0.0,5,0.0197,5,0.0197,9,0.0354,6,0.0236,12,0.0472,0,0.0,16,0.063,88,0.3465,5,0.0197,14,0.0551,3,0.0118,1,0.0039,2,0.0079,0,0.0
2924,8,Ptuj,9,Ptuj 1,45,"GASILSKI DOM FORMIN, FORMIN 44A",287.0,201,0.7003,201,201,0,1.0,0,0.0,0,0.0,9,0.0448,36,0.1791,0,,1,0.005,0,0.0,1,0.005,5,0.0249,0,0.0,1,0.005,15,0.0746,0,0.0,20,0.0995,76,0.3781,15,0.0746,16,0.0796,5,0.0249,0,0.0,1,0.005,0,0.0
2925,8,Ptuj,9,Ptuj 1,51,"GASILSKI DOM GABRNIK, GABRNIK 25A",262.0,208,0.7939,208,204,4,1.0,1,0.0049,0,0.0,4,0.0196,57,0.2794,0,,3,0.0147,0,0.0,0,0.0,6,0.0294,0,0.0,0,0.0,10,0.049,3,0.0147,30,0.1471,68,0.3333,10,0.049,8,0.0392,2,0.0098,2,0.0098,0,0.0,0,0.0
2926,8,Ptuj,9,Ptuj 1,40,"GASILSKI DOM GAJEVCI, GAJEVCI 38A",358.0,258,0.7207,258,257,1,1.0,1,0.0039,0,0.0,4,0.0156,38,0.1479,0,,6,0.0233,1,0.0039,4,0.0156,13,0.0506,1,0.0039,1,0.0039,23,0.0895,3,0.0117,23,0.0895,116,0.4514,11,0.0428,10,0.0389,1,0.0039,1,0.0039,0,0.0,0,0.0
2927,8,Ptuj,9,Ptuj 1,39,"GASILSKI DOM GORIŠNICA, GORIŠNICA 70",696.0,519,0.7457,519,516,3,1.0,2,0.0039,0,0.0,14,0.0271,205,0.3973,0,,13,0.0252,3,0.0058,8,0.0155,15,0.0291,16,0.031,2,0.0039,45,0.0872,4,0.0078,19,0.0368,112,0.2171,13,0.0252,26,0.0504,12,0.0233,5,0.0097,1,0.0019,1,0.0019
2928,8,Ptuj,9,Ptuj 1,68,"GASILSKI DOM KICAR, KICAR 80A",695.0,470,0.6763,470,463,7,1.0,3,0.0065,1,0.0022,22,0.0475,139,0.3002,0,,19,0.041,0,0.0,4,0.0086,14,0.0302,10,0.0216,7,0.0151,19,0.041,9,0.0194,35,0.0756,136,0.2937,11,0.0238,19,0.041,8,0.0173,1,0.0022,4,0.0086,2,0.0043
2929,8,Ptuj,9,Ptuj 1,42,"GASILSKI DOM MALA VAS, MALA VAS 31",208.0,143,0.6875,143,139,4,1.0,2,0.0144,0,0.0,4,0.0288,26,0.1871,0,,5,0.036,0,0.0,0,0.0,5,0.036,1,0.0072,4,0.0288,12,0.0863,0,0.0,22,0.1583,47,0.3381,5,0.036,4,0.0288,2,0.0144,0,0.0,0,0.0,0,0.0
2930,8,Ptuj,9,Ptuj 1,72,GASILSKI DOM NOVA VAS PRI MARKOVCIH 47 A,334.0,232,0.6946,232,230,2,1.0,2,0.0087,0,0.0,3,0.013,30,0.1304,0,,1,0.0043,0,0.0,7,0.0304,12,0.0522,3,0.013,3,0.013,29,0.1261,3,0.013,18,0.0783,105,0.4565,3,0.013,3,0.013,5,0.0217,2,0.0087,0,0.0,1,0.0043
2931,8,Ptuj,9,Ptuj 1,74,"GASILSKI DOM PODVINCI, PODVINCI 13A",734.0,496,0.6757,496,494,2,1.0,5,0.0101,0,0.0,13,0.0263,114,0.2308,0,,10,0.0202,2,0.004,5,0.0101,24,0.0486,4,0.0081,7,0.0142,32,0.0648,1,0.002,19,0.0385,216,0.4372,14,0.0283,20,0.0405,5,0.0101,2,0.004,1,0.002,0,0.0
2932,8,Ptuj,9,Ptuj 1,75,"GASILSKI DOM PRVENCI, PRVENCI 9A",193.0,154,0.7979,154,152,2,1.0,2,0.0132,0,0.0,4,0.0263,47,0.3092,0,,5,0.0329,1,0.0066,4,0.0263,2,0.0132,0,0.0,0,0.0,4,0.0263,1,0.0066,12,0.0789,34,0.2237,10,0.0658,22,0.1447,3,0.0197,1,0.0066,0,0.0,0,0.0
2933,8,Ptuj,9,Ptuj 1,78,"GASILSKI DOM SPODNJI VELOVLEK, SP.VELOVLEK 30A",182.0,133,0.7308,133,133,0,1.0,0,0.0,0,0.0,7,0.0526,35,0.2632,0,,2,0.015,0,0.0,3,0.0226,5,0.0376,0,0.0,7,0.0526,3,0.0226,0,0.0,12,0.0902,48,0.3609,3,0.0226,5,0.0376,3,0.0226,0,0.0,0,0.0,0,0.0
2934,8,Ptuj,9,Ptuj 1,79,"GASILSKI DOM ZABOVCI, ZABOVCI 30",367.0,277,0.7548,277,275,2,1.0,2,0.0073,0,0.0,3,0.0109,59,0.2145,0,,4,0.0145,0,0.0,3,0.0109,20,0.0727,10,0.0364,3,0.0109,22,0.08,3,0.0109,21,0.0764,84,0.3055,20,0.0727,15,0.0545,1,0.0036,1,0.0036,4,0.0145,0,0.0
2935,8,Ptuj,9,Ptuj 1,47,"GASILSKI DOM ZAGOJIČI, ZAGOJIČI 17",150.0,114,0.76,114,114,0,1.0,1,0.0088,1,0.0088,5,0.0439,28,0.2456,0,,1,0.0088,0,0.0,2,0.0175,3,0.0263,0,0.0,0,0.0,14,0.1228,0,0.0,14,0.1228,30,0.2632,4,0.0351,9,0.0789,1,0.0088,0,0.0,0,0.0,1,0.0088
2936,8,Ptuj,9,Ptuj 1,60,"GASILSKI DOM ZAGORCI, ZAGORCI 61C",238.0,167,0.7017,167,163,4,1.0,4,0.0245,0,0.0,5,0.0307,31,0.1902,0,,1,0.0061,0,0.0,5,0.0307,8,0.0491,2,0.0123,0,0.0,3,0.0184,0,0.0,25,0.1534,61,0.3742,6,0.0368,5,0.0307,0,0.0,2,0.0123,3,0.0184,2,0.0123
2937,8,Ptuj,9,Ptuj 1,38,"GASILSKO KULTURNI DOM POLENŠAK, POLENCI 42",690.0,451,0.6536,451,445,6,1.0,3,0.0067,1,0.0022,17,0.0382,89,0.2,0,,10,0.0225,0,0.0,6,0.0135,18,0.0404,10,0.0225,11,0.0247,55,0.1236,8,0.018,28,0.0629,144,0.3236,14,0.0315,17,0.0382,6,0.0135,3,0.0067,5,0.0112,0,0.0
2938,8,Ptuj,9,Ptuj 1,15,"GD DESTRNIK, DESTRNIK 9",143.0,106,0.7413,106,103,3,1.0,2,0.0194,0,0.0,10,0.0971,14,0.1359,0,,1,0.0097,0,0.0,2,0.0194,0,0.0,2,0.0194,8,0.0777,12,0.1165,1,0.0097,7,0.068,35,0.3398,0,0.0,3,0.0291,2,0.0194,2,0.0194,1,0.0097,1,0.0097
2939,8,Ptuj,9,Ptuj 1,34,"GD MEZGOVCI OB PESNICI, MEZGOVCI OB PESNICI 38",380.0,292,0.7684,292,285,7,1.0,1,0.0035,0,0.0,13,0.0456,80,0.2807,0,,9,0.0316,0,0.0,2,0.007,5,0.0175,2,0.007,3,0.0105,14,0.0491,7,0.0246,20,0.0702,105,0.3684,6,0.0211,15,0.0526,3,0.0105,0,0.0,0,0.0,0,0.0
2940,8,Ptuj,9,Ptuj 1,29,"GOSTIŠČE GROZL, NATAŠA KAVČIČ S.P.,VINTAROVCI 45D",318.0,223,0.7013,223,218,5,1.0,0,0.0,0,0.0,19,0.0872,52,0.2385,0,,6,0.0275,3,0.0138,1,0.0046,5,0.0229,2,0.0092,11,0.0505,9,0.0413,3,0.0138,12,0.055,78,0.3578,6,0.0275,6,0.0275,4,0.0183,0,0.0,1,0.0046,0,0.0
2941,8,Ptuj,9,Ptuj 1,28,"HANŽELJ FRANC, SVETINCI 12",108.0,89,0.8241,89,88,1,1.0,0,0.0,0,0.0,4,0.0455,14,0.1591,0,,3,0.0341,0,0.0,1,0.0114,5,0.0568,1,0.0114,4,0.0455,7,0.0795,1,0.0114,1,0.0114,38,0.4318,2,0.0227,5,0.0568,1,0.0114,0,0.0,1,0.0114,0,0.0
2942,8,Ptuj,9,Ptuj 1,27,"KOCMUT BRANKO,STRMEC PRI DEST.3",35.0,27,0.7714,27,27,0,1.0,0,0.0,0,0.0,3,0.1111,9,0.3333,0,,1,0.037,0,0.0,1,0.037,0,0.0,0,0.0,0,0.0,1,0.037,0,0.0,0,0.0,10,0.3704,1,0.037,0,0.0,0,0.0,1,0.037,0,0.0,0,0.0
2943,8,Ptuj,9,Ptuj 1,20,"KOKOL FRANC, JANEŽOVCI 12B",82.0,56,0.6829,56,56,0,1.0,0,0.0,0,0.0,3,0.0536,17,0.3036,0,,0,0.0,0,0.0,0,0.0,1,0.0179,0,0.0,0,0.0,5,0.0893,0,0.0,7,0.125,19,0.3393,0,0.0,4,0.0714,0,0.0,0,0.0,0,0.0,0,0.0
2944,8,Ptuj,9,Ptuj 1,22,"KOREN ELIZABETA, JIRŠOVCI 55A",200.0,133,0.665,133,130,3,1.0,0,0.0,0,0.0,4,0.0308,26,0.2,0,,4,0.0308,2,0.0154,4,0.0308,5,0.0385,1,0.0077,0,0.0,9,0.0692,0,0.0,22,0.1692,44,0.3385,5,0.0385,3,0.0231,1,0.0077,0,0.0,0,0.0,0,0.0
2945,8,Ptuj,9,Ptuj 1,8,"KORENT ROMAN, ČRMLJA 12",81.0,58,0.716,58,58,0,1.0,1,0.0172,0,0.0,1,0.0172,9,0.1552,0,,2,0.0345,0,0.0,1,0.0172,2,0.0345,0,0.0,0,0.0,2,0.0345,2,0.0345,13,0.2241,19,0.3276,2,0.0345,2,0.0345,1,0.0172,0,0.0,1,0.0172,0,0.0
2946,8,Ptuj,9,Ptuj 1,24,"KOS BRANKO, LOČKI VRH 60A",128.0,84,0.6562,84,84,0,1.0,0,0.0,0,0.0,10,0.119,8,0.0952,0,,1,0.0119,0,0.0,2,0.0238,6,0.0714,0,0.0,0,0.0,5,0.0595,0,0.0,8,0.0952,38,0.4524,2,0.0238,2,0.0238,0,0.0,2,0.0238,0,0.0,0,0.0
2947,8,Ptuj,9,Ptuj 1,53,KVAR MILAN GRLINCI 9,108.0,69,0.6389,69,69,0,1.0,0,0.0,0,0.0,9,0.1304,12,0.1739,0,,2,0.029,0,0.0,3,0.0435,5,0.0725,1,0.0145,0,0.0,2,0.029,0,0.0,5,0.0725,26,0.3768,1,0.0145,0,0.0,3,0.0435,0,0.0,0,0.0,0,0.0
2948,8,Ptuj,9,Ptuj 1,17,"LACKO FRANC, DRSTELJA 21",186.0,127,0.6828,127,125,2,1.0,1,0.008,0,0.0,4,0.032,29,0.232,0,,7,0.056,1,0.008,2,0.016,1,0.008,0,0.0,1,0.008,5,0.04,0,0.0,11,0.088,51,0.408,3,0.024,6,0.048,2,0.016,0,0.0,1,0.008,0,0.0
2949,8,Ptuj,9,Ptuj 1,9,"MAGUŠA JANEZ, SOVJAK 1A",65.0,44,0.6769,44,44,0,1.0,0,0.0,0,0.0,4,0.0909,2,0.0455,0,,0,0.0,0,0.0,0,0.0,1,0.0227,0,0.0,5,0.1136,6,0.1364,0,0.0,10,0.2273,14,0.3182,1,0.0227,1,0.0227,0,0.0,0,0.0,0,0.0,0,0.0
2950,8,Ptuj,9,Ptuj 1,16,"NIPIČ JANEZ, DOLIČ 17B",135.0,96,0.7111,96,96,0,1.0,2,0.0208,0,0.0,4,0.0417,23,0.2396,0,,0,0.0,0,0.0,1,0.0104,1,0.0104,5,0.0521,1,0.0104,5,0.0521,0,0.0,14,0.1458,35,0.3646,1,0.0104,2,0.0208,2,0.0208,0,0.0,0,0.0,0,0.0
2951,8,Ptuj,9,Ptuj 1,50,"NOVAK IVAN, DRAGOVIČ 17B",131.0,86,0.6565,86,85,1,1.0,0,0.0,0,0.0,6,0.0706,30,0.3529,0,,0,0.0,0,0.0,0,0.0,6,0.0706,0,0.0,0,0.0,5,0.0588,1,0.0118,13,0.1529,18,0.2118,3,0.0353,1,0.0118,1,0.0118,0,0.0,1,0.0118,0,0.0
2952,8,Ptuj,9,Ptuj 1,57,"NOVAK JOŽEF, ROTMAN 39A",135.0,96,0.7111,96,95,1,1.0,0,0.0,0,0.0,2,0.0211,16,0.1684,0,,4,0.0421,0,0.0,0,0.0,2,0.0211,0,0.0,2,0.0211,8,0.0842,0,0.0,21,0.2211,34,0.3579,2,0.0211,2,0.0211,0,0.0,0,0.0,1,0.0105,1,0.0105
2953,8,Ptuj,9,Ptuj 1,70,"OBČINA MARKOVCI, MARKOVCI 43",396.0,275,0.6944,275,272,3,1.0,3,0.011,0,0.0,7,0.0257,72,0.2647,0,,8,0.0294,0,0.0,4,0.0147,6,0.0221,4,0.0147,1,0.0037,21,0.0772,1,0.0037,11,0.0404,90,0.3309,11,0.0404,17,0.0625,9,0.0331,2,0.0074,4,0.0147,1,0.0037
2954,8,Ptuj,9,Ptuj 1,21,"OSN.ŠOLA DESTRNIK, JAN.VRH 45 ",202.0,141,0.698,141,140,1,1.0,0,0.0,0,0.0,8,0.0571,25,0.1786,0,,4,0.0286,0,0.0,3,0.0214,6,0.0429,1,0.0071,4,0.0286,4,0.0286,1,0.0071,14,0.1,57,0.4071,4,0.0286,6,0.0429,1,0.0071,1,0.0071,1,0.0071,0,0.0
2955,8,Ptuj,9,Ptuj 1,31,"POTRČ ANTON, ZASADI 11",42.0,34,0.8095,34,32,2,1.0,0,0.0,0,0.0,1,0.0312,12,0.375,0,,1,0.0312,0,0.0,0,0.0,2,0.0625,0,0.0,0,0.0,0,0.0,1,0.0312,6,0.1875,6,0.1875,2,0.0625,1,0.0312,0,0.0,0,0.0,0,0.0,0,0.0
2956,8,Ptuj,9,Ptuj 1,55,"SLODNJAK MARTIN, BODKOVCI 47",101.0,50,0.495,50,50,0,1.0,0,0.0,0,0.0,3,0.06,11,0.22,0,,1,0.02,0,0.0,0,0.0,1,0.02,0,0.0,0,0.0,1,0.02,3,0.06,5,0.1,17,0.34,2,0.04,3,0.06,2,0.04,0,0.0,0,0.0,1,0.02
2957,8,Ptuj,9,Ptuj 1,30,"SLUKAN IVAN, ZG. VELOVLEK 23A",81.0,57,0.7037,57,55,2,1.0,0,0.0,0,0.0,0,0.0,15,0.2727,0,,1,0.0182,0,0.0,1,0.0182,1,0.0182,1,0.0182,2,0.0364,6,0.1091,1,0.0182,2,0.0364,16,0.2909,2,0.0364,3,0.0545,0,0.0,3,0.0545,1,0.0182,0,0.0
2958,8,Ptuj,9,Ptuj 1,11,"TRINKAUS TATJANA, BIŠEČKI VRH 41",161.0,117,0.7267,117,113,4,1.0,0,0.0,0,0.0,7,0.0619,10,0.0885,0,,3,0.0265,0,0.0,6,0.0531,2,0.0177,5,0.0442,2,0.0177,6,0.0531,3,0.0265,11,0.0973,36,0.3186,8,0.0708,8,0.0708,4,0.0354,2,0.0177,0,0.0,0,0.0
2959,8,Ptuj,9,Ptuj 1,59,"TURSTIČNI DOM GOMILA,SENČAK PRI JURŠINCIH 9C",97.0,65,0.6701,65,65,0,1.0,0,0.0,0,0.0,3,0.0462,9,0.1385,0,,2,0.0308,0,0.0,3,0.0462,3,0.0462,0,0.0,0,0.0,5,0.0769,1,0.0154,2,0.0308,34,0.5231,2,0.0308,1,0.0154,0,0.0,0,0.0,0,0.0,0,0.0
2960,8,Ptuj,9,Ptuj 1,41,VAŠKI DOM CUNKOVCI,75.0,52,0.6933,52,52,0,1.0,1,0.0192,0,0.0,1,0.0192,15,0.2885,0,,0,0.0,0,0.0,1,0.0192,3,0.0577,1,0.0192,0,0.0,8,0.1538,0,0.0,5,0.0962,9,0.1731,0,0.0,8,0.1538,0,0.0,0,0.0,0,0.0,0,0.0
2961,8,Ptuj,9,Ptuj 1,54,"VAŠKI DOM HLAPONCI, HLAPONCI 58A",211.0,146,0.6919,146,146,0,1.0,1,0.0068,0,0.0,8,0.0548,34,0.2329,0,,2,0.0137,0,0.0,4,0.0274,3,0.0205,3,0.0205,0,0.0,10,0.0685,0,0.0,19,0.1301,55,0.3767,1,0.0068,3,0.0205,2,0.0137,0,0.0,1,0.0068,0,0.0
2962,8,Ptuj,9,Ptuj 1,56,"VAŠKI DOM KUKAVA, KUKAVA 46B",165.0,118,0.7152,118,116,2,1.0,1,0.0086,0,0.0,8,0.069,24,0.2069,0,,1,0.0086,0,0.0,0,0.0,3,0.0259,1,0.0086,1,0.0086,5,0.0431,1,0.0086,11,0.0948,55,0.4741,3,0.0259,2,0.0172,0,0.0,0,0.0,0,0.0,0,0.0
2963,8,Ptuj,9,Ptuj 1,77,VAŠKI DOM NA GMAJNI (MLEKARNA) STOJNCI 34,685.0,480,0.7007,480,472,8,1.0,2,0.0042,1,0.0021,6,0.0127,122,0.2585,0,,20,0.0424,0,0.0,4,0.0085,5,0.0106,6,0.0127,7,0.0148,28,0.0593,3,0.0064,18,0.0381,190,0.4025,23,0.0487,28,0.0593,7,0.0148,2,0.0042,0,0.0,0,0.0
2964,8,Ptuj,9,Ptuj 1,80,VAŠKI OBJEKT - BRUNARICA STRELCI,86.0,68,0.7907,68,68,0,1.0,0,0.0,0,0.0,1,0.0147,15,0.2206,0,,2,0.0294,3,0.0441,0,0.0,6,0.0882,0,0.0,0,0.0,0,0.0,3,0.0441,4,0.0588,19,0.2794,11,0.1618,4,0.0588,0,0.0,0,0.0,0,0.0,0,0.0
2965,8,Ptuj,9,Ptuj 1,76,"VAŠKO GASILSKI DOM SOBETINCI,  SOBETINCI 37",141.0,105,0.7447,105,105,0,1.0,0,0.0,0,0.0,1,0.0095,28,0.2667,0,,0,0.0,1,0.0095,0,0.0,1,0.0095,0,0.0,2,0.019,11,0.1048,2,0.019,11,0.1048,39,0.3714,2,0.019,5,0.0476,2,0.019,0,0.0,0,0.0,0,0.0
2966,8,Ptuj,9,Ptuj 1,48,"VAŠKO GASILSKI DOM ZAMUŠANI, ZAMUŠANI 31A",439.0,331,0.754,331,327,4,1.0,1,0.0031,1,0.0031,12,0.0367,67,0.2049,0,,11,0.0336,0,0.0,4,0.0122,4,0.0122,3,0.0092,1,0.0031,46,0.1407,3,0.0092,21,0.0642,121,0.37,8,0.0245,13,0.0398,7,0.0214,1,0.0031,3,0.0092,0,0.0
2967,8,Ptuj,9,Ptuj 1,35,"VAŠKO GASILSKI DOM ŽAMENCI, ŽAMENCI 11",296.0,209,0.7061,209,205,4,1.0,3,0.0146,1,0.0049,5,0.0244,39,0.1902,0,,1,0.0049,0,0.0,5,0.0244,6,0.0293,8,0.039,3,0.0146,15,0.0732,2,0.0098,22,0.1073,76,0.3707,6,0.0293,3,0.0146,6,0.0293,2,0.0098,1,0.0049,1,0.0049
2968,8,Ptuj,9,Ptuj 1,13,"VEČNAMENSKA DVORANA TRNOVSKA VAS,TRNOVSKA VAS 38",265.0,165,0.6226,165,162,3,1.0,0,0.0,0,0.0,10,0.0617,39,0.2407,0,,3,0.0185,1,0.0062,3,0.0185,1,0.0062,4,0.0247,2,0.0123,3,0.0185,0,0.0,14,0.0864,59,0.3642,3,0.0185,15,0.0926,2,0.0123,3,0.0185,0,0.0,0,0.0
2969,8,Ptuj,9,Ptuj 1,1,"VEČNAMENSKA DVORANA VITOMARCI, VITOMARCI 48A",515.0,390,0.7573,390,384,6,1.0,2,0.0052,0,0.0,19,0.0495,81,0.2109,0,,6,0.0156,0,0.0,5,0.013,16,0.0417,11,0.0286,3,0.0078,23,0.0599,3,0.0078,35,0.0911,135,0.3516,11,0.0286,25,0.0651,7,0.0182,1,0.0026,1,0.0026,0,0.0
2970,8,Ptuj,9,Ptuj 1,2,"VEČNAMENSKA DVORANA VITOMARCI, VITOMARCI 48A",140.0,81,0.5786,81,81,0,1.0,0,0.0,0,0.0,0,0.0,11,0.1358,0,,0,0.0,3,0.037,2,0.0247,4,0.0494,0,0.0,0,0.0,18,0.2222,1,0.0123,2,0.0247,32,0.3951,6,0.0741,0,0.0,0,0.0,2,0.0247,0,0.0,0,0.0
2971,8,Ptuj,9,Ptuj 1,49,"VKC DR.A.S. JURŠ., JURŠINCI 10",260.0,162,0.6231,162,160,2,1.0,0,0.0,0,0.0,0,0.0,46,0.2875,0,,0,0.0,1,0.0062,1,0.0062,4,0.025,3,0.0188,1,0.0062,4,0.025,2,0.0125,18,0.1125,61,0.3812,6,0.0375,9,0.0562,3,0.0188,0,0.0,0,0.0,1,0.0062
2972,8,Ptuj,9,Ptuj 1,44,"ZADRUŽNI DOM MURETINCI, MURETINCI 46",273.0,201,0.7363,201,200,1,1.0,3,0.015,1,0.005,12,0.06,37,0.185,0,,2,0.01,0,0.0,5,0.025,8,0.04,1,0.005,3,0.015,19,0.095,2,0.01,22,0.11,72,0.36,1,0.005,6,0.03,4,0.02,0,0.0,2,0.01,0,0.0
2973,8,Ptuj,9,Ptuj 1,23,"ZELENIK STANISLAV, LEVANJCI 11",152.0,116,0.7632,116,116,0,1.0,1,0.0086,0,0.0,15,0.1293,13,0.1121,0,,1,0.0086,0,0.0,0,0.0,6,0.0517,0,0.0,2,0.0172,1,0.0086,0,0.0,14,0.1207,59,0.5086,1,0.0086,2,0.0172,1,0.0086,0,0.0,0,0.0,0,0.0
2974,8,Ptuj,9,Ptuj 1,58,"ZIDARIČ ANICA, SAKUŠAK 79",172.0,112,0.6512,112,110,2,1.0,1,0.0091,0,0.0,7,0.0636,19,0.1727,0,,0,0.0,0,0.0,3,0.0273,2,0.0182,2,0.0182,2,0.0182,5,0.0455,2,0.0182,13,0.1182,40,0.3636,2,0.0182,3,0.0273,3,0.0273,2,0.0182,4,0.0364,0,0.0
2975,8,Ptuj,9,Ptuj 1,901,PREDČASNO GLASOVANJE,,530,,530,530,0,1.0,0,0.0,0,0.0,16,0.0302,199,0.3755,0,,21,0.0396,0,0.0,9,0.017,14,0.0264,1,0.0019,7,0.0132,24,0.0453,5,0.0094,33,0.0623,138,0.2604,5,0.0094,40,0.0755,8,0.0151,6,0.0113,2,0.0038,2,0.0038
2976,8,Ptuj,10,Ptuj 2,9,"AVLA ŠC PTUJ, VOLKMERJEVA 19",536.0,359,0.6698,359,358,1,1.0,3,0.0084,0,0.0,12,0.0335,137,0.3827,0,,19,0.0531,0,0.0,8,0.0223,9,0.0251,6,0.0168,7,0.0196,15,0.0419,6,0.0168,5,0.014,68,0.1899,9,0.0251,36,0.1006,7,0.0196,5,0.014,6,0.0168,0,0.0
2977,8,Ptuj,10,Ptuj 2,10,"AVLA ŠOLSKEGA CENTRA PTUJ, VOKLMERJEVA CESTA 19",628.0,373,0.5939,373,367,6,1.0,5,0.0136,0,0.0,10,0.0272,127,0.346,0,,18,0.049,1,0.0027,13,0.0354,3,0.0082,0,0.0,11,0.03,25,0.0681,5,0.0136,7,0.0191,89,0.2425,1,0.0027,37,0.1008,5,0.0136,3,0.0082,6,0.0163,1,0.0027
2978,8,Ptuj,10,Ptuj 2,12,"DIJAŠKI DOM PTUJ, ARBAJTERJEVA  UL. 6",680.0,395,0.5809,395,394,1,1.0,1,0.0025,0,0.0,10,0.0254,156,0.3959,0,,27,0.0685,1,0.0025,11,0.0279,10,0.0254,4,0.0102,14,0.0355,20,0.0508,6,0.0152,6,0.0152,76,0.1929,9,0.0228,21,0.0533,11,0.0279,5,0.0127,6,0.0152,0,0.0
2979,8,Ptuj,10,Ptuj 2,14,"DOM KRAJ. B. REŠ, VOLKMERJEVA 26",398.0,242,0.608,242,242,0,1.0,0,0.0,0,0.0,8,0.0331,79,0.3264,0,,15,0.062,0,0.0,3,0.0124,6,0.0248,4,0.0165,9,0.0372,24,0.0992,2,0.0083,5,0.0207,68,0.281,3,0.0124,12,0.0496,1,0.0041,2,0.0083,0,0.0,1,0.0041
2980,8,Ptuj,10,Ptuj 2,13,"DOM KRAJ. B.REŠ,VOLKMERJEVA 26",623.0,445,0.7143,445,445,0,1.0,3,0.0067,1,0.0022,16,0.036,153,0.3438,0,,17,0.0382,1,0.0022,20,0.0449,7,0.0157,3,0.0067,11,0.0247,26,0.0584,4,0.009,4,0.009,114,0.2562,3,0.0067,51,0.1146,6,0.0135,4,0.009,1,0.0022,0,0.0
2981,8,Ptuj,10,Ptuj 2,23,"DOM KRAJ.TURNIŠČE, SELSKA C. 2",572.0,369,0.6451,369,368,1,1.0,3,0.0082,1,0.0027,15,0.0408,107,0.2908,0,,14,0.038,0,0.0,14,0.038,2,0.0054,3,0.0082,6,0.0163,15,0.0408,3,0.0082,7,0.019,132,0.3587,16,0.0435,18,0.0489,9,0.0245,1,0.0027,2,0.0054,0,0.0
2982,8,Ptuj,10,Ptuj 2,24,"DOM KRAJ.TURNIŠČE, SELSKA C. 2",536.0,352,0.6567,352,352,0,1.0,0,0.0,0,0.0,6,0.017,100,0.2841,0,,8,0.0227,0,0.0,6,0.017,11,0.0312,3,0.0085,11,0.0312,23,0.0653,8,0.0227,2,0.0057,111,0.3153,19,0.054,25,0.071,16,0.0455,0,0.0,1,0.0028,2,0.0057
2983,8,Ptuj,10,Ptuj 2,18,"DOM KRAJANOV MČ JEZERO, BELŠAKOVA UL. 20 A",392.0,260,0.6633,260,257,3,1.0,1,0.0039,0,0.0,14,0.0545,95,0.3696,0,,3,0.0117,1,0.0039,2,0.0078,3,0.0117,2,0.0078,8,0.0311,33,0.1284,3,0.0117,17,0.0661,52,0.2023,2,0.0078,17,0.0661,0,0.0,1,0.0039,3,0.0117,0,0.0
2984,8,Ptuj,10,Ptuj 2,17,"DOM KRAJANOV MČ JEZERO, BELŠAKOVA UL.20A",478.0,311,0.6506,311,307,4,1.0,2,0.0065,0,0.0,11,0.0358,114,0.3713,0,,17,0.0554,1,0.0033,2,0.0065,2,0.0065,2,0.0065,3,0.0098,19,0.0619,10,0.0326,9,0.0293,84,0.2736,5,0.0163,17,0.0554,7,0.0228,2,0.0065,0,0.0,0,0.0
2985,8,Ptuj,10,Ptuj 2,15,"DOM KRAJANOV MČ PANORAMA, VIČAVA 46",732.0,518,0.7077,518,518,0,1.0,4,0.0077,0,0.0,11,0.0212,201,0.388,0,,24,0.0463,0,0.0,14,0.027,10,0.0193,7,0.0135,14,0.027,18,0.0347,15,0.029,11,0.0212,120,0.2317,6,0.0116,40,0.0772,11,0.0212,6,0.0116,6,0.0116,0,0.0
2986,8,Ptuj,10,Ptuj 2,28,"DOM KRAJANOV SKORBA, SKORBA 36A",309.0,237,0.767,237,235,2,1.0,2,0.0085,0,0.0,6,0.0255,62,0.2638,0,,5,0.0213,0,0.0,4,0.017,9,0.0383,2,0.0085,2,0.0085,17,0.0723,1,0.0043,9,0.0383,89,0.3787,4,0.017,14,0.0596,6,0.0255,0,0.0,3,0.0128,0,0.0
2987,8,Ptuj,10,Ptuj 2,30,"DOM UPOKOJENCEV, ZG. HAJDINA 45",675.0,460,0.6815,460,458,2,1.0,5,0.0109,0,0.0,14,0.0306,140,0.3057,0,,11,0.024,1,0.0022,16,0.0349,11,0.024,6,0.0131,4,0.0087,19,0.0415,4,0.0087,24,0.0524,151,0.3297,15,0.0328,20,0.0437,9,0.0197,6,0.0131,2,0.0044,0,0.0
2988,8,Ptuj,10,Ptuj 2,25,"DOM VAŠČANOV DRAŽENCI, DRAŽENCI 74B",451.0,300,0.6652,300,295,5,1.0,0,0.0,0,0.0,10,0.0339,102,0.3458,0,,3,0.0102,1,0.0034,8,0.0271,9,0.0305,8,0.0271,7,0.0237,18,0.061,1,0.0034,11,0.0373,96,0.3254,5,0.0169,11,0.0373,4,0.0136,1,0.0034,0,0.0,0,0.0
2989,8,Ptuj,10,Ptuj 2,22,"DU IVAN RUDOLF BREG-PTUJ, ZADRUŽNI TRG 12 A",722.0,496,0.687,496,496,0,1.0,1,0.002,3,0.006,7,0.0141,202,0.4073,0,,16,0.0323,2,0.004,12,0.0242,15,0.0302,8,0.0161,12,0.0242,28,0.0565,5,0.0101,10,0.0202,110,0.2218,8,0.0161,35,0.0706,17,0.0343,3,0.006,2,0.004,0,0.0
2990,8,Ptuj,10,Ptuj 2,26,"GASILSKI DOM GEREČJA VAS, GEREČJA VAS 14A",469.0,303,0.6461,303,302,1,1.0,3,0.0099,0,0.0,13,0.043,99,0.3278,0,,2,0.0066,1,0.0033,5,0.0166,11,0.0364,2,0.0066,3,0.0099,18,0.0596,7,0.0232,13,0.043,105,0.3477,4,0.0132,9,0.0298,1,0.0033,3,0.0099,2,0.0066,1,0.0033
2991,8,Ptuj,10,Ptuj 2,27,"GASILSKI DOM HAJDOŠE, HAJDOŠE 41B",549.0,393,0.7158,393,389,4,1.0,0,0.0,0,0.0,14,0.036,113,0.2905,0,,10,0.0257,2,0.0051,12,0.0308,6,0.0154,2,0.0051,5,0.0129,22,0.0566,5,0.0129,33,0.0848,138,0.3548,5,0.0129,9,0.0231,9,0.0231,1,0.0026,3,0.0077,0,0.0
2992,8,Ptuj,10,Ptuj 2,31,IGRIŠČE SP. HAJDINA (PROST. SLAČ. ŠD SP. HAJDINA),192.0,125,0.651,125,123,2,1.0,0,0.0,0,0.0,3,0.0244,48,0.3902,0,,6,0.0488,0,0.0,2,0.0163,4,0.0325,0,0.0,0,0.0,8,0.065,5,0.0407,4,0.0325,32,0.2602,3,0.0244,6,0.0488,0,0.0,0,0.0,2,0.0163,0,0.0
2993,8,Ptuj,10,Ptuj 2,1,"MAGISTRAT, SPREJEMNA PISARNA, MESTNI TRG 1",552.0,294,0.5326,294,293,1,1.0,5,0.0171,1,0.0034,16,0.0546,107,0.3652,0,,24,0.0819,0,0.0,3,0.0102,5,0.0171,0,0.0,6,0.0205,20,0.0683,5,0.0171,5,0.0171,65,0.2218,12,0.041,11,0.0375,3,0.0102,3,0.0102,2,0.0068,0,0.0
2994,8,Ptuj,10,Ptuj 2,20,"OŠ BREG, ROGAŠKA C. 6",530.0,378,0.7132,378,377,1,1.0,1,0.0027,0,0.0,12,0.0318,136,0.3607,0,,9,0.0239,0,0.0,9,0.0239,8,0.0212,5,0.0133,7,0.0186,34,0.0902,4,0.0106,11,0.0292,94,0.2493,6,0.0159,30,0.0796,4,0.0106,2,0.0053,3,0.008,2,0.0053
2995,8,Ptuj,10,Ptuj 2,21,"OŠ BREG, ROGAŠKA C. 6",432.0,299,0.6921,299,296,3,1.0,0,0.0,2,0.0068,12,0.0405,85,0.2872,0,,13,0.0439,0,0.0,9,0.0304,15,0.0507,5,0.0169,4,0.0135,22,0.0743,2,0.0068,5,0.0169,88,0.2973,5,0.0169,17,0.0574,4,0.0135,3,0.0101,5,0.0169,0,0.0
2996,8,Ptuj,10,Ptuj 2,6,"OŠ LJUDSKI VRT, ŽUPANČIČEVA 10",526.0,348,0.6616,348,346,2,1.0,4,0.0116,1,0.0029,11,0.0318,130,0.3757,0,,24,0.0694,1,0.0029,7,0.0202,6,0.0173,6,0.0173,10,0.0289,23,0.0665,6,0.0173,8,0.0231,70,0.2023,9,0.026,20,0.0578,8,0.0231,1,0.0029,1,0.0029,0,0.0
2997,8,Ptuj,10,Ptuj 2,7,"OŠ LJUDSKI VRT, ŽUPANČIČEVA 10",541.0,369,0.6821,369,367,2,1.0,1,0.0027,0,0.0,1,0.0027,150,0.4087,0,,11,0.03,1,0.0027,5,0.0136,10,0.0272,5,0.0136,3,0.0082,21,0.0572,4,0.0109,7,0.0191,94,0.2561,5,0.0136,31,0.0845,9,0.0245,4,0.0109,4,0.0109,1,0.0027
2998,8,Ptuj,10,Ptuj 2,8,"OŠ LJUDSKI VRT, ŽUPANČIČEVA 10",415.0,268,0.6458,268,266,2,1.0,0,0.0,0,0.0,6,0.0226,93,0.3496,0,,18,0.0677,0,0.0,3,0.0113,3,0.0113,5,0.0188,11,0.0414,14,0.0526,7,0.0263,7,0.0263,68,0.2556,4,0.015,22,0.0827,3,0.0113,0,0.0,2,0.0075,0,0.0
2999,8,Ptuj,10,Ptuj 2,16,"ŠPORTNA DVORANA MLADIKA,SEJNA SOBA,ČUČKOVA UL.8",325.0,186,0.5723,186,184,2,1.0,0,0.0,1,0.0054,5,0.0272,79,0.4293,0,,5,0.0272,0,0.0,4,0.0217,2,0.0109,3,0.0163,9,0.0489,14,0.0761,0,0.0,0,0.0,38,0.2065,6,0.0326,9,0.0489,2,0.0109,2,0.0109,4,0.0217,1,0.0054
3000,8,Ptuj,10,Ptuj 2,29,"ŠPORTNI OBJEKT NK SLOVENJA VAS,SLOVENJA VAS 54",456.0,319,0.6996,319,316,3,1.0,2,0.0063,0,0.0,9,0.0285,91,0.288,0,,6,0.019,0,0.0,6,0.019,13,0.0411,3,0.0095,6,0.019,22,0.0696,2,0.0063,11,0.0348,119,0.3766,6,0.019,14,0.0443,2,0.0063,0,0.0,4,0.0127,0,0.0
3001,8,Ptuj,10,Ptuj 2,2,"TELOVADNICA OŠ OLGE MEGLIČ, VHOD PREŠERNOVA U.29",444.0,212,0.4775,212,208,4,1.0,1,0.0048,0,0.0,0,0.0,67,0.3221,0,,17,0.0817,0,0.0,5,0.024,7,0.0337,6,0.0288,4,0.0192,3,0.0144,4,0.0192,10,0.0481,61,0.2933,4,0.0192,10,0.0481,3,0.0144,1,0.0048,3,0.0144,2,0.0096
3002,8,Ptuj,10,Ptuj 2,19,"VEČNAMENSKA DVORANA SPUHLJA, SPUHLJA 12 A",712.0,506,0.7107,506,506,0,1.0,0,0.0,0,0.0,13,0.0257,146,0.2885,0,,10,0.0198,0,0.0,9,0.0178,16,0.0316,3,0.0059,6,0.0119,53,0.1047,5,0.0099,17,0.0336,176,0.3478,10,0.0198,28,0.0553,7,0.0138,3,0.0059,3,0.0059,1,0.002
3003,8,Ptuj,10,Ptuj 2,4,"VRTEC PTUJ, ENOTA MAČICE, POTRČEVA CESTA 9 A",538.0,315,0.5855,315,309,6,1.0,0,0.0,0,0.0,8,0.0259,103,0.3333,0,,22,0.0712,0,0.0,8,0.0259,2,0.0065,3,0.0097,7,0.0227,15,0.0485,1,0.0032,5,0.0162,85,0.2751,12,0.0388,30,0.0971,5,0.0162,1,0.0032,2,0.0065,0,0.0
3004,8,Ptuj,10,Ptuj 2,3,"VRTEC PTUJ, ENOTA MAČICE, POTRČEVA CESTA 9A",536.0,312,0.5821,312,310,2,1.0,3,0.0097,0,0.0,12,0.0387,99,0.3194,0,,22,0.071,1,0.0032,13,0.0419,3,0.0097,3,0.0097,9,0.029,15,0.0484,7,0.0226,8,0.0258,58,0.1871,7,0.0226,28,0.0903,12,0.0387,2,0.0065,6,0.0194,2,0.0065
3005,8,Ptuj,10,Ptuj 2,11,"VRTEC PTUJ, ENOTA MAČICE,POTRČEVA CESTA 9A",523.0,327,0.6252,327,324,3,1.0,2,0.0062,2,0.0062,7,0.0216,118,0.3642,0,,11,0.034,0,0.0,9,0.0278,2,0.0062,9,0.0278,7,0.0216,8,0.0247,3,0.0093,9,0.0278,82,0.2531,5,0.0154,30,0.0926,8,0.0247,3,0.0093,8,0.0247,1,0.0031
3006,8,Ptuj,10,Ptuj 2,5,"VRTEC PTUJ, ENOTA TULIPAN,  MED VRTI 2",324.0,184,0.5679,184,184,0,1.0,1,0.0054,0,0.0,1,0.0054,64,0.3478,0,,15,0.0815,1,0.0054,9,0.0489,1,0.0054,3,0.0163,2,0.0109,13,0.0707,1,0.0054,8,0.0435,40,0.2174,2,0.0109,14,0.0761,5,0.0272,2,0.0109,1,0.0054,1,0.0054
3007,8,Ptuj,10,Ptuj 2,901,PREDČASNO GLASOVANJE,,1076,,1076,1068,8,1.0,3,0.0028,0,0.0,24,0.0225,418,0.3914,0,,64,0.0599,1,0.0009,23,0.0215,17,0.0159,2,0.0019,29,0.0272,52,0.0487,9,0.0084,28,0.0262,234,0.2191,12,0.0112,105,0.0983,28,0.0262,14,0.0131,4,0.0037,1,0.0009
3008,8,Ptuj,11,Ptuj 3,13,"ARBEITER MITJA, MEJE16A",39.0,33,0.8462,33,33,0,1.0,0,0.0,0,0.0,1,0.0303,8,0.2424,0,,0,0.0,0,0.0,0,0.0,0,0.0,0,0.0,0,0.0,6,0.1818,0,0.0,0,0.0,16,0.4848,0,0.0,0,0.0,2,0.0606,0,0.0,0,0.0,0,0.0
3009,8,Ptuj,11,Ptuj 3,71,"ARNUŠ FRANC, PODLEHNIK 80A",72.0,49,0.6806,49,49,0,1.0,1,0.0204,0,0.0,0,0.0,9,0.1837,0,,0,0.0,0,0.0,0,0.0,1,0.0204,0,0.0,1,0.0204,15,0.3061,0,0.0,3,0.0612,15,0.3061,2,0.0408,1,0.0204,1,0.0204,0,0.0,0,0.0,0,0.0
3010,8,Ptuj,11,Ptuj 3,74,"BAR ALBERT, ZAKL 38A, PODLEHNIK",41.0,20,0.4878,20,20,0,1.0,0,0.0,0,0.0,0,0.0,3,0.15,0,,1,0.05,0,0.0,0,0.0,2,0.1,1,0.05,0,0.0,0,0.0,1,0.05,0,0.0,11,0.55,1,0.05,0,0.0,0,0.0,0,0.0,0,0.0,0,0.0
3011,8,Ptuj,11,Ptuj 3,43,"BEDENIK STANKO, DOKLECE 7A",166.0,90,0.5422,90,90,0,1.0,2,0.0222,1,0.0111,2,0.0222,21,0.2333,0,,5,0.0556,0,0.0,3,0.0333,2,0.0222,0,0.0,1,0.0111,5,0.0556,0,0.0,4,0.0444,32,0.3556,3,0.0333,6,0.0667,0,0.0,0,0.0,3,0.0333,0,0.0
3012,8,Ptuj,11,Ptuj 3,78,"BRODNJAK IVANA, KOZMINCI 25A",188.0,116,0.617,116,116,0,1.0,4,0.0345,0,0.0,5,0.0431,19,0.1638,0,,5,0.0431,0,0.0,5,0.0431,5,0.0431,0,0.0,3,0.0259,11,0.0948,0,0.0,2,0.0172,48,0.4138,5,0.0431,2,0.0172,0,0.0,2,0.0172,0,0.0,0,0.0
3013,8,Ptuj,11,Ptuj 3,62,"CAFUTA ANDREJ, VELIKA VARNICA 53",72.0,45,0.625,45,45,0,1.0,0,0.0,0,0.0,0,0.0,8,0.1778,0,,1,0.0222,0,0.0,1,0.0222,1,0.0222,0,0.0,0,0.0,4,0.0889,0,0.0,2,0.0444,24,0.5333,1,0.0222,1,0.0222,0,0.0,2,0.0444,0,0.0,0,0.0
3014,8,Ptuj,11,Ptuj 3,51,"DOM KRAJANOV DOLENA, BOLEČKA VAS 3C",313.0,196,0.6262,196,192,4,1.0,2,0.0104,0,0.0,7,0.0365,44,0.2292,0,,4,0.0208,0,0.0,3,0.0156,8,0.0417,0,0.0,3,0.0156,13,0.0677,0,0.0,3,0.0156,84,0.4375,2,0.0104,12,0.0625,2,0.0104,3,0.0156,2,0.0104,0,0.0
3015,8,Ptuj,11,Ptuj 3,38,DOM KRAJANOV IN GASILCEV PTUJSKA GORA 82/B,669.0,441,0.6592,441,438,3,1.0,3,0.0068,0,0.0,22,0.0502,113,0.258,0,,10,0.0228,1,0.0023,12,0.0274,20,0.0457,7,0.016,2,0.0046,28,0.0639,8,0.0183,18,0.0411,147,0.3356,4,0.0091,26,0.0594,9,0.0205,1,0.0023,7,0.016,0,0.0
3016,8,Ptuj,11,Ptuj 3,19,DOM KRAJANOV KUNGOTA PRI PTUJU,304.0,205,0.6743,205,201,4,1.0,0,0.0,1,0.005,2,0.01,57,0.2836,0,,9,0.0448,0,0.0,3,0.0149,5,0.0249,0,0.0,0,0.0,10,0.0498,4,0.0199,8,0.0398,85,0.4229,5,0.0249,8,0.0398,1,0.005,2,0.01,0,0.0,1,0.005
3017,8,Ptuj,11,Ptuj 3,27,DOM KRAJANOV MIHOVCE,164.0,124,0.7561,124,123,1,1.0,2,0.0163,0,0.0,2,0.0163,15,0.122,0,,4,0.0325,0,0.0,1,0.0081,0,0.0,0,0.0,1,0.0081,13,0.1057,4,0.0325,35,0.2846,35,0.2846,3,0.0244,4,0.0325,0,0.0,0,0.0,4,0.0325,0,0.0
3018,8,Ptuj,11,Ptuj 3,44,DOM KRAJANOV STOPERCE 13B,457.0,287,0.628,287,280,7,1.0,1,0.0036,0,0.0,10,0.0357,67,0.2393,0,,6,0.0214,0,0.0,10,0.0357,33,0.1179,3,0.0107,4,0.0143,13,0.0464,1,0.0036,6,0.0214,99,0.3536,7,0.025,13,0.0464,2,0.0071,1,0.0036,3,0.0107,1,0.0036
3019,8,Ptuj,11,Ptuj 3,66,"DOM VAŠČANOV POBREŽJE, POBREŽJE 104A",718.0,550,0.766,550,548,2,1.0,5,0.0091,0,0.0,11,0.0201,148,0.2701,0,,11,0.0201,2,0.0036,10,0.0182,3,0.0055,9,0.0164,4,0.0073,33,0.0602,5,0.0091,19,0.0347,248,0.4526,11,0.0201,20,0.0365,5,0.0091,1,0.0018,1,0.0018,2,0.0036
3020,8,Ptuj,11,Ptuj 3,21,"DVORANA LOVRENC NA DR. POLJU,LOVRENC NA DR. P.8",559.0,406,0.7263,406,406,0,1.0,2,0.0049,0,0.0,7,0.0172,144,0.3547,0,,9,0.0222,1,0.0025,13,0.032,11,0.0271,1,0.0025,2,0.0049,27,0.0665,3,0.0074,18,0.0443,123,0.303,4,0.0099,29,0.0714,7,0.0172,1,0.0025,2,0.0049,2,0.0049
3021,8,Ptuj,11,Ptuj 3,11,"EMERŠIČ OLGA, SLATINA 31     ",79.0,38,0.481,38,36,2,1.0,0,0.0,0,0.0,0,0.0,6,0.1667,0,,3,0.0833,0,0.0,2,0.0556,2,0.0556,0,0.0,0,0.0,0,0.0,0,0.0,0,0.0,20,0.5556,2,0.0556,0,0.0,0,0.0,0,0.0,0,0.0,1,0.0278
3022,8,Ptuj,11,Ptuj 3,59,"FRIC EDVARD, SKORIŠNJAK 25",49.0,29,0.5918,29,29,0,1.0,0,0.0,0,0.0,2,0.069,9,0.3103,0,,0,0.0,0,0.0,2,0.069,0,0.0,0,0.0,1,0.0345,1,0.0345,0,0.0,1,0.0345,10,0.3448,0,0.0,0,0.0,1,0.0345,0,0.0,1,0.0345,1,0.0345
3023,8,Ptuj,11,Ptuj 3,26,GASILSKI DOM DRAGONJA VAS,135.0,104,0.7704,104,104,0,1.0,1,0.0096,0,0.0,4,0.0385,23,0.2212,0,,0,0.0,0,0.0,0,0.0,4,0.0385,5,0.0481,0,0.0,8,0.0769,1,0.0096,9,0.0865,36,0.3462,8,0.0769,2,0.0192,2,0.0192,1,0.0096,0,0.0,0,0.0
3024,8,Ptuj,11,Ptuj 3,29,"GASILSKI DOM JABLANE, SP. JABLANE 20A",336.0,245,0.7292,245,243,2,1.0,0,0.0,0,0.0,4,0.0165,59,0.2428,0,,3,0.0123,1,0.0041,3,0.0123,10,0.0412,1,0.0041,4,0.0165,20,0.0823,2,0.0082,40,0.1646,74,0.3045,6,0.0247,7,0.0288,4,0.0165,3,0.0123,2,0.0082,0,0.0
3025,8,Ptuj,11,Ptuj 3,36,"GASILSKI DOM MAJŠPERK-BREG, BREG 4",668.0,428,0.6407,428,421,7,1.0,5,0.0119,0,0.0,10,0.0238,105,0.2494,0,,6,0.0143,3,0.0071,18,0.0428,21,0.0499,3,0.0071,6,0.0143,25,0.0594,1,0.0024,21,0.0499,157,0.3729,12,0.0285,18,0.0428,6,0.0143,1,0.0024,2,0.0048,1,0.0024
3026,8,Ptuj,11,Ptuj 3,37,GASILSKI DOM MEDVEDCE 19A,334.0,241,0.7216,241,241,0,1.0,1,0.0041,1,0.0041,7,0.029,60,0.249,0,,4,0.0166,0,0.0,9,0.0373,10,0.0415,5,0.0207,3,0.0124,12,0.0498,1,0.0041,11,0.0456,83,0.3444,10,0.0415,15,0.0622,6,0.0249,1,0.0041,2,0.0083,0,0.0
3027,8,Ptuj,11,Ptuj 3,23,"GASILSKI DOM PLETERJE, PLETERJE 33A",184.0,125,0.6793,125,122,3,1.0,1,0.0082,0,0.0,2,0.0164,39,0.3197,0,,2,0.0164,0,0.0,2,0.0164,3,0.0246,2,0.0164,0,0.0,4,0.0328,1,0.0082,18,0.1475,46,0.377,0,0.0,1,0.0082,0,0.0,1,0.0082,0,0.0,0,0.0
3028,8,Ptuj,11,Ptuj 3,30,GASILSKI DOM STAROŠINCE,174.0,114,0.6552,114,112,2,1.0,0,0.0,0,0.0,3,0.0268,31,0.2768,0,,6,0.0536,0,0.0,6,0.0536,7,0.0625,1,0.0089,2,0.0179,5,0.0446,2,0.0179,13,0.1161,27,0.2411,2,0.0179,3,0.0268,1,0.0089,1,0.0089,2,0.0179,0,0.0
3029,8,Ptuj,11,Ptuj 3,31,"GASILSKI DOM ŠIKOLE, ŠIKOLE 24",258.0,178,0.6899,178,178,0,1.0,0,0.0,0,0.0,6,0.0337,41,0.2303,0,,8,0.0449,0,0.0,7,0.0393,4,0.0225,6,0.0337,1,0.0056,10,0.0562,1,0.0056,30,0.1685,59,0.3315,3,0.0169,2,0.0112,0,0.0,0,0.0,0,0.0,0,0.0
3030,8,Ptuj,11,Ptuj 3,84,"GASILSKI DOM ZAVRČ, GORIČAK1",387.0,218,0.5633,218,214,4,1.0,1,0.0047,1,0.0047,13,0.0607,33,0.1542,0,,3,0.014,0,0.0,6,0.028,4,0.0187,6,0.028,0,0.0,23,0.1075,3,0.014,19,0.0888,62,0.2897,4,0.0187,16,0.0748,11,0.0514,2,0.0093,5,0.0234,2,0.0093
3031,8,Ptuj,11,Ptuj 3,45,"GASILSKI DOM ŽETALE, ŽETALE 5",246.0,148,0.6016,148,147,1,1.0,0,0.0,0,0.0,4,0.0272,32,0.2177,0,,4,0.0272,0,0.0,1,0.0068,16,0.1088,3,0.0204,0,0.0,6,0.0408,1,0.0068,8,0.0544,63,0.4286,4,0.0272,2,0.0136,1,0.0068,1,0.0068,1,0.0068,0,0.0
3032,8,Ptuj,11,Ptuj 3,33,"GASILSKI DOM, MAJŠPERK 32A",765.0,512,0.6693,512,509,3,1.0,10,0.0196,0,0.0,15,0.0295,145,0.2849,0,,10,0.0196,2,0.0039,16,0.0314,18,0.0354,7,0.0138,18,0.0354,48,0.0943,8,0.0157,27,0.053,123,0.2417,7,0.0138,36,0.0707,6,0.0118,5,0.0098,8,0.0157,0,0.0
3033,8,Ptuj,11,Ptuj 3,75,"GOSTILNA MAUČIČ NEŽKA, ZAKL 31",122.0,78,0.6393,78,76,2,1.0,4,0.0526,0,0.0,4,0.0526,22,0.2895,0,,2,0.0263,0,0.0,2,0.0263,1,0.0132,0,0.0,0,0.0,15,0.1974,0,0.0,1,0.0132,17,0.2237,3,0.0395,2,0.0263,1,0.0132,2,0.0263,0,0.0,0,0.0
3034,8,Ptuj,11,Ptuj 3,85,"GOSTILNA TEŽAK, TURŠKI VRH 51",412.0,231,0.5607,231,221,10,1.0,0,0.0,0,0.0,6,0.0271,50,0.2262,0,,1,0.0045,0,0.0,7,0.0317,5,0.0226,2,0.009,3,0.0136,25,0.1131,4,0.0181,23,0.1041,76,0.3439,0,0.0,4,0.0181,5,0.0226,0,0.0,9,0.0407,1,0.0045
3035,8,Ptuj,11,Ptuj 3,57,"HABJANIČ JAKOB, REPIŠČE",113.0,75,0.6637,75,75,0,1.0,0,0.0,0,0.0,6,0.08,12,0.16,0,,2,0.0267,0,0.0,0,0.0,6,0.08,2,0.0267,0,0.0,3,0.04,0,0.0,2,0.0267,33,0.44,1,0.0133,3,0.04,2,0.0267,2,0.0267,1,0.0133,0,0.0
3036,8,Ptuj,11,Ptuj 3,8,"HERCOG JOŽEF, PARADIŽ 89B, CIRKULANE",69.0,34,0.4928,34,34,0,1.0,0,0.0,0,0.0,2,0.0588,7,0.2059,0,,0,0.0,0,0.0,1,0.0294,4,0.1176,0,0.0,1,0.0294,3,0.0882,0,0.0,3,0.0882,7,0.2059,2,0.0588,0,0.0,4,0.1176,0,0.0,0,0.0,0,0.0
3037,8,Ptuj,11,Ptuj 3,86,"HRNČIČ DARINKA, TURŠKI VRH 75",182.0,105,0.5769,105,104,1,1.0,0,0.0,0,0.0,0,0.0,12,0.1154,0,,4,0.0385,0,0.0,2,0.0192,9,0.0865,0,0.0,0,0.0,13,0.125,1,0.0096,3,0.0288,47,0.4519,1,0.0096,6,0.0577,4,0.0385,1,0.0096,0,0.0,1,0.0096
3038,8,Ptuj,11,Ptuj 3,4,"JURGEC MILAN, GRADIŠČA 29A",287.0,164,0.5714,164,164,0,1.0,0,0.0,2,0.0122,6,0.0366,39,0.2378,0,,4,0.0244,0,0.0,1,0.0061,7,0.0427,5,0.0305,5,0.0305,9,0.0549,1,0.0061,14,0.0854,57,0.3476,3,0.0183,3,0.0183,7,0.0427,0,0.0,1,0.0061,0,0.0
3039,8,Ptuj,11,Ptuj 3,3,"KOKOL HERMAN, DOLANE 8",222.0,136,0.6126,136,135,1,1.0,0,0.0,1,0.0074,7,0.0519,28,0.2074,0,,2,0.0148,0,0.0,3,0.0222,2,0.0148,1,0.0074,6,0.0444,8,0.0593,1,0.0074,7,0.0519,52,0.3852,5,0.037,6,0.0444,2,0.0148,1,0.0074,3,0.0222,0,0.0
3040,8,Ptuj,11,Ptuj 3,6,KOLEDNIK MARTINA MEDRIBNIK14A,105.0,72,0.6857,72,72,0,1.0,0,0.0,0,0.0,7,0.0972,11,0.1528,0,,1,0.0139,0,0.0,1,0.0139,0,0.0,0,0.0,2,0.0278,6,0.0833,0,0.0,11,0.1528,30,0.4167,1,0.0139,2,0.0278,0,0.0,0,0.0,0,0.0,0,0.0
3041,8,Ptuj,11,Ptuj 3,7,"KOLEDNIK MIHAEL, PARADIŽ 47",84.0,49,0.5833,49,48,1,1.0,1,0.0208,0,0.0,2,0.0417,9,0.1875,0,,0,0.0,0,0.0,2,0.0417,3,0.0625,0,0.0,0,0.0,3,0.0625,0,0.0,4,0.0833,21,0.4375,0,0.0,2,0.0417,0,0.0,0,0.0,1,0.0208,0,0.0
3042,8,Ptuj,11,Ptuj 3,82,"KOZEL ANGELA, ZG. GRUŠKOVJE 26",56.0,28,0.5,28,28,0,1.0,0,0.0,0,0.0,0,0.0,5,0.1786,0,,3,0.1071,0,0.0,2,0.0714,4,0.1429,0,0.0,0,0.0,4,0.1429,1,0.0357,1,0.0357,4,0.1429,0,0.0,2,0.0714,0,0.0,1,0.0357,0,0.0,1,0.0357
3043,8,Ptuj,11,Ptuj 3,48,"KRUŠIČ ANTON, KOČICE 43A",82.0,52,0.6341,52,51,1,1.0,1,0.0196,1,0.0196,6,0.1176,7,0.1373,0,,0,0.0,0,0.0,4,0.0784,5,0.098,0,0.0,0,0.0,0,0.0,0,0.0,0,0.0,22,0.4314,0,0.0,3,0.0588,1,0.0196,0,0.0,0,0.0,1,0.0196
3044,8,Ptuj,11,Ptuj 3,68,"KS TRŽEC, TRŽEC 47",492.0,346,0.7033,346,344,2,1.0,8,0.0233,0,0.0,14,0.0407,101,0.2936,0,,4,0.0116,0,0.0,1,0.0029,19,0.0552,3,0.0087,0,0.0,37,0.1076,2,0.0058,3,0.0087,126,0.3663,8,0.0233,8,0.0233,2,0.0058,0,0.0,8,0.0233,0,0.0
3045,8,Ptuj,11,Ptuj 3,53,"KULTURNI DOM SELA, SELA 31B",348.0,238,0.6839,238,236,2,1.0,2,0.0085,0,0.0,5,0.0212,66,0.2797,0,,4,0.0169,0,0.0,6,0.0254,3,0.0127,2,0.0085,4,0.0169,11,0.0466,3,0.0127,11,0.0466,102,0.4322,7,0.0297,9,0.0381,0,0.0,0,0.0,0,0.0,1,0.0042
3046,8,Ptuj,11,Ptuj 3,60,"LESJAK MARIJA, GRADIŠČE 29",36.0,15,0.4167,15,14,1,1.0,0,0.0,0,0.0,0,0.0,2,0.1429,0,,0,0.0,0,0.0,0,0.0,0,0.0,0,0.0,1,0.0714,0,0.0,0,0.0,3,0.2143,8,0.5714,0,0.0,0,0.0,0,0.0,0,0.0,0,0.0,0,0.0
3047,8,Ptuj,11,Ptuj 3,10,"LESJAK RAJKO, MALI OKIČ 20A",90.0,53,0.5889,53,50,3,1.0,0,0.0,0,0.0,2,0.04,13,0.26,0,,1,0.02,0,0.0,3,0.06,1,0.02,1,0.02,0,0.0,2,0.04,1,0.02,5,0.1,11,0.22,1,0.02,5,0.1,1,0.02,1,0.02,2,0.04,0,0.0
3048,8,Ptuj,11,Ptuj 3,1,"LOVSKI DOM BREZOVEC, BREZOVEC 92",187.0,95,0.508,95,95,0,1.0,0,0.0,0,0.0,1,0.0105,30,0.3158,0,,2,0.0211,0,0.0,2,0.0211,4,0.0421,0,0.0,2,0.0211,3,0.0316,0,0.0,5,0.0526,39,0.4105,2,0.0211,4,0.0421,1,0.0105,0,0.0,0,0.0,0,0.0
3049,8,Ptuj,11,Ptuj 3,12,"MAJHEN NEVENKA, PRISTAVA 4A",152.0,100,0.6579,100,97,3,1.0,0,0.0,0,0.0,3,0.0309,41,0.4227,0,,1,0.0103,0,0.0,1,0.0103,1,0.0103,2,0.0206,0,0.0,4,0.0412,0,0.0,10,0.1031,22,0.2268,3,0.0309,4,0.0412,1,0.0103,3,0.0309,0,0.0,1,0.0103
3050,8,Ptuj,11,Ptuj 3,5,"MILAN KELC, GRUŠKOVEC 80",110.0,48,0.4364,48,46,2,1.0,0,0.0,0,0.0,0,0.0,5,0.1087,0,,0,0.0,0,0.0,0,0.0,2,0.0435,0,0.0,0,0.0,8,0.1739,0,0.0,4,0.087,18,0.3913,1,0.0217,6,0.1304,2,0.0435,0,0.0,0,0.0,0,0.0
3051,8,Ptuj,11,Ptuj 3,72,"MURKO JOŽEF, GORCA 11",149.0,83,0.557,83,79,4,1.0,2,0.0253,0,0.0,3,0.038,31,0.3924,0,,3,0.038,0,0.0,5,0.0633,0,0.0,2,0.0253,2,0.0253,8,0.1013,0,0.0,1,0.0127,14,0.1772,0,0.0,4,0.0506,0,0.0,2,0.0253,1,0.0127,1,0.0127
3052,8,Ptuj,11,Ptuj 3,15,OBČINA KIDRIČEVO (POROČNA DVORANA)KOPALIŠKA UL.14,553.0,371,0.6709,371,365,6,1.0,1,0.0027,0,0.0,14,0.0384,119,0.326,0,,19,0.0521,0,0.0,9,0.0247,7,0.0192,9,0.0247,10,0.0274,21,0.0575,6,0.0164,6,0.0164,92,0.2521,11,0.0301,26,0.0712,6,0.0164,2,0.0055,5,0.0137,2,0.0055
3053,8,Ptuj,11,Ptuj 3,69,"OBČINA VIDEM, VIDEM PRI PT. 54",706.0,499,0.7068,499,498,1,1.0,10,0.0201,1,0.002,9,0.0181,161,0.3233,0,,13,0.0261,0,0.0,5,0.01,9,0.0181,10,0.0201,7,0.0141,38,0.0763,4,0.008,13,0.0261,181,0.3635,4,0.008,13,0.0261,12,0.0241,2,0.004,4,0.008,2,0.004
3054,8,Ptuj,11,Ptuj 3,14,OŠ BORIS KIDRIČ-KIDRIČEVO,323.0,188,0.582,188,186,2,1.0,3,0.0161,0,0.0,5,0.0269,65,0.3495,0,,6,0.0323,0,0.0,5,0.0269,5,0.0269,1,0.0054,2,0.0108,8,0.043,5,0.0269,5,0.0269,44,0.2366,22,0.1183,6,0.0323,3,0.0161,0,0.0,1,0.0054,0,0.0
3055,8,Ptuj,11,Ptuj 3,81,"PERNEK ŠTEFAN, LOŽINA 8",39.0,20,0.5128,20,20,0,1.0,0,0.0,0,0.0,0,0.0,2,0.1,0,,0,0.0,0,0.0,0,0.0,4,0.2,0,0.0,0,0.0,0,0.0,0,0.0,2,0.1,12,0.6,0,0.0,0,0.0,0,0.0,0,0.0,0,0.0,0,0.0
3056,8,Ptuj,11,Ptuj 3,67,"POSLANČECEVA DOMAČIJA, VAREJA 12",323.0,212,0.6563,212,211,1,1.0,1,0.0047,0,0.0,6,0.0284,44,0.2085,0,,3,0.0142,1,0.0047,4,0.019,8,0.0379,4,0.019,2,0.0095,12,0.0569,3,0.0142,14,0.0664,75,0.3555,11,0.0521,11,0.0521,3,0.0142,2,0.0095,7,0.0332,0,0.0
3057,8,Ptuj,11,Ptuj 3,49,"POTOČNIK JANEZ, NADOLE 50",121.0,67,0.5537,67,64,3,1.0,1,0.0156,0,0.0,0,0.0,7,0.1094,0,,1,0.0156,0,0.0,0,0.0,18,0.2812,0,0.0,1,0.0156,4,0.0625,1,0.0156,4,0.0625,23,0.3594,0,0.0,2,0.0312,0,0.0,1,0.0156,1,0.0156,0,0.0
3058,8,Ptuj,11,Ptuj 3,2,"PROSTORI OBČINE CIRKULANE, CIRKULANE 58",317.0,204,0.6435,204,202,2,1.0,0,0.0,0,0.0,9,0.0446,52,0.2574,0,,2,0.0099,0,0.0,2,0.0099,1,0.005,5,0.0248,1,0.005,7,0.0347,1,0.005,17,0.0842,84,0.4158,5,0.0248,13,0.0644,2,0.0099,1,0.005,0,0.0,0,0.0
3059,8,Ptuj,11,Ptuj 3,25,"PROSTORI OBČINE KIDRIČEVO, CIRKOVCE 2C(PRI MIPU)",316.0,227,0.7184,227,226,1,1.0,2,0.0088,0,0.0,7,0.031,62,0.2743,0,,2,0.0088,0,0.0,2,0.0088,4,0.0177,2,0.0088,1,0.0044,15,0.0664,5,0.0221,18,0.0796,83,0.3673,5,0.0221,10,0.0442,2,0.0088,1,0.0044,4,0.0177,1,0.0044
3060,8,Ptuj,11,Ptuj 3,9,"PROSTORI RADIOKLUBA CIRKULANE, POHORJE 25A",86.0,52,0.6047,52,52,0,1.0,0,0.0,0,0.0,1,0.0192,11,0.2115,0,,0,0.0,0,0.0,0,0.0,1,0.0192,2,0.0385,0,0.0,0,0.0,0,0.0,8,0.1538,24,0.4615,0,0.0,3,0.0577,1,0.0192,1,0.0192,0,0.0,0,0.0
3061,8,Ptuj,11,Ptuj 3,54,"PROSTORI TUR.DRUŠTVA KLOPOTEC,ZG.LESKOVEC 10 C",608.0,360,0.5921,360,359,1,1.0,2,0.0056,0,0.0,5,0.0139,74,0.2061,0,,8,0.0223,0,0.0,9,0.0251,6,0.0167,2,0.0056,8,0.0223,34,0.0947,4,0.0111,24,0.0669,143,0.3983,14,0.039,17,0.0474,3,0.0084,1,0.0028,3,0.0084,2,0.0056
3062,8,Ptuj,11,Ptuj 3,18,PROSVETNI DOM APAČE,657.0,489,0.7443,489,481,8,1.0,3,0.0062,0,0.0,15,0.0312,156,0.3243,0,,14,0.0291,0,0.0,13,0.027,7,0.0146,2,0.0042,2,0.0042,26,0.0541,4,0.0083,18,0.0374,161,0.3347,12,0.0249,42,0.0873,4,0.0083,1,0.0021,1,0.0021,0,0.0
3063,8,Ptuj,11,Ptuj 3,77,"SARDINŠEK VALERIJA, STRAJNA 28 (BIVŠE VEČERIČEVO)",75.0,42,0.56,42,42,0,1.0,3,0.0714,1,0.0238,6,0.1429,6,0.1429,0,,0,0.0,0,0.0,0,0.0,3,0.0714,3,0.0714,0,0.0,2,0.0476,0,0.0,2,0.0476,12,0.2857,2,0.0476,1,0.0238,0,0.0,0,0.0,1,0.0238,0,0.0
3064,8,Ptuj,11,Ptuj 3,55,"SLAVKO MLAKAR, BELAVŠEK 36",58.0,43,0.7414,43,43,0,1.0,1,0.0233,0,0.0,5,0.1163,19,0.4419,0,,0,0.0,0,0.0,1,0.0233,3,0.0698,0,0.0,0,0.0,0,0.0,0,0.0,3,0.0698,10,0.2326,0,0.0,1,0.0233,0,0.0,0,0.0,0,0.0,0,0.0
3065,8,Ptuj,11,Ptuj 3,17,ŠPORTNI PARK NJIVERCE (BRUNARICA),612.0,418,0.683,418,414,4,1.0,2,0.0048,1,0.0024,15,0.0362,148,0.3575,0,,7,0.0169,0,0.0,8,0.0193,5,0.0121,5,0.0121,6,0.0145,18,0.0435,2,0.0048,12,0.029,124,0.2995,17,0.0411,28,0.0676,6,0.0145,3,0.0072,6,0.0145,1,0.0024
3066,8,Ptuj,11,Ptuj 3,39,"ŠPORTNO DRUŠTVO PODLOŽE, PODLOŽE 49",203.0,158,0.7783,158,156,2,1.0,1,0.0064,0,0.0,11,0.0705,36,0.2308,0,,4,0.0256,0,0.0,11,0.0705,5,0.0321,3,0.0192,0,0.0,8,0.0513,2,0.0128,8,0.0513,49,0.3141,3,0.0192,9,0.0577,3,0.0192,2,0.0128,1,0.0064,0,0.0
3067,8,Ptuj,11,Ptuj 3,20,ŠPORTNO DRUŠTVO STRNIŠČE,95.0,69,0.7263,69,69,0,1.0,2,0.029,0,0.0,0,0.0,16,0.2319,0,,7,0.1014,0,0.0,5,0.0725,2,0.029,4,0.058,0,0.0,2,0.029,1,0.0145,3,0.0435,19,0.2754,2,0.029,2,0.029,0,0.0,0,0.0,4,0.058,0,0.0
3068,8,Ptuj,11,Ptuj 3,83,"ŠTRUCL MARJANCA, SP. GRUŠKOVJE 18",75.0,49,0.6533,49,49,0,1.0,0,0.0,0,0.0,3,0.0612,22,0.449,0,,1,0.0204,0,0.0,0,0.0,4,0.0816,1,0.0204,1,0.0204,4,0.0816,1,0.0204,1,0.0204,11,0.2245,0,0.0,0,0.0,0,0.0,0,0.0,0,0.0,0,0.0
3069,8,Ptuj,11,Ptuj 3,76,"TERTINEK DOMINIKA, ZAKL 13 A",119.0,79,0.6639,79,79,0,1.0,4,0.0506,0,0.0,1,0.0127,15,0.1899,0,,1,0.0127,0,0.0,1,0.0127,4,0.0506,0,0.0,1,0.0127,9,0.1139,0,0.0,7,0.0886,25,0.3165,3,0.038,4,0.0506,3,0.038,0,0.0,1,0.0127,0,0.0
3070,8,Ptuj,11,Ptuj 3,64,"VAŠKA SKUPNOST, MAJSKI VRH 50",136.0,83,0.6103,83,81,2,1.0,1,0.0123,0,0.0,1,0.0123,20,0.2469,0,,2,0.0247,0,0.0,1,0.0123,2,0.0247,0,0.0,0,0.0,3,0.037,1,0.0123,4,0.0494,37,0.4568,4,0.0494,2,0.0247,1,0.0123,0,0.0,2,0.0247,0,0.0
3071,8,Ptuj,11,Ptuj 3,63,"VAŠKI DOM LANCOVA VAS, LANCOVA VAS 44 A",516.0,360,0.6977,360,356,4,1.0,3,0.0084,0,0.0,17,0.0478,66,0.1854,0,,7,0.0197,0,0.0,7,0.0197,7,0.0197,6,0.0169,6,0.0169,11,0.0309,3,0.0084,24,0.0674,174,0.4888,7,0.0197,9,0.0253,3,0.0084,3,0.0084,3,0.0084,0,0.0
3072,8,Ptuj,11,Ptuj 3,28,"VAŠKI DOM PONGRCE, PONGRCE 22",114.0,88,0.7719,88,87,1,1.0,1,0.0115,0,0.0,4,0.046,25,0.2874,0,,8,0.092,0,0.0,0,0.0,2,0.023,3,0.0345,5,0.0575,6,0.069,1,0.0115,8,0.092,21,0.2414,0,0.0,2,0.023,0,0.0,1,0.0115,0,0.0,0,0.0
3073,8,Ptuj,11,Ptuj 3,32,VAŠKI DOM STRAŽGONJCA NH,256.0,177,0.6914,177,177,0,1.0,0,0.0,0,0.0,5,0.0282,45,0.2542,0,,5,0.0282,2,0.0113,6,0.0339,0,0.0,3,0.0169,0,0.0,5,0.0282,4,0.0226,30,0.1695,55,0.3107,8,0.0452,5,0.0282,2,0.0113,0,0.0,1,0.0056,1,0.0056
3074,8,Ptuj,11,Ptuj 3,24,"VAŠKI DOM ŽUPEČJA VAS, BRUNARICA PRI HŠ Ž.VAS 29",218.0,156,0.7156,156,155,1,1.0,1,0.0065,0,0.0,3,0.0194,51,0.329,0,,5,0.0323,1,0.0065,1,0.0065,1,0.0065,2,0.0129,0,0.0,4,0.0258,3,0.0194,11,0.071,51,0.329,6,0.0387,12,0.0774,2,0.0129,0,0.0,1,0.0065,0,0.0
3075,8,Ptuj,11,Ptuj 3,79,"VAUPOTIČ DRAGO, STANOŠINA 27",132.0,82,0.6212,82,81,1,1.0,4,0.0494,0,0.0,1,0.0123,16,0.1975,0,,1,0.0123,0,0.0,2,0.0247,7,0.0864,1,0.0123,0,0.0,13,0.1605,0,0.0,4,0.0494,26,0.321,4,0.0494,2,0.0247,0,0.0,0,0.0,0,0.0,0,0.0
3076,8,Ptuj,11,Ptuj 3,73,"VAUPOTIČ JOŽE, JABLOVEC 21",66.0,40,0.6061,40,38,2,1.0,3,0.0789,1,0.0263,0,0.0,8,0.2105,0,,1,0.0263,0,0.0,0,0.0,2,0.0526,0,0.0,0,0.0,8,0.2105,1,0.0263,1,0.0263,11,0.2895,0,0.0,1,0.0263,0,0.0,0,0.0,0,0.0,1,0.0263
3077,8,Ptuj,11,Ptuj 3,50,"VEČNAMENSKA DVORANA ŽETALE, ŽETALE 1",308.0,211,0.6851,211,203,8,1.0,0,0.0,0,0.0,2,0.0099,35,0.1724,0,,7,0.0345,0,0.0,2,0.0099,56,0.2759,0,0.0,3,0.0148,13,0.064,1,0.0049,7,0.0345,56,0.2759,5,0.0246,9,0.0443,3,0.0148,3,0.0148,1,0.0049,0,0.0
3078,8,Ptuj,11,Ptuj 3,80,"VTKC PODLEHNIK, KONF. DVORANA, PODLEHNIK 9",44.0,20,0.4545,20,20,0,1.0,0,0.0,0,0.0,0,0.0,5,0.25,0,,0,0.0,0,0.0,0,0.0,1,0.05,0,0.0,0,0.0,1,0.05,0,0.0,0,0.0,12,0.6,0,0.0,0,0.0,0,0.0,1,0.05,0,0.0,0,0.0
3079,8,Ptuj,11,Ptuj 3,70,"VTKC PODLEHNIK,KONFERENČNA DVORANA, PODLEHNIK9",357.0,241,0.6751,241,234,7,1.0,1,0.0043,1,0.0043,4,0.0171,60,0.2564,0,,8,0.0342,0,0.0,2,0.0085,7,0.0299,0,0.0,1,0.0043,57,0.2436,2,0.0085,8,0.0342,66,0.2821,2,0.0085,9,0.0385,4,0.0171,0,0.0,0,0.0,2,0.0085
3080,8,Ptuj,11,Ptuj 3,46,"VUKOVA DOMAČIJA, DOBRINA 11",193.0,136,0.7047,136,136,0,1.0,0,0.0,0,0.0,1,0.0074,19,0.1397,0,,1,0.0074,1,0.0074,3,0.0221,29,0.2132,0,0.0,0,0.0,10,0.0735,2,0.0147,1,0.0074,52,0.3824,7,0.0515,0,0.0,1,0.0074,1,0.0074,3,0.0221,5,0.0368
3081,8,Ptuj,11,Ptuj 3,87,"VUZEM IVAN, HRASTOVEC 129",133.0,58,0.4361,58,56,2,1.0,0,0.0,0,0.0,1,0.0179,8,0.1429,0,,1,0.0179,0,0.0,4,0.0714,6,0.1071,2,0.0357,1,0.0179,4,0.0714,0,0.0,4,0.0714,18,0.3214,2,0.0357,1,0.0179,2,0.0357,2,0.0357,0,0.0,0,0.0
3082,8,Ptuj,11,Ptuj 3,47,"ŽELEZNIK MARTIN, KOČICE 1",115.0,77,0.6696,77,76,1,1.0,3,0.0395,0,0.0,1,0.0132,14,0.1842,0,,0,0.0,0,0.0,1,0.0132,17,0.2237,1,0.0132,5,0.0658,5,0.0658,0,0.0,2,0.0263,25,0.3289,0,0.0,2,0.0263,0,0.0,0,0.0,0,0.0,0,0.0
3083,8,Ptuj,11,Ptuj 3,901,PREDČASNO GLASOVANJE,,329,,329,328,1,1.0,2,0.0061,0,0.0,15,0.0457,101,0.3079,0,,12,0.0366,0,0.0,11,0.0335,10,0.0305,9,0.0274,9,0.0274,30,0.0915,4,0.0122,10,0.0305,74,0.2256,2,0.0061,26,0.0793,9,0.0274,2,0.0061,2,0.0061,0,0.0
