Volilna enota,Volilni okraj,ID Volišča,Volišče,Latitude,Longitude
VE 1000 - KRANJ,VO 1001 - JESENICE,1,"Vrtec Rateče, Rateče 18, Rateče",46.46815,13.71439
VE 1000 - KRANJ,VO 1001 - JESENICE,2,"Krajevna skupnost Podkoren, Podkoren 15, Podkoren",46.49412,13.75608
VE 1000 - KRANJ,VO 1001 - JESENICE,3,"Občina Kranjska Gora, Kolodvorska ul. 1b,Kr. Gora",,
VE 1000 - KRANJ,VO 1001 - JESENICE,4,"OŠ Kranjska Gora, Koroška ulica 12, Kranjska Gora",46.45689,13.77824
VE 1000 - KRANJ,VO 1001 - JESENICE,5,"GD Gozd Martuljek, Zg. Rute 85, Gozd Martuljek",46.47517,13.86368
VE 1000 - KRANJ,VO 1001 - JESENICE,6,"Kulturni dom Dovje, Dovje 109, Dovje",46.46863,13.97202
VE 1000 - KRANJ,VO 1001 - JESENICE,7,"OŠ 16. december Mojstrana, Ulica Alojza Rabiča 7",,
VE 1000 - KRANJ,VO 1001 - JESENICE,8,"Stara gostilna Psnak, Zg. Radovna 17, Zg. Radovna",46.42123,13.98178
VE 1000 - KRANJ,VO 1001 - JESENICE,9,"PGD Hrušica, Hrušica 13, Hrušica",46.445,14.01778
VE 1000 - KRANJ,VO 1001 - JESENICE,10,"Kulturni dom Hrušica, Hrušica 55A, Hrušica ",46.445,14.01778
VE 1000 - KRANJ,VO 1001 - JESENICE,11,"KS Pl. pod Golico,Pl. pod Golico 31,Pl.pod Golico",,
VE 1000 - KRANJ,VO 1001 - JESENICE,12,"Hiša Klinar Štefan, Plavški Rovt 14, Plavški Rovt",46.46533,14.02724
VE 1000 - KRANJ,VO 1001 - JESENICE,13,"DU dr.F.Bergelja,stavba C,Ul. S.Bokala 4,Jesenice",,
VE 1000 - KRANJ,VO 1001 - JESENICE,14,"Zdravstveni dom Jesenice, C. m. Tita 78, Jesenice",,
VE 1000 - KRANJ,VO 1001 - JESENICE,15,"OŠ Toneta Čufarja, Cesta C. Tavčarja 21, Jesenice",,
VE 1000 - KRANJ,VO 1001 - JESENICE,16,"JEKO d.o.o., Cesta maršala Tita 51, Jesenice",,
VE 1000 - KRANJ,VO 1001 - JESENICE,17,"Vrtec Angelce Ocepek, C. C. Tavčarja 3A, Jesenice",,
VE 1000 - KRANJ,VO 1001 - JESENICE,18,"Krajevna skupnost Sava, Pod gozdom 2, Jesenice",,
VE 1000 - KRANJ,VO 1001 - JESENICE,19,"OŠ Prežihovega Voranca-1,C. T. Tomšiča 5,Jesenice",,
VE 1000 - KRANJ,VO 1001 - JESENICE,20,"OŠ Prežihovega Voranca-2,C. T. Tomšiča 5,Jesenice",,
VE 1000 - KRANJ,VO 1001 - JESENICE,21,"OŠ P. Stražišarja-1, Ul. V. Kejžarja 35, Jesenice",,
VE 1000 - KRANJ,VO 1001 - JESENICE,22,"OŠ P. Stražišarja-2, Ul. V. Kejžarja 35, Jesenice",,
VE 1000 - KRANJ,VO 1001 - JESENICE,23,"Zavod za šport,sejna soba,Ledarska ul.6A,Jesenice",,
VE 1000 - KRANJ,VO 1001 - JESENICE,24,"KS Podmežakla, Mencingerjeva ulica 1, Jesenice",,
VE 1000 - KRANJ,VO 1001 - JESENICE,25,"GD Javorniški Rovt, Javorniški Rovt 17, Jav. Rovt",46.0773,14.2182
VE 1000 - KRANJ,VO 1001 - JESENICE,26,"OŠ Koroška Bela-1, Cesta talcev 2, Koroška Bela",46.44913,14.11135
VE 1000 - KRANJ,VO 1001 - JESENICE,27,"OŠ Koroška Bela-2, Cesta talcev 2, Koroška Bela",46.44913,14.11135
VE 1000 - KRANJ,VO 1001 - JESENICE,28,"DD J. in A.Pibernik-1,C.B.Kidriča 37C,Sl.Javornik",,
VE 1000 - KRANJ,VO 1001 - JESENICE,29,"DD J. in A.Pibernik-2,C.B.Kidriča 37C,Sl.Javornik",,
VE 1000 - KRANJ,VO 1001 - JESENICE,30,"OŠ Blejska Dobrava, Blejska Dobrava 44,Bl.Dobrava",,
VE 1000 - KRANJ,VO 1001 - JESENICE,31,"Orodišče Kočna, Kočna bš, Kočna",46.41323,14.08272
VE 1000 - KRANJ,VO 1001 - JESENICE,32,"TVD Partizan Žirovnica, Žirovnica 63, Žirovnica",46.40472,14.14
VE 1000 - KRANJ,VO 1001 - JESENICE,33,"Elektrarna Moste, Moste 41, Moste",46.195,14.55139
VE 1000 - KRANJ,VO 1001 - JESENICE,34,"Čopova rojstna hiša, Žirovnica 14, Žirovnica",46.4046417,14.1375374
VE 1000 - KRANJ,VO 1001 - JESENICE,35,"OŠ Žirovnica, Zabreznica 4, Zabreznica",46.4,14.15
VE 1000 - KRANJ,VO 1001 - JESENICE,36,"Občina Žirovnica, Breznica 3, Breznica",,
VE 1000 - KRANJ,VO 1001 - JESENICE,37,"Jalnova rojstna hiša, Rodine 10, Rodine",46.38333,14.18333
VE 1000 - KRANJ,VO 1002 - RADOVLJICA 1,1,"Gasilski dom Mlino, Mlinska cesta 26, Bled",46.357387,14.1011258
VE 1000 - KRANJ,VO 1002 - RADOVLJICA 1,2,"Gasilski dom Rečica, Rečiška cesta 4, Bled",46.36917,14.11361
VE 1000 - KRANJ,VO 1002 - RADOVLJICA 1,3,"Občina Bled, Cesta svobode 13, Bled",46.3687303,14.10957
VE 1000 - KRANJ,VO 1002 - RADOVLJICA 1,4,"Osnovna šola Bled, Seliška cesta 3, Bled",46.36917,14.11361
VE 1000 - KRANJ,VO 1002 - RADOVLJICA 1,5,"INFOCENTER TRIGLAVSKA ROŽA BLED, Ljubljanska c.27",46.3688542,14.1187646
VE 1000 - KRANJ,VO 1002 - RADOVLJICA 1,6,"Kulturni dom Bohinjska Bela, Bohinjska Bela  37",46.34889,14.06389
VE 1000 - KRANJ,VO 1002 - RADOVLJICA 1,7,"Pri Kunavc, Krnica 21, Zgornje Gorje",46.37962,14.06937
VE 1000 - KRANJ,VO 1002 - RADOVLJICA 1,8,"Osnovna šola Gorje, Zg. Gorje 44 a, Zg. Gorje",46.37924,14.06795
VE 1000 - KRANJ,VO 1002 - RADOVLJICA 1,9,"Osnovna šola Gorje, Zg. Gorje 44a, Zg. Gorje",46.37924,14.06795
VE 1000 - KRANJ,VO 1002 - RADOVLJICA 1,10,"Dom upokojencev Spodnje Gorje, Sp. Gorje 208",,
VE 1000 - KRANJ,VO 1002 - RADOVLJICA 1,11,"Gasilski dom Podhom, Podhom 15, Zgornje Gorje",46.37962,14.06937
VE 1000 - KRANJ,VO 1002 - RADOVLJICA 1,12,"Zadružni dom Ribno, Izletniška ulica 11, Bled",46.36917,14.11361
VE 1000 - KRANJ,VO 1002 - RADOVLJICA 1,13,"Natura hotel LUKANC, Selo pri Bledu 8, Bled",46.36917,14.11361
VE 1000 - KRANJ,VO 1002 - RADOVLJICA 1,14,"Kulturni dom Zasip, Sebenje 6, Bled",46.36917,14.11361
VE 1000 - KRANJ,VO 1002 - RADOVLJICA 1,15,"Bohinjska hiša, Mencingerjeva ulica 4, Boh.Bistr.",,
VE 1000 - KRANJ,VO 1002 - RADOVLJICA 1,16,"Dom Joža Ažmana, Triglavska c. 16, Boh. Bistrica",,
VE 1000 - KRANJ,VO 1002 - RADOVLJICA 1,17,"Gasilski dom Bitnje, Bitnje 13, Boh. Bistrica",,
VE 1000 - KRANJ,VO 1002 - RADOVLJICA 1,18,"Gasilski dom Nomenj, Nomenj 23, Boh. Bistrica",,
VE 1000 - KRANJ,VO 1002 - RADOVLJICA 1,19,"Turistično društvo Bohinj,Ribčev Laz 48, B.jezero",,
VE 1000 - KRANJ,VO 1002 - RADOVLJICA 1,20,"Gasilski dom Kamnje, Kamnje 26 a, Boh.Bistrica",,
VE 1000 - KRANJ,VO 1002 - RADOVLJICA 1,21,"Gasilski dom Nemški rovt,Nemški rovt18,B.Bistrica",,
VE 1000 - KRANJ,VO 1002 - RADOVLJICA 1,22,"Šola na Koprivniku, Koprivnik 4, Boh. Bistrica",,
VE 1000 - KRANJ,VO 1002 - RADOVLJICA 1,23,"Gasilski dom Gorjuše, Gorjuše 36 a, Boh.Bistrica",,
VE 1000 - KRANJ,VO 1002 - RADOVLJICA 1,24,"Avla podružnične šole, Srednja vas 69,Sr.vas v B. ",,
VE 1000 - KRANJ,VO 1002 - RADOVLJICA 1,25,"Gasilski dom Bohinj. Češnjica, Bohin. Češnjica 79",46.02795,14.61857
VE 1000 - KRANJ,VO 1002 - RADOVLJICA 1,26,"Pri Zdenki Platiša,Podjelje 15 a,Sr.vas v Bohinju",,
VE 1000 - KRANJ,VO 1002 - RADOVLJICA 1,27,"Center TNP Bohinj, Stara Fužina 37, B.jez.",,
VE 1000 - KRANJ,VO 1002 - RADOVLJICA 1,28,"Pri Milanu Talerju,Studor v Bohinju 5a,Sr.vas v B",,
VE 1000 - KRANJ,VO 1002 - RADOVLJICA 1,33,"MGC Vezenine Bled, Ulica Jule Vovk Molnar 2, Bled",46.3707863,14.1171682
VE 1000 - KRANJ,VO 1003 - RADOVLJICA 2,1,"Klub upokojencev Begunje,Begunje na Gorenjskem 23",46.38333,14.21667
VE 1000 - KRANJ,VO 1003 - RADOVLJICA 2,2,"Podružnična šola Begunje, Begunje na Gorenj. 27 b",,
VE 1000 - KRANJ,VO 1003 - RADOVLJICA 2,3,"GASILSKO ORODIŠČE, pri hiši Konc, Dvorska vas 20a",,
VE 1000 - KRANJ,VO 1003 - RADOVLJICA 2,4,"Gasilski dom Slatna, Slatna 15",46.36744,14.22266
VE 1000 - KRANJ,VO 1003 - RADOVLJICA 2,5,"Dom krajanov Brezje, Brezje 80 c",,
VE 1000 - KRANJ,VO 1003 - RADOVLJICA 2,6,"Dom krajanov Kamna Gorica, Kamna Gorica 58",46.0800912,14.4734842
VE 1000 - KRANJ,VO 1003 - RADOVLJICA 2,7,"Avla Sindikalnega doma Kropa, Kropa 3",,
VE 1000 - KRANJ,VO 1003 - RADOVLJICA 2,8,"KULTURNI DOM LANCOVO, Lancovo 30",46.33333,14.16667
VE 1000 - KRANJ,VO 1003 - RADOVLJICA 2,9,"Gasilski dom Hlebce, Hlebce 9",,
VE 1000 - KRANJ,VO 1003 - RADOVLJICA 2,10,"Turistična kmetija PR GROM, Hraše 17 c",,
VE 1000 - KRANJ,VO 1003 - RADOVLJICA 2,11,"OŠ F.S. Finžgarja Lesce, Begunjska cesta 7, Lesce",46.36111,14.15778
VE 1000 - KRANJ,VO 1003 - RADOVLJICA 2,12,"Družbeni center Lesce, Alpska cesta 58, Lesce",46.36111,14.15778
VE 1000 - KRANJ,VO 1003 - RADOVLJICA 2,13,"OŠ F.S. Finžgarja Lesce, Begunjska cesta 7, Lesce",46.36111,14.15778
VE 1000 - KRANJ,VO 1003 - RADOVLJICA 2,14,"Dom ŠD Ljubno, Ljubno 114",46.37389,14.83944
VE 1000 - KRANJ,VO 1003 - RADOVLJICA 2,15,"Vrtec na Posavcu, Posavec 86",46.3109,14.24051
VE 1000 - KRANJ,VO 1003 - RADOVLJICA 2,16,"Kulturni dom Mošnje, Mošnje 41",46.335894,14.2100937
VE 1000 - KRANJ,VO 1003 - RADOVLJICA 2,17,"GASILSKI DOM PODNART, Podnart 13",46.29523,14.25573
VE 1000 - KRANJ,VO 1003 - RADOVLJICA 2,18,"Športni park Rad.,soba PD, Ul.S. Žagarja 2b, Rad.",,
VE 1000 - KRANJ,VO 1003 - RADOVLJICA 2,19,"Srednješolski iz. center Radovljica,Kranjska c.24",,
VE 1000 - KRANJ,VO 1003 - RADOVLJICA 2,20,"Avla Občine Radovljica,Gorenjska c.19, Radovljica",46.34444,14.17444
VE 1000 - KRANJ,VO 1003 - RADOVLJICA 2,21,"Ekon.gimnazija in sr.šola Radovljica,Gorenj. c.13",,
VE 1000 - KRANJ,VO 1003 - RADOVLJICA 2,22,"OŠ A. T. LINHARTA, Kranjska cesta 27, Radovljica",46.34444,14.17444
VE 1000 - KRANJ,VO 1003 - RADOVLJICA 2,23,"Stanovanjska hiša Jensterle, Nova vas 45",45.77167,14.50583
VE 1000 - KRANJ,VO 1003 - RADOVLJICA 2,24,"Športni park Vrbnje, Vrbnje",46.35217,14.19115
VE 1000 - KRANJ,VO 1003 - RADOVLJICA 2,25,"Gasilski dom Srednja Dobrava, Srednja Dobrava 7",46.30549,14.22135
VE 1000 - KRANJ,VO 1003 - RADOVLJICA 2,26,"Prostor KS Otok, Zgornji Otok 6 a",,
VE 1000 - KRANJ,VO 1004 - KRANJ 1,1,"Center, Avla MO Kranj, Slovenski trg 1, Kranj",46.23887,14.35561
VE 1000 - KRANJ,VO 1004 - KRANJ 1,2,"Čirče, Dom KS, Smledniška cesta 136, Kranj",46.23887,14.35561
VE 1000 - KRANJ,VO 1004 - KRANJ 1,3,"Klanec II, Dom krajanov, Jezerska c. 41, Kranj",46.23887,14.35561
VE 1000 - KRANJ,VO 1004 - KRANJ 1,4,"Bratov Smuk I,OŠ Matije Čopa, Ul. Tuga Vidmarja 1",,
VE 1000 - KRANJ,VO 1004 - KRANJ 1,5,"Bratov Smuk II,OŠ Matije Čopa,Ul. Tuga Vidmarja 1",,
VE 1000 - KRANJ,VO 1004 - KRANJ 1,6,"Klanec I, Dom krajanov, Jezerska cesta 41, Kranj",46.23887,14.35561
VE 1000 - KRANJ,VO 1004 - KRANJ 1,7,"Primskovo I, Dom krajanov, Jezerska c. 41, Kranj",46.23887,14.35561
VE 1000 - KRANJ,VO 1004 - KRANJ 1,8,"Primskovo II, Dom krajanov, Jezerska c. 41, Kranj",46.23887,14.35561
VE 1000 - KRANJ,VO 1004 - KRANJ 1,9,"Vodovodni stolp III,OŠ S.Jenka,Ul.XXXI.divizije7a",,
VE 1000 - KRANJ,VO 1004 - KRANJ 1,10,"Vodovodni stolp II,OŠ S.Jenka,Ul.XXXI.divizije 7a",,
VE 1000 - KRANJ,VO 1004 - KRANJ 1,11,"Vodovodni stolp I,OŠ S.Jenka,Ul. XXXI.divizije 7a",,
VE 1000 - KRANJ,VO 1004 - KRANJ 1,12,"Kokrica II, Kulturni dom Kokrica, C. na Brdo 30",46.12278,14.64222
VE 1000 - KRANJ,VO 1004 - KRANJ 1,13,"Kokrica I, Kulturni dom Kokrica, C. na Brdo 30",46.12278,14.64222
VE 1000 - KRANJ,VO 1004 - KRANJ 1,14,"Predoslje, Kulturni dom, Predoslje 34",46.26582,14.38608
VE 1000 - KRANJ,VO 1004 - KRANJ 1,16,"Britof, Gasilski dom, Britof 316",46.26024,14.39037
VE 1000 - KRANJ,VO 1005 - KRANJ 2,1,"Huje II,OŠ Jakob Aljaž, Ul.Tončka Dežmana 1,Kranj",46.23887,14.35561
VE 1000 - KRANJ,VO 1005 - KRANJ 2,2,"Huje I, OŠ Stane Žagar, C. 1.maja 10 a, Kranj",46.23887,14.35561
VE 1000 - KRANJ,VO 1005 - KRANJ 2,3,"Planina II,OŠ Stane Žagar, C. 1. maja 10 a, Kranj",46.23887,14.35561
VE 1000 - KRANJ,VO 1005 - KRANJ 2,4,"Planina I, OŠ Stane Žagar, C. 1. maja 10 a, Kranj",46.23887,14.35561
VE 1000 - KRANJ,VO 1005 - KRANJ 2,5,"Zlato polje I,OŠ F.Prešeren, Kidričeva c.49,Kranj",46.23887,14.35561
VE 1000 - KRANJ,VO 1005 - KRANJ 2,6,"Zlato Polje II,OŠ F.Prešeren,Kidričeva c.49,Kranj",46.23887,14.35561
VE 1000 - KRANJ,VO 1005 - KRANJ 2,7,"Struževo, Dom KS, Struževo 14, Kranj",46.23887,14.35561
VE 1000 - KRANJ,VO 1005 - KRANJ 2,8,"Gorenja Sava, SSC, Gorenjesavska c.35 a, Kranj",46.23887,14.35561
VE 1000 - KRANJ,VO 1005 - KRANJ 2,9,"Stražišče I,Šmartinski dom,Škofjeloška c.18,Kranj",46.23887,14.35561
VE 1000 - KRANJ,VO 1005 - KRANJ 2,10,"Stražišče II,Šmartinski dom,Škofjeloška c.18,Kr.",,
VE 1000 - KRANJ,VO 1005 - KRANJ 2,11,"Orehek I, Osnovna šola, Zasavska c. 53 a, Kranj",46.23887,14.35561
VE 1000 - KRANJ,VO 1005 - KRANJ 2,12,"Orehek II, Osnovna šola, Zasavska c. 53 a, Kranj",46.23887,14.35561
VE 1000 - KRANJ,VO 1005 - KRANJ 2,13,"Breg ob Savi, GD, Breg ob Savi 34, Mavčiče",46.18179,14.39484
VE 1000 - KRANJ,VO 1005 - KRANJ 2,14,"Mavčiče KS, Mavčiče 69, Mavčiče",46.18179,14.39484
VE 1000 - KRANJ,VO 1005 - KRANJ 2,15,"Podreča, Krelj Thomas, Podreča 74, Mavčiče",46.18179,14.39484
VE 1000 - KRANJ,VO 1005 - KRANJ 2,16,"Žabnica, Telovadnica, Žabnica 20, Žabnica",46.19861,14.33306
VE 1000 - KRANJ,VO 1005 - KRANJ 2,17,"Bitnje II, GD, Zg. Bitnje 33, Žabnica",46.19861,14.33306
VE 1000 - KRANJ,VO 1005 - KRANJ 2,18,"Zgornje Bitnje, GD, Zg. Bitnje 33, Žabnica",46.19861,14.33306
VE 1000 - KRANJ,VO 1005 - KRANJ 2,19,"Pševo, DKS Jošt, Pševo 3, Kranj",46.23887,14.35561
VE 1000 - KRANJ,VO 1005 - KRANJ 2,20,"Sp. Besnica, GD, Na hribu 7, Zg. Besnica",46.03333,14.66667
VE 1000 - KRANJ,VO 1005 - KRANJ 2,21,"Podblica, GD, Podblica 2, Zg. Besnica",46.03333,14.66667
VE 1000 - KRANJ,VO 1006 - KRANJ 3,1,"Volišče Adergas, Adergas 12",46.27306,14.46694
VE 1000 - KRANJ,VO 1006 - KRANJ 3,2,"Cerklje na Gor. I, OŠ D.Jenko,Krvavška c.4",,
VE 1000 - KRANJ,VO 1006 - KRANJ 3,3,"Cerklje na Gor. II, OŠ D.Jenko, Krvavška c. 4",,
VE 1000 - KRANJ,VO 1006 - KRANJ 3,4,"Češnjevek, Vaški dom, Češnjevek 11 a",,
VE 1000 - KRANJ,VO 1006 - KRANJ 3,5,"Lahovče, Gasilski dom, Lahovče 74",46.21904,14.50642
VE 1000 - KRANJ,VO 1006 - KRANJ 3,6,"Praprotna polica, Vaški dom Praprotna polica",46.24759,14.44994
VE 1000 - KRANJ,VO 1006 - KRANJ 3,7,"Poženik, Vaški dom Poženik, Poženik 6",46.25385,14.5154
VE 1000 - KRANJ,VO 1006 - KRANJ 3,8,"Spodnji Brnik, Gasilski dom, Sp.Brnik, Sp.Brnik 5a",,
VE 1000 - KRANJ,VO 1006 - KRANJ 3,9,"Šenturška Gora, Krajevni dom, Šenturška Gora 11",46.25889,14.54639
VE 1000 - KRANJ,VO 1006 - KRANJ 3,10,"Štefanja Gora, Gasilski dom, Štefanja Gora 30",46.28806,14.48444
VE 1000 - KRANJ,VO 1006 - KRANJ 3,11,"Velesovo, Gasilski dom, Velesovo 53",46.26891,14.45122
VE 1000 - KRANJ,VO 1006 - KRANJ 3,12,"Zalog, Osnovna šola, Zalog pri Cerkljah 29",46.227,14.52085
VE 1000 - KRANJ,VO 1006 - KRANJ 3,13,"Zgornji Brnik, Gasilski dom, Zgornji Brnik 8",46.22937,14.46873
VE 1000 - KRANJ,VO 1006 - KRANJ 3,14,"Golnik, Kranjski vrtci-Enota Ostržek, Golnik 54",46.33333,14.33333
VE 1000 - KRANJ,VO 1006 - KRANJ 3,15,"Goriče, OŠ S. Jenko-telovadnica, Sr. vas-Goriče 1",46.31667,14.35
VE 1000 - KRANJ,VO 1006 - KRANJ 3,16,"Hrastje, Športni center Graben, Hrastje 209",46.21667,14.4
VE 1000 - KRANJ,VO 1006 - KRANJ 3,17,"Tenetiše, Dom druž. pol. org., Tenetiše 80",46.29806,14.35056
VE 1000 - KRANJ,VO 1006 - KRANJ 3,18,"Trstenik, Dom krajevne skupnosti, Trstenik 8 a",,
VE 1000 - KRANJ,VO 1006 - KRANJ 3,19,"Duplje, Gasilski dom Duplje, Zgornje Duplje 8",46.30725,14.29119
VE 1000 - KRANJ,VO 1006 - KRANJ 3,20,"Naklo I, Dom Janeza Filipiča, Kranjska c.1, Naklo",46.27278,14.31722
VE 1000 - KRANJ,VO 1006 - KRANJ 3,21,"Naklo II, Večnamenski objekt Naklo, Stara c. 61  ",,
VE 1000 - KRANJ,VO 1006 - KRANJ 3,22,"Podbrezje, Kulturni dom, Podbrezje 147",46.3,14.28333
VE 1000 - KRANJ,VO 1006 - KRANJ 3,23,"Bašelj, Brunarica TD Bašelj",46.3226835,14.3999446
VE 1000 - KRANJ,VO 1006 - KRANJ 3,24,"Kokra, Osnovna šola, Kokra 23",46.33136,14.49322
VE 1000 - KRANJ,VO 1006 - KRANJ 3,25,"Preddvor, Večnam. INFO center, Dvorski trg 3",,
VE 1000 - KRANJ,VO 1006 - KRANJ 3,26,"Tupaliče, Hotel Oskar Zaplata, Tupaliče 32",46.28333,14.43333
VE 1000 - KRANJ,VO 1006 - KRANJ 3,27,"Zgornja Bela, Dom krajanov, Zgornja Bela 67",46.3,14.4
VE 1000 - KRANJ,VO 1006 - KRANJ 3,28,"Luže, Gasilski dom, Luže 27",46.26667,14.43333
VE 1000 - KRANJ,VO 1006 - KRANJ 3,29,"Olševek, Gasilsko društvo Olševek, Olševek 18    ",46.28333,14.43333
VE 1000 - KRANJ,VO 1006 - KRANJ 3,30,"Prebačevo, Gasilski dom, Prebačevo 63",46.21306,14.3975
VE 1000 - KRANJ,VO 1006 - KRANJ 3,31,"Srednja vas, Gasilski dom, Srednja vas pri Š. 68",,
VE 1000 - KRANJ,VO 1006 - KRANJ 3,32,"Šenčur I, OŠ Šenčur, Pipanova c.43, Šenčur",46.24556,14.41972
VE 1000 - KRANJ,VO 1006 - KRANJ 3,33,"Šenčur II, OŠ Šenčur, Pipanova c. 43, Šenčur",46.24556,14.41972
VE 1000 - KRANJ,VO 1006 - KRANJ 3,34,"Visoko, Dom krajanov, Visoko 67",46.27111,14.41806
VE 1000 - KRANJ,VO 1006 - KRANJ 3,35,"Voglje, Dom vaščanov Voglje, Na vasi 21, Voglje",46.21556,14.43861
VE 1000 - KRANJ,VO 1006 - KRANJ 3,36,"Voklo, Športno kulturni dom, Voklo 28",46.21611,14.42306
VE 1000 - KRANJ,VO 1006 - KRANJ 3,37,"Trboje, Dom krajanov, Trboje 39",46.2,14.41667
VE 1000 - KRANJ,VO 1006 - KRANJ 3,38,"Sp. Jezersko, Gostilna Kanonir, Sp. Jezersko 5",46.38925,14.48352
VE 1000 - KRANJ,VO 1006 - KRANJ 3,39,"Zg. Jezersko, Korotan, Zgornje Jezersko 57",46.3941,14.50659
VE 1000 - KRANJ,VO 1006 - KRANJ 3,40,"Hotemaže, Vaški gasilski dom, Hotemaže 80",46.28109,14.42091
VE 1000 - KRANJ,VO 1007 - TRŽIČ,1,"Bistrica I, OŠ Bistrica, Begunjska c. 2, Tržič",46.36357,14.31046
VE 1000 - KRANJ,VO 1007 - TRŽIČ,2,"Bistrica II, OŠ Bistrica, Begunjska c. 2, Tržič",46.36357,14.31046
VE 1000 - KRANJ,VO 1007 - TRŽIČ,3,"Brezje, Dom krajanov, Brezje pri Tržiču 55, Tržič",46.36357,14.31046
VE 1000 - KRANJ,VO 1007 - TRŽIČ,4,"Jelendol, Dom krajanov, Jelendol 8, Tržič",46.36357,14.31046
VE 1000 - KRANJ,VO 1007 - TRŽIČ,5,"Kovor, Krajevna skupnost, Glavna cesta 24, Tržič",46.36357,14.31046
VE 1000 - KRANJ,VO 1007 - TRŽIČ,6,"Križe, OŠ Križe, C. Kokrškega odreda 16, Križe",46.3405991,14.2949379
VE 1000 - KRANJ,VO 1007 - TRŽIČ,7,"Leše, Gasilski dom Leše, Leše 3, Tržič ",46.36357,14.31046
VE 1000 - KRANJ,VO 1007 - TRŽIČ,8,"Lom pod Storž., Dom krajanov, Lom pod Storžičem 56",46.36694,14.33639
VE 1000 - KRANJ,VO 1007 - TRŽIČ,9,"Podljubelj, Dom krajanov, Podljubelj 242, Tržič ",46.36357,14.31046
VE 1000 - KRANJ,VO 1007 - TRŽIČ,10,"Pristava, Fundacija V. Drakslerja, Pristavška 16",,
VE 1000 - KRANJ,VO 1007 - TRŽIČ,11,"Ravne, KS Ravne, Pot na Zali Rovt 3, Tržič",46.36357,14.31046
VE 1000 - KRANJ,VO 1007 - TRŽIČ,12,"Sebenje, Dom krajanov, Sebenje 43, Križe",46.34278,14.30139
VE 1000 - KRANJ,VO 1007 - TRŽIČ,13,"Senično, Krajevna skupnost, Senično 30, Križe   ",46.34278,14.30139
VE 1000 - KRANJ,VO 1007 - TRŽIČ,14,"Tržič I,Galerija Atrij Občine Tržič,Trg svobode18",,
VE 1000 - KRANJ,VO 1007 - TRŽIČ,15,"Tržič II, Društvo upokojencev Tržič,Trg svobode18",,
VE 1000 - KRANJ,VO 1008 - ŠKOFJA LOKA 1,1,"Krajevna skupnost Godešič, Godešič 100, Šk. Loka",46.15,14.56528
VE 1000 - KRANJ,VO 1008 - ŠKOFJA LOKA 1,2,"Gasilski dom Virmaše, Virmaše 14, Škofja Loka",46.16551,14.30626
VE 1000 - KRANJ,VO 1008 - ŠKOFJA LOKA 1,3,"Kulturni dom Sv. Duh, Sv. Duh 10, Škofja Loka",46.16551,14.30626
VE 1000 - KRANJ,VO 1008 - ŠKOFJA LOKA 1,4,"OŠ Škofja Loka-Mesto, Šolska ulica 1, Šk. Loka",46.15,14.56528
VE 1000 - KRANJ,VO 1008 - ŠKOFJA LOKA 1,5,"Prostori Društva upokojencev,Partizanska c.1,Š.L.",,
VE 1000 - KRANJ,VO 1008 - ŠKOFJA LOKA 1,6,"Zdravstveni dom Šk. Loka, Stara cesta 10, Šk.Loka",,
VE 1000 - KRANJ,VO 1008 - ŠKOFJA LOKA 1,7,"Osnovna šola Reteče, Reteče 43, Škofja Loka",46.16551,14.30626
VE 1000 - KRANJ,VO 1008 - ŠKOFJA LOKA 1,8,"OŠ Cvetko Golar I., Frankovo naselje 51, Šk. Loka",46.15,14.56528
VE 1000 - KRANJ,VO 1008 - ŠKOFJA LOKA 1,9,"OŠ Cvetko Golar II., Frankovo naselje 51,Šk.Loka",,
VE 1000 - KRANJ,VO 1008 - ŠKOFJA LOKA 1,10,"OŠ Cvetko Golar III., Frankovo naselje 51,Šk.Loka",,
VE 1000 - KRANJ,VO 1008 - ŠKOFJA LOKA 1,11,"Gasilski dom Gosteče, Gosteče 10, Škofja Loka",46.16551,14.30626
VE 1000 - KRANJ,VO 1008 - ŠKOFJA LOKA 1,12,"OŠ Ivana Groharja, Podlubnik 1, Škofja Loka",46.1699388,14.2997414
VE 1000 - KRANJ,VO 1008 - ŠKOFJA LOKA 1,13,"Kapela Puštalskega gradu, Puštal 21, Škofja Loka",46.16551,14.30626
VE 1000 - KRANJ,VO 1008 - ŠKOFJA LOKA 1,14,"Puštalski grad, Puštal 21, Škofja Loka",46.16551,14.30626
VE 1000 - KRANJ,VO 1008 - ŠKOFJA LOKA 1,15,"Trgovina kmečki stroji, Sv. Barbara 23, Šk. Loka",46.15,14.56528
VE 1000 - KRANJ,VO 1008 - ŠKOFJA LOKA 1,16,"Krajevna skupnost Podlubnik,Podlubnik 139, Šk. L.",,
VE 1000 - KRANJ,VO 1008 - ŠKOFJA LOKA 1,18,"Tržnica Škofja Loka, Partizanska cesta 1, Šk.Loka",,
VE 1000 - KRANJ,VO 1008 - ŠKOFJA LOKA 1,20,"Zadružni dom Log nad Škofjo Loko, Log nad Šk.L.31",,
VE 1000 - KRANJ,VO 1008 - ŠKOFJA LOKA 1,21,"Šola Gabrk, Gabrk 1, Škofja Loka",46.16551,14.30626
VE 1000 - KRANJ,VO 1008 - ŠKOFJA LOKA 1,22,"Prostori Pri Kajbitu, Zminec 5, Škofja Loka",46.16551,14.30626
VE 1000 - KRANJ,VO 1008 - ŠKOFJA LOKA 1,23,"Krajevna skupnost Lenart, Sv. Lenart 21, Selca",46.22444,14.20556
VE 1000 - KRANJ,VO 1008 - ŠKOFJA LOKA 1,24,"Osnovna šola Bukovščica, Bukovščica 4, Selca",46.22444,14.20556
VE 1000 - KRANJ,VO 1008 - ŠKOFJA LOKA 1,25,"Osnovna šola Bukovica, Bukovica 20, Selca",46.22444,14.20556
VE 1000 - KRANJ,VO 1009 - ŠKOFJA LOKA 2,1,"RUŽV TODRAŽ - nova stavba, Todraž 22, Gorenja vas",46.10722,14.14806
VE 1000 - KRANJ,VO 1009 - ŠKOFJA LOKA 2,2,"Sokolski dom GORENJA VAS-mala dvorana,Poljan.c.87",,
VE 1000 - KRANJ,VO 1009 - ŠKOFJA LOKA 2,3,"Gasilski dom HOTAVLJE, Hotavlje 112, Gorenja vas",46.10722,14.14806
VE 1000 - KRANJ,VO 1009 - ŠKOFJA LOKA 2,4,"Osnovna šola LESKOVICA, Leskovica 1, Gorenja vas",46.10722,14.14806
VE 1000 - KRANJ,VO 1009 - ŠKOFJA LOKA 2,5,"Osnovna šola JAVORJE,Javorje 6,Poljane nad Šk. L.",,
VE 1000 - KRANJ,VO 1009 - ŠKOFJA LOKA 2,6,"Kulturni dom LUČINE, Lučine 11a, Gorenja vas",46.10722,14.14806
VE 1000 - KRANJ,VO 1009 - ŠKOFJA LOKA 2,7,"Gasilski dom TREBIJA, Trebija 4, Gorenja vas",46.10722,14.14806
VE 1000 - KRANJ,VO 1009 - ŠKOFJA LOKA 2,8,"Stavba ob župnišču v STARI OSELICI,St.Oselica 33",,
VE 1000 - KRANJ,VO 1009 - ŠKOFJA LOKA 2,9,"KD Poljane, Poljane nad Škofjo Loko 77, Poljane",46.12099,14.18622
VE 1000 - KRANJ,VO 1009 - ŠKOFJA LOKA 2,10,"Demšar Slavko, Dolenje Brdo 7, Poljane nad Šk.L.",,
VE 1000 - KRANJ,VO 1009 - ŠKOFJA LOKA 2,11,"Šola MALENSKI VRH, Malenski Vrh 14,Poljane",46.12099,14.18622
VE 1000 - KRANJ,VO 1009 - ŠKOFJA LOKA 2,12,"Kulturna dvorana SOVODENJ, Sovodenj 23, Sovodenj",46.08639,14.04361
VE 1000 - KRANJ,VO 1009 - ŠKOFJA LOKA 2,13,"Etnografski muzej DAVČA, Davča 25 a, Železniki",46.21999,14.14159
VE 1000 - KRANJ,VO 1009 - ŠKOFJA LOKA 2,14,"Objekt na športnem igrišcu,Dolenja vas 127,Selca ",46.22444,14.20556
VE 1000 - KRANJ,VO 1009 - ŠKOFJA LOKA 2,15,"Osnovna šola DRAŽGOŠE, Dražgoše 35, Železniki",46.21999,14.14159
VE 1000 - KRANJ,VO 1009 - ŠKOFJA LOKA 2,16,"Gasilski dom RUDNO, Rudno 5, Železniki",46.21999,14.14159
VE 1000 - KRANJ,VO 1009 - ŠKOFJA LOKA 2,17,"Osnovna šola SELCA, Selca 95, Selca",46.22444,14.20556
VE 1000 - KRANJ,VO 1009 - ŠKOFJA LOKA 2,18,"Berce Mirko, Lajše 12, Selca",46.22444,14.20556
VE 1000 - KRANJ,VO 1009 - ŠKOFJA LOKA 2,19,"Krajevna skupnost SORICA,Spodnja Sorica 16,Sorica",46.21889,14.03028
VE 1000 - KRANJ,VO 1009 - ŠKOFJA LOKA 2,20,"Kulturni dom ŽELEZNIKI, Trnje 39, Železniki",46.21999,14.14159
VE 1000 - KRANJ,VO 1009 - ŠKOFJA LOKA 2,21,"Osnovna šola ŽELEZNIKI, Otoki 13, Železniki",46.2240457,14.1642425
VE 1000 - KRANJ,VO 1009 - ŠKOFJA LOKA 2,22,"Restavracija LUŠINA, Češnjica 54, Železniki",46.21999,14.14159
VE 1000 - KRANJ,VO 1009 - ŠKOFJA LOKA 2,23,"Kulturni dom ZALI LOG, Zali Log 46 a, Železniki",46.21999,14.14159
VE 1000 - KRANJ,VO 1009 - ŠKOFJA LOKA 2,24,"Objekt pri šoli v PODLONKU,Podlonk 11,Železniki",46.21999,14.14159
VE 1000 - KRANJ,VO 1009 - ŠKOFJA LOKA 2,25,"Osnovna šola MARTINJ VRH,Martinj Vrh 21,Železniki",46.21999,14.14159
VE 1000 - KRANJ,VO 1009 - ŠKOFJA LOKA 2,26,"OŠ Žiri-večnamenski prostor, Jobstova c. 22, Žiri",46.04222,14.10722
VE 1000 - KRANJ,VO 1009 - ŠKOFJA LOKA 2,27,"Družbeni dom Partizan ŽIRI, Loška c. 17, Žiri",46.04222,14.10722
VE 1000 - KRANJ,VO 1009 - ŠKOFJA LOKA 2,28,"Zadružni dom ŽIRI,avla dvorane,Trg svobode 6,Žiri",46.04222,14.10722
VE 1000 - KRANJ,VO 1009 - ŠKOFJA LOKA 2,29,"Trgovina na SELU, Selo 2, Žiri",46.04222,14.10722
VE 1000 - KRANJ,VO 1009 - ŠKOFJA LOKA 2,30,"Gasilski dom BREKOVICE, Brekovice 14, Žiri",46.0178839,14.1238559
VE 1000 - KRANJ,VO 1009 - ŠKOFJA LOKA 2,31,"Gasilski dom RAČEVA, Račeva 41, Žiri",46.04222,14.10722
VE 1000 - KRANJ,VO 1009 - ŠKOFJA LOKA 2,32,"Gasilski dom DOBRAČEVA, Loška c. 64, Žiri",46.0559745,14.1109839
VE 1000 - KRANJ,VO 1010 - KAMNIK,1,"Krajevni dom Motnik, Motnik 33, Motnik",46.21528,14.89111
VE 1000 - KRANJ,VO 1010 - KAMNIK,2,"KD Špitalič, Špitalič 32A, Motnik",46.21528,14.89111
VE 1000 - KRANJ,VO 1010 - KAMNIK,3,"KD Laze, Laze 4A, Laze v Tuhinju",46.21944,14.76111
VE 1000 - KRANJ,VO 1010 - KAMNIK,4,"KD Šmartno, Šmartno v Tuhinju 27, Laze v Tuhinju",46.21944,14.76111
VE 1000 - KRANJ,VO 1010 - KAMNIK,5,"KS Pšajnovica, Mali Rakitovec 15, Blagovica",46.17694,14.80722
VE 1000 - KRANJ,VO 1010 - KAMNIK,6,"GD Srednja vas, Srednja vas 23, Kamnik",46.22587,14.61207
VE 1000 - KRANJ,VO 1010 - KAMNIK,7,"PŠ Sela pri Kamniku,OŠ Šmartno, Šmartno 27A, Laze",46.34157,15.1332
VE 1000 - KRANJ,VO 1010 - KAMNIK,8,"OŠ F. Albrehta, PŠ Nevlje, Nevlje 18, Kamnik",46.22587,14.61207
VE 1000 - KRANJ,VO 1010 - KAMNIK,10,"OŠ F. Albrehta,PŠ Vranja Peč,Vranja Peč 3, Kamnik",46.22587,14.61207
VE 1000 - KRANJ,VO 1010 - KAMNIK,11,"KS Godič, Godič 73A, Stahovica",46.27683,14.61719
VE 1000 - KRANJ,VO 1010 - KAMNIK,13,"OŠ Stranje, PŠ Gozd, Krivčevo 2, Stahovica",46.27683,14.61719
VE 1000 - KRANJ,VO 1010 - KAMNIK,15,"OŠ Stranje, Zg. Stranje 22, Stahovica",46.2573476,14.6029063
VE 1000 - KRANJ,VO 1010 - KAMNIK,16,"ŠKD Mekinje, Cankarjeva c. 37, Kamnik",46.22587,14.61207
VE 1000 - KRANJ,VO 1010 - KAMNIK,17,"OŠ F. Albrehta, PŠ Tunjice, Tunjice 22, Kamnik",46.22587,14.61207
VE 1000 - KRANJ,VO 1010 - KAMNIK,18,"OŠ M. Vere, Ljubljanska c. 16A, Kamnik",46.22587,14.61207
VE 1000 - KRANJ,VO 1010 - KAMNIK,19,"OŠ M. Vere, Ljubljanska c. 16A, Kamnik",46.22587,14.61207
VE 1000 - KRANJ,VO 1010 - KAMNIK,20,"KD Šmarca, Trg padlih borcev 2, Kamnik",46.22587,14.61207
VE 1000 - KRANJ,VO 1010 - KAMNIK,21,"KD Volčji Potok, Volčji Potok 43H, Radomlje",46.17361,14.61222
VE 1000 - KRANJ,VO 1010 - KAMNIK,22,"Občina Kamnik, Glavni trg 24, Kamnik",46.22636,14.6121987
VE 1000 - KRANJ,VO 1010 - KAMNIK,23,"GSŠRM Kamnik, Novi trg 41A, Kamnik",46.22587,14.61207
VE 1000 - KRANJ,VO 1010 - KAMNIK,24,"Vrtec A. Medveda,Sneguljčica,Kovinarska 11,Kamnik",46.22587,14.61207
VE 1000 - KRANJ,VO 1010 - KAMNIK,25,"KD Podgorje, Podgorje 55A, Kamnik",46.22587,14.61207
VE 1000 - KRANJ,VO 1010 - KAMNIK,26,"OŠ F. Albrehta, Šolska ul. 1, Kamnik",46.22587,14.61207
VE 1000 - KRANJ,VO 1010 - KAMNIK,27,"DK A. Breznika, Križ 17B, Komenda",46.20484,14.53839
VE 1000 - KRANJ,VO 1010 - KAMNIK,28,"OŠ Komenda Moste, Moste, Moste 40, Komenda",46.1929381,14.5484559
VE 1000 - KRANJ,VO 1010 - KAMNIK,29,"OŠ Komenda Moste, Komenda, Glavarjeva 37, Komenda",46.2020794,14.5421223
VE 1000 - KRANJ,VO 1010 - KAMNIK,30,"OŠ Komenda Moste, Komenda, Glavarjeva 37, Komenda",46.2020794,14.5421223
VE 1000 - KRANJ,VO 1011 - IDRIJA,1,"Zavod za turizem Cerkno, Glavni trg 5, 5282 Cerkno",46.1256,13.9817
VE 1000 - KRANJ,VO 1011 - IDRIJA,2,"OŠ Cerkno (stranski vhod), Bevkova ul. 26",,
VE 1000 - KRANJ,VO 1011 - IDRIJA,5,"Mlekarna Planina, Planina pri Cerknem 4",46.11667,14.0
VE 1000 - KRANJ,VO 1011 - IDRIJA,8,"DK Bukovo, Bukovo 29",,
VE 1000 - KRANJ,VO 1011 - IDRIJA,9,"Stara mlekarna v Zakojci, Zakojca 2",46.16472,13.93278
VE 1000 - KRANJ,VO 1011 - IDRIJA,10,"OŠ Novaki, Dolenji Novaki 26",46.15,14.03333
VE 1000 - KRANJ,VO 1011 - IDRIJA,11,"OŠ Orehek, Orehek 9a",,
VE 1000 - KRANJ,VO 1011 - IDRIJA,12,"GD Otalež, Otalež 3",46.08333,13.98333
VE 1000 - KRANJ,VO 1011 - IDRIJA,14,"DK Kladje, Podlanišče 2",46.11667,14.01667
VE 1000 - KRANJ,VO 1011 - IDRIJA,15,"Zgradba Rejc Viktorije, Jagršče 2",46.09056,13.945
VE 1000 - KRANJ,VO 1011 - IDRIJA,16,"Zgradba Makuc Stanka, v stavbi št. 2347-89",46.62583,15.71278
VE 1000 - KRANJ,VO 1011 - IDRIJA,18,"Prostori Okrepčevalnice Kurn´k, Reka 1a",,
VE 1000 - KRANJ,VO 1011 - IDRIJA,19,"GD Šebrelje, Šebrelje 59a",,
VE 1000 - KRANJ,VO 1011 - IDRIJA,21,"VD Poče, Poče 1a",,
VE 1000 - KRANJ,VO 1011 - IDRIJA,23,"KD Ravne, Ravne pri Cerknem 8",46.1246282,13.954956
VE 1000 - KRANJ,VO 1011 - IDRIJA,24,"GD Zakriž, Zakriž 12",46.1297179,13.9911681
VE 1000 - KRANJ,VO 1011 - IDRIJA,26,"MC Idrija (Dijaški dom), Ul. IX. korpusa 17",,
VE 1000 - KRANJ,VO 1011 - IDRIJA,28,"Mestna knjižnica, Ulica sv. Barbare 4-5",46.000421,14.0216624
VE 1000 - KRANJ,VO 1011 - IDRIJA,29,"Gimnazija J.Vege, Študentovska ul. 16",,
VE 1000 - KRANJ,VO 1011 - IDRIJA,32,"OŠ Idrija, Lapajnetova ul. 50",46.0018242,14.0272421
VE 1000 - KRANJ,VO 1011 - IDRIJA,34,"Balinarski klub, Gregorčičeva ulica 8",,
VE 1000 - KRANJ,VO 1011 - IDRIJA,35,"DU Idrija, Arkova ul. 4",,
VE 1000 - KRANJ,VO 1011 - IDRIJA,36,"DU Idrija, Enota Marof, Vojkova ul. 35",,
VE 1000 - KRANJ,VO 1011 - IDRIJA,37,"Gostilna Pri Fežnarju, Idrijska Bela 15 ",45.96255,13.95177
VE 1000 - KRANJ,VO 1011 - IDRIJA,38,"Zgradba Gantar Vlada, Čekovnik 15",45.98667,13.96472
VE 1000 - KRANJ,VO 1011 - IDRIJA,39,"Prostori DK in gasilcev, Vojsko 24b",,
VE 1000 - KRANJ,VO 1011 - IDRIJA,41,"KD Sp. Idrija, Na vasi 34",,
VE 1000 - KRANJ,VO 1011 - IDRIJA,42,"OŠ Sp. Idrija, Šolska ul. 9",46.0338077,14.0220388
VE 1000 - KRANJ,VO 1011 - IDRIJA,44,"OŠ Kanomlja, Srednja Kanomlja 20",46.022572,13.9749572
VE 1000 - KRANJ,VO 1011 - IDRIJA,46,"ZDD Idrijske Krnice, Idrijske Krnice 26",46.05308,13.96386
VE 1000 - KRANJ,VO 1011 - IDRIJA,47,"Zgradba Franca Podobnika, Masore 11",46.06667,13.96667
VE 1000 - KRANJ,VO 1011 - IDRIJA,48,"GD Vrsnik, Spodnji Vrsnik 9",46.0186951,14.0987305
VE 1000 - KRANJ,VO 1011 - IDRIJA,50,"OŠ Ledine, Ledine 10",45.9570466,13.6451002
VE 1000 - KRANJ,VO 1011 - IDRIJA,51,"OŠ Črni Vrh, Črni Vrh 95",45.9244958,14.0460632
VE 1000 - KRANJ,VO 1011 - IDRIJA,54,"GD Dole, Dole 1c",,
VE 1000 - KRANJ,VO 1011 - IDRIJA,55,"OŠ Zavratec, Zavratec 1",45.99,14.13194
VE 1000 - KRANJ,VO 1011 - IDRIJA,56,"OŠ Godovič, Godovič 35b",,
VE 2000 - POSTOJNA,VO 2001 - TOLMIN,1,"Turistična pisarna na Logu v Trenti, Trenta 41",46.38333,13.75
VE 2000 - POSTOJNA,VO 2001 - TOLMIN,2,"OŠ Soča, Soča 28",46.3427044,13.6682396
VE 2000 - POSTOJNA,VO 2001 - TOLMIN,3,"Prostor KS, Kal-Koritnica 35",46.3375,13.58417
VE 2000 - POSTOJNA,VO 2001 - TOLMIN,4,"OŠ Bovec, Trg golobarskih žrtev 17",46.338771,13.5528319
VE 2000 - POSTOJNA,VO 2001 - TOLMIN,5,"Kulturni dom Bovec, Ledina 6",46.03333,15.28333
VE 2000 - POSTOJNA,VO 2001 - TOLMIN,8,"Kulturni dom, Log pod Mangartom 54",46.40194,13.59694
VE 2000 - POSTOJNA,VO 2001 - TOLMIN,9,"Stara mlekarna, Čezsoča 94",46.31119,13.56849
VE 2000 - POSTOJNA,VO 2001 - TOLMIN,11,"OŠ Žaga, Žaga 29",46.30767,13.44989
VE 2000 - POSTOJNA,VO 2001 - TOLMIN,12,"Prostor PGD Srpenica, Srpenica 40a",,
VE 2000 - POSTOJNA,VO 2001 - TOLMIN,13,"Bivša mlekarna, Trnovo ob Soči 41",46.28003,13.55151
VE 2000 - POSTOJNA,VO 2001 - TOLMIN,14,"Večnamenski objekt, Logje 4",46.23528,13.4375
VE 2000 - POSTOJNA,VO 2001 - TOLMIN,15,"Gasilski dom, Breginj 92",46.26472,13.42778
VE 2000 - POSTOJNA,VO 2001 - TOLMIN,16,"Večnamenski objekt, Sedlo 29",46.25472,13.44083
VE 2000 - POSTOJNA,VO 2001 - TOLMIN,18,"Bivši bar ""Kuzma"", Borjana 19",46.25917,13.4775
VE 2000 - POSTOJNA,VO 2001 - TOLMIN,19,"Prostor KS, Podbela bš",,
VE 2000 - POSTOJNA,VO 2001 - TOLMIN,21,"Mlekarna, Potoki 6",46.43174,14.12959
VE 2000 - POSTOJNA,VO 2001 - TOLMIN,22,"Večnamenski objekt, Staro selo 54",46.24467,13.53299
VE 2000 - POSTOJNA,VO 2001 - TOLMIN,23,"Dom A. Manfrede Kobarid, Gregorčičeva ul. 20",,
VE 2000 - POSTOJNA,VO 2001 - TOLMIN,24,"KD Kobarid, Stresova ul. 2",,
VE 2000 - POSTOJNA,VO 2001 - TOLMIN,25,"Prostor ob šp. igrišču, Sužid bš",,
VE 2000 - POSTOJNA,VO 2001 - TOLMIN,26,"Mlekarna, Svino 23",46.24083,13.56972
VE 2000 - POSTOJNA,VO 2001 - TOLMIN,27,"Prostor KS, Idrsko 22a",,
VE 2000 - POSTOJNA,VO 2001 - TOLMIN,28,"Bivša OŠ, Livek 11",46.20444,13.60222
VE 2000 - POSTOJNA,VO 2001 - TOLMIN,30,"Garaža (Grosar), Perati 11",46.20384,13.59175
VE 2000 - POSTOJNA,VO 2001 - TOLMIN,32,"Gasilski dom, Drežnica 15a",,
VE 2000 - POSTOJNA,VO 2001 - TOLMIN,33,"Prostor KS, Koseč bš",,
VE 2000 - POSTOJNA,VO 2001 - TOLMIN,34,"Mlekarna, Drežniške Ravne 4",46.27111,13.61083
VE 2000 - POSTOJNA,VO 2001 - TOLMIN,35,"Mlekarna, Magozd 16",46.28423,13.56296
VE 2000 - POSTOJNA,VO 2001 - TOLMIN,36,"OŠ Smast, Smast 13",46.23365,13.61464
VE 2000 - POSTOJNA,VO 2001 - TOLMIN,37,"Družbeni dom, Ladra 43",46.23709,13.60595
VE 2000 - POSTOJNA,VO 2001 - TOLMIN,38,"Prostor KS, Libušnje 7",46.22666,13.62584
VE 2000 - POSTOJNA,VO 2001 - TOLMIN,39,"Garaža PGD Vrsno, Vrsno 37",46.22455,13.64455
VE 2000 - POSTOJNA,VO 2001 - TOLMIN,40,"St. hiša (Manfreda), Krn 8",46.26541,13.68044
VE 2000 - POSTOJNA,VO 2001 - TOLMIN,41,"Prostori KS, Kamno 29 a",,
VE 2000 - POSTOJNA,VO 2001 - TOLMIN,42,"Prostor KS, Volarje 33",46.20991,13.67165
VE 2000 - POSTOJNA,VO 2001 - TOLMIN,43,"Mlekarna, Gabrje 9",45.7825,15.27556
VE 2000 - POSTOJNA,VO 2001 - TOLMIN,44,"Mlekarna, Dolje 7",46.19531,13.71291
VE 2000 - POSTOJNA,VO 2001 - TOLMIN,45,"Prostor KS, Zatolmin 1",46.19516,13.72733
VE 2000 - POSTOJNA,VO 2001 - TOLMIN,46,"GŠ Tolmin (vhod iz Preš. ul.), Prešernova ul. 4a",,
VE 2000 - POSTOJNA,VO 2001 - TOLMIN,47,"Knjižnica Tolmin, Tumov drevored 6",46.1832459,13.7316908
VE 2000 - POSTOJNA,VO 2001 - TOLMIN,48,"VDC Tolmin, Rutarjeva ul. 18",46.1843757,13.7378
VE 2000 - POSTOJNA,VO 2001 - TOLMIN,49,"Rdeči križ Tolmin, Brunov drevored 23",46.1856675,13.7300565
VE 2000 - POSTOJNA,VO 2001 - TOLMIN,50,"Mlekarna, Žabče 30",46.20851,13.76669
VE 2000 - POSTOJNA,VO 2001 - TOLMIN,55,"Prostor LD, Poljubinj 62",46.18427,13.76611
VE 2000 - POSTOJNA,VO 2001 - TOLMIN,57,"Kulturni dom, Ljubinj 12",46.19519,13.7907
VE 2000 - POSTOJNA,VO 2001 - TOLMIN,58,"Stara OŠ Volče, Volče 25",46.1754,13.70785
VE 2000 - POSTOJNA,VO 2001 - TOLMIN,59,"Družbeni prostor, Čiginj 45",46.16248,13.69851
VE 2000 - POSTOJNA,VO 2001 - TOLMIN,61,"OŠ Most na Soči, Most na Soči 18a",,
VE 2000 - POSTOJNA,VO 2001 - TOLMIN,63,"Garaža (Kragelj), Sela pri Volčah 6a",,
VE 2000 - POSTOJNA,VO 2001 - TOLMIN,64,"Mlekarna, Modrejce 29 a",,
VE 2000 - POSTOJNA,VO 2001 - TOLMIN,65,"Garaža (Kofol), Modrej 3",46.15925,13.75449
VE 2000 - POSTOJNA,VO 2001 - TOLMIN,66,"Čakalnica na ŽP, Postaja 10",46.14038,13.75936
VE 2000 - POSTOJNA,VO 2001 - TOLMIN,67,"Prostor KS, Idrija pri Bači 51",46.14,13.77972
VE 2000 - POSTOJNA,VO 2001 - TOLMIN,69,"Bivši ""Bača bar"",  Bača pri Modreju 30",46.15381,13.77197
VE 2000 - POSTOJNA,VO 2001 - TOLMIN,70,"Bivša OŠ, Kanalski Lom 17a",,
VE 2000 - POSTOJNA,VO 2001 - TOLMIN,71,"Garaža - bivši obrat, Tolminski Lom 11b",,
VE 2000 - POSTOJNA,VO 2001 - TOLMIN,72,"Dom C. Kosmača, Slap ob Idrijci 28 a",,
VE 2000 - POSTOJNA,VO 2001 - TOLMIN,73,"Prostor KS, Dolenja Trebuša 70",46.09139,13.84028
VE 2000 - POSTOJNA,VO 2001 - TOLMIN,75,"Izletniška kmetija Žerovc, Gorenja Trebuša 40b",,
VE 2000 - POSTOJNA,VO 2001 - TOLMIN,76,"Dvorana - telovadnica, Šentviška Gora 19",46.12157,13.8669
VE 2000 - POSTOJNA,VO 2001 - TOLMIN,77,"Mlekarna, Prapetno Brdo 35",46.10917,13.84722
VE 2000 - POSTOJNA,VO 2001 - TOLMIN,78,"Prostor KS, Pečine 30",46.12367,13.8325
VE 2000 - POSTOJNA,VO 2001 - TOLMIN,79,"Gasilski dom, Ponikve 26",45.86,14.65306
VE 2000 - POSTOJNA,VO 2001 - TOLMIN,80,"Prostor PGD Kneža, Kneža 78",46.16944,13.835
VE 2000 - POSTOJNA,VO 2001 - TOLMIN,81,"Tovarna Klavže- prostor KS, Klavže 21a",,
VE 2000 - POSTOJNA,VO 2001 - TOLMIN,82,"Mlekarna, Logaršče 33",46.15125,13.80466
VE 2000 - POSTOJNA,VO 2001 - TOLMIN,84,"Kotiček, Podmelec bš",,
VE 2000 - POSTOJNA,VO 2001 - TOLMIN,86,"Dvorana KS, Grahovo ob Bači 47",46.15389,13.86194
VE 2000 - POSTOJNA,VO 2001 - TOLMIN,87,"Prostor bivše trgovine, Koritnica 50",45.62045,14.33257
VE 2000 - POSTOJNA,VO 2001 - TOLMIN,88,"Prostor KS, Rut 29",,
VE 2000 - POSTOJNA,VO 2001 - TOLMIN,89,"Prostor KS, Hudajužna 22c",,
VE 2000 - POSTOJNA,VO 2001 - TOLMIN,90,"Prostor KS, Stržišče 28",46.0239,15.36819
VE 2000 - POSTOJNA,VO 2001 - TOLMIN,91,"Prostor LD, Podbrdo 39",46.21,13.96444
VE 2000 - POSTOJNA,VO 2001 - TOLMIN,92,"Gasilski dom, Podbrdo 8",46.2150417,13.9757427
VE 2000 - POSTOJNA,VO 2001 - TOLMIN,93,"Stanovanjska skupina, Petrovo Brdo 5",46.21667,14.0
VE 2000 - POSTOJNA,VO 2001 - TOLMIN,94,"Mlekarna, Bača pri Podbrdu 12",46.22389,13.97111
VE 2000 - POSTOJNA,VO 2001 - TOLMIN,97,"Dom krajanov (staro župnišče), Kred 36",46.25471,13.51722
VE 2000 - POSTOJNA,VO 2001 - TOLMIN,98,"Ap. hiša ""Cviter"", Log Čezsoški 8",46.31063,13.4901
VE 2000 - POSTOJNA,VO 2002 - PIRAN,1,"OŠ Lucija I, Fazan 1, 6320 Portorož",45.5143,13.5921
VE 2000 - POSTOJNA,VO 2002 - PIRAN,2,"OŠ Lucija II,  Fazan 1, 6320 Portorož",45.5143,13.5921
VE 2000 - POSTOJNA,VO 2002 - PIRAN,3,"Center starejših občanov Lucija I, Seča 197B, 6320",,
VE 2000 - POSTOJNA,VO 2002 - PIRAN,4,"Center starejših občanov Lucija II, Seča 197B,6320",,
VE 2000 - POSTOJNA,VO 2002 - PIRAN,5,"Avditorij Portorož, Senčna pot 8A, 6320 Portorož",45.5146173,13.5968043
VE 2000 - POSTOJNA,VO 2002 - PIRAN,6,"Dom krajanov Beli Križ, Belokriška c.56, 6320",,
VE 2000 - POSTOJNA,VO 2002 - PIRAN,7,"Glasbena šola Piran, Levstikova ul. 8, 6330 Piran",45.4767,13.6233
VE 2000 - POSTOJNA,VO 2002 - PIRAN,8,"Palača Apollonio vhod iz Župančičeve ul bš, Piran",45.52778,13.57056
VE 2000 - POSTOJNA,VO 2002 - PIRAN,9,"KS Strunjan, Strunjan 28, 6320 Portorož",45.5143,13.5921
VE 2000 - POSTOJNA,VO 2002 - PIRAN,10,"OŠ Sečovlje, Sečovlje 78, 6333 Sečovlje",45.4767,13.6233
VE 2000 - POSTOJNA,VO 2002 - PIRAN,11,"OŠ Sv. Peter, Sv. Peter 13, 6333 Sečovlje",45.4767,13.6233
VE 2000 - POSTOJNA,VO 2002 - PIRAN,12,"Dom Zmaga, Nova vas nad Dragonjo 50, 6333 Sečovlje",45.4767,13.6233
VE 2000 - POSTOJNA,VO 2002 - PIRAN,13,"KD B. Jakca, Padna 11, 6333 Sečovlje",45.4767,13.6233
VE 2000 - POSTOJNA,VO 2003 - IZOLA,1,"Dvorana Rdečega križa, Ul. ob starem zidovju 15a",,
VE 2000 - POSTOJNA,VO 2003 - IZOLA,2,"Palača Manzioli, Manziolijev trg 5",,
VE 2000 - POSTOJNA,VO 2003 - IZOLA,3,"Športna dvorana, Kraška  ul. 1a",,
VE 2000 - POSTOJNA,VO 2003 - IZOLA,4,"Kulturni dom, Ul.okt. revolucije 1",,
VE 2000 - POSTOJNA,VO 2003 - IZOLA,5,"Mestna knjižnica Izola, Ul.osvobodilne fronte 15",45.5319745,13.66178
VE 2000 - POSTOJNA,VO 2003 - IZOLA,6,"OŠ Livade, Livade 7",45.5299056,13.6591806
VE 2000 - POSTOJNA,VO 2003 - IZOLA,7,"OŠ Livade - prizidek šole, Livade 7",,
VE 2000 - POSTOJNA,VO 2003 - IZOLA,8,"KS Jagodje - Dobrava, Jagodje 24a",,
VE 2000 - POSTOJNA,VO 2003 - IZOLA,9,"Baredi - stara šola, Baredi 20",45.51597,13.67915
VE 2000 - POSTOJNA,VO 2003 - IZOLA,10,"Šared - vaški dom, Šared 27k",,
VE 2000 - POSTOJNA,VO 2003 - IZOLA,11,"Cetore - Zadružni dom, Cetore 17a",,
VE 2000 - POSTOJNA,VO 2003 - IZOLA,12,"Malija - stara šola, Malija 62",45.5041345,13.6383396
VE 2000 - POSTOJNA,VO 2003 - IZOLA,13,"Korte - ZDD - TD Šparžin, Korte 44",45.49056,13.67056
VE 2000 - POSTOJNA,VO 2003 - IZOLA,14,"Medgeneracijski center Izola, Livade 7a",,
VE 2000 - POSTOJNA,VO 2004 - KOPER 1,1,Vrtec Semedela - Slavnik - Nova ulica 2/b,,
VE 2000 - POSTOJNA,VO 2004 - KOPER 1,2,Vrtec Semedela - Slavnik - Nova ulica 2/b,,
VE 2000 - POSTOJNA,VO 2004 - KOPER 1,3,Dom KS - Jurčičeva 2 ,,
VE 2000 - POSTOJNA,VO 2004 - KOPER 1,4,Dom KS - Jurčičeva 2,,
VE 2000 - POSTOJNA,VO 2004 - KOPER 1,5,OŠ Dušan Bordon - Rozmanova 21a,,
VE 2000 - POSTOJNA,VO 2004 - KOPER 1,6,OŠ Dušan Bordon - Rozmanova 21a,,
VE 2000 - POSTOJNA,VO 2004 - KOPER 1,7,OŠ Anton Ukmar - Pot v gaj 2,45.5441242,13.7117987
VE 2000 - POSTOJNA,VO 2004 - KOPER 1,8,OŠ Anton Ukmar - Pot v gaj 2,45.5441242,13.7117987
VE 2000 - POSTOJNA,VO 2004 - KOPER 1,9,OŠ Anton Ukmar - Pot v gaj 2,45.5441242,13.7117987
VE 2000 - POSTOJNA,VO 2004 - KOPER 1,10,Obalni dom upokojencev Koper - Krožna cesta 5,45.541083,13.7069898
VE 2000 - POSTOJNA,VO 2004 - KOPER 1,11,Sedež KS Žusterna - Dolga reber 5,45.85028,14.93111
VE 2000 - POSTOJNA,VO 2004 - KOPER 1,12,Sedež KS  - Oljčna pot 4,,
VE 2000 - POSTOJNA,VO 2004 - KOPER 1,13,"Vrtec Semedela - Prisoje, Oljčna pot 63 ",45.5332928,13.7215667
VE 2000 - POSTOJNA,VO 2004 - KOPER 1,14,"Vrtec Semedela - Prisoje, Oljčna pot 63",45.5332928,13.7215667
VE 2000 - POSTOJNA,VO 2004 - KOPER 1,15,"Dnevni center Barčica, Prisoje 1 ",,
VE 2000 - POSTOJNA,VO 2004 - KOPER 1,16,"Študentski dom, Prisoje 9",,
VE 2000 - POSTOJNA,VO 2004 - KOPER 1,17,"Sedež KS, Kraljeva 17",,
VE 2000 - POSTOJNA,VO 2004 - KOPER 1,18,"OŠ Anton Ukmar, Pot v gaj 2",45.5441242,13.7117987
VE 2000 - POSTOJNA,VO 2004 - KOPER 1,19,"OŠ Anton Ukmar, Pot v gaj 2 ",45.5441242,13.7117987
VE 2000 - POSTOJNA,VO 2004 - KOPER 1,20,"SEPŠ, Martinčev trg 3",,
VE 2000 - POSTOJNA,VO 2004 - KOPER 1,21,"SEPŠ, Martinčev trg 3",,
VE 2000 - POSTOJNA,VO 2004 - KOPER 1,22,"SEPŠ, Martinčev trg 3",,
VE 2000 - POSTOJNA,VO 2004 - KOPER 1,23,"SEPŠ, Martinčev trg 3",,
VE 2000 - POSTOJNA,VO 2004 - KOPER 1,24,"SEPŠ, Martinčev trg 3",,
VE 2000 - POSTOJNA,VO 2004 - KOPER 1,25,"SEPŠ, Martinčev trg 3",,
VE 2000 - POSTOJNA,VO 2004 - KOPER 1,26,"OŠ Dušan Bordon, Rozmanova 21a ",,
VE 2000 - POSTOJNA,VO 2004 - KOPER 1,27,"Obalni dom upokojencev Koper, Krožna cesta 5",45.541083,13.7069898
VE 2000 - POSTOJNA,VO 2005 - KOPER 2,1,OŠV Ankaran,45.57861,13.73611
VE 2000 - POSTOJNA,VO 2005 - KOPER 2,2,OŠV Ankaran,45.57861,13.73611
VE 2000 - POSTOJNA,VO 2005 - KOPER 2,3,OŠV Ankaran,45.57861,13.73611
VE 2000 - POSTOJNA,VO 2005 - KOPER 2,4,Krajevna skupnost Bertoki,45.547404,13.766802
VE 2000 - POSTOJNA,VO 2005 - KOPER 2,5,OŠ Elvire Vatovec Prade,45.5401842,13.7713314
VE 2000 - POSTOJNA,VO 2005 - KOPER 2,6,Krajevna skupnost Boršt,45.48556,13.80083
VE 2000 - POSTOJNA,VO 2005 - KOPER 2,7,Krajevna skupnost Črni Kal ,45.55,13.88
VE 2000 - POSTOJNA,VO 2005 - KOPER 2,8,Vrtec Rižana,45.54389,13.84861
VE 2000 - POSTOJNA,VO 2005 - KOPER 2,9,Vaški dom Gabrovica ,45.80722,13.78111
VE 2000 - POSTOJNA,VO 2005 - KOPER 2,10,Dvorana Osp ,45.56833,13.86472
VE 2000 - POSTOJNA,VO 2005 - KOPER 2,11,Vaški dom Kastelec ,45.58111,13.87278
VE 2000 - POSTOJNA,VO 2005 - KOPER 2,12,Stara šola Črnotiče ,45.555,13.89611
VE 2000 - POSTOJNA,VO 2005 - KOPER 2,13,Gasilski dom Dol ,45.5033378,13.9106771
VE 2000 - POSTOJNA,VO 2005 - KOPER 2,14,Vaški dom Hrastovlje ,45.51222,13.89972
VE 2000 - POSTOJNA,VO 2005 - KOPER 2,15,Prkičeva hiša Podpeč ,45.96972,14.4175
VE 2000 - POSTOJNA,VO 2005 - KOPER 2,16,Dvorana Bezovica ,45.52834,13.89197
VE 2000 - POSTOJNA,VO 2005 - KOPER 2,17,Pomožni objekt Loka ,46.15,14.56528
VE 2000 - POSTOJNA,VO 2005 - KOPER 2,18,Pomožni objekt Predloka,45.54031,13.87846
VE 2000 - POSTOJNA,VO 2005 - KOPER 2,19,Kulturni dom Dekani ,45.54972,13.81361
VE 2000 - POSTOJNA,VO 2005 - KOPER 2,20,Kulturni dom Dekani ,45.54972,13.81361
VE 2000 - POSTOJNA,VO 2005 - KOPER 2,21,Kulturni dom Gračišče ,45.5034144,13.8769017
VE 2000 - POSTOJNA,VO 2005 - KOPER 2,22,Dvorana Kubed ,45.52306,13.87139
VE 2000 - POSTOJNA,VO 2005 - KOPER 2,23,Gasilski dom Movraž,45.47833,13.91889
VE 2000 - POSTOJNA,VO 2005 - KOPER 2,24,Zadružni dom Sočerga,45.46444,13.89472
VE 2000 - POSTOJNA,VO 2005 - KOPER 2,25,Lovski dom Trebeše ,45.47222,13.85889
VE 2000 - POSTOJNA,VO 2005 - KOPER 2,26,Stara šola Pregara,45.57778,14.13583
VE 2000 - POSTOJNA,VO 2005 - KOPER 2,27,Stara šola Hrvoji,,
VE 2000 - POSTOJNA,VO 2005 - KOPER 2,28,Dom krajanov Brezovica,46.03333,14.4
VE 2000 - POSTOJNA,VO 2005 - KOPER 2,29,Gasilski dom Hrvatini,45.5842933,13.7545264
VE 2000 - POSTOJNA,VO 2005 - KOPER 2,30,Gasilski dom Hrvatini,45.5842933,13.7545264
VE 2000 - POSTOJNA,VO 2005 - KOPER 2,31,Zadružni dom Marezige ,45.50972,13.80306
VE 2000 - POSTOJNA,VO 2005 - KOPER 2,32,Vaški dom Trsek ,45.48318,13.83766
VE 2000 - POSTOJNA,VO 2005 - KOPER 2,33,Dvorana Babiči ,45.50278,13.77944
VE 2000 - POSTOJNA,VO 2005 - KOPER 2,34,Kulturni dom Lopar ,45.5080808,13.8249958
VE 2000 - POSTOJNA,VO 2005 - KOPER 2,35,Stara šola Truške ,45.49028,13.82222
VE 2000 - POSTOJNA,VO 2005 - KOPER 2,36,Narodni dom  Pobegi,45.53944,13.79611
VE 2000 - POSTOJNA,VO 2005 - KOPER 2,37,Zadružni dom Pobegi ,45.53944,13.79611
VE 2000 - POSTOJNA,VO 2005 - KOPER 2,38,OŠ Elvire Vatovec - podružnica Sv. Anton,45.52583,13.83194
VE 2000 - POSTOJNA,VO 2005 - KOPER 2,39,Zadružni dom Kondor Vanganel ,45.51722,13.77583
VE 2000 - POSTOJNA,VO 2005 - KOPER 2,40,Srednja tehniška šola Koper,45.5324662,13.7340456
VE 2000 - POSTOJNA,VO 2005 - KOPER 2,41,Srednja tehniška šola Koper,45.5324662,13.7340456
VE 2000 - POSTOJNA,VO 2005 - KOPER 2,42,Srednja tehniška šola Koper,45.5324662,13.7340456
VE 2000 - POSTOJNA,VO 2005 - KOPER 2,43,OŠ Oskarja Kovačiča Škofije,45.5682096,13.791277
VE 2000 - POSTOJNA,VO 2005 - KOPER 2,44,OŠ Oskarja Kovačiča Škofije,45.5682096,13.791277
VE 2000 - POSTOJNA,VO 2005 - KOPER 2,45,OŠ Oskarja Kovačiča Škofije,45.5682096,13.791277
VE 2000 - POSTOJNA,VO 2005 - KOPER 2,46,OŠ Oskarja Kovačiča Škofije,45.5682096,13.791277
VE 2000 - POSTOJNA,VO 2005 - KOPER 2,47,OŠ Šmarje ,46.2322772,15.5172519
VE 2000 - POSTOJNA,VO 2005 - KOPER 2,48,Stara šola Gažon ,45.51889,13.70139
VE 2000 - POSTOJNA,VO 2005 - KOPER 2,49,Stara šola Pomjan ,45.50056,13.75556
VE 2000 - POSTOJNA,VO 2005 - KOPER 2,50,Zadružni dom Krkavče,45.46278,13.69444
VE 2000 - POSTOJNA,VO 2005 - KOPER 2,51,Stara šola Puče ,45.475,13.72083
VE 2000 - POSTOJNA,VO 2005 - KOPER 2,52,Stara šola Koštabona,45.48,13.73944
VE 2000 - POSTOJNA,VO 2005 - KOPER 2,53,Krajevna skupnost Vanganel ,45.51722,13.77583
VE 2000 - POSTOJNA,VO 2005 - KOPER 2,54,Stara šola Podgorje,46.7,15.81667
VE 2000 - POSTOJNA,VO 2005 - KOPER 2,55,Krajevna skupnost Rakitovec,45.46917,13.97083
VE 2000 - POSTOJNA,VO 2005 - KOPER 2,56,Vaški dom Zazid,45.50194,13.93139
VE 2000 - POSTOJNA,VO 2005 - KOPER 2,57,OŠ Elvire Vatovec - podružnica Sv. Anton,45.52583,13.83194
VE 2000 - POSTOJNA,VO 2006 - SEŽANA,1,"Avber, bivša OŠ, Avber 41",45.78083,13.87222
VE 2000 - POSTOJNA,VO 2006 - SEŽANA,2,"Dane pri Sežani, Dom na Padulu, Dane 17 A",,
VE 2000 - POSTOJNA,VO 2006 - SEŽANA,3,"Dutovlje,  Bunčetova domačija, Dutovlje 65",45.75806,13.83222
VE 2000 - POSTOJNA,VO 2006 - SEŽANA,4,"Kreplje, Vaški dom, Kreplje bš",,
VE 2000 - POSTOJNA,VO 2006 - SEŽANA,5,"Skopo, vaška dvorana, Skopo 49",45.77278,13.82278
VE 2000 - POSTOJNA,VO 2006 - SEŽANA,6,"Kopriva, dvorana vaške skupnosti, Kopriva 14",45.78167,13.83389
VE 2000 - POSTOJNA,VO 2006 - SEŽANA,7,"Krajna vas, hiša Gec Cvetke, Krajna vas 40",45.76861,13.80306
VE 2000 - POSTOJNA,VO 2006 - SEŽANA,8,"Kazlje, dom KS, Kazlje 40",45.76167,13.9075
VE 2000 - POSTOJNA,VO 2006 - SEŽANA,9,"Lokev, KD, Lokev 139",45.6612685,13.9350955
VE 2000 - POSTOJNA,VO 2006 - SEŽANA,10,"Pliskovica, balinarski klub, Pliskovica bš",,
VE 2000 - POSTOJNA,VO 2006 - SEŽANA,11,"Veliki Dol, dvorana stare OŠ, Veliki Dol 53",45.77028,13.75194
VE 2000 - POSTOJNA,VO 2006 - SEŽANA,13,"Povir, ZDD, Povir 24",45.69861,13.93611
VE 2000 - POSTOJNA,VO 2006 - SEŽANA,14,"Sedež Občine Sežana, Sežana, Partizanska c.4",,
VE 2000 - POSTOJNA,VO 2006 - SEŽANA,15,"Otroški vrtec, Sežana, Ul. J. Pahorja 1 ",,
VE 2000 - POSTOJNA,VO 2006 - SEŽANA,16,"VDC Koper - Enota Sežana, Sežana, Ul. J.Pahorja 3",,
VE 2000 - POSTOJNA,VO 2006 - SEŽANA,17,"OŠ Sežana, Sežana, Kosovelova ul. 6",,
VE 2000 - POSTOJNA,VO 2006 - SEŽANA,18,"Stara OŠ, Sežana, Bazoviška c. 9",,
VE 2000 - POSTOJNA,VO 2006 - SEŽANA,19,"ZGRS Sežana, Sežana, Bazoviška c. 13",,
VE 2000 - POSTOJNA,VO 2006 - SEŽANA,20,"Dol pri Vogljah, ZDD, Dol pri Vogljah bš",,
VE 2000 - POSTOJNA,VO 2006 - SEŽANA,21,"Štjak, bivša OŠ, Štjak 40",45.79556,13.9075
VE 2000 - POSTOJNA,VO 2006 - SEŽANA,22,"Štorje, ZDD, Štorje 26",45.73861,13.92917
VE 2000 - POSTOJNA,VO 2006 - SEŽANA,23,"Tomaj, sedež KS - balinišče, Tomaj bš",,
VE 2000 - POSTOJNA,VO 2006 - SEŽANA,24,"Križ, Vaški dom, Križ 2",45.74472,13.86583
VE 2000 - POSTOJNA,VO 2006 - SEŽANA,25,"Tabor, OŠ, Tabor 9",46.23611,15.01833
VE 2000 - POSTOJNA,VO 2006 - SEŽANA,26,"Komen, KD, Komen 118",45.8167138,13.7450363
VE 2000 - POSTOJNA,VO 2006 - SEŽANA,27,"Gabrovica pri Komnu 47, prostori vaške skupnosti",,
VE 2000 - POSTOJNA,VO 2006 - SEŽANA,28,"Volčji Grad, vaška hiša, Volčji Grad št. 24",,
VE 2000 - POSTOJNA,VO 2006 - SEŽANA,29,"Tomačevica, vaški dom, Tomačevica bš",,
VE 2000 - POSTOJNA,VO 2006 - SEŽANA,30,"Sveto, stara OŠ, Sveto 68",45.82722,13.73028
VE 2000 - POSTOJNA,VO 2006 - SEŽANA,31,"Škrbina, stara OŠ, Škrbina bš",,
VE 2000 - POSTOJNA,VO 2006 - SEŽANA,32,"Ivanji Grad, vaški dom, Ivanji Grad bš",,
VE 2000 - POSTOJNA,VO 2006 - SEŽANA,33,"Brje pri Komnu, vaški dom, Brje pri Komnu bš",,
VE 2000 - POSTOJNA,VO 2006 - SEŽANA,34,"Gorjansko, ZDD, Gorjansko 84 b",,
VE 2000 - POSTOJNA,VO 2006 - SEŽANA,35,"Brestovica pri Komnu 55, prostori vaške skupnosti",,
VE 2000 - POSTOJNA,VO 2006 - SEŽANA,36,"Štanjel, ZDD, Štanjel 59 A",,
VE 2000 - POSTOJNA,VO 2006 - SEŽANA,37,"Kodreti, Vaška skupnost Gornja Branica,Kodreti 10",45.8175,13.88972
VE 2000 - POSTOJNA,VO 2006 - SEŽANA,38,"Kobjeglava, VS Tupelče Kobjeglava, Kobjeglava 75",45.8175,13.80583
VE 2000 - POSTOJNA,VO 2006 - SEŽANA,39,"Hruševica, vaški dom, Hruševica bš",,
VE 2000 - POSTOJNA,VO 2006 - SEŽANA,40,"Divača  OŠ, Ul. dr. B. Magajne 4, Divača",45.68472,13.97028
VE 2000 - POSTOJNA,VO 2006 - SEŽANA,41,"Dolnje Ležeče, vaški dom, Dolnje Ležeče bš",,
VE 2000 - POSTOJNA,VO 2006 - SEŽANA,42,"Naklo, vaški dom,  Naklo bš",,
VE 2000 - POSTOJNA,VO 2006 - SEŽANA,43,"Dane pri Divači, vaški dom, Dane pri Divači bš",,
VE 2000 - POSTOJNA,VO 2006 - SEŽANA,44,"Famlje, v dvorani Rudnik Vreme, Famlje 2 a",,
VE 2000 - POSTOJNA,VO 2006 - SEŽANA,45,"Gornje Ležeče, v hiši Jožeta Čeperja, G.Ležeče 16",,
VE 2000 - POSTOJNA,VO 2006 - SEŽANA,46,"Barka, stara OŠ, Barka 33",45.64009,14.05186
VE 2000 - POSTOJNA,VO 2006 - SEŽANA,47,"Vareje, vaški dom, Vareje bš",,
VE 2000 - POSTOJNA,VO 2006 - SEŽANA,48,"Senožeče, VD R. Cvetka, Senožeče bš",,
VE 2000 - POSTOJNA,VO 2006 - SEŽANA,49,"Dolenja vas, v ZDD, Dolenja vas 11",45.70611,14.75444
VE 2000 - POSTOJNA,VO 2006 - SEŽANA,50,"Hrpelje, vaški dom Hrpelje, Na  Gorici 2a",,
VE 2000 - POSTOJNA,VO 2006 - SEŽANA,51,"Tublje pri Hrpeljah, Gostilna Križman, Tublje  24",45.77381,13.72771
VE 2000 - POSTOJNA,VO 2006 - SEŽANA,52,"Krvavi Potok, vaški dom, Krvavi Potok 16 h",,
VE 2000 - POSTOJNA,VO 2006 - SEŽANA,53,"Kozina, Krajevna skupnost, Kozina, Istrska ul. 18",,
VE 2000 - POSTOJNA,VO 2006 - SEŽANA,54,"Vrhpolje, vaški dom, Vrhpolje 9 b",,
VE 2000 - POSTOJNA,VO 2006 - SEŽANA,55,"Artviže, vaški dom, Artviže 6a",,
VE 2000 - POSTOJNA,VO 2006 - SEŽANA,56,"Gradišče pri Materiji, prostori KS, Gradišče 42 a",,
VE 2000 - POSTOJNA,VO 2006 - SEŽANA,57,"Bač pri Materiji, GD, Bač pri Materiji 28b",,
VE 2000 - POSTOJNA,VO 2006 - SEŽANA,58,"Brezovica, vaški dom, Brezovica 9",46.03333,14.4
VE 2000 - POSTOJNA,VO 2006 - SEŽANA,59,"Ocizla, vaška hiša, Ocizla bš",,
VE 2000 - POSTOJNA,VO 2006 - SEŽANA,60,"Obrov, prostori balinišča, Obrov 62 d",,
VE 2000 - POSTOJNA,VO 2006 - SEŽANA,61,"Prešnica, OŠ, Prešnica 2",45.57056,13.93778
VE 2000 - POSTOJNA,VO 2006 - SEŽANA,62,"Rodik, vaški dom, Rodik 6",45.62556,13.98056
VE 2000 - POSTOJNA,VO 2006 - SEŽANA,63,"Slivje, prostori KS, Slivje 1",45.56806,14.05083
VE 2000 - POSTOJNA,VO 2006 - SEŽANA,64,"Tatre, vaški dom, Tatre 2",45.59861,14.08778
VE 2000 - POSTOJNA,VO 2006 - SEŽANA,68,"Klanec pri Kozini, vaški dom, Klanec pri Kozini 32",45.59417,13.92333
VE 2000 - POSTOJNA,VO 2006 - SEŽANA,69,"Javorje, vaški dom, Javorje 21 a",,
VE 2000 - POSTOJNA,VO 2007 - ILIRSKA BISTRICA,1,OŠ Antona Žnideršiča Ilirska Bistrica,45.5602378,14.2510898
VE 2000 - POSTOJNA,VO 2007 - ILIRSKA BISTRICA,2,"Prostori Društva Sožitje, Levstikova 5,  Il. Bist",,
VE 2000 - POSTOJNA,VO 2007 - ILIRSKA BISTRICA,3,"OŠ Dragotina Ketteja, Ilirska Bistrica",45.5681083,14.2445451
VE 2000 - POSTOJNA,VO 2007 - ILIRSKA BISTRICA,4,"Jurčičeva 1, Ilirska Bistrica",45.5684784,14.2480989
VE 2000 - POSTOJNA,VO 2007 - ILIRSKA BISTRICA,5,"Predavalnica-vhod bivši Transport, Šercerjeva 17",,
VE 2000 - POSTOJNA,VO 2007 - ILIRSKA BISTRICA,6,"Vaški dom Jasen, Jasen 15c",,
VE 2000 - POSTOJNA,VO 2007 - ILIRSKA BISTRICA,7,Gasilski dom Vrbovo,45.55222,14.27556
VE 2000 - POSTOJNA,VO 2007 - ILIRSKA BISTRICA,8,"Vaški dom, Vrbica 24",45.54682,14.28825
VE 2000 - POSTOJNA,VO 2007 - ILIRSKA BISTRICA,9,Jablanica 32a,45.5387148,14.3021588
VE 2000 - POSTOJNA,VO 2007 - ILIRSKA BISTRICA,10,"Gostilna Celin, Kuteževo",45.54901,14.34076
VE 2000 - POSTOJNA,VO 2007 - ILIRSKA BISTRICA,11,"Bar Kočanija, Trpčane",45.52694,14.31694
VE 2000 - POSTOJNA,VO 2007 - ILIRSKA BISTRICA,12,"Balinarska dvorana na mlaki, Zabiče",45.50754,14.36931
VE 2000 - POSTOJNA,VO 2007 - ILIRSKA BISTRICA,13,"Gostilna ""Sabrina"" Sušak",45.49056,14.32972
VE 2000 - POSTOJNA,VO 2007 - ILIRSKA BISTRICA,14,"Bivša gostilna, Novokračine 46",45.49361,14.31083
VE 2000 - POSTOJNA,VO 2007 - ILIRSKA BISTRICA,15,Gasilski dom Jelšane,45.50278,14.27167
VE 2000 - POSTOJNA,VO 2007 - ILIRSKA BISTRICA,16,Dolenje pri Jelšanah 52,45.5054641,14.2656725
VE 2000 - POSTOJNA,VO 2007 - ILIRSKA BISTRICA,17,"Bivša šolska stavba, Veliko Brdo",45.51194,14.21694
VE 2000 - POSTOJNA,VO 2007 - ILIRSKA BISTRICA,18,"Na balincu, M. Bukovica ",45.90083,13.66722
VE 2000 - POSTOJNA,VO 2007 - ILIRSKA BISTRICA,19,"Na balincu, Koseze",45.55028,14.24361
VE 2000 - POSTOJNA,VO 2007 - ILIRSKA BISTRICA,20,Vaški dom V. Bukovica,45.90083,13.66722
VE 2000 - POSTOJNA,VO 2007 - ILIRSKA BISTRICA,21,Grad Dol. Zemon - prostori KS,,
VE 2000 - POSTOJNA,VO 2007 - ILIRSKA BISTRICA,22,Vaški dom Gor. Zemon ,,
VE 2000 - POSTOJNA,VO 2007 - ILIRSKA BISTRICA,23,Lovska koča na Pavlici,,
VE 2000 - POSTOJNA,VO 2007 - ILIRSKA BISTRICA,24,Starod 4,45.4988505,14.1954626
VE 2000 - POSTOJNA,VO 2007 - ILIRSKA BISTRICA,25,OŠ Podgrad,46.0625337,14.6153699
VE 2000 - POSTOJNA,VO 2007 - ILIRSKA BISTRICA,26,Vaški dom Podbeže ,45.54833,14.15333
VE 2000 - POSTOJNA,VO 2007 - ILIRSKA BISTRICA,27,"Račice, Na plesišču",,
VE 2000 - POSTOJNA,VO 2007 - ILIRSKA BISTRICA,28,"Vaški dom Sabonje, Sabonje 47",45.53361,14.18556
VE 2000 - POSTOJNA,VO 2007 - ILIRSKA BISTRICA,29,Vaški dom Hrušica,46.445,14.01778
VE 2000 - POSTOJNA,VO 2007 - ILIRSKA BISTRICA,30,OŠ Pregarje,45.5781208,14.1352877
VE 2000 - POSTOJNA,VO 2007 - ILIRSKA BISTRICA,31,Vaška brunarica Prelože,45.60266,14.13168
VE 2000 - POSTOJNA,VO 2007 - ILIRSKA BISTRICA,32,Vaški dom Zajelšje,45.56194,14.15889
VE 2000 - POSTOJNA,VO 2007 - ILIRSKA BISTRICA,33,Društveni prostori Tominje,45.56111,14.175
VE 2000 - POSTOJNA,VO 2007 - ILIRSKA BISTRICA,34,Stavba bivše šole Harije,45.55278,14.19611
VE 2000 - POSTOJNA,VO 2007 - ILIRSKA BISTRICA,35,Florjanov hram Dobropolje,45.56639,14.2175
VE 2000 - POSTOJNA,VO 2007 - ILIRSKA BISTRICA,36,Bivša šolska stavba Ostrožno Brdo,45.61986,14.12636
VE 2000 - POSTOJNA,VO 2007 - ILIRSKA BISTRICA,37,Janeževo Brdo 12,45.6093221,14.1515909
VE 2000 - POSTOJNA,VO 2007 - ILIRSKA BISTRICA,38,Kilovče 13,45.6192881,14.1865224
VE 2000 - POSTOJNA,VO 2007 - ILIRSKA BISTRICA,39,Prem 1,45.6083861,14.1787372
VE 2000 - POSTOJNA,VO 2007 - ILIRSKA BISTRICA,40,Ratečevo Brdo 2,45.6182504,14.2027328
VE 2000 - POSTOJNA,VO 2007 - ILIRSKA BISTRICA,41,"Ljudska šola Prem, Prem 83",,
VE 2000 - POSTOJNA,VO 2007 - ILIRSKA BISTRICA,42,Čelje - dvorana KS,,
VE 2000 - POSTOJNA,VO 2007 - ILIRSKA BISTRICA,43,Smrje 56,45.594259,14.1909596
VE 2000 - POSTOJNA,VO 2007 - ILIRSKA BISTRICA,44,Vaški dom Topolc,45.58361,14.21667
VE 2000 - POSTOJNA,VO 2007 - ILIRSKA BISTRICA,45,Mereče 6,45.6034493,14.2120056
VE 2000 - POSTOJNA,VO 2007 - ILIRSKA BISTRICA,46,Pomožni vaški prostor Podstenje,45.59879,14.22026
VE 2000 - POSTOJNA,VO 2007 - ILIRSKA BISTRICA,47,Prostori KS Šembije,45.59658,14.29234
VE 2000 - POSTOJNA,VO 2007 - ILIRSKA BISTRICA,48,Gasilski dom Knežak,45.6240524,14.2461673
VE 2000 - POSTOJNA,VO 2007 - ILIRSKA BISTRICA,49,Vaški dom Bač,45.63337,14.25776
VE 2000 - POSTOJNA,VO 2007 - ILIRSKA BISTRICA,50,Gasilski dom  Koritnice,45.62045,14.33257
VE 2000 - POSTOJNA,VO 2008 - POSTOJNA,1,Osnovna šola Pivka,45.68292,14.19588
VE 2000 - POSTOJNA,VO 2008 - POSTOJNA,2,Osnovna šola Pivka,45.68292,14.19588
VE 2000 - POSTOJNA,VO 2008 - POSTOJNA,3,Osnovna šola Pivka,45.68292,14.19588
VE 2000 - POSTOJNA,VO 2008 - POSTOJNA,5,Gasilski dom Palčje,45.69413,14.30692
VE 2000 - POSTOJNA,VO 2008 - POSTOJNA,6,Kulturni dom Juršče,45.66613,14.29613
VE 2000 - POSTOJNA,VO 2008 - POSTOJNA,7,Gasilski dom Zagorje,46.1690548,14.8726714
VE 2000 - POSTOJNA,VO 2008 - POSTOJNA,8,Osnovna šola Šmihel,45.7990388,15.1720002
VE 2000 - POSTOJNA,VO 2008 - POSTOJNA,9,O.Š. Dolnja Košana 61,45.6740162,14.1383227
VE 2000 - POSTOJNA,VO 2008 - POSTOJNA,10,"Hiša Požar, Čepno 15",45.67048,14.09369
VE 2000 - POSTOJNA,VO 2008 - POSTOJNA,11,Kontejner na otroškem igrišču Volče,46.1754,13.70785
VE 2000 - POSTOJNA,VO 2008 - POSTOJNA,12,"Hiša Biščak Anton, Buje",45.655,14.0875
VE 2000 - POSTOJNA,VO 2008 - POSTOJNA,13,"Vaška hiša, Suhorje 23a",,
VE 2000 - POSTOJNA,VO 2008 - POSTOJNA,14,"Stara  o.š., Kal 90",45.66833,14.16611
VE 2000 - POSTOJNA,VO 2008 - POSTOJNA,15,"Gostilna Miranda, Selce",46.51667,15.83333
VE 2000 - POSTOJNA,VO 2008 - POSTOJNA,16,"Srednja gozda., lesar. in zdrav. šola Postojna",45.77435,14.21528
VE 2000 - POSTOJNA,VO 2008 - POSTOJNA,17,"Avla Inšt. za razis. Krasa ZRC SAZU, Titov trg 2",,
VE 2000 - POSTOJNA,VO 2008 - POSTOJNA,19,"Mala dvorana KD Postojna, Gregorčičev drev. 2b, Po",,
VE 2000 - POSTOJNA,VO 2008 - POSTOJNA,20,"Gostilna ""Brne""",,
VE 2000 - POSTOJNA,VO 2008 - POSTOJNA,21,"O.Š. ""A. Globočnika"", Postojna",45.77435,14.21528
VE 2000 - POSTOJNA,VO 2008 - POSTOJNA,22,"O.Š. ""A. Globočnika"", Postojna",45.77435,14.21528
VE 2000 - POSTOJNA,VO 2008 - POSTOJNA,23,"O.Š. ""A. Globočnika"", Postojna",45.77435,14.21528
VE 2000 - POSTOJNA,VO 2008 - POSTOJNA,24,"O.Š.""A. Globočnika"", Postojna",45.77435,14.21528
VE 2000 - POSTOJNA,VO 2008 - POSTOJNA,25,"O.Š.""A. Globočnika"", Postojna",45.77435,14.21528
VE 2000 - POSTOJNA,VO 2008 - POSTOJNA,27,Dom upokojencev Postojna,45.7657821,14.2130717
VE 2000 - POSTOJNA,VO 2008 - POSTOJNA,28,"Podjetniški inkubator, Veliki otok 44b",,
VE 2000 - POSTOJNA,VO 2008 - POSTOJNA,29,Kulturni dom Miroslava Vilharja Planina,45.84027,14.22673
VE 2000 - POSTOJNA,VO 2008 - POSTOJNA,30,Kulturni dom Studeno,45.82306,14.17722
VE 2000 - POSTOJNA,VO 2008 - POSTOJNA,31,Kulturni dom Bukovje,45.81778,14.13278
VE 2000 - POSTOJNA,VO 2008 - POSTOJNA,32,Kulturni dom Landol,45.79222,14.13278
VE 2000 - POSTOJNA,VO 2008 - POSTOJNA,33,"Kult. dom, Šmihel pod Nanosom",45.79639,14.12056
VE 2000 - POSTOJNA,VO 2008 - POSTOJNA,34,O.Š. Hruševje,45.76056,14.10639
VE 2000 - POSTOJNA,VO 2008 - POSTOJNA,35,Kulturni dom Veliko Ubeljsko,45.78,14.06627
VE 2000 - POSTOJNA,VO 2008 - POSTOJNA,36,Gasilski dom Razdrto,45.7570311,14.063985
VE 2000 - POSTOJNA,VO 2008 - POSTOJNA,37,Dom krajanov Bolk,,
VE 2000 - POSTOJNA,VO 2008 - POSTOJNA,38,Kulturni dom Hrašče,45.7775,14.14917
VE 2000 - POSTOJNA,VO 2008 - POSTOJNA,39,"Bar Livada, Rakitnik 39",45.7440887,14.1924231
VE 2000 - POSTOJNA,VO 2008 - POSTOJNA,40,OŠ Prestranek,45.7313647,14.1832679
VE 2000 - POSTOJNA,VO 2008 - POSTOJNA,41,"Kulturni dom, Slavina 31",45.71139,14.17972
VE 2000 - POSTOJNA,VO 2008 - POSTOJNA,42,Kulturni dom Orehek,45.74833,14.14972
VE 2000 - POSTOJNA,VO 2008 - POSTOJNA,43,"Hiša Čič, Zagon 3a",,
VE 2000 - POSTOJNA,VO 2008 - POSTOJNA,44,"Hiša Kernel, Koče 62 , Postojna",45.77435,14.21528
VE 2000 - POSTOJNA,VO 2009 - NOVA GORICA 1,1,"OŠ Alojza Gradnika Dobrovo, Trg 25. maja 9",,
VE 2000 - POSTOJNA,VO 2009 - NOVA GORICA 1,2,"Turistična kmetija Breg, Breg pri Golem Brdu 8",46.0495933,13.4982976
VE 2000 - POSTOJNA,VO 2009 - NOVA GORICA 1,3,"Bivša karavla, Vrhovlje pri Kožbani",46.0442,13.51705
VE 2000 - POSTOJNA,VO 2009 - NOVA GORICA 1,4,"Sedež VS, Neblo 1j",,
VE 2000 - POSTOJNA,VO 2009 - NOVA GORICA 1,5,"Vila Vipolže, Vipolže 29",45.9719521,13.53785
VE 2000 - POSTOJNA,VO 2009 - NOVA GORICA 1,6,"Večnamenski prostor, Kozana 59",45.99278,13.55028
VE 2000 - POSTOJNA,VO 2009 - NOVA GORICA 1,7,"Zadružni dom, Fojana 25",45.99639,13.50083
VE 2000 - POSTOJNA,VO 2009 - NOVA GORICA 1,8,"Vaški dom, Višnjevik 33",46.02167,13.54028
VE 2000 - POSTOJNA,VO 2009 - NOVA GORICA 1,9,"Vrtec Kojsko, Kojsko 69",46.00917,13.57972
VE 2000 - POSTOJNA,VO 2009 - NOVA GORICA 1,10,"Vaški dom, Vrhovlje pri Kojskem 18",46.02444,13.57528
VE 2000 - POSTOJNA,VO 2009 - NOVA GORICA 1,11,"Zadružni dom, Vedrijan 34",46.01561,13.54534
VE 2000 - POSTOJNA,VO 2009 - NOVA GORICA 1,12,"Zadružni dom, Hum 54",,
VE 2000 - POSTOJNA,VO 2009 - NOVA GORICA 1,13,"Dom upokojencev, Podsabotin 27",45.9946371,13.6042931
VE 2000 - POSTOJNA,VO 2009 - NOVA GORICA 1,14,"Večnamenski prostor, Gornje Cerovo 12c",,
VE 2000 - POSTOJNA,VO 2009 - NOVA GORICA 1,15,"Hiša kulture, Šmartno 38",46.04444,14.84417
VE 2000 - POSTOJNA,VO 2009 - NOVA GORICA 1,16,"Zadružni dom, Medana 16",45.98528,13.52139
VE 2000 - POSTOJNA,VO 2009 - NOVA GORICA 1,17,"Briški dom pri župnišču Biljana, Biljana 12",45.99361,13.53557
VE 2000 - POSTOJNA,VO 2009 - NOVA GORICA 1,18,"Bivši market Mercator Anhovo, Anhovo 67",46.05778,13.62116
VE 2000 - POSTOJNA,VO 2009 - NOVA GORICA 1,19,"Športno rekreativno društvo Ložice, Ložice 8",46.05485,13.60347
VE 2000 - POSTOJNA,VO 2009 - NOVA GORICA 1,20,"Železniška postaja Plave, Vojkova ulica 28",,
VE 2000 - POSTOJNA,VO 2009 - NOVA GORICA 1,21,"Kulturni dom Deskle, Srebrničeva ul. 18",46.0535863,13.613835
VE 2000 - POSTOJNA,VO 2009 - NOVA GORICA 1,22,"Prostor PGD Avče, Avče 26",46.0944,13.68817
VE 2000 - POSTOJNA,VO 2009 - NOVA GORICA 1,23,"Sedež KS, Kal nad Kanalom 111e",,
VE 2000 - POSTOJNA,VO 2009 - NOVA GORICA 1,24,"Prostor TR društva Globočak, Kambreško 12",46.12833,13.65278
VE 2000 - POSTOJNA,VO 2009 - NOVA GORICA 1,25,Dvorana športnega parka Morsko,46.07143,13.64106
VE 2000 - POSTOJNA,VO 2009 - NOVA GORICA 1,26,"Informacijska točka pri jezeru, Kanalski Vrh",46.06973,13.66631
VE 2000 - POSTOJNA,VO 2009 - NOVA GORICA 1,27,Bodrež 2,46.095674,13.6433942
VE 2000 - POSTOJNA,VO 2009 - NOVA GORICA 1,28,"OŠ Kanal - volišče št. 1, Gradnikova ul. 25",,
VE 2000 - POSTOJNA,VO 2009 - NOVA GORICA 1,29,"OŠ Kanal - volišče št. 2, Gradnikova ul. 25",,
VE 2000 - POSTOJNA,VO 2009 - NOVA GORICA 1,30,"Večnamenski objekt, Levpa 27",46.09083,13.70333
VE 2000 - POSTOJNA,VO 2009 - NOVA GORICA 1,31,"Kulturni dom Lig, Lig 1",,
VE 2000 - POSTOJNA,VO 2009 - NOVA GORICA 1,32,"Dom Valentina Staniča, Ročinj 59",46.1090095,13.6725291
VE 2000 - POSTOJNA,VO 2009 - NOVA GORICA 1,33,Športni park Doblar,46.11972,13.68972
VE 2000 - POSTOJNA,VO 2009 - NOVA GORICA 1,34,"Dom krajanov Negovan Nemec, Bilje",45.8931431,13.635081
VE 2000 - POSTOJNA,VO 2009 - NOVA GORICA 1,35,"Sedež KS, Kostanjevica na Krasu 75",45.845,13.64167
VE 2000 - POSTOJNA,VO 2009 - NOVA GORICA 1,36,"Hiša dobre volje (pritličje), Miren 138",45.89556,13.6075
VE 2000 - POSTOJNA,VO 2009 - NOVA GORICA 1,37,Športni park Orehovlje,45.8874757,13.6087741
VE 2000 - POSTOJNA,VO 2009 - NOVA GORICA 1,38,"Sedež KS, Opatje selo 14",45.85083,13.58361
VE 2000 - POSTOJNA,VO 2009 - NOVA GORICA 1,39,"Sedež KS, Sela na Krasu 35",45.82139,13.61639
VE 2000 - POSTOJNA,VO 2009 - NOVA GORICA 1,40,"Stara šola, Temnica 10",45.8444013,13.6752634
VE 2000 - POSTOJNA,VO 2009 - NOVA GORICA 1,41,"Vaški dom, Lipa 17",,
VE 2000 - POSTOJNA,VO 2009 - NOVA GORICA 1,42,"Bivša OŠ, Vojščica 37",45.82861,13.67167
VE 2000 - POSTOJNA,VO 2009 - NOVA GORICA 1,43,"Sedež KS (pri trgovini), Banjšice 86",46.05,13.71667
VE 2000 - POSTOJNA,VO 2009 - NOVA GORICA 1,44,"Kulturni dom, Branik 75",45.8600612,13.787352
VE 2000 - POSTOJNA,VO 2009 - NOVA GORICA 1,45,"Zadružni dom, Preserje 25",46.16911,14.59698
VE 2000 - POSTOJNA,VO 2009 - NOVA GORICA 1,46,"Bivša OŠ, Spodnja Branica 29",45.84361,13.82972
VE 2000 - POSTOJNA,VO 2009 - NOVA GORICA 1,47,"OŠ Čepovan, Čepovan 87",46.0502046,13.7928801
VE 2000 - POSTOJNA,VO 2009 - NOVA GORICA 1,48,"OŠ Dornberk, Gregorčičeva ul. 30a",,
VE 2000 - POSTOJNA,VO 2009 - NOVA GORICA 1,49,"OŠ Dornberk, Gregorčičeva ul. 30a",,
VE 2000 - POSTOJNA,VO 2009 - NOVA GORICA 1,50,"Kulturni dom (na hribu), Gradišče nad Prvačino 95",45.88889,13.70167
VE 2000 - POSTOJNA,VO 2009 - NOVA GORICA 1,51,"Kulturni dom (pritličje), Grgar 47",45.99861,13.67389
VE 2000 - POSTOJNA,VO 2009 - NOVA GORICA 1,52,"Sedež KS, Grgarske Ravne 30",46.03194,13.6725
VE 2000 - POSTOJNA,VO 2009 - NOVA GORICA 1,53,"Avtobusna čakalnica, Bate",46.03036,13.70507
VE 2000 - POSTOJNA,VO 2009 - NOVA GORICA 1,54,"Večnamenski objekt, Lokovec 205a",,
VE 2000 - POSTOJNA,VO 2009 - NOVA GORICA 1,55,"Center kulturne dediščine, Lokovec 82",45.90167,13.87972
VE 2000 - POSTOJNA,VO 2009 - NOVA GORICA 1,56,"Bivša OŠ, Lokve 30",45.60167,15.17389
VE 2000 - POSTOJNA,VO 2009 - NOVA GORICA 1,57,"Sedež KS, Osek 46f",,
VE 2000 - POSTOJNA,VO 2009 - NOVA GORICA 1,58,"Šola glasbe in umetnosti Ozlinka, Ozeljan 49b",,
VE 2000 - POSTOJNA,VO 2009 - NOVA GORICA 1,59,"Vrtec Prvačina, Prvačina 48a",,
VE 2000 - POSTOJNA,VO 2009 - NOVA GORICA 1,60,"Župnišče Ravnica, Ravnica 12",45.98167,13.69833
VE 2000 - POSTOJNA,VO 2009 - NOVA GORICA 1,61,"OŠ Renče, Trg 31",45.8893042,13.6718628
VE 2000 - POSTOJNA,VO 2009 - NOVA GORICA 1,62,"OŠ Renče, Trg 31",45.8893042,13.6718628
VE 2000 - POSTOJNA,VO 2009 - NOVA GORICA 1,63,"Kulturni dom, Šempas 29",45.9280837,13.7471324
VE 2000 - POSTOJNA,VO 2009 - NOVA GORICA 1,64,"Sedež KS, Trnovo 37",46.02412,14.48891
VE 2000 - POSTOJNA,VO 2010 - NOVA GORICA 2,1,OŠ Bukovica - Bukovica 44,46.1689531,14.5153332
VE 2000 - POSTOJNA,VO 2010 - NOVA GORICA 2,2,"KS Kromberk-Loke, Ul. Vinka Vodopivca 90",,
VE 2000 - POSTOJNA,VO 2010 - NOVA GORICA 2,3,Kmetijsko gozdarski zavod  - Pri hrastu 18,,
VE 2000 - POSTOJNA,VO 2010 - NOVA GORICA 2,4,"Goriška knjižnica Franceta Bevka,Trg E.Kardelja 4",,
VE 2000 - POSTOJNA,VO 2010 - NOVA GORICA 2,5,"Mestna občina NG-sejna dvorana, Trg E. Kardelja 1",,
VE 2000 - POSTOJNA,VO 2010 - NOVA GORICA 2,6,OŠ Kozara - Kidričeva ul. 35,45.952008,13.6468656
VE 2000 - POSTOJNA,VO 2010 - NOVA GORICA 2,7,"OŠ Frana Erjavca, Kidričeva ul. 36",45.9521857,13.6456192
VE 2000 - POSTOJNA,VO 2010 - NOVA GORICA 2,8,"OŠ Milojke Štrukelj, Delpinova ul. 7",45.9570466,13.6451002
VE 2000 - POSTOJNA,VO 2010 - NOVA GORICA 2,9,"Zveza kulturnih društev, Ul. Gradnikove br. 25",,
VE 2000 - POSTOJNA,VO 2010 - NOVA GORICA 2,10,"Mestna občina NG-Sejna dvorana, Trg E. Kardelja 1",,
VE 2000 - POSTOJNA,VO 2010 - NOVA GORICA 2,11,OŠ Ledine - Cankarjeva ul. 23,45.9570466,13.6451002
VE 2000 - POSTOJNA,VO 2010 - NOVA GORICA 2,12,VDC Nova Gorica - Sedejeva ul. 10,,
VE 2000 - POSTOJNA,VO 2010 - NOVA GORICA 2,13,OŠ Ledine - Cankarjeva ul. 23,45.9570466,13.6451002
VE 2000 - POSTOJNA,VO 2010 - NOVA GORICA 2,14,MIC - Cankarjeva ul. 8a,45.957036,13.6432245
VE 2000 - POSTOJNA,VO 2010 - NOVA GORICA 2,15,MIC - Cankarjeva ul. 8a,45.957036,13.6432245
VE 2000 - POSTOJNA,VO 2010 - NOVA GORICA 2,16,"Bivši maloobmejni prehod, Erjavčeva ul. 53",,
VE 2000 - POSTOJNA,VO 2010 - NOVA GORICA 2,17,KS Nova Gorica - Erjavčeva ul. 4,,
VE 2000 - POSTOJNA,VO 2010 - NOVA GORICA 2,18,Srednja ekonomska in trgovska šola- Erjavčeva 8,45.955532,13.643479
VE 2000 - POSTOJNA,VO 2010 - NOVA GORICA 2,19,"Srednja ekonomska in trgovska šola, Erjavčeva 8",45.955532,13.643479
VE 2000 - POSTOJNA,VO 2010 - NOVA GORICA 2,20,"MEGATERM, Cesta 25. junija 1g",,
VE 2000 - POSTOJNA,VO 2010 - NOVA GORICA 2,21,"VDC - Želva, Ajševica 42, R. Dolina",,
VE 2000 - POSTOJNA,VO 2010 - NOVA GORICA 2,22,"Univerza v Novi Gorici, Vipavska c. 13, R. Dolina",,
VE 2000 - POSTOJNA,VO 2010 - NOVA GORICA 2,23,Kulturni dom Stara Gora - Stara Gora 14,45.935,13.67528
VE 2000 - POSTOJNA,VO 2010 - NOVA GORICA 2,24,"KS Solkan, Trg Jožeta Srebrniča 7",,
VE 2000 - POSTOJNA,VO 2010 - NOVA GORICA 2,25,OŠ Solkan - Šolska ul. 25,45.9691945,13.6493038
VE 2000 - POSTOJNA,VO 2010 - NOVA GORICA 2,26,"Vrtec Julke Pavletič, Ulica L.Slokarja 8",,
VE 2000 - POSTOJNA,VO 2010 - NOVA GORICA 2,27,"OŠ Solkan, Šolska ul. 25",45.9691945,13.6493038
VE 2000 - POSTOJNA,VO 2010 - NOVA GORICA 2,28,Center starejših Šempeter-C. prekomorskih br. 62a,,
VE 2000 - POSTOJNA,VO 2010 - NOVA GORICA 2,29,"Občinska uprava-Coroninijev dvorec,Trg I. Roba 3a",,
VE 2000 - POSTOJNA,VO 2010 - NOVA GORICA 2,30,"OŠ Ivana Roba, Ul. Andreja Gabrščka 1",45.9281571,13.6388981
VE 2000 - POSTOJNA,VO 2010 - NOVA GORICA 2,31,"Ulica Ivana Suliča 12/a, Šempeter",45.9338722,13.643127
VE 2000 - POSTOJNA,VO 2010 - NOVA GORICA 2,32,OŠ Vogrsko - Vogrsko 99,45.8893042,13.6718628
VE 2000 - POSTOJNA,VO 2010 - NOVA GORICA 2,33,"MC Vrtojba, Ulica 9. septembra 72",,
VE 2000 - POSTOJNA,VO 2010 - NOVA GORICA 2,34,"OŠ Vrtojba, Ulica 9. septembra 132a",,
VE 2000 - POSTOJNA,VO 2011 - AJDOVŠČINA,1,"OŠ Danila Lokarja Ajdovščina, Cesta 5. maja 15",45.8913915,13.902661
VE 2000 - POSTOJNA,VO 2011 - AJDOVŠČINA,2,"Stavba občine Ajdovščina, Cesta 5. maja 6a",,
VE 2000 - POSTOJNA,VO 2011 - AJDOVŠČINA,3,"Prostori PGD Ajdovščina, Tovarniška cesta 3g",,
VE 2000 - POSTOJNA,VO 2011 - AJDOVŠČINA,4,"Otroški vrtec Ob Hublju, Ob Hublju 1, Ajdovščina",45.889185,13.9065772
VE 2000 - POSTOJNA,VO 2011 - AJDOVŠČINA,5,"Dom krajanov Ajdovščina, Prešernova ulica 26",,
VE 2000 - POSTOJNA,VO 2011 - AJDOVŠČINA,6,"Osnovna šola Šturje, Bevkova ul. 22, Ajdovščina",45.8845038,13.9133786
VE 2000 - POSTOJNA,VO 2011 - AJDOVŠČINA,7,"Otroški vrtec Ribnik, Pot v Žapuže 14, Ajdovščina",45.8836669,13.9170856
VE 2000 - POSTOJNA,VO 2011 - AJDOVŠČINA,8,"Dom krajanov Žapuže, Žapuže 10",45.8815563,13.920007
VE 2000 - POSTOJNA,VO 2011 - AJDOVŠČINA,9,"Dom krajanov Dolga Poljana, Dolga Poljana 17",45.8719,13.92951
VE 2000 - POSTOJNA,VO 2011 - AJDOVŠČINA,10,"Stara šola Budanje, Budanje 37",45.8742539,13.9497179
VE 2000 - POSTOJNA,VO 2011 - AJDOVŠČINA,11,"Dvorana Edmunda Čibeja, Lokavec 126a",,
VE 2000 - POSTOJNA,VO 2011 - AJDOVŠČINA,12,"Dom krajanov Predmeja, Predmeja 93a ",,
VE 2000 - POSTOJNA,VO 2011 - AJDOVŠČINA,13,"Dom krajanov Otlica, Otlica 47",45.92722,13.90861
VE 2000 - POSTOJNA,VO 2011 - AJDOVŠČINA,14,"Taborniški dom na Kovku, Kovk 13",45.91389,13.92972
VE 2000 - POSTOJNA,VO 2011 - AJDOVŠČINA,15,"Osnovna šola Col, Col 35",45.8805891,14.0014993
VE 2000 - POSTOJNA,VO 2011 - AJDOVŠČINA,16,"Osnovna šola v Podkraju, Podkraj 9",46.3525,15.08917
VE 2000 - POSTOJNA,VO 2011 - AJDOVŠČINA,17,"Dom krajanov Stomaž, Stomaž 36",45.90583,13.85028
VE 2000 - POSTOJNA,VO 2011 - AJDOVŠČINA,18,"Prostori KS Skrilje, Skrilje 39",45.91556,14.54111
VE 2000 - POSTOJNA,VO 2011 - AJDOVŠČINA,19,"Dom krajanov Cesta, Cesta 94a",,
VE 2000 - POSTOJNA,VO 2011 - AJDOVŠČINA,20,"Dom krajanov Vipavski Križ, Vipavski Križ 8",45.88222,13.86222
VE 2000 - POSTOJNA,VO 2011 - AJDOVŠČINA,21,"Dom krajanov Plače, Plače 27 a",,
VE 2000 - POSTOJNA,VO 2011 - AJDOVŠČINA,22,"Martinova dvorana v Gaberjah, Gaberje 37",45.7825,15.27556
VE 2000 - POSTOJNA,VO 2011 - AJDOVŠČINA,23,"Gasilski dom Šmarje, Šmarje 48a",,
VE 2000 - POSTOJNA,VO 2011 - AJDOVŠČINA,24,"Večnamenski prostor na Ustjah, Ustje 18",45.86987,13.89513
VE 2000 - POSTOJNA,VO 2011 - AJDOVŠČINA,25,"Dom krajanov Planina, Planina 58",45.84027,14.22673
VE 2000 - POSTOJNA,VO 2011 - AJDOVŠČINA,26,"Dom krajanov Velike Žablje, Velike Žablje 88a",,
VE 2000 - POSTOJNA,VO 2011 - AJDOVŠČINA,27,"Dom krajanov Dobravlje, Dobravlje 34a",,
VE 2000 - POSTOJNA,VO 2011 - AJDOVŠČINA,28,"Učni center Brje, Brje 53",45.86329,13.81739
VE 2000 - POSTOJNA,VO 2011 - AJDOVŠČINA,29,"Dom krajanov Kamnje- Potoče, Kamnje 61",46.27332,13.91667
VE 2000 - POSTOJNA,VO 2011 - AJDOVŠČINA,30,"Osnovna šola v Vrtovinu, Vrtovin 74",45.93131,13.83036
VE 2000 - POSTOJNA,VO 2011 - AJDOVŠČINA,31,"Dom krajanov Gojače - Malovše, Gojače 48",45.9025,13.79556
VE 2000 - POSTOJNA,VO 2011 - AJDOVŠČINA,32,"Dom krajanov Selo, Selo 39a",46.5771684,15.6549209
VE 2000 - POSTOJNA,VO 2011 - AJDOVŠČINA,33,"Stavba v športnem parku Batuje, Batuje 38b",,
VE 2000 - POSTOJNA,VO 2011 - AJDOVŠČINA,34,"Osnovna šola v Črničah, Črniče 27",45.91056,13.77667
VE 2000 - POSTOJNA,VO 2011 - AJDOVŠČINA,35,"Enota Lavričeve knjižnice Vipava,Beblerjeva ul.17",,
VE 2000 - POSTOJNA,VO 2011 - AJDOVŠČINA,36,"Avla Kulturnega doma Vipava, Glavni trg 15, Vipava",45.84667,13.96306
VE 2000 - POSTOJNA,VO 2011 - AJDOVŠČINA,37,"OŠ Draga Bajca Vipava, Vinarska c. 4, Vipava",45.84667,13.96306
VE 2000 - POSTOJNA,VO 2011 - AJDOVŠČINA,38,"Osnovna šola v Vrhpolju, Vrhpolje 41",46.23333,14.63333
VE 2000 - POSTOJNA,VO 2011 - AJDOVŠČINA,39,"Kulturni dom Gradišče, Gradišče pri Vipavi 35b",,
VE 2000 - POSTOJNA,VO 2011 - AJDOVŠČINA,40,"Prostori krajevne skupnosti Slap, Slap 58",46.12333,13.80472
VE 2000 - POSTOJNA,VO 2011 - AJDOVŠČINA,41,"Krajevna skupnost Lože (stara šola), Lože 53",45.82778,13.93889
VE 2000 - POSTOJNA,VO 2011 - AJDOVŠČINA,42,"Krajevna skupnost Erzelj (stara šola), Erzelj 17",45.83278,13.91028
VE 2000 - POSTOJNA,VO 2011 - AJDOVŠČINA,43,"Prostori krajevne skupnosti Goče, Goče 34",45.82222,13.92556
VE 2000 - POSTOJNA,VO 2011 - AJDOVŠČINA,44,"Kulturni dom Podraga, Podraga 7",45.80806,13.94972
VE 2000 - POSTOJNA,VO 2011 - AJDOVŠČINA,45,"Kulturni dom Janka Premrla - Vojka, Podnanos 71",45.7974536,13.9724522
VE 2000 - POSTOJNA,VO 2011 - AJDOVŠČINA,46,"Krajevna skupnost Lozice (stara šola), Lozice 34",46.05485,13.60347
VE 3000 - LJUBLJANA CENTER,VO 3001 - LOGATEC,1,"Občina Cerknica, C. 4. maja 53, Cerknica",45.7935268,14.3615473
VE 3000 - LJUBLJANA CENTER,VO 3001 - LOGATEC,2,"UE Cerknica, C. 4. maja 24, Cerknica",45.79306,14.3625
VE 3000 - LJUBLJANA CENTER,VO 3001 - LOGATEC,3,"OŠ Notranjski odred Cerknica, C. 4. maja 92",45.7967785,14.3571545
VE 3000 - LJUBLJANA CENTER,VO 3001 - LOGATEC,4,"GD Dolenja vas, Dolenja vas 54",45.70857,14.7539042
VE 3000 - LJUBLJANA CENTER,VO 3001 - LOGATEC,5,"GD Dolenje Jezero, Dolenje Jezero 50b",,
VE 3000 - LJUBLJANA CENTER,VO 3001 - LOGATEC,6,"OŠ J. Krajca Rakek, Partizanska c. 28, Rakek",45.81333,14.31111
VE 3000 - LJUBLJANA CENTER,VO 3001 - LOGATEC,7,"Krajevni urad Rakek, Trg padlih borcev 2, Rakek",45.81333,14.31111
VE 3000 - LJUBLJANA CENTER,VO 3001 - LOGATEC,8,"GD Unec, Unec 14",45.8192884,14.2900979
VE 3000 - LJUBLJANA CENTER,VO 3001 - LOGATEC,9,"GD Ivanje selo, Ivanje selo 6",45.8341363,14.2955426
VE 3000 - LJUBLJANA CENTER,VO 3001 - LOGATEC,10,"GD Bezuljak, Bezuljak 21a",,
VE 3000 - LJUBLJANA CENTER,VO 3001 - LOGATEC,11,"TD Menišija, Begunje pri Cerknici 28",45.81806,14.38222
VE 3000 - LJUBLJANA CENTER,VO 3001 - LOGATEC,13,"GD Gorenje Otave, Gorenje Otave 4",45.84572,14.41668
VE 3000 - LJUBLJANA CENTER,VO 3001 - LOGATEC,14,"GD Sveti Vid, Sveti Vid 5",45.84833,14.46028
VE 3000 - LJUBLJANA CENTER,VO 3001 - LOGATEC,15,"GD Cajnarje, Hruškarje 16",45.83935,14.45299
VE 3000 - LJUBLJANA CENTER,VO 3001 - LOGATEC,16,"GD Žerovnica, Žerovnica 2a",,
VE 3000 - LJUBLJANA CENTER,VO 3001 - LOGATEC,17,"GD Martinjak, Martinjak 1b",,
VE 3000 - LJUBLJANA CENTER,VO 3001 - LOGATEC,18,"GD Gorenje Jezero, Gorenje Jezero 32",45.72806,14.41028
VE 3000 - LJUBLJANA CENTER,VO 3001 - LOGATEC,19,"POŠ 11. maj Grahovo, Grahovo 120",45.76917,14.42222
VE 3000 - LJUBLJANA CENTER,VO 3001 - LOGATEC,20,"Ana Žnidaršič, Bločice 5",45.76111,14.4575
VE 3000 - LJUBLJANA CENTER,VO 3001 - LOGATEC,22,"OŠ Rovte, Rovte 90a",,
VE 3000 - LJUBLJANA CENTER,VO 3001 - LOGATEC,23,"KS Log-Zaplana, Zaplana-del 58b",,
VE 3000 - LJUBLJANA CENTER,VO 3001 - LOGATEC,24,"GD Medvedje Brdo, Medvedje Brdo 40",45.97144,14.13288
VE 3000 - LJUBLJANA CENTER,VO 3001 - LOGATEC,25,"POŠ Rovtarske Žibrše, Rovtarske Žibrše 10",45.96209,14.16665
VE 3000 - LJUBLJANA CENTER,VO 3001 - LOGATEC,26,"POŠ Laze, Laze 57",46.34157,15.1332
VE 3000 - LJUBLJANA CENTER,VO 3001 - LOGATEC,27,"POŠ Vrh Sv. Treh Kraljev, Vrh Sv. Treh Kraljev 19",46.0142,14.1686
VE 3000 - LJUBLJANA CENTER,VO 3001 - LOGATEC,28,"OŠ 8 talcev Logatec, Notranjska c. 3, Logatec",45.91444,14.22583
VE 3000 - LJUBLJANA CENTER,VO 3001 - LOGATEC,30,"OŠ 8 talcev Logatec, Notranjska c. 3, Logatec",45.91444,14.22583
VE 3000 - LJUBLJANA CENTER,VO 3001 - LOGATEC,31,"Upravni center Logatec, Tržaška c. 50a, Logatec",45.91444,14.22583
VE 3000 - LJUBLJANA CENTER,VO 3001 - LOGATEC,32,"Upravni center Logatec, Tržaška c. 50a, Logatec",45.91444,14.22583
VE 3000 - LJUBLJANA CENTER,VO 3001 - LOGATEC,33,"POŠ Hotedršica, Hotedršica 120",45.93028,14.14222
VE 3000 - LJUBLJANA CENTER,VO 3001 - LOGATEC,34,"OŠ Tabor Logatec, Tržaška c. 150, Logatec",45.91444,14.22583
VE 3000 - LJUBLJANA CENTER,VO 3001 - LOGATEC,35,"Brunarica na ovinku, Grčarevec 2a",,
VE 3000 - LJUBLJANA CENTER,VO 3001 - LOGATEC,36,"ZVI Logatec, Tržaška c. 63, Logatec",45.91444,14.22583
VE 3000 - LJUBLJANA CENTER,VO 3001 - LOGATEC,37,"Medgen. center Gaber, C. Notr. odr. 45b, Stari trg",45.71484,14.47097
VE 3000 - LJUBLJANA CENTER,VO 3001 - LOGATEC,38,"Okrepčevalnica Lož, C. 19. oktobra 54, Lož",45.72417,14.46889
VE 3000 - LJUBLJANA CENTER,VO 3001 - LOGATEC,39,"POŠ Iga vas, Iga vas 1",45.69111,14.48472
VE 3000 - LJUBLJANA CENTER,VO 3001 - LOGATEC,40,"Gostišče Mlakar, Markovec 15a",,
VE 3000 - LJUBLJANA CENTER,VO 3001 - LOGATEC,43,"Večnamenski objekt Babno Polje, Babno Polje 82",45.64519,14.54942
VE 3000 - LJUBLJANA CENTER,VO 3001 - LOGATEC,44,"OŠ Nova vas, Nova vas 4b",45.9626332,14.2968829
VE 3000 - LJUBLJANA CENTER,VO 3001 - LOGATEC,45,"GD Velike Bloke, Velike Bloke 22",45.78444,14.48056
VE 3000 - LJUBLJANA CENTER,VO 3001 - LOGATEC,47,"VD Sveta Trojica, Sveta Trojica 5a",,
VE 3000 - LJUBLJANA CENTER,VO 3001 - LOGATEC,49,"Kraševec Bojan, Studenec na Blokah 12a",,
VE 3000 - LJUBLJANA CENTER,VO 3002 - VRHNIKA,1,"LD Borovnica, Miklavičeva c. 2a, Borovnica",45.91583,14.36306
VE 3000 - LJUBLJANA CENTER,VO 3002 - VRHNIKA,2,"OŠ Borovnica, Paplerjeva ul. 15, Borovnica",45.9165132,14.3662558
VE 3000 - LJUBLJANA CENTER,VO 3002 - VRHNIKA,3,"Občina Borovnica, Paplerjeva ul. 22, Borovnica",45.9155518,14.3660219
VE 3000 - LJUBLJANA CENTER,VO 3002 - VRHNIKA,5,"GD Breg pri Borovnici 18, Borovnica",45.91583,14.36306
VE 3000 - LJUBLJANA CENTER,VO 3002 - VRHNIKA,6,"Dom krajanov Dol-Laze, Obrtniška ul.30, Borovnica",45.91583,14.36306
VE 3000 - LJUBLJANA CENTER,VO 3002 - VRHNIKA,7,"GD Brezovica pri Borovnici 42, Borovnica",45.91583,14.36306
VE 3000 - LJUBLJANA CENTER,VO 3002 - VRHNIKA,8,"Cankarjev dom Vrhnika, Tržaška c. 25, Vrhnika",45.9611599,14.2952495
VE 3000 - LJUBLJANA CENTER,VO 3002 - VRHNIKA,10,"OŠ I. Cankarja I, Lošca 1, Vrhnika",45.9635,14.29484
VE 3000 - LJUBLJANA CENTER,VO 3002 - VRHNIKA,11,"OŠ I. Cankarja II, Lošca 1, Vrhnika",45.9635,14.29484
VE 3000 - LJUBLJANA CENTER,VO 3002 - VRHNIKA,12,"GD Vrhnika, Jelovškova ul. 3, Vrhnika",45.9635,14.29484
VE 3000 - LJUBLJANA CENTER,VO 3002 - VRHNIKA,13,"Elektro Ljubljana, Ljubljanska c. 23, Vrhnika",45.9635,14.29484
VE 3000 - LJUBLJANA CENTER,VO 3002 - VRHNIKA,14,"OŠ I. Cankarja III, Lošca 1, Vrhnika",45.9635,14.29484
VE 3000 - LJUBLJANA CENTER,VO 3002 - VRHNIKA,15,"Župnijski vrtec Vrhnika, Hrib 2, Vrhnika",45.9635,14.29484
VE 3000 - LJUBLJANA CENTER,VO 3002 - VRHNIKA,16,"GD Verd, Verd 100, Vrhnika",45.9635,14.29484
VE 3000 - LJUBLJANA CENTER,VO 3002 - VRHNIKA,17,"GD Verd, Verd 100, Vrhnika",45.9635,14.29484
VE 3000 - LJUBLJANA CENTER,VO 3002 - VRHNIKA,18,"Dom krajanov Dragomer, Na Grivi 5, Dragomer",46.01667,14.38333
VE 3000 - LJUBLJANA CENTER,VO 3002 - VRHNIKA,19,"GD Log pri Brezovici,Loška c.18,Log pri Brezovici",46.01667,14.36667
VE 3000 - LJUBLJANA CENTER,VO 3002 - VRHNIKA,20,"GD Drenov Grič, Drenov Grič 25, Vrhnika",45.9635,14.29484
VE 3000 - LJUBLJANA CENTER,VO 3002 - VRHNIKA,21,"Dom KS Stara Vrhnika, Stara Vrhnika 107a, Vrhnika",45.9635,14.29484
VE 3000 - LJUBLJANA CENTER,VO 3002 - VRHNIKA,22,"KD Bevke, Bevke 17, Log pri Brezovici",46.01667,14.36667
VE 3000 - LJUBLJANA CENTER,VO 3002 - VRHNIKA,23,"GD Podlipa, Smrečje 7, Vrhnika",45.9635,14.29484
VE 3000 - LJUBLJANA CENTER,VO 3002 - VRHNIKA,24,"GD Ligojna, Mala Ligojna 18, Vrhnika",45.9635,14.29484
VE 3000 - LJUBLJANA CENTER,VO 3002 - VRHNIKA,25,"Dom KS Sinja Gorica, bš, Vrhnika",45.9635,14.29484
VE 3000 - LJUBLJANA CENTER,VO 3002 - VRHNIKA,26,"KS Blatna Brezovica, Blatna Brezovica 12,Vrhnika",45.9635,14.29484
VE 3000 - LJUBLJANA CENTER,VO 3002 - VRHNIKA,27,"Dom bratstva Zaplana, Zaplana 30",45.97203,14.23091
VE 3000 - LJUBLJANA CENTER,VO 3002 - VRHNIKA,28,"Dom gasilcev in krajanov, Zavrh pri Borovnici 1",45.90278,14.34639
VE 3000 - LJUBLJANA CENTER,VO 3002 - VRHNIKA,29,"GD Dragomer-Lukovica, Na Grivi 5, Dragomer",46.01667,14.38333
VE 3000 - LJUBLJANA CENTER,VO 3002 - VRHNIKA,30,"OŠ I. Cankarja IV, Lošca 1, Vrhnika",45.9635,14.29484
VE 3000 - LJUBLJANA CENTER,VO 3002 - VRHNIKA,31,"OŠ A.M. Slomška, Pod Hruševco 33, Vrhnika",45.9635,14.29484
VE 3000 - LJUBLJANA CENTER,VO 3002 - VRHNIKA,32,"GD Log pri Brezovici,Loška c.18,Log pri Brezovici",46.01667,14.36667
VE 3000 - LJUBLJANA CENTER,VO 3003 - LJUBLJANA VIČ-RUDNIK 1,1,"GD Goričica, Goričica pod Krimom 29, Preserje",46.16911,14.59698
VE 3000 - LJUBLJANA CENTER,VO 3003 - LJUBLJANA VIČ-RUDNIK 1,3,"GD Kamnik pod K., Kamnik pod Krimom 151a,Preserje",46.16911,14.59698
VE 3000 - LJUBLJANA CENTER,VO 3003 - LJUBLJANA VIČ-RUDNIK 1,4,"OŠ Preserje, Preserje 60, Preserje",46.16911,14.59698
VE 3000 - LJUBLJANA CENTER,VO 3003 - LJUBLJANA VIČ-RUDNIK 1,5,"KD Podpeč, Jezero 21, Preserje",46.16911,14.59698
VE 3000 - LJUBLJANA CENTER,VO 3003 - LJUBLJANA VIČ-RUDNIK 1,7,"PŠ Rakitna, Rakitna 54, Preserje",46.16911,14.59698
VE 3000 - LJUBLJANA CENTER,VO 3003 - LJUBLJANA VIČ-RUDNIK 1,8,"ZDD Notranje Gorice, Podpeška c. 380, Notranje G.",,
VE 3000 - LJUBLJANA CENTER,VO 3003 - LJUBLJANA VIČ-RUDNIK 1,9,"ZDD Notranje Gorice, Podpeška c. 380, Notranje G.",,
VE 3000 - LJUBLJANA CENTER,VO 3003 - LJUBLJANA VIČ-RUDNIK 1,10,"DK Vnanje Gorice, Nova pot 5, Brezovica",46.03333,14.4
VE 3000 - LJUBLJANA CENTER,VO 3003 - LJUBLJANA VIČ-RUDNIK 1,11,"Osnovna šola Ig, Troštova ul. 24, 1292 Ig",45.9603,14.5289
VE 3000 - LJUBLJANA CENTER,VO 3003 - LJUBLJANA VIČ-RUDNIK 1,12,"Novi GD Ig, Gasilska ulica 39",,
VE 3000 - LJUBLJANA CENTER,VO 3003 - LJUBLJANA VIČ-RUDNIK 1,13,"PGD Kot, Kot 19",45.9507016,14.5149357
VE 3000 - LJUBLJANA CENTER,VO 3003 - LJUBLJANA VIČ-RUDNIK 1,14,"Družabni objekt""Senožetka"", Iška Loka",45.96472,14.51583
VE 3000 - LJUBLJANA CENTER,VO 3003 - LJUBLJANA VIČ-RUDNIK 1,15,"GD Matena, Matena 55",45.98106,14.50087
VE 3000 - LJUBLJANA CENTER,VO 3003 - LJUBLJANA VIČ-RUDNIK 1,16,"GD Golo, Golo 5a",,
VE 3000 - LJUBLJANA CENTER,VO 3003 - LJUBLJANA VIČ-RUDNIK 1,17,"GD Škrilje, Škrilje 32, 1292 Ig",45.9603,14.5289
VE 3000 - LJUBLJANA CENTER,VO 3003 - LJUBLJANA VIČ-RUDNIK 1,18,"GD Brest, Brest 22",,
VE 3000 - LJUBLJANA CENTER,VO 3003 - LJUBLJANA VIČ-RUDNIK 1,19,"PŠ Tomišelj, Tomišelj 30",45.96417,14.48194
VE 3000 - LJUBLJANA CENTER,VO 3003 - LJUBLJANA VIČ-RUDNIK 1,20,"GD Vrbljene, Vrbljene 57",45.9525,14.49222
VE 3000 - LJUBLJANA CENTER,VO 3003 - LJUBLJANA VIČ-RUDNIK 1,21,"PGD Iška vas, Iška vas 31",45.9404591,14.5112572
VE 3000 - LJUBLJANA CENTER,VO 3003 - LJUBLJANA VIČ-RUDNIK 1,22,"Rekreativno turistični center Zapotok, Zapotok 8c",,
VE 3000 - LJUBLJANA CENTER,VO 3003 - LJUBLJANA VIČ-RUDNIK 1,23,"GD Barje, Peruzzijeva ul. 101, Ljubljana",46.05108,14.50513
VE 3000 - LJUBLJANA CENTER,VO 3003 - LJUBLJANA VIČ-RUDNIK 1,24,"GD Barje, Peruzzijeva ul. 101, Ljubljana",46.05108,14.50513
VE 3000 - LJUBLJANA CENTER,VO 3003 - LJUBLJANA VIČ-RUDNIK 1,26,"Občina Škofljica, Šmarska c. 3, Škofljica",45.98333,14.57667
VE 3000 - LJUBLJANA CENTER,VO 3003 - LJUBLJANA VIČ-RUDNIK 1,27,"Občina Škofljica, Šmarska c. 3,  Škofljica",45.98333,14.57667
VE 3000 - LJUBLJANA CENTER,VO 3003 - LJUBLJANA VIČ-RUDNIK 1,28,"Občina Škofljica, Šmarska c. 3, Škofljica",45.98333,14.57667
VE 3000 - LJUBLJANA CENTER,VO 3003 - LJUBLJANA VIČ-RUDNIK 1,29,"PŠ Želimlje, Želimlje 43",45.91556,14.57139
VE 3000 - LJUBLJANA CENTER,VO 3003 - LJUBLJANA VIČ-RUDNIK 1,30,"""Skedenj"" Pijava Gorica",45.95111,14.57194
VE 3000 - LJUBLJANA CENTER,VO 3003 - LJUBLJANA VIČ-RUDNIK 1,31,"DK Smrjene, Smrjene 8",45.9375,14.59194
VE 3000 - LJUBLJANA CENTER,VO 3003 - LJUBLJANA VIČ-RUDNIK 1,32,"DK Gradišče, Gradišče XIII 3, 1291 Škofljica",45.9833,14.5767
VE 3000 - LJUBLJANA CENTER,VO 3003 - LJUBLJANA VIČ-RUDNIK 1,33,"Občina Velike Lašče, Levstikov trg 1, Velike Lašče",45.83222,14.63639
VE 3000 - LJUBLJANA CENTER,VO 3003 - LJUBLJANA VIČ-RUDNIK 1,34,"Občina Velike Lašče, Levstikov trg 1, Velike Lašče",45.83222,14.63639
VE 3000 - LJUBLJANA CENTER,VO 3003 - LJUBLJANA VIČ-RUDNIK 1,37,"KD Rob, Rob 5, Rob",45.84861,14.57222
VE 3000 - LJUBLJANA CENTER,VO 3003 - LJUBLJANA VIČ-RUDNIK 1,40,"PŠ in vrtec Turjak, Turjak 17B",,
VE 3000 - LJUBLJANA CENTER,VO 3003 - LJUBLJANA VIČ-RUDNIK 1,41,"DK Vnanje Gorice, Nova pot 5, Brezovica",46.03333,14.4
VE 3000 - LJUBLJANA CENTER,VO 3004 - LJUBLJANA VIČ-RUDNIK 2,1,"OŠ Trnovo, Karunova ul. 14a, Ljubljana",46.0414147,14.500657
VE 3000 - LJUBLJANA CENTER,VO 3004 - LJUBLJANA VIČ-RUDNIK 2,2,"OŠ Trnovo, Karunova ul. 14a, Ljubljana",46.0414147,14.500657
VE 3000 - LJUBLJANA CENTER,VO 3004 - LJUBLJANA VIČ-RUDNIK 2,3,"OŠ Trnovo, Karunova ul. 14a, Ljubljana",46.0414147,14.500657
VE 3000 - LJUBLJANA CENTER,VO 3004 - LJUBLJANA VIČ-RUDNIK 2,4,"OŠ Trnovo, Karunova ul. 14a, Ljubljana",46.0414147,14.500657
VE 3000 - LJUBLJANA CENTER,VO 3004 - LJUBLJANA VIČ-RUDNIK 2,5,"OŠ Oskarja Kovačiča, Ob dolenjski železnici 48",46.0333347,14.5215517
VE 3000 - LJUBLJANA CENTER,VO 3004 - LJUBLJANA VIČ-RUDNIK 2,6,"OŠ Oskarja Kovačiča, Ob dolenjski železnici 48",46.0333347,14.5215517
VE 3000 - LJUBLJANA CENTER,VO 3004 - LJUBLJANA VIČ-RUDNIK 2,8,"OŠ Oskarja Kovačiča, Ob dolenjski železnici 48",46.0333347,14.5215517
VE 3000 - LJUBLJANA CENTER,VO 3004 - LJUBLJANA VIČ-RUDNIK 2,9,"OŠ Oskarja Kovačiča, Ob dolenjski železnici 48",46.0333347,14.5215517
VE 3000 - LJUBLJANA CENTER,VO 3004 - LJUBLJANA VIČ-RUDNIK 2,10,"OŠ Livada, Ul. Dušana Kraigherja 2, Ljubljana",46.05108,14.50513
VE 3000 - LJUBLJANA CENTER,VO 3004 - LJUBLJANA VIČ-RUDNIK 2,11,"OŠ Oskarja Kovačiča, Ob dolenjski železnici 48",46.0333347,14.5215517
VE 3000 - LJUBLJANA CENTER,VO 3004 - LJUBLJANA VIČ-RUDNIK 2,12,"OŠ Livada, Ul. Dušana Kraigherja 2, Ljubljana",46.05108,14.50513
VE 3000 - LJUBLJANA CENTER,VO 3004 - LJUBLJANA VIČ-RUDNIK 2,13,"Podružnična šola Lavrica, Kamnikarjeva ul. 6",46.0006491,14.5565309
VE 3000 - LJUBLJANA CENTER,VO 3004 - LJUBLJANA VIČ-RUDNIK 2,14,"GD Orle, Orle 39, Škofljica",45.98333,14.57667
VE 3000 - LJUBLJANA CENTER,VO 3004 - LJUBLJANA VIČ-RUDNIK 2,15,"Podružnična šola Lavrica, Kamnikarjeva ul. 6",46.0006491,14.5565309
VE 3000 - LJUBLJANA CENTER,VO 3004 - LJUBLJANA VIČ-RUDNIK 2,16,"OŠ Livada, Ul. Dušana Kraigherja 2, Ljubljana",46.05108,14.50513
VE 3000 - LJUBLJANA CENTER,VO 3004 - LJUBLJANA VIČ-RUDNIK 2,17,"OŠ Oskarja Kovačiča, Ob dolenjski železnici 48",46.0333347,14.5215517
VE 3000 - LJUBLJANA CENTER,VO 3004 - LJUBLJANA VIČ-RUDNIK 2,18,"OŠ Oskarja Kovačiča, Ob dolenjski železnici 48",46.0333347,14.5215517
VE 3000 - LJUBLJANA CENTER,VO 3005 - LJUBLJANA VIČ-RUDNIK 3,1,"DSO, Enota Kolezija, Kopališka ul. 10, Ljubljana",46.05108,14.50513
VE 3000 - LJUBLJANA CENTER,VO 3005 - LJUBLJANA VIČ-RUDNIK 3,2,"OŠ Kolezija, C. v Mestni log 46, Ljubljana",46.0383927,14.493519
VE 3000 - LJUBLJANA CENTER,VO 3005 - LJUBLJANA VIČ-RUDNIK 3,3,"Dijaški dom Vič, Gerbičeva ul. 53, Ljubljana",46.0384168,14.4883165
VE 3000 - LJUBLJANA CENTER,VO 3005 - LJUBLJANA VIČ-RUDNIK 3,4,"OŠ Vič, Tržaška c. 74, Ljubljana",46.0429745,14.4796375
VE 3000 - LJUBLJANA CENTER,VO 3005 - LJUBLJANA VIČ-RUDNIK 3,5,"OŠ Vič, Tržaška c. 74, Ljubljana",46.0429745,14.4796375
VE 3000 - LJUBLJANA CENTER,VO 3005 - LJUBLJANA VIČ-RUDNIK 3,6,"OŠ Kolezija, Splitska ul. 13, Ljubljana",46.05108,14.50513
VE 3000 - LJUBLJANA CENTER,VO 3005 - LJUBLJANA VIČ-RUDNIK 3,7,"Gasilski dom Lj.-Trnovo, C. v Mestni log 31",46.01667,14.36667
VE 3000 - LJUBLJANA CENTER,VO 3005 - LJUBLJANA VIČ-RUDNIK 3,8,"Biotehnični izobraž. center, C. v Mestni log 47",46.01667,14.36667
VE 3000 - LJUBLJANA CENTER,VO 3005 - LJUBLJANA VIČ-RUDNIK 3,9,"JP VOKA SNAGA d.o.o., C. dveh cesarjev 111",,
VE 3000 - LJUBLJANA CENTER,VO 3005 - LJUBLJANA VIČ-RUDNIK 3,10,"Prostori MOL, Tbilisijska ul. 22a, Ljubljana",46.05108,14.50513
VE 3000 - LJUBLJANA CENTER,VO 3005 - LJUBLJANA VIČ-RUDNIK 3,11,"Prostori MOL, Tbilisijska ul. 22a, Ljubljana",46.05108,14.50513
VE 3000 - LJUBLJANA CENTER,VO 3005 - LJUBLJANA VIČ-RUDNIK 3,12,"OŠ Vič, Abramova ul. 26, Ljubljana",46.0429365,14.4716782
VE 3000 - LJUBLJANA CENTER,VO 3005 - LJUBLJANA VIČ-RUDNIK 3,13,"OŠ Vič, Abramova ul. 26, Ljubljana",46.0429365,14.4716782
VE 3000 - LJUBLJANA CENTER,VO 3005 - LJUBLJANA VIČ-RUDNIK 3,14,"OŠ Vič, Abramova ul. 26, Ljubljana",46.0429365,14.4716782
VE 3000 - LJUBLJANA CENTER,VO 3005 - LJUBLJANA VIČ-RUDNIK 3,15,"OŠ Vič, Abramova ul. 26, Ljubljana",46.0429365,14.4716782
VE 3000 - LJUBLJANA CENTER,VO 3005 - LJUBLJANA VIČ-RUDNIK 3,16,"OŠ Vrhovci, C. na Bokalce 1, Ljubljana",46.044628,14.4543348
VE 3000 - LJUBLJANA CENTER,VO 3005 - LJUBLJANA VIČ-RUDNIK 3,17,"OŠ Vrhovci, C. na Bokalce 1, Ljubljana",46.044628,14.4543348
VE 3000 - LJUBLJANA CENTER,VO 3005 - LJUBLJANA VIČ-RUDNIK 3,18,"OŠ Vič, Abramova ul. 26, Ljubljana",46.0429365,14.4716782
VE 3000 - LJUBLJANA CENTER,VO 3005 - LJUBLJANA VIČ-RUDNIK 3,19,"OŠ Vrhovci, C. na Bokalce 1, Ljubljana",46.044628,14.4543348
VE 3000 - LJUBLJANA CENTER,VO 3006 - LJUBLJANA VIČ-RUDNIK 4,1,"OŠ Brezovica pri Lj., Šolska ul. 15, Brezovica",46.03333,14.4
VE 3000 - LJUBLJANA CENTER,VO 3006 - LJUBLJANA VIČ-RUDNIK 4,2,"OŠ Brezovica pri Lj., Šolska ul. 15, Brezovica",46.03333,14.4
VE 3000 - LJUBLJANA CENTER,VO 3006 - LJUBLJANA VIČ-RUDNIK 4,3,"OŠ Dobrova, Cesta 7.maja 20, Dobrova",46.056801,14.4120703
VE 3000 - LJUBLJANA CENTER,VO 3006 - LJUBLJANA VIČ-RUDNIK 4,4,"Poslovni prostor Koprivec, Brezje 10, Dobrova",46.0458,14.39186
VE 3000 - LJUBLJANA CENTER,VO 3006 - LJUBLJANA VIČ-RUDNIK 4,6,"Športni center Gabrje, Gabrje bš, Dobrova",46.0458,14.39186
VE 3000 - LJUBLJANA CENTER,VO 3006 - LJUBLJANA VIČ-RUDNIK 4,7,"PGD Hruševo, Hruševo 2a, Dobrova",46.0458,14.39186
VE 3000 - LJUBLJANA CENTER,VO 3006 - LJUBLJANA VIČ-RUDNIK 4,9,"PGD Podsmreka, Podsmreka 58, Dobrova",46.0397287,14.4293219
VE 3000 - LJUBLJANA CENTER,VO 3006 - LJUBLJANA VIČ-RUDNIK 4,10,"PGD Vrzdenec, Vrzdenec 101, Horjul",46.02361,14.29917
VE 3000 - LJUBLJANA CENTER,VO 3006 - LJUBLJANA VIČ-RUDNIK 4,11,"PGD Žažar, Žažar 24, Horjul",46.02361,14.29917
VE 3000 - LJUBLJANA CENTER,VO 3006 - LJUBLJANA VIČ-RUDNIK 4,12,"PGD Podolnica, Podolnica 50, Horjul",46.0258686,14.3274391
VE 3000 - LJUBLJANA CENTER,VO 3006 - LJUBLJANA VIČ-RUDNIK 4,13,"PGD Zaklanec, Zaklanec 2c, Horjul",46.02361,14.29917
VE 3000 - LJUBLJANA CENTER,VO 3006 - LJUBLJANA VIČ-RUDNIK 4,14,"OŠ Horjul, Šolska ul. 44, Horjul",46.0230084,14.2932395
VE 3000 - LJUBLJANA CENTER,VO 3006 - LJUBLJANA VIČ-RUDNIK 4,15,"OŠ Horjul, Šolska ul. 44, Horjul",46.0230084,14.2932395
VE 3000 - LJUBLJANA CENTER,VO 3006 - LJUBLJANA VIČ-RUDNIK 4,16,"Dom Ivana Cankarja, Šentjošt 13, Horjul",46.02361,14.29917
VE 3000 - LJUBLJANA CENTER,VO 3006 - LJUBLJANA VIČ-RUDNIK 4,17,"PGD Butajnova-Planina, Butajnova 20g, Horjul",46.0415671,14.2360555
VE 3000 - LJUBLJANA CENTER,VO 3006 - LJUBLJANA VIČ-RUDNIK 4,19,"OŠ Polh. Gradec, Polhov Gradec 95, Polhov Gradec",46.06694,14.31611
VE 3000 - LJUBLJANA CENTER,VO 3006 - LJUBLJANA VIČ-RUDNIK 4,20,"PGD Dvor, Dvor pri Polh. Grad. 23, Polhov Gradec",46.06694,14.31611
VE 3000 - LJUBLJANA CENTER,VO 3006 - LJUBLJANA VIČ-RUDNIK 4,21,"PGD Zalog, Setnik 5 b, Polhov Gradec",46.06694,14.31611
VE 3000 - LJUBLJANA CENTER,VO 3006 - LJUBLJANA VIČ-RUDNIK 4,22,"Dom krajanov, Črni vrh 37a, Polhov Gradec",46.06694,14.31611
VE 3000 - LJUBLJANA CENTER,VO 3006 - LJUBLJANA VIČ-RUDNIK 4,23,"Tehnološki park LJ, Tehnološki park 19 (stavba B)",,
VE 3000 - LJUBLJANA CENTER,VO 3006 - LJUBLJANA VIČ-RUDNIK 4,24,"Fakulteta za elek., Tržaška c. 25, Ljubljana",46.05108,14.50513
VE 3000 - LJUBLJANA CENTER,VO 3006 - LJUBLJANA VIČ-RUDNIK 4,25,"Fakulteta za elek., Tržaška c. 25, Ljubljana",46.05108,14.50513
VE 3000 - LJUBLJANA CENTER,VO 3006 - LJUBLJANA VIČ-RUDNIK 4,26,"Tehnološki park LJ, Tehnološki park 19 (stavba B)",,
VE 3000 - LJUBLJANA CENTER,VO 3006 - LJUBLJANA VIČ-RUDNIK 4,27,"Obrtna zbornica Vič, Tržaška c. 207, Ljubljana",46.05108,14.50513
VE 3000 - LJUBLJANA CENTER,VO 3006 - LJUBLJANA VIČ-RUDNIK 4,28,"PGD Kozarje, Cesta na Ključ 56, Ljubljana",46.0372897,14.4435235
VE 3000 - LJUBLJANA CENTER,VO 3006 - LJUBLJANA VIČ-RUDNIK 4,29,"BTF, Rožna dolina c. VIII 34, Ljubljana",46.05108,14.50513
VE 3000 - LJUBLJANA CENTER,VO 3006 - LJUBLJANA VIČ-RUDNIK 4,30,"BTF, Rožna dolina c. VIII 34, Ljubljana",46.05108,14.50513
VE 3000 - LJUBLJANA CENTER,VO 3006 - LJUBLJANA VIČ-RUDNIK 4,31,"Obrtna zbornica Vič, Tržaška c. 207, Ljubljana",46.05108,14.50513
VE 3000 - LJUBLJANA CENTER,VO 3007 - LJUBLJANA CENTER,1,"Prostori MOL, Štefanova ul. 11, Ljubljana",46.05108,14.50513
VE 3000 - LJUBLJANA CENTER,VO 3007 - LJUBLJANA CENTER,3,"OŠ Majde Vrhovnik, Gregorčičeva ul. 16, Ljubljana",46.0490172,14.4995442
VE 3000 - LJUBLJANA CENTER,VO 3007 - LJUBLJANA CENTER,4,"OŠ Majde Vrhovnik, Gregorčičeva ul. 16, Ljubljana",46.0490172,14.4995442
VE 3000 - LJUBLJANA CENTER,VO 3007 - LJUBLJANA CENTER,5,"OŠ Toneta Čufarja, Čufarjeva ul. 11, Ljubljana",46.05108,14.50513
VE 3000 - LJUBLJANA CENTER,VO 3007 - LJUBLJANA CENTER,6,"OŠ Toneta Čufarja, Čufarjeva ul. 11, Ljubljana",46.05108,14.50513
VE 3000 - LJUBLJANA CENTER,VO 3007 - LJUBLJANA CENTER,7,"OŠ Toneta Čufarja, Čufarjeva ul. 11, Ljubljana",46.05108,14.50513
VE 3000 - LJUBLJANA CENTER,VO 3007 - LJUBLJANA CENTER,8,"SZŠ Ljubljana, Poljanska c. 61, Ljubljana",46.05918,14.50916
VE 3000 - LJUBLJANA CENTER,VO 3007 - LJUBLJANA CENTER,9,"OŠ Poljane, Zemljemerska ul. 7, Ljubljana",46.0472649,14.517318
VE 3000 - LJUBLJANA CENTER,VO 3007 - LJUBLJANA CENTER,10,"OŠ Poljane, Zemljemerska ul. 7, Ljubljana",46.0472649,14.517318
VE 3000 - LJUBLJANA CENTER,VO 3007 - LJUBLJANA CENTER,11,"OŠ Poljane, Zemljemerska ul. 7, Ljubljana",46.0472649,14.517318
VE 3000 - LJUBLJANA CENTER,VO 3007 - LJUBLJANA CENTER,13,"Vrtec Pod Gradom, Praprotnikova 2, Ljubljana",46.0432553,14.5106918
VE 3000 - LJUBLJANA CENTER,VO 3007 - LJUBLJANA CENTER,14,"Vrtec Pod Gradom, Praprotnikova 2, Ljubljana",46.0432553,14.5106918
VE 3000 - LJUBLJANA CENTER,VO 3007 - LJUBLJANA CENTER,15,"Info točka misija 100, Pogačarjev trg 3, Ljubljana",46.05108,14.50513
VE 3000 - LJUBLJANA CENTER,VO 3007 - LJUBLJANA CENTER,16,"OŠ Vodmat, Potrčeva ul. 1, Ljubljana",46.0560243,14.524888
VE 3000 - LJUBLJANA CENTER,VO 3007 - LJUBLJANA CENTER,17,"OŠ Vodmat, Potrčeva ul. 1, Ljubljana",46.0560243,14.524888
VE 3000 - LJUBLJANA CENTER,VO 3007 - LJUBLJANA CENTER,18,"Prostori MOL, Rozmanova ul. 12, Ljubljana",46.05108,14.50513
VE 3000 - LJUBLJANA CENTER,VO 3007 - LJUBLJANA CENTER,19,"OŠ Toneta Čufarja, Čufarjeva ul. 11, Ljubljana",46.05108,14.50513
VE 3000 - LJUBLJANA CENTER,VO 3007 - LJUBLJANA CENTER,20,"OŠ Majde Vrhovnik, Gregorčičeva ul. 16, Ljubljana",46.0490172,14.4995442
VE 3000 - LJUBLJANA CENTER,VO 3007 - LJUBLJANA CENTER,21,"SZŠ Ljubljana, Poljanska c. 61, Ljubljana",46.05918,14.50916
VE 3000 - LJUBLJANA CENTER,VO 3008 - LJUBLJANA ŠIŠKA 1,1,"OŠ Sp. Šiška, Gasilska c. 17",46.0648547,14.497567
VE 3000 - LJUBLJANA CENTER,VO 3008 - LJUBLJANA ŠIŠKA 1,2,"OŠ Sp. Šiška, Gasilska c. 17",46.0648547,14.497567
VE 3000 - LJUBLJANA CENTER,VO 3008 - LJUBLJANA ŠIŠKA 1,5,"Gimnazija Ljubljana - Šiška, Aljaževa ul. 32",46.069571,14.4962676
VE 3000 - LJUBLJANA CENTER,VO 3008 - LJUBLJANA ŠIŠKA 1,7,"Gimnazija Ljubljana - Šiška, Aljaževa ul. 32",46.069571,14.4962676
VE 3000 - LJUBLJANA CENTER,VO 3008 - LJUBLJANA ŠIŠKA 1,8,"OŠ Sp. Šiška, Gasilska c. 17",46.0648547,14.497567
VE 3000 - LJUBLJANA CENTER,VO 3008 - LJUBLJANA ŠIŠKA 1,9,"OŠ Riharda Jakopiča, Derčeva ul. 1",46.0677427,14.4887921
VE 3000 - LJUBLJANA CENTER,VO 3008 - LJUBLJANA ŠIŠKA 1,10,"OŠ Riharda Jakopiča, Derčeva ul. 1",46.0677427,14.4887921
VE 3000 - LJUBLJANA CENTER,VO 3008 - LJUBLJANA ŠIŠKA 1,11,"OŠ Sp. Šiška, Gasilska c. 17",46.0648547,14.497567
VE 3000 - LJUBLJANA CENTER,VO 3008 - LJUBLJANA ŠIŠKA 1,12,"OŠ Riharda Jakopiča, Derčeva ul. 1",46.0677427,14.4887921
VE 3000 - LJUBLJANA CENTER,VO 3008 - LJUBLJANA ŠIŠKA 1,14,"Vrtec Andersen, Derčeva ul. 10",,
VE 3000 - LJUBLJANA CENTER,VO 3008 - LJUBLJANA ŠIŠKA 1,16,"OŠ Valentina Vodnika, Adamičeva ul. 16",46.0755614,14.4782099
VE 3000 - LJUBLJANA CENTER,VO 3008 - LJUBLJANA ŠIŠKA 1,18,"OŠ Riharda Jakopiča, Derčeva ul. 1",46.0677427,14.4887921
VE 3000 - LJUBLJANA CENTER,VO 3008 - LJUBLJANA ŠIŠKA 1,19,"OŠ Riharda Jakopiča, Derčeva ul. 1",46.0677427,14.4887921
VE 3000 - LJUBLJANA CENTER,VO 3008 - LJUBLJANA ŠIŠKA 1,21,"Prostori MOL, Kebetova ul. 1",,
VE 3000 - LJUBLJANA CENTER,VO 3008 - LJUBLJANA ŠIŠKA 1,22,"Vrtec Najdihojca, Gorazdova ul. 6",46.0724049,14.4926721
VE 3000 - LJUBLJANA CENTER,VO 3008 - LJUBLJANA ŠIŠKA 1,23,"OŠ Valentina Vodnika, Adamičeva ul. 16",46.0755614,14.4782099
VE 3000 - LJUBLJANA CENTER,VO 3008 - LJUBLJANA ŠIŠKA 1,24,"OŠ Valentina Vodnika, Adamičeva ul. 16",46.0755614,14.4782099
VE 3000 - LJUBLJANA CENTER,VO 3009 - LJUBLJANA ŠIŠKA 2,1,"OŠ Valentina Vodnika, Adamičeva ul. 16",46.0755614,14.4782099
VE 3000 - LJUBLJANA CENTER,VO 3009 - LJUBLJANA ŠIŠKA 2,2,"OŠ Valentina Vodnika, Adamičeva ul. 16",46.0755614,14.4782099
VE 3000 - LJUBLJANA CENTER,VO 3009 - LJUBLJANA ŠIŠKA 2,3,"OŠ Koseze, Ledarska ul. 23",46.0737494,14.469134
VE 3000 - LJUBLJANA CENTER,VO 3009 - LJUBLJANA ŠIŠKA 2,4,"OŠ Koseze, Ledarska ul. 23",46.0737494,14.469134
VE 3000 - LJUBLJANA CENTER,VO 3009 - LJUBLJANA ŠIŠKA 2,5,"OŠ Koseze, Ledarska ul. 23",46.0737494,14.469134
VE 3000 - LJUBLJANA CENTER,VO 3009 - LJUBLJANA ŠIŠKA 2,6,"OŠ Koseze, Ledarska ul. 23",46.0737494,14.469134
VE 3000 - LJUBLJANA CENTER,VO 3009 - LJUBLJANA ŠIŠKA 2,7,"OŠ Koseze, Ledarska ul. 23",46.0737494,14.469134
VE 3000 - LJUBLJANA CENTER,VO 3009 - LJUBLJANA ŠIŠKA 2,8,"OŠ Koseze, Ledarska ul. 23",46.0737494,14.469134
VE 3000 - LJUBLJANA CENTER,VO 3009 - LJUBLJANA ŠIŠKA 2,9,"OŠ Hinka Smrekarja, Gorazdova ul. 16",46.073797,14.4885088
VE 3000 - LJUBLJANA CENTER,VO 3009 - LJUBLJANA ŠIŠKA 2,10,"OŠ Hinka Smrekarja, Gorazdova ul. 16",46.073797,14.4885088
VE 3000 - LJUBLJANA CENTER,VO 3009 - LJUBLJANA ŠIŠKA 2,11,"OŠ Hinka Smrekarja, Gorazdova ul. 16",46.073797,14.4885088
VE 3000 - LJUBLJANA CENTER,VO 3009 - LJUBLJANA ŠIŠKA 2,12,"OŠ Hinka Smrekarja, Gorazdova ul. 16",46.073797,14.4885088
VE 3000 - LJUBLJANA CENTER,VO 3009 - LJUBLJANA ŠIŠKA 2,14,"OŠ Valentina Vodnika, Adamičeva ul. 16",46.0755614,14.4782099
VE 3000 - LJUBLJANA CENTER,VO 3009 - LJUBLJANA ŠIŠKA 2,16,"OŠ Valentina Vodnika, Adamičeva ul. 16",46.0755614,14.4782099
VE 3000 - LJUBLJANA CENTER,VO 3009 - LJUBLJANA ŠIŠKA 2,17,"OŠ Dravlje, Klopčičeva ul. 1",46.0800595,14.4775118
VE 3000 - LJUBLJANA CENTER,VO 3009 - LJUBLJANA ŠIŠKA 2,18,"OŠ Dravlje, Klopčičeva ul. 1",46.0800595,14.4775118
VE 3000 - LJUBLJANA CENTER,VO 3009 - LJUBLJANA ŠIŠKA 2,19,"Dom starejših občanov Lj-Šiška, Kunaverjeva ul.15",,
VE 3000 - LJUBLJANA CENTER,VO 3009 - LJUBLJANA ŠIŠKA 2,21,"INŠTITUT MONTESSORI, Ul. Ferda Kozaka 49",,
VE 3000 - LJUBLJANA CENTER,VO 3009 - LJUBLJANA ŠIŠKA 2,22,"INŠTITUT MONTESSORI, Ul. Ferda Kozaka 49",,
VE 3000 - LJUBLJANA CENTER,VO 3009 - LJUBLJANA ŠIŠKA 2,23,"INŠTITUT MONTESSORI, Ul. Ferda Kozaka 49",,
VE 3000 - LJUBLJANA CENTER,VO 3010 - LJUBLJANA ŠIŠKA 3,1,"MOL - DK Dravlje, Draveljska ul. 44",,
VE 3000 - LJUBLJANA CENTER,VO 3010 - LJUBLJANA ŠIŠKA 3,2,"MOL - DK Dravlje, Draveljska ul. 44",,
VE 3000 - LJUBLJANA CENTER,VO 3010 - LJUBLJANA ŠIŠKA 3,3,"MOL - DK Dravlje, Draveljska ul. 44",,
VE 3000 - LJUBLJANA CENTER,VO 3010 - LJUBLJANA ŠIŠKA 3,4,"OŠ Koseze, Ledarska ul. 23",46.0737494,14.469134
VE 3000 - LJUBLJANA CENTER,VO 3010 - LJUBLJANA ŠIŠKA 3,5,"OŠ Miška Kranjca, Kamnogoriška c. 35",46.0777009,14.4675345
VE 3000 - LJUBLJANA CENTER,VO 3010 - LJUBLJANA ŠIŠKA 3,6,"OŠ Miška Kranjca, Kamnogoriška c. 35",46.0777009,14.4675345
VE 3000 - LJUBLJANA CENTER,VO 3010 - LJUBLJANA ŠIŠKA 3,7,"OŠ Miška Kranjca, Kamnogoriška c. 35",46.0777009,14.4675345
VE 3000 - LJUBLJANA CENTER,VO 3010 - LJUBLJANA ŠIŠKA 3,8,"PGD Ljubljana - Šentvid, Prušnikova ul. 57",46.0948732,14.4686835
VE 3000 - LJUBLJANA CENTER,VO 3010 - LJUBLJANA ŠIŠKA 3,9,"MOL - LD Šentvid, Prušnikova ul. 99",,
VE 3000 - LJUBLJANA CENTER,VO 3010 - LJUBLJANA ŠIŠKA 3,10,"PGD Vižmarje - Brod, Vižmarska pot 9",46.104889,14.4616733
VE 3000 - LJUBLJANA CENTER,VO 3010 - LJUBLJANA ŠIŠKA 3,11,"PGD Vižmarje - Brod, Vižmarska pot 9",46.104889,14.4616733
VE 3000 - LJUBLJANA CENTER,VO 3010 - LJUBLJANA ŠIŠKA 3,12,"Prostori MOL, Na gmajni 1",,
VE 3000 - LJUBLJANA CENTER,VO 3010 - LJUBLJANA ŠIŠKA 3,13,"OŠ Vižmarje - Brod, Na gaju 2",46.1094619,14.467881
VE 3000 - LJUBLJANA CENTER,VO 3010 - LJUBLJANA ŠIŠKA 3,14,"MOL - Služba za lokalno samoupravo, Kosijeva ul.1",,
VE 3000 - LJUBLJANA CENTER,VO 3010 - LJUBLJANA ŠIŠKA 3,15,"MOL - LD Šentvid, Prušnikova ul. 99",,
VE 3000 - LJUBLJANA CENTER,VO 3010 - LJUBLJANA ŠIŠKA 3,16,"MOL - LD Šentvid, Prušnikova ul. 99",,
VE 3000 - LJUBLJANA CENTER,VO 3010 - LJUBLJANA ŠIŠKA 3,17,"OŠ Vižmarje - Brod, Na gaju 2",46.1094619,14.467881
VE 3000 - LJUBLJANA CENTER,VO 3010 - LJUBLJANA ŠIŠKA 3,18,"OŠ Vižmarje - Brod, Na gaju 2",46.1094619,14.467881
VE 3000 - LJUBLJANA CENTER,VO 3011 - LJUBLJANA ŠIŠKA 4,1,"GD, Sp. Pirniče 7a, Medvode",46.1422,14.41114
VE 3000 - LJUBLJANA CENTER,VO 3011 - LJUBLJANA ŠIŠKA 4,2,"DK, Zg. Pirniče 6, Medvode",46.1422,14.41114
VE 3000 - LJUBLJANA CENTER,VO 3011 - LJUBLJANA ŠIŠKA 4,3,"DK, Zg. Pirniče 6, Medvode",46.1422,14.41114
VE 3000 - LJUBLJANA CENTER,VO 3011 - LJUBLJANA ŠIŠKA 4,5,"T.Z. Dragočajna - Moše, Dragočajna 14a, Smlednik",46.16417,14.4325
VE 3000 - LJUBLJANA CENTER,VO 3011 - LJUBLJANA ŠIŠKA 4,6,"OŠ S. Jenka, Smlednik 73, Smlednik",46.16417,14.4325
VE 3000 - LJUBLJANA CENTER,VO 3011 - LJUBLJANA ŠIŠKA 4,7,"KD Smlednik, Smlednik 55, Smlednik",46.16417,14.4325
VE 3000 - LJUBLJANA CENTER,VO 3011 - LJUBLJANA ŠIŠKA 4,8,"DK Hraše, Hraše bš, Smlednik",46.16417,14.4325
VE 3000 - LJUBLJANA CENTER,VO 3011 - LJUBLJANA ŠIŠKA 4,9,"PGD Zbilje, Zbilje 44, Medvode",46.1583562,14.4182509
VE 3000 - LJUBLJANA CENTER,VO 3011 - LJUBLJANA ŠIŠKA 4,10,"Občina Medvode, C. komandanta Staneta 12, Medvode",46.1400766,14.4144472
VE 3000 - LJUBLJANA CENTER,VO 3011 - LJUBLJANA ŠIŠKA 4,11,"Občina Medvode, C. komandanta Staneta 12, Medvode",46.1400766,14.4144472
VE 3000 - LJUBLJANA CENTER,VO 3011 - LJUBLJANA ŠIŠKA 4,12,"OŠ Medvode, Ostrovrharjeva ul. 4, Medvode",46.1422,14.41114
VE 3000 - LJUBLJANA CENTER,VO 3011 - LJUBLJANA ŠIŠKA 4,13,"OŠ Medvode, Ostrovrharjeva ul. 4,Medvode",46.1422,14.41114
VE 3000 - LJUBLJANA CENTER,VO 3011 - LJUBLJANA ŠIŠKA 4,14,"Vrtec Medvode, Enota Senica, Zg. Senica 45,Medvode",46.1512897,14.3865489
VE 3000 - LJUBLJANA CENTER,VO 3011 - LJUBLJANA ŠIŠKA 4,15,"POŠ Topol, Topol 17, Medvode",46.1422,14.41114
VE 3000 - LJUBLJANA CENTER,VO 3011 - LJUBLJANA ŠIŠKA 4,16,"KS Trnovec, Trnovec 25c, Medvode",46.1004178,14.3543303
VE 3000 - LJUBLJANA CENTER,VO 3011 - LJUBLJANA ŠIŠKA 4,17,"OŠ Preska, Preška cesta 22, Medvode",46.1422,14.41114
VE 3000 - LJUBLJANA CENTER,VO 3011 - LJUBLJANA ŠIŠKA 4,18,"OŠ Preska, Preška cesta 22, Medvode",46.1422,14.41114
VE 3000 - LJUBLJANA CENTER,VO 3011 - LJUBLJANA ŠIŠKA 4,19,"OŠ Preska, Preška cesta 22, Medvode",46.1422,14.41114
VE 3000 - LJUBLJANA CENTER,VO 3011 - LJUBLJANA ŠIŠKA 4,20,"OŠ Preska, Preška cesta 22, Medvode",46.1422,14.41114
VE 3000 - LJUBLJANA CENTER,VO 3011 - LJUBLJANA ŠIŠKA 4,21,"POŠ Sora, Sora 1b, Medvode",46.1422,14.41114
VE 3000 - LJUBLJANA CENTER,VO 3011 - LJUBLJANA ŠIŠKA 4,22,"KS Vaše Goričane, Goričane 39,Medvode",46.1422,14.41114
VE 3000 - LJUBLJANA CENTER,VO 3011 - LJUBLJANA ŠIŠKA 4,23,"ZDD Skaručna, Skaručna 42, Vodice",46.18987,14.49492
VE 3000 - LJUBLJANA CENTER,VO 3011 - LJUBLJANA ŠIŠKA 4,24,"PGD Repnje, Repnje 30C, Vodice",46.18987,14.49492
VE 3000 - LJUBLJANA CENTER,VO 3011 - LJUBLJANA ŠIŠKA 4,25,"DK Vodice, Kopitarjev trg 1, Vodice",46.18987,14.49492
VE 3000 - LJUBLJANA CENTER,VO 3011 - LJUBLJANA ŠIŠKA 4,26,"PGD Zapoge, Zapoge 2, Vodice",46.18987,14.49492
VE 3000 - LJUBLJANA CENTER,VO 3011 - LJUBLJANA ŠIŠKA 4,27,"PGD Polje, Polje pri Vodicah 5a, Vodice",46.1631057,14.4913222
VE 3000 - LJUBLJANA CENTER,VO 3011 - LJUBLJANA ŠIŠKA 4,28,"PGD Bukovica - Utik, Utik 45, Vodice",46.1726673,14.5093353
VE 3000 - LJUBLJANA CENTER,VO 3011 - LJUBLJANA ŠIŠKA 4,29,"PGD Šinkov turn, Koseze 26, Vodice",46.1678553,14.519193
VE 3000 - LJUBLJANA CENTER,VO 3011 - LJUBLJANA ŠIŠKA 4,30,"OŠ Šmartno, C. v Gameljne 7, Lj. Šmartno",46.04444,14.84417
VE 3000 - LJUBLJANA CENTER,VO 3011 - LJUBLJANA ŠIŠKA 4,31,"OŠ Šmartno, C. v Gameljne 7, Lj. Šmartno",46.04444,14.84417
VE 3000 - LJUBLJANA CENTER,VO 3011 - LJUBLJANA ŠIŠKA 4,32,"OŠ Šmartno, C. v Gameljne 7, Lj. Šmartno",46.04444,14.84417
VE 3000 - LJUBLJANA CENTER,VO 3011 - LJUBLJANA ŠIŠKA 4,33,"Dom gasilcev in krajanov Tacen, Pločanska ul. 8",,
VE 3000 - LJUBLJANA CENTER,VO 3011 - LJUBLJANA ŠIŠKA 4,34,"GD Stanežiče, Stanežiče 64, Lj. Šentvid",46.10559,14.43329
VE 3000 - LJUBLJANA CENTER,VO 3011 - LJUBLJANA ŠIŠKA 4,35,"GD Medno, Medno 79, Lj. Šentvid",46.10559,14.43329
VE 4000 - LJUBLJANA BEŽIGRAD,VO 4001 - KOČEVJE,1,"Polom, Polom bš - VD",,
VE 4000 - LJUBLJANA BEŽIGRAD,VO 4001 - KOČEVJE,3,"Prostori občine Kočevje, Ljubljanska c. 26",,
VE 4000 - LJUBLJANA BEŽIGRAD,VO 4001 - KOČEVJE,5,"Avla gimnazije, Ljubljanska c. 12, Kočevje",45.64333,14.86333
VE 4000 - LJUBLJANA BEŽIGRAD,VO 4001 - KOČEVJE,8,"Prostori Komunale Kočevje, Tesarska ul. 10",,
VE 4000 - LJUBLJANA BEŽIGRAD,VO 4001 - KOČEVJE,9,"v Kočevju, Roška cesta 10 - GD",,
VE 4000 - LJUBLJANA BEŽIGRAD,VO 4001 - KOČEVJE,10,"Prostori KS Kočevje mesto, Trg svetega Jerneja 2",,
VE 4000 - LJUBLJANA BEŽIGRAD,VO 4001 - KOČEVJE,11,"Reška c. 16 - GŠ, Kočevje",45.64333,14.86333
VE 4000 - LJUBLJANA BEŽIGRAD,VO 4001 - KOČEVJE,13,"Šeškov dom , Prešernova ul. 11, Kočevje",45.64333,14.86333
VE 4000 - LJUBLJANA BEŽIGRAD,VO 4001 - KOČEVJE,14,Trata XIV 6a-prostori Podjetniškega inkubatorja,,
VE 4000 - LJUBLJANA BEŽIGRAD,VO 4001 - KOČEVJE,15,Mahovnik 37 - GD,,
VE 4000 - LJUBLJANA BEŽIGRAD,VO 4001 - KOČEVJE,17,Šalka vas 50b - GD,,
VE 4000 - LJUBLJANA BEŽIGRAD,VO 4001 - KOČEVJE,18,Željne 12b - VD,,
VE 4000 - LJUBLJANA BEŽIGRAD,VO 4001 - KOČEVJE,19,Klinja vas 46 - GD,45.6650675,14.8713237
VE 4000 - LJUBLJANA BEŽIGRAD,VO 4001 - KOČEVJE,20,Cvišlerji bš - VD,,
VE 4000 - LJUBLJANA BEŽIGRAD,VO 4001 - KOČEVJE,21,Koprivnik 31 - GD,45.6031182,15.0300961
VE 4000 - LJUBLJANA BEŽIGRAD,VO 4001 - KOČEVJE,22,Stara Cerkev 21 - OŠ,45.6689011,14.8408527
VE 4000 - LJUBLJANA BEŽIGRAD,VO 4001 - KOČEVJE,23,Koblarji bš - VD,,
VE 4000 - LJUBLJANA BEŽIGRAD,VO 4001 - KOČEVJE,24,Dolnje Ložine 1a - GD,,
VE 4000 - LJUBLJANA BEŽIGRAD,VO 4001 - KOČEVJE,25,Slovenska vas - Vaški dom,,
VE 4000 - LJUBLJANA BEŽIGRAD,VO 4001 - KOČEVJE,26,Stari log bš - VD,,
VE 4000 - LJUBLJANA BEŽIGRAD,VO 4001 - KOČEVJE,27,"Dolga vas, Kočevska cesta 30 - GD",45.6187845,14.8781495
VE 4000 - LJUBLJANA BEŽIGRAD,VO 4001 - KOČEVJE,28,Livold 18d - PD,,
VE 4000 - LJUBLJANA BEŽIGRAD,VO 4001 - KOČEVJE,29,"v Črnem Potoku, Črni potok pri Kočevju 1 - VD",,
VE 4000 - LJUBLJANA BEŽIGRAD,VO 4001 - KOČEVJE,30,Mozelj 4a - GD,,
VE 4000 - LJUBLJANA BEŽIGRAD,VO 4001 - KOČEVJE,33,Predgrad 41 - GD,45.5066579,15.0545855
VE 4000 - LJUBLJANA BEŽIGRAD,VO 4001 - KOČEVJE,35,Kočevska Reka 5 - KD,45.5749004,14.7998897
VE 4000 - LJUBLJANA BEŽIGRAD,VO 4001 - KOČEVJE,37,Štalcerji 10a - GD,,
VE 4000 - LJUBLJANA BEŽIGRAD,VO 4001 - KOČEVJE,38,Morava 14a - GD,,
VE 4000 - LJUBLJANA BEŽIGRAD,VO 4001 - KOČEVJE,39,Banja Loka 9 - večnamenski prostor pri cerkvi ,45.78167,14.77472
VE 4000 - LJUBLJANA BEŽIGRAD,VO 4001 - KOČEVJE,40,Colnarji bš - prostori info točke pri zelenem oknu,,
VE 4000 - LJUBLJANA BEŽIGRAD,VO 4001 - KOČEVJE,41,Vas 1 - GD,45.4728622,14.8740083
VE 4000 - LJUBLJANA BEŽIGRAD,VO 4001 - KOČEVJE,42,Kuželj 24a - GD,,
VE 4000 - LJUBLJANA BEŽIGRAD,VO 4001 - KOČEVJE,47,Osilnica 11b - Kulturno turis. center Peter Klepec,,
VE 4000 - LJUBLJANA BEŽIGRAD,VO 4002 - RIBNICA-DOBREPOLJE,1,"GASILSKI DOM Retje, Retje 55a, Loški Potok",45.66,14.64528
VE 4000 - LJUBLJANA BEŽIGRAD,VO 4002 - RIBNICA-DOBREPOLJE,2,"Večnamenski objekt Hrib, Hrib 19a, Loški Potok",45.66,14.64528
VE 4000 - LJUBLJANA BEŽIGRAD,VO 4002 - RIBNICA-DOBREPOLJE,3,"Gostilna ""Pri Kapcu"", Travnik 74, Loški Potok",45.66,14.64528
VE 4000 - LJUBLJANA BEŽIGRAD,VO 4002 - RIBNICA-DOBREPOLJE,4,"Gasilski dom Mali Log, Mali Log 9",45.72222,14.58389
VE 4000 - LJUBLJANA BEŽIGRAD,VO 4002 - RIBNICA-DOBREPOLJE,5,"Dom krajanov, Podpreska 3a, Draga",45.93955,14.547
VE 4000 - LJUBLJANA BEŽIGRAD,VO 4002 - RIBNICA-DOBREPOLJE,6,"Gasilski dom Trava, Trava 14, Draga",45.93955,14.547
VE 4000 - LJUBLJANA BEŽIGRAD,VO 4002 - RIBNICA-DOBREPOLJE,7,"Gasilski dom Novi Kot, Draga",45.93955,14.547
VE 4000 - LJUBLJANA BEŽIGRAD,VO 4002 - RIBNICA-DOBREPOLJE,8,"Glasbena šola, Kolodvorska ul. 10, Ribnica",45.7413327,14.7282052
VE 4000 - LJUBLJANA BEŽIGRAD,VO 4002 - RIBNICA-DOBREPOLJE,9,"Športni center Ribnica, Majnikova 2, Ribnica",45.73861,14.7275
VE 4000 - LJUBLJANA BEŽIGRAD,VO 4002 - RIBNICA-DOBREPOLJE,10,"ROKODELSKI CENTER (A) C. na Ugar 6, Ribnica",45.73861,14.7275
VE 4000 - LJUBLJANA BEŽIGRAD,VO 4002 - RIBNICA-DOBREPOLJE,11,"OŠ Ribnica, Šolska ul. 2, Ribnica",45.73861,14.7275
VE 4000 - LJUBLJANA BEŽIGRAD,VO 4002 - RIBNICA-DOBREPOLJE,12,"ROKODELSKI CENTER (B), C. na Ugar 6, Ribnica",45.73861,14.7275
VE 4000 - LJUBLJANA BEŽIGRAD,VO 4002 - RIBNICA-DOBREPOLJE,14,"Gostilna pri Andoljšku,Hrovača 30, Ribnica",45.7376378,14.7346009
VE 4000 - LJUBLJANA BEŽIGRAD,VO 4002 - RIBNICA-DOBREPOLJE,15,"Gasilski dom, Goriča vas 68a, Ribnica",45.73861,14.7275
VE 4000 - LJUBLJANA BEŽIGRAD,VO 4002 - RIBNICA-DOBREPOLJE,16,"Gasilski dom, Nemška vas 22, Ribnica",45.73861,14.7275
VE 4000 - LJUBLJANA BEŽIGRAD,VO 4002 - RIBNICA-DOBREPOLJE,17,"Gasilski dom, Otavice 5, Dolenja vas",45.70611,14.75444
VE 4000 - LJUBLJANA BEŽIGRAD,VO 4002 - RIBNICA-DOBREPOLJE,18,"Gasilski dom, Lipovec 43, Dolenja vas",45.70611,14.75444
VE 4000 - LJUBLJANA BEŽIGRAD,VO 4002 - RIBNICA-DOBREPOLJE,19,"GASILSKI DOM, Prigorica 38, Dolenja vas",45.70611,14.75444
VE 4000 - LJUBLJANA BEŽIGRAD,VO 4002 - RIBNICA-DOBREPOLJE,20,"GASILSKI DOM, Lončarska ul. 66, Dolenja vas",45.70857,14.7539042
VE 4000 - LJUBLJANA BEŽIGRAD,VO 4002 - RIBNICA-DOBREPOLJE,21,"OŠ Dolenja vas, Šolska ul. 9, Dolenja vas",45.70611,14.75444
VE 4000 - LJUBLJANA BEŽIGRAD,VO 4002 - RIBNICA-DOBREPOLJE,22,"Gasilski dom, Rakitnica 6a, Dolenja vas",45.70611,14.75444
VE 4000 - LJUBLJANA BEŽIGRAD,VO 4002 - RIBNICA-DOBREPOLJE,23,"Gasilski dom, Grčarice 3, Dolenja vas",45.70611,14.75444
VE 4000 - LJUBLJANA BEŽIGRAD,VO 4002 - RIBNICA-DOBREPOLJE,24,"Gasilski dom, Jurjevica 37 a, Ribnica",45.73861,14.7275
VE 4000 - LJUBLJANA BEŽIGRAD,VO 4002 - RIBNICA-DOBREPOLJE,25,"Gostišče Makšar, Breže 18a,Ribnica",45.73861,14.7275
VE 4000 - LJUBLJANA BEŽIGRAD,VO 4002 - RIBNICA-DOBREPOLJE,27,"DOM DRUŠTVA VETER, Breg 17, Ribnica",45.73861,14.7275
VE 4000 - LJUBLJANA BEŽIGRAD,VO 4002 - RIBNICA-DOBREPOLJE,28,"Gasilski dom, Dolenji Lazi 2a, Ribnica",45.73861,14.7275
VE 4000 - LJUBLJANA BEŽIGRAD,VO 4002 - RIBNICA-DOBREPOLJE,29,"GOSTIŠČE VRBA, Žlebič 15a, 1310 Ribnica",45.7386,14.7275
VE 4000 - LJUBLJANA BEŽIGRAD,VO 4002 - RIBNICA-DOBREPOLJE,30,"OŠ Sušje, Sušje 2, Ribnica",45.760942,14.6911013
VE 4000 - LJUBLJANA BEŽIGRAD,VO 4002 - RIBNICA-DOBREPOLJE,31,"Gasilski dom, Sajevec, Ribnica",45.74113,14.70403
VE 4000 - LJUBLJANA BEŽIGRAD,VO 4002 - RIBNICA-DOBREPOLJE,32,"Gasilski dom, Bukovica 12,Ribnica",45.73861,14.7275
VE 4000 - LJUBLJANA BEŽIGRAD,VO 4002 - RIBNICA-DOBREPOLJE,33,"Šola Velike Poljane, Velike Poljane 45, Ortnek",45.78196,14.67531
VE 4000 - LJUBLJANA BEŽIGRAD,VO 4002 - RIBNICA-DOBREPOLJE,34,"GOSTILNA MATJAK, Ortnek 2, 1316 Ortnek",45.782,14.6753
VE 4000 - LJUBLJANA BEŽIGRAD,VO 4002 - RIBNICA-DOBREPOLJE,35,"Gasilski dom, Sveti Gregor 17, Ortnek",45.78196,14.67531
VE 4000 - LJUBLJANA BEŽIGRAD,VO 4002 - RIBNICA-DOBREPOLJE,36,"A MI GO, d.o.o., Vinice 8, Sodražica",45.76111,14.63556
VE 4000 - LJUBLJANA BEŽIGRAD,VO 4002 - RIBNICA-DOBREPOLJE,37,"Gasilski dom, Zapotok 2, Ribnica",45.73861,14.7275
VE 4000 - LJUBLJANA BEŽIGRAD,VO 4002 - RIBNICA-DOBREPOLJE,38,"Pri JOŽETU LUŠINU, Lipovšica 1, Sodražica",45.76111,14.63556
VE 4000 - LJUBLJANA BEŽIGRAD,VO 4002 - RIBNICA-DOBREPOLJE,39,"Gasilski dom, Zamostec 8a, Sodražica",45.76111,14.63556
VE 4000 - LJUBLJANA BEŽIGRAD,VO 4002 - RIBNICA-DOBREPOLJE,40,"OŠ Sodražica, CNO 10, Sodražica",45.76111,14.63556
VE 4000 - LJUBLJANA BEŽIGRAD,VO 4002 - RIBNICA-DOBREPOLJE,41,"Gasilski dom, Trg 25. maja 5, Sodražica",45.76111,14.63556
VE 4000 - LJUBLJANA BEŽIGRAD,VO 4002 - RIBNICA-DOBREPOLJE,42,"Gasilski dom, Žimarice 76, Sodražica",45.76111,14.63556
VE 4000 - LJUBLJANA BEŽIGRAD,VO 4002 - RIBNICA-DOBREPOLJE,43,"Pri Mirku Oražmu, Globel 8, Sodražica",45.76111,14.63556
VE 4000 - LJUBLJANA BEŽIGRAD,VO 4002 - RIBNICA-DOBREPOLJE,44,"PRI MIHAELU ŠEGI, Podklanec 22, 1317 Sodražica",45.7611,14.6356
VE 4000 - LJUBLJANA BEŽIGRAD,VO 4002 - RIBNICA-DOBREPOLJE,45,"TŠD Gora, Petrinci 10a, Sodražica",45.76111,14.63556
VE 4000 - LJUBLJANA BEŽIGRAD,VO 4002 - RIBNICA-DOBREPOLJE,46,"Jakličev dom, Videm 34, Videm Dobrepolje",45.85,14.69417
VE 4000 - LJUBLJANA BEŽIGRAD,VO 4002 - RIBNICA-DOBREPOLJE,47,"Gasilski dom, Hočevje 19, Krka",45.88129,14.77807
VE 4000 - LJUBLJANA BEŽIGRAD,VO 4002 - RIBNICA-DOBREPOLJE,48,"Vaški prostor, Predstruge 60, Videm Dobrepolje",45.85,14.69417
VE 4000 - LJUBLJANA BEŽIGRAD,VO 4002 - RIBNICA-DOBREPOLJE,49,"Gasilski dom, Kompolje 60, Videm Dobrepolje",45.85,14.69417
VE 4000 - LJUBLJANA BEŽIGRAD,VO 4002 - RIBNICA-DOBREPOLJE,50,"PRIZMA PONIKVE, Ponikve 76, Videm Dobrepolje",45.85,14.69417
VE 4000 - LJUBLJANA BEŽIGRAD,VO 4002 - RIBNICA-DOBREPOLJE,51,"OŠ Struge, Lipa 16, Struge",,
VE 4000 - LJUBLJANA BEŽIGRAD,VO 4003 - GROSUPLJE,1,"DD Grosuplje I., Taborska c. 1",,
VE 4000 - LJUBLJANA BEŽIGRAD,VO 4003 - GROSUPLJE,2,"DD Grosuplje II., Taborska c. 1",,
VE 4000 - LJUBLJANA BEŽIGRAD,VO 4003 - GROSUPLJE,3,"OŠ Louisa Adamiča I, Tovarniška c. 14",,
VE 4000 - LJUBLJANA BEŽIGRAD,VO 4003 - GROSUPLJE,4,"OŠ Brinje, Ljubljanska c. 40a",,
VE 4000 - LJUBLJANA BEŽIGRAD,VO 4003 - GROSUPLJE,5,"DO Grosuplje, Ob Grosupeljščici 1b",,
VE 4000 - LJUBLJANA BEŽIGRAD,VO 4003 - GROSUPLJE,6,"GD Mala Ilova Gora, Mala Ilova Gora 21",45.88667,14.73417
VE 4000 - LJUBLJANA BEŽIGRAD,VO 4003 - GROSUPLJE,7,"GD Veliko Mlačevo, Veliko Mlačevo 6a",,
VE 4000 - LJUBLJANA BEŽIGRAD,VO 4003 - GROSUPLJE,8,"GD Polica, Polica 41",45.98197,14.70498
VE 4000 - LJUBLJANA BEŽIGRAD,VO 4003 - GROSUPLJE,9,"DD Račna, Velika Račna 24b",,
VE 4000 - LJUBLJANA BEŽIGRAD,VO 4003 - GROSUPLJE,10,"ZDD SPODNJA SLIVNICA, Spodnja Slivnica 16",45.92442,14.6575
VE 4000 - LJUBLJANA BEŽIGRAD,VO 4003 - GROSUPLJE,11,"KS Škocjan, Škocjan 20",45.9085698,15.2841637
VE 4000 - LJUBLJANA BEŽIGRAD,VO 4003 - GROSUPLJE,12,"GD Ponova vas, Ponova vas 27",45.939334,14.6303473
VE 4000 - LJUBLJANA BEŽIGRAD,VO 4003 - GROSUPLJE,13,"OŠ Št. Jurij, Št. Jurij 14",45.9251139,14.622802
VE 4000 - LJUBLJANA BEŽIGRAD,VO 4003 - GROSUPLJE,14,"Podružnična šola Žalna, Žalna 1",45.94,14.70722
VE 4000 - LJUBLJANA BEŽIGRAD,VO 4003 - GROSUPLJE,15,"GD Luče, Luče 22a",,
VE 4000 - LJUBLJANA BEŽIGRAD,VO 4003 - GROSUPLJE,16,"OŠ Šmarje-Sap I., Ljubljanska c. 49",,
VE 4000 - LJUBLJANA BEŽIGRAD,VO 4003 - GROSUPLJE,17,"OŠ Šmarje-Sap II., Ljubljanska c. 49",,
VE 4000 - LJUBLJANA BEŽIGRAD,VO 4003 - GROSUPLJE,18,"OŠ Šmarje-Sap III., Ljubljanska c. 49",,
VE 4000 - LJUBLJANA BEŽIGRAD,VO 4003 - GROSUPLJE,61,"OŠ Louisa Adamiča II, Tovarniška c. 14",,
VE 4000 - LJUBLJANA BEŽIGRAD,VO 4003 - GROSUPLJE,62,"OŠ Polica, Polica 200",45.9775716,14.6967228
VE 4000 - LJUBLJANA BEŽIGRAD,VO 4004 - IVANČNA GORICA,1,"ZADRUŽNI HRAM I., C. 2. grupe odr. 17, Iv. Gorica",,
VE 4000 - LJUBLJANA BEŽIGRAD,VO 4004 - IVANČNA GORICA,2,"ZADRUŽNI HRAM II., C. 2.grupe odr. 17, Iv. Gorica",,
VE 4000 - LJUBLJANA BEŽIGRAD,VO 4004 - IVANČNA GORICA,3,"ZD IV. GORICA, C. 2.grupe odr. 16a, Iv. Gorica",,
VE 4000 - LJUBLJANA BEŽIGRAD,VO 4004 - IVANČNA GORICA,4,"KD MULJAVA, Muljava 20",45.89889,14.79778
VE 4000 - LJUBLJANA BEŽIGRAD,VO 4004 - IVANČNA GORICA,5,"GD STIČNA I., Stična 144",45.96056,14.81028
VE 4000 - LJUBLJANA BEŽIGRAD,VO 4004 - IVANČNA GORICA,6,"GD METNAJ, Metnaj 2",45.98472,14.80139
VE 4000 - LJUBLJANA BEŽIGRAD,VO 4004 - IVANČNA GORICA,7,"MH VIŠNJA GORA, Mestni trg 21, Višnja Gora",45.95789,14.74228
VE 4000 - LJUBLJANA BEŽIGRAD,VO 4004 - IVANČNA GORICA,8,"GD KRIŠKA VAS, Kriška vas 10",45.94111,14.73639
VE 4000 - LJUBLJANA BEŽIGRAD,VO 4004 - IVANČNA GORICA,9,"GD VRH PRI VIŠNJI GORI, Vrh pri Višnji Gori 2",45.97139,14.74583
VE 4000 - LJUBLJANA BEŽIGRAD,VO 4004 - IVANČNA GORICA,10,"KD ŠENTVID I., Šentvid pri Stični 70",45.95004,14.84344
VE 4000 - LJUBLJANA BEŽIGRAD,VO 4004 - IVANČNA GORICA,11,"KD ŠENTVID II., Šentvid pri Stični 70",45.95004,14.84344
VE 4000 - LJUBLJANA BEŽIGRAD,VO 4004 - IVANČNA GORICA,12,"GD DOB, Dob pri Šentvidu 8",45.93222,14.86167
VE 4000 - LJUBLJANA BEŽIGRAD,VO 4004 - IVANČNA GORICA,13,"VO HRASTOV DOL, Hrastov Dol 2",45.90775,14.85826
VE 4000 - LJUBLJANA BEŽIGRAD,VO 4004 - IVANČNA GORICA,14,"DK TEMENICA, Temenica 2a",,
VE 4000 - LJUBLJANA BEŽIGRAD,VO 4004 - IVANČNA GORICA,15,"KD AMBRUS, Ambrus 56",45.8318504,14.8171783
VE 4000 - LJUBLJANA BEŽIGRAD,VO 4004 - IVANČNA GORICA,16,"OŠ ZAGRADEC, Zagradec 33",45.86139,14.83417
VE 4000 - LJUBLJANA BEŽIGRAD,VO 4004 - IVANČNA GORICA,17,"DC KRKA I., Krka 1d",,
VE 4000 - LJUBLJANA BEŽIGRAD,VO 4004 - IVANČNA GORICA,38,"GD STIČNA II., Stična 144",45.96056,14.81028
VE 4000 - LJUBLJANA BEŽIGRAD,VO 4004 - IVANČNA GORICA,39,"DC KRKA II., Krka 1d",,
VE 4000 - LJUBLJANA BEŽIGRAD,VO 4004 - IVANČNA GORICA,40,"GD VIŠNJA GORA, Cesta na Polževo 12, Višnja Gora",45.95789,14.74228
VE 4000 - LJUBLJANA BEŽIGRAD,VO 4005 - LJUBLJANA MOSTE-POLJE 1,1,"KD Dolsko, Dolsko 55",46.09194,14.67722
VE 4000 - LJUBLJANA BEŽIGRAD,VO 4005 - LJUBLJANA MOSTE-POLJE 1,2,"PGD Senožeti, Senožeti 25",46.0904199,14.7331634
VE 4000 - LJUBLJANA BEŽIGRAD,VO 4005 - LJUBLJANA MOSTE-POLJE 1,3,"PGD Vinje, Vinje 26b",,
VE 4000 - LJUBLJANA BEŽIGRAD,VO 4005 - LJUBLJANA MOSTE-POLJE 1,4,"PGD Laze, Laze 29b",,
VE 4000 - LJUBLJANA BEŽIGRAD,VO 4005 - LJUBLJANA MOSTE-POLJE 1,5,"PGD Klopce, Klopce 40",46.4,15.6
VE 4000 - LJUBLJANA BEŽIGRAD,VO 4005 - LJUBLJANA MOSTE-POLJE 1,6,"Podružnična šola Besnica, Besnica 21",46.0354919,14.6584856
VE 4000 - LJUBLJANA BEŽIGRAD,VO 4005 - LJUBLJANA MOSTE-POLJE 1,7,"Podružnična šola Janče, Gabrje pri Jančah 16",46.0499167,14.7040755
VE 4000 - LJUBLJANA BEŽIGRAD,VO 4005 - LJUBLJANA MOSTE-POLJE 1,8,"Podružnična šola Prežganje, Prežganje 7",46.0246647,14.7282262
VE 4000 - LJUBLJANA BEŽIGRAD,VO 4005 - LJUBLJANA MOSTE-POLJE 1,9,"Župnišče Javor, Javor 1",46.0198247,14.6769301
VE 4000 - LJUBLJANA BEŽIGRAD,VO 4005 - LJUBLJANA MOSTE-POLJE 1,10,"Podružnična šola Lipoglav, Mali Lipoglav 8",45.9929114,14.6431865
VE 4000 - LJUBLJANA BEŽIGRAD,VO 4005 - LJUBLJANA MOSTE-POLJE 1,11,"OŠ Zalog, Cerutova ul. 7",46.0625337,14.6153699
VE 4000 - LJUBLJANA BEŽIGRAD,VO 4005 - LJUBLJANA MOSTE-POLJE 1,12,"OŠ Zalog, Cerutova ul. 7",46.0625337,14.6153699
VE 4000 - LJUBLJANA BEŽIGRAD,VO 4005 - LJUBLJANA MOSTE-POLJE 1,14,"Center Zalog, Zaloška c. 267",,
VE 4000 - LJUBLJANA BEŽIGRAD,VO 4005 - LJUBLJANA MOSTE-POLJE 1,15,"Center Zalog, Zaloška c. 267",,
VE 4000 - LJUBLJANA BEŽIGRAD,VO 4005 - LJUBLJANA MOSTE-POLJE 1,16,"Vaški dom, Podgrajska c. 6e",,
VE 4000 - LJUBLJANA BEŽIGRAD,VO 4005 - LJUBLJANA MOSTE-POLJE 1,17,"PGD Zgornji Kašelj, Kašeljska c. 95",46.0515459,14.6024769
VE 4000 - LJUBLJANA BEŽIGRAD,VO 4005 - LJUBLJANA MOSTE-POLJE 1,18,"OŠ Kašelj, Kašeljska c. 119a",,
VE 4000 - LJUBLJANA BEŽIGRAD,VO 4005 - LJUBLJANA MOSTE-POLJE 1,19,"OŠ Kašelj, Kašeljska c. 119a",,
VE 4000 - LJUBLJANA BEŽIGRAD,VO 4005 - LJUBLJANA MOSTE-POLJE 1,20,"OŠ Zadobrova, Zadobrovška c. 35",46.0655695,14.5817428
VE 4000 - LJUBLJANA BEŽIGRAD,VO 4005 - LJUBLJANA MOSTE-POLJE 1,21,"OŠ Sostro, C. II. grupe odredov 47",46.0355257,14.5993726
VE 4000 - LJUBLJANA BEŽIGRAD,VO 4005 - LJUBLJANA MOSTE-POLJE 1,22,"OŠ Kašelj, Kašeljska c. 119a",,
VE 4000 - LJUBLJANA BEŽIGRAD,VO 4005 - LJUBLJANA MOSTE-POLJE 1,23,"SH Podlipoglav, Podlipoglav 19",46.01667,14.63333
VE 4000 - LJUBLJANA BEŽIGRAD,VO 4005 - LJUBLJANA MOSTE-POLJE 1,24,"OŠ Sostro, C. II. grupe odredov 47",46.0355257,14.5993726
VE 4000 - LJUBLJANA BEŽIGRAD,VO 4005 - LJUBLJANA MOSTE-POLJE 1,25,"OŠ Sostro, C. II. grupe odredov 47",46.0355257,14.5993726
VE 4000 - LJUBLJANA BEŽIGRAD,VO 4005 - LJUBLJANA MOSTE-POLJE 1,26,"ZD Zadvor, C. II. grupe odredov 43",,
VE 4000 - LJUBLJANA BEŽIGRAD,VO 4005 - LJUBLJANA MOSTE-POLJE 1,27,"PGD Bizovik, Bizoviška c. 15a",,
VE 4000 - LJUBLJANA BEŽIGRAD,VO 4005 - LJUBLJANA MOSTE-POLJE 1,28,"Prostori MOL (Polje), Zaloška c. 160",,
VE 4000 - LJUBLJANA BEŽIGRAD,VO 4005 - LJUBLJANA MOSTE-POLJE 1,29,"OŠ Polje, Zaloška c. 189",,
VE 4000 - LJUBLJANA BEŽIGRAD,VO 4005 - LJUBLJANA MOSTE-POLJE 1,30,"OŠ Polje, Zaloška c. 189",,
VE 4000 - LJUBLJANA BEŽIGRAD,VO 4005 - LJUBLJANA MOSTE-POLJE 1,31,"PGD Slape - Polje, Slape 50",46.0506848,14.5786621
VE 4000 - LJUBLJANA BEŽIGRAD,VO 4005 - LJUBLJANA MOSTE-POLJE 1,32,"Podružnična šola Hrušica, Pot do šole 1",46.0449483,14.5604656
VE 4000 - LJUBLJANA BEŽIGRAD,VO 4005 - LJUBLJANA MOSTE-POLJE 1,33,"Prostori MOL (Polje), Zaloška c. 160",,
VE 4000 - LJUBLJANA BEŽIGRAD,VO 4006 - LJUBLJANA MOSTE-POLJE 2,1,"OŠ Karla Destovnika Kajuha, Jakčeva ul. 42",46.0544168,14.5459949
VE 4000 - LJUBLJANA BEŽIGRAD,VO 4006 - LJUBLJANA MOSTE-POLJE 2,2,"OŠ Karla Destovnika Kajuha, Jakčeva ul. 42",46.0544168,14.5459949
VE 4000 - LJUBLJANA BEŽIGRAD,VO 4006 - LJUBLJANA MOSTE-POLJE 2,3,"OŠ Karla Destovnika Kajuha, Jakčeva ul. 42",46.0544168,14.5459949
VE 4000 - LJUBLJANA BEŽIGRAD,VO 4006 - LJUBLJANA MOSTE-POLJE 2,4,"OŠ Karla Destovnika Kajuha, Jakčeva ul. 42",46.0544168,14.5459949
VE 4000 - LJUBLJANA BEŽIGRAD,VO 4006 - LJUBLJANA MOSTE-POLJE 2,5,"OŠ Božidarja Jakca, Nusdorferjeva ul. 10",46.0488099,14.5468944
VE 4000 - LJUBLJANA BEŽIGRAD,VO 4006 - LJUBLJANA MOSTE-POLJE 2,7,"OŠ Božidarja Jakca, Nusdorferjeva ul. 10",46.0488099,14.5468944
VE 4000 - LJUBLJANA BEŽIGRAD,VO 4006 - LJUBLJANA MOSTE-POLJE 2,8,"OŠ Božidarja Jakca, Nusdorferjeva ul. 10",46.0488099,14.5468944
VE 4000 - LJUBLJANA BEŽIGRAD,VO 4006 - LJUBLJANA MOSTE-POLJE 2,10,"OŠ Božidarja Jakca, Nusdorferjeva ul. 10",46.0488099,14.5468944
VE 4000 - LJUBLJANA BEŽIGRAD,VO 4006 - LJUBLJANA MOSTE-POLJE 2,11,"OŠ Božidarja Jakca, Nusdorferjeva ul. 10",46.0488099,14.5468944
VE 4000 - LJUBLJANA BEŽIGRAD,VO 4006 - LJUBLJANA MOSTE-POLJE 2,12,"OŠ Božidarja Jakca, Nusdorferjeva ul. 10",46.0488099,14.5468944
VE 4000 - LJUBLJANA BEŽIGRAD,VO 4006 - LJUBLJANA MOSTE-POLJE 2,13,"OŠ Martina Krpana, Gašperšičeva ul. 10",46.0518685,14.5562618
VE 4000 - LJUBLJANA BEŽIGRAD,VO 4006 - LJUBLJANA MOSTE-POLJE 2,14,"OŠ Martina Krpana, Gašperšičeva ul. 10",46.0518685,14.5562618
VE 4000 - LJUBLJANA BEŽIGRAD,VO 4006 - LJUBLJANA MOSTE-POLJE 2,15,"Dom občanov Fužine, Preglov trg 15",,
VE 4000 - LJUBLJANA BEŽIGRAD,VO 4006 - LJUBLJANA MOSTE-POLJE 2,16,"Dom občanov Fužine, Preglov trg 15",,
VE 4000 - LJUBLJANA BEŽIGRAD,VO 4006 - LJUBLJANA MOSTE-POLJE 2,17,"OŠ Nove Fužine, Preglov trg 8",46.0520627,14.560523
VE 4000 - LJUBLJANA BEŽIGRAD,VO 4006 - LJUBLJANA MOSTE-POLJE 2,18,"OŠ Nove Fužine, Preglov trg 8",46.0520627,14.560523
VE 4000 - LJUBLJANA BEŽIGRAD,VO 4006 - LJUBLJANA MOSTE-POLJE 2,19,"OŠ Nove Fužine, Preglov trg 8",46.0520627,14.560523
VE 4000 - LJUBLJANA BEŽIGRAD,VO 4006 - LJUBLJANA MOSTE-POLJE 2,20,"SŠ za Gastronomijo in turizem Lj., Preglov trg 9",,
VE 4000 - LJUBLJANA BEŽIGRAD,VO 4006 - LJUBLJANA MOSTE-POLJE 2,21,"OŠ Nove Fužine, Preglov trg 8",46.0520627,14.560523
VE 4000 - LJUBLJANA BEŽIGRAD,VO 4006 - LJUBLJANA MOSTE-POLJE 2,22,"SŠ za Gastronomijo in turizem Lj., Preglov trg 9",,
VE 4000 - LJUBLJANA BEŽIGRAD,VO 4007 - LJUBLJANA MOSTE-POLJE 3,1,"GD Šmartno, Kopna pot 6",,
VE 4000 - LJUBLJANA BEŽIGRAD,VO 4007 - LJUBLJANA MOSTE-POLJE 3,2,"OŠ Nove Jarše, Clevelandska ul. 11",46.0731552,14.5454475
VE 4000 - LJUBLJANA BEŽIGRAD,VO 4007 - LJUBLJANA MOSTE-POLJE 3,3,"OŠ Nove Jarše, Clevelandska ul. 11",46.0731552,14.5454475
VE 4000 - LJUBLJANA BEŽIGRAD,VO 4007 - LJUBLJANA MOSTE-POLJE 3,4,"OŠ Nove Jarše, Clevelandska ul. 11",46.0731552,14.5454475
VE 4000 - LJUBLJANA BEŽIGRAD,VO 4007 - LJUBLJANA MOSTE-POLJE 3,5,"OŠ Jože Moškrič, Jarška c. 34",,
VE 4000 - LJUBLJANA BEŽIGRAD,VO 4007 - LJUBLJANA MOSTE-POLJE 3,6,"OŠ Jože Moškrič, Jarška c. 34",,
VE 4000 - LJUBLJANA BEŽIGRAD,VO 4007 - LJUBLJANA MOSTE-POLJE 3,7,"OŠ Jože Moškrič, Jarška c. 34",,
VE 4000 - LJUBLJANA BEŽIGRAD,VO 4007 - LJUBLJANA MOSTE-POLJE 3,8,"OŠ Vide Pregarc, Bazoviška ul. 1",46.0591036,14.5331545
VE 4000 - LJUBLJANA BEŽIGRAD,VO 4007 - LJUBLJANA MOSTE-POLJE 3,10,"OŠ Vide Pregarc, Bazoviška ul. 1",46.0591036,14.5331545
VE 4000 - LJUBLJANA BEŽIGRAD,VO 4007 - LJUBLJANA MOSTE-POLJE 3,11,"OŠ Vide Pregarc, Bazoviška ul. 1",46.0591036,14.5331545
VE 4000 - LJUBLJANA BEŽIGRAD,VO 4007 - LJUBLJANA MOSTE-POLJE 3,13,"Gimnazija Moste, Zaloška c. 49",46.0559278,14.5323738
VE 4000 - LJUBLJANA BEŽIGRAD,VO 4007 - LJUBLJANA MOSTE-POLJE 3,15,"Gimnazija Moste, Zaloška c. 49",46.0559278,14.5323738
VE 4000 - LJUBLJANA BEŽIGRAD,VO 4007 - LJUBLJANA MOSTE-POLJE 3,16,"Gimnazija Moste, Zaloška c. 49",46.0559278,14.5323738
VE 4000 - LJUBLJANA BEŽIGRAD,VO 4007 - LJUBLJANA MOSTE-POLJE 3,17,"Gimnazija Moste, Zaloška c. 49",46.0559278,14.5323738
VE 4000 - LJUBLJANA BEŽIGRAD,VO 4007 - LJUBLJANA MOSTE-POLJE 3,18,"OŠ Ketteja in Murna, Koširjeva ul. 2",46.0514735,14.5319422
VE 4000 - LJUBLJANA BEŽIGRAD,VO 4007 - LJUBLJANA MOSTE-POLJE 3,19,"OŠ Ketteja in Murna, Koširjeva ul. 2",46.0514735,14.5319422
VE 4000 - LJUBLJANA BEŽIGRAD,VO 4007 - LJUBLJANA MOSTE-POLJE 3,20,"OŠ Ketteja in Murna, Koširjeva ul. 2",46.0514735,14.5319422
VE 4000 - LJUBLJANA BEŽIGRAD,VO 4007 - LJUBLJANA MOSTE-POLJE 3,21,"OŠ Ketteja in Murna, Koširjeva ul. 2",46.0514735,14.5319422
VE 4000 - LJUBLJANA BEŽIGRAD,VO 4007 - LJUBLJANA MOSTE-POLJE 3,22,"OŠ Ketteja in Murna, Koširjeva ul. 2",46.0514735,14.5319422
VE 4000 - LJUBLJANA BEŽIGRAD,VO 4007 - LJUBLJANA MOSTE-POLJE 3,24,"ZDD Zadobrova, Zadobrovška c. 88",,
VE 4000 - LJUBLJANA BEŽIGRAD,VO 4007 - LJUBLJANA MOSTE-POLJE 3,25,"ZDD Zadobrova, Zadobrovška c. 88",,
VE 4000 - LJUBLJANA BEŽIGRAD,VO 4007 - LJUBLJANA MOSTE-POLJE 3,26,"OŠ Zadobrova, Zadobrovška c. 35",46.0655695,14.5817428
VE 4000 - LJUBLJANA BEŽIGRAD,VO 4007 - LJUBLJANA MOSTE-POLJE 3,27,"ZDD Zadobrova, Zadobrovška c. 88",,
VE 4000 - LJUBLJANA BEŽIGRAD,VO 4008 - LJUBLJANA BEŽIGRAD 1,1,"OŠ Janka Modra, Videm 17",46.0864201,14.6338371
VE 4000 - LJUBLJANA BEŽIGRAD,VO 4008 - LJUBLJANA BEŽIGRAD 1,2,"GD Beričevo, Beričevo 12",46.08333,14.61667
VE 4000 - LJUBLJANA BEŽIGRAD,VO 4008 - LJUBLJANA BEŽIGRAD 1,3,"Prostori MOL, Zajčeva pot 34, Ljubljana Črnuče",46.11506,14.55371
VE 4000 - LJUBLJANA BEŽIGRAD,VO 4008 - LJUBLJANA BEŽIGRAD 1,4,"GD Nadgorica, Nadgoriška c. 18, Ljubljana Črnuče",46.11506,14.55371
VE 4000 - LJUBLJANA BEŽIGRAD,VO 4008 - LJUBLJANA BEŽIGRAD 1,5,"OŠ Maksa Pečarja, Črnuška c. 9, Ljubljana Črnuče",46.11506,14.55371
VE 4000 - LJUBLJANA BEŽIGRAD,VO 4008 - LJUBLJANA BEŽIGRAD 1,6,"OŠ Maksa Pečarja, Črnuška c. 9, Ljubljana Črnuče",46.11506,14.55371
VE 4000 - LJUBLJANA BEŽIGRAD,VO 4008 - LJUBLJANA BEŽIGRAD 1,7,"Prostori MOL, Dunajska c. 367, Ljubljana Črnuče",46.11506,14.55371
VE 4000 - LJUBLJANA BEŽIGRAD,VO 4008 - LJUBLJANA BEŽIGRAD 1,8,"Prostori MOL, Dunajska c. 367, Ljubljana Črnuče",46.11506,14.55371
VE 4000 - LJUBLJANA BEŽIGRAD,VO 4008 - LJUBLJANA BEŽIGRAD 1,9,"OŠ Maksa Pečarja, Črnuška c. 9, Ljubljana Črnuče",46.11506,14.55371
VE 4000 - LJUBLJANA BEŽIGRAD,VO 4008 - LJUBLJANA BEŽIGRAD 1,10,"OŠ Danile Kumar, Gogalova ul. 15, Ljubljana",46.0871559,14.5107423
VE 4000 - LJUBLJANA BEŽIGRAD,VO 4008 - LJUBLJANA BEŽIGRAD 1,11,"KD Savlje Kleče, Savlje 101, Ljubljana",46.0958324,14.4997841
VE 4000 - LJUBLJANA BEŽIGRAD,VO 4008 - LJUBLJANA BEŽIGRAD 1,12,"OŠ Danile Kumar, Gogalova ul. 15, Ljubljana",46.0871559,14.5107423
VE 4000 - LJUBLJANA BEŽIGRAD,VO 4008 - LJUBLJANA BEŽIGRAD 1,13,"OŠ Danile Kumar, Gogalova ul. 15, Ljubljana",46.0871559,14.5107423
VE 4000 - LJUBLJANA BEŽIGRAD,VO 4008 - LJUBLJANA BEŽIGRAD 1,14,"OŠ Danile Kumar, Gogalova ul. 15, Ljubljana",46.0871559,14.5107423
VE 4000 - LJUBLJANA BEŽIGRAD,VO 4008 - LJUBLJANA BEŽIGRAD 1,15,"OŠ Danile Kumar, Gogalova ul. 15, Ljubljana",46.0871559,14.5107423
VE 4000 - LJUBLJANA BEŽIGRAD,VO 4008 - LJUBLJANA BEŽIGRAD 1,16,"OŠ Danile Kumar, Gogalova ul. 15, Ljubljana",46.0871559,14.5107423
VE 4000 - LJUBLJANA BEŽIGRAD,VO 4008 - LJUBLJANA BEŽIGRAD 1,17,"OŠ Danile Kumar, Gogalova ul. 15, Ljubljana",46.0871559,14.5107423
VE 4000 - LJUBLJANA BEŽIGRAD,VO 4008 - LJUBLJANA BEŽIGRAD 1,18,"OŠ Danile Kumar, Gogalova ul. 15, Ljubljana",46.0871559,14.5107423
VE 4000 - LJUBLJANA BEŽIGRAD,VO 4008 - LJUBLJANA BEŽIGRAD 1,19,"OŠ Franceta Bevka, Ul. Pohorskega bataljona 1",46.0780233,14.5069922
VE 4000 - LJUBLJANA BEŽIGRAD,VO 4008 - LJUBLJANA BEŽIGRAD 1,20,"OŠ Franceta Bevka, Ul. Pohorskega bataljona 1",46.0780233,14.5069922
VE 4000 - LJUBLJANA BEŽIGRAD,VO 4008 - LJUBLJANA BEŽIGRAD 1,21,"Prostori MOL, Vojkova c. 87, Ljubljana",46.05108,14.50513
VE 4000 - LJUBLJANA BEŽIGRAD,VO 4008 - LJUBLJANA BEŽIGRAD 1,22,"OŠ Milana Šuštaršiča, Štembalova ul. 2a, Ljubljana",46.05108,14.50513
VE 4000 - LJUBLJANA BEŽIGRAD,VO 4008 - LJUBLJANA BEŽIGRAD 1,23,"OŠ Maksa Pečarja, Črnuška c. 9, Ljubljana Črnuče",46.11506,14.55371
VE 4000 - LJUBLJANA BEŽIGRAD,VO 4008 - LJUBLJANA BEŽIGRAD 1,24,"OŠ Maksa Pečarja, Črnuška c. 9, Ljubljana Črnuče",46.11506,14.55371
VE 4000 - LJUBLJANA BEŽIGRAD,VO 4008 - LJUBLJANA BEŽIGRAD 1,25,"OŠ Janka Modra, Videm 17",46.0864201,14.6338371
VE 4000 - LJUBLJANA BEŽIGRAD,VO 4009 - LJUBLJANA BEŽIGRAD 2,1,"OŠ Bežigrad, Črtomirova ul. 12",46.0619487,14.5187887
VE 4000 - LJUBLJANA BEŽIGRAD,VO 4009 - LJUBLJANA BEŽIGRAD 2,2,"OŠ Bežigrad, Črtomirova ul. 12",46.0619487,14.5187887
VE 4000 - LJUBLJANA BEŽIGRAD,VO 4009 - LJUBLJANA BEŽIGRAD 2,3,"OŠ Bežigrad, Črtomirova ul. 12",46.0619487,14.5187887
VE 4000 - LJUBLJANA BEŽIGRAD,VO 4009 - LJUBLJANA BEŽIGRAD 2,4,"OŠ Bežigrad, Črtomirova ul. 12",46.0619487,14.5187887
VE 4000 - LJUBLJANA BEŽIGRAD,VO 4009 - LJUBLJANA BEŽIGRAD 2,5,"Knjižnica Bežigrad, Einspielerjeva ulica 1",46.0650953,14.5082421
VE 4000 - LJUBLJANA BEŽIGRAD,VO 4009 - LJUBLJANA BEŽIGRAD 2,6,"Zavod RS za zaposlovanje, Parmova 32",,
VE 4000 - LJUBLJANA BEŽIGRAD,VO 4009 - LJUBLJANA BEŽIGRAD 2,7,"Društvo distrofikov Slovenije, Linhartova c. 1",,
VE 4000 - LJUBLJANA BEŽIGRAD,VO 4009 - LJUBLJANA BEŽIGRAD 2,8,"OŠ Mirana Jarca, Ipavčeva ul. 1",46.0688745,14.5138535
VE 4000 - LJUBLJANA BEŽIGRAD,VO 4009 - LJUBLJANA BEŽIGRAD 2,9,"OŠ Mirana Jarca, Ipavčeva ul. 1",46.0688745,14.5138535
VE 4000 - LJUBLJANA BEŽIGRAD,VO 4009 - LJUBLJANA BEŽIGRAD 2,10,"OŠ Vita Kraigherja, Trg 9. maja 1",46.0692677,14.5061306
VE 4000 - LJUBLJANA BEŽIGRAD,VO 4009 - LJUBLJANA BEŽIGRAD 2,11,"Prostori MOL, Dunajska c. 101",,
VE 4000 - LJUBLJANA BEŽIGRAD,VO 4009 - LJUBLJANA BEŽIGRAD 2,12,"OŠ Vita Kraigherja, Trg 9. maja 1",46.0692677,14.5061306
VE 4000 - LJUBLJANA BEŽIGRAD,VO 4009 - LJUBLJANA BEŽIGRAD 2,13,"Prostori MOL, Dunajska c. 101",,
VE 4000 - LJUBLJANA BEŽIGRAD,VO 4009 - LJUBLJANA BEŽIGRAD 2,14,"OŠ Vita Kraigherja, Trg 9. maja 1",46.0692677,14.5061306
VE 4000 - LJUBLJANA BEŽIGRAD,VO 4009 - LJUBLJANA BEŽIGRAD 2,15,"OŠ Mirana Jarca, Ipavčeva ul. 1",46.0688745,14.5138535
VE 4000 - LJUBLJANA BEŽIGRAD,VO 4009 - LJUBLJANA BEŽIGRAD 2,16,"OŠ Savsko naselje, Matjaževa ul. 4",46.0638269,14.5205153
VE 4000 - LJUBLJANA BEŽIGRAD,VO 4009 - LJUBLJANA BEŽIGRAD 2,17,"OŠ Savsko naselje, Matjaževa ul. 4",46.0638269,14.5205153
VE 4000 - LJUBLJANA BEŽIGRAD,VO 4009 - LJUBLJANA BEŽIGRAD 2,18,"OŠ Savsko naselje, Matjaževa ul. 4",46.0638269,14.5205153
VE 4000 - LJUBLJANA BEŽIGRAD,VO 4009 - LJUBLJANA BEŽIGRAD 2,19,"OŠ Milana Šuštaršiča, Štembalova ul. 2a",,
VE 4000 - LJUBLJANA BEŽIGRAD,VO 4009 - LJUBLJANA BEŽIGRAD 2,20,"OŠ Milana Šuštaršiča, Štembalova ul. 2a",,
VE 4000 - LJUBLJANA BEŽIGRAD,VO 4009 - LJUBLJANA BEŽIGRAD 2,21,"Prostori MOL, Vojkova c. 73",,
VE 4000 - LJUBLJANA BEŽIGRAD,VO 4009 - LJUBLJANA BEŽIGRAD 2,22,"Objekt - okrepčevalnica, Šifrerjeva 3",,
VE 4000 - LJUBLJANA BEŽIGRAD,VO 4009 - LJUBLJANA BEŽIGRAD 2,23,"Objekt - okrepčevalnica, Šifrerjeva 3",,
VE 4000 - LJUBLJANA BEŽIGRAD,VO 4009 - LJUBLJANA BEŽIGRAD 2,24,"Knjižnica Bežigrad, Einspielerjeva ulica 1",46.0650953,14.5082421
VE 4000 - LJUBLJANA BEŽIGRAD,VO 4010 - DOMŽALE 1,1,"OSNOVNA ŠOLA DOB I, Šolska ulica 7, Dob",46.15194,14.62861
VE 4000 - LJUBLJANA BEŽIGRAD,VO 4010 - DOMŽALE 1,2,"OSNOVNA ŠOLA DOB II, Šolska ulica 7, Dob",46.15194,14.62861
VE 4000 - LJUBLJANA BEŽIGRAD,VO 4010 - DOMŽALE 1,3,"Dom krajanov v Žejah, Žeje 10",46.12454,14.66372
VE 4000 - LJUBLJANA BEŽIGRAD,VO 4010 - DOMŽALE 1,4,"Osnovna šola Krtina, Krtina 41",46.1493126,14.6607134
VE 4000 - LJUBLJANA BEŽIGRAD,VO 4010 - DOMŽALE 1,5,"Gasilski dom Homec, Bolkova ul.46, Homec",46.18333,14.6
VE 4000 - LJUBLJANA BEŽIGRAD,VO 4010 - DOMŽALE 1,6,"Osnovna šola Ihan, Šolska ul.5, Ihan",46.12083,14.62
VE 4000 - LJUBLJANA BEŽIGRAD,VO 4010 - DOMŽALE 1,7,"Samostan Mala Loka, Mala Loka 8",46.108302,14.6096876
VE 4000 - LJUBLJANA BEŽIGRAD,VO 4010 - DOMŽALE 1,8,"Slamnikarski muzej, Kajuhova cesta 5, Domžale",46.13774,14.59371
VE 4000 - LJUBLJANA BEŽIGRAD,VO 4010 - DOMŽALE 1,9,"RD BISTRICA DOMŽALE, Krakovska 18a, Domžale",46.13774,14.59371
VE 4000 - LJUBLJANA BEŽIGRAD,VO 4010 - DOMŽALE 1,10,"NOVI GASILSKI DOM ŠTUDA, Študljanska 103, Domžale ",46.13774,14.59371
VE 4000 - LJUBLJANA BEŽIGRAD,VO 4010 - DOMŽALE 1,11,"Kulturni dom Radomlje I, Prešernova cesta 43",45.88794,13.86961
VE 4000 - LJUBLJANA BEŽIGRAD,VO 4010 - DOMŽALE 1,12,"Kulturni dom Radomlje II, Prešernova cesta 43",45.88794,13.86961
VE 4000 - LJUBLJANA BEŽIGRAD,VO 4010 - DOMŽALE 1,13,"GD Rova, Žiška c.10, Rova",46.18333,14.63333
VE 4000 - LJUBLJANA BEŽIGRAD,VO 4010 - DOMŽALE 1,14,"Delavski dom Vir, Šaranovičeva c.19,Vir",46.15325,14.60741
VE 4000 - LJUBLJANA BEŽIGRAD,VO 4010 - DOMŽALE 1,15,"Vrtec Palček Vir, Dvoržakova ul.15, Vir ",46.15325,14.60741
VE 4000 - LJUBLJANA BEŽIGRAD,VO 4010 - DOMŽALE 1,16,"VRTEC CICIDOM VIR, Šubičeva 12, Vir",46.1582556,14.602966
VE 4000 - LJUBLJANA BEŽIGRAD,VO 4010 - DOMŽALE 1,17,"Podružnična šola Krašnja, Krašnja 14a, Lukovica",46.16988,14.69179
VE 4000 - LJUBLJANA BEŽIGRAD,VO 4010 - DOMŽALE 1,18,"Kulturni dom Janka Kersnika Lukovica, Stari trg 1",45.71484,14.47097
VE 4000 - LJUBLJANA BEŽIGRAD,VO 4010 - DOMŽALE 1,19,"Kulturni dom A.M.Slomška Šentvid, Veidrov trg 4",,
VE 4000 - LJUBLJANA BEŽIGRAD,VO 4010 - DOMŽALE 1,20,"Športno turistično društvo Rafolče, Rafolče 11",46.17444,14.67611
VE 4000 - LJUBLJANA BEŽIGRAD,VO 4010 - DOMŽALE 1,21,"ŠD Zlato polje,Podgora pri Zlatem polju 1",46.19201,14.7184
VE 4000 - LJUBLJANA BEŽIGRAD,VO 4010 - DOMŽALE 1,22,"Podružnična šola Blagovica, Blagovica 33",46.17694,14.80722
VE 4000 - LJUBLJANA BEŽIGRAD,VO 4010 - DOMŽALE 1,23,"Večnamenski objekt, Češnjice 8, Blagovica",46.17694,14.80722
VE 4000 - LJUBLJANA BEŽIGRAD,VO 4010 - DOMŽALE 1,24,"ZADRUŽNI DOM TROJANE, Trojane 6",46.18833,14.88306
VE 4000 - LJUBLJANA BEŽIGRAD,VO 4010 - DOMŽALE 1,25,"Kulturni dom Moravče, Vegova ul.9",46.1360581,14.7463581
VE 4000 - LJUBLJANA BEŽIGRAD,VO 4010 - DOMŽALE 1,26,"Gost. lokal nad Logom,C. heroja Vasje 13, Moravče",46.13694,14.745
VE 4000 - LJUBLJANA BEŽIGRAD,VO 4010 - DOMŽALE 1,27,"Pri Urankarju, Gabrje pod Limbarsko goro 6",46.14442,14.77036
VE 4000 - LJUBLJANA BEŽIGRAD,VO 4010 - DOMŽALE 1,28,"Pri Francu Majdiču, Negastrn 8",46.15781,14.74609
VE 4000 - LJUBLJANA BEŽIGRAD,VO 4010 - DOMŽALE 1,29,"PGD KRAŠCE, Krašce 4",46.13558,14.71541
VE 4000 - LJUBLJANA BEŽIGRAD,VO 4010 - DOMŽALE 1,30,"Gasilski dom Peče, Peče 50",46.15,14.81667
VE 4000 - LJUBLJANA BEŽIGRAD,VO 4010 - DOMŽALE 1,31,"PLANINSKI DOM UŠTE - ŽERENK, Dešen 30, Kresnice",46.10204,14.78575
VE 4000 - LJUBLJANA BEŽIGRAD,VO 4010 - DOMŽALE 1,32,"KS Vrhpolje,Vrhpolje pri Moravčah 14",46.1259834,14.7081672
VE 4000 - LJUBLJANA BEŽIGRAD,VO 4011 - DOMŽALE 2,1,"VRTEC BISTRA, Ul. Nikola Tesla 16, Domžale",46.13774,14.59371
VE 4000 - LJUBLJANA BEŽIGRAD,VO 4011 - DOMŽALE 2,2,"Galerija Domžale, Mestni trg 1, Domžale",46.13774,14.59371
VE 4000 - LJUBLJANA BEŽIGRAD,VO 4011 - DOMŽALE 2,3,"VRTEC ČEŠMIN, Murnova ulica 14, Domžale",46.1431144,14.6021084
VE 4000 - LJUBLJANA BEŽIGRAD,VO 4011 - DOMŽALE 2,4,"OSNOVNA ŠOLA ROJE, Kettejeva ulica 15, Domžale",46.13774,14.59371
VE 4000 - LJUBLJANA BEŽIGRAD,VO 4011 - DOMŽALE 2,5,"Srednja šola Domžale - gimnazija, Cesta talcev 12",46.1383491,14.6015201
VE 4000 - LJUBLJANA BEŽIGRAD,VO 4011 - DOMŽALE 2,6,"PEKARNA JURČEK, Depala vas 93a, Domžale",46.134672,14.5725088
VE 4000 - LJUBLJANA BEŽIGRAD,VO 4011 - DOMŽALE 2,7,"PGD STOB-DEPALA VAS, Ljubljanska cesta 55, Domžale",46.13774,14.59371
VE 4000 - LJUBLJANA BEŽIGRAD,VO 4011 - DOMŽALE 2,8,"DOMŽALSKI DOM, Ljubljanska cesta 58, Domžale",46.13774,14.59371
VE 4000 - LJUBLJANA BEŽIGRAD,VO 4011 - DOMŽALE 2,9,"VARNOST LJUBLJANA, Ljubljanska 68, Domžale",46.13774,14.59371
VE 4000 - LJUBLJANA BEŽIGRAD,VO 4011 - DOMŽALE 2,10,"Osnovna šola Dragomelj, Dragomelj 180",46.11027,14.58729
VE 4000 - LJUBLJANA BEŽIGRAD,VO 4011 - DOMŽALE 2,11,"OŠ Jarše, Šolska ul.1a, Spodnje Jarše",46.08333,14.55
VE 4000 - LJUBLJANA BEŽIGRAD,VO 4011 - DOMŽALE 2,12,"GASILSKI DOM SREDNJE JARŠE,Jarška c. 37,Zg. Jarše",46.07345,14.55431
VE 4000 - LJUBLJANA BEŽIGRAD,VO 4011 - DOMŽALE 2,13,"OŠ Preserje pri Radomljah, Pelechova c. 83",46.1719839,14.6050965
VE 4000 - LJUBLJANA BEŽIGRAD,VO 4011 - DOMŽALE 2,14,"OŠ Trzin I, Mengeška cesta 7b, Trzin",46.13333,14.56667
VE 4000 - LJUBLJANA BEŽIGRAD,VO 4011 - DOMŽALE 2,15,"OŠ Trzin II, Mengeška c. 7b, Trzin",46.13333,14.56667
VE 4000 - LJUBLJANA BEŽIGRAD,VO 4011 - DOMŽALE 2,16,"OŠ Trzin III, Mengeška cesta 7b, Trzin",46.13333,14.56667
VE 4000 - LJUBLJANA BEŽIGRAD,VO 4011 - DOMŽALE 2,17,"Gasilski dom Topole, Topole 21",46.23325,15.61688
VE 4000 - LJUBLJANA BEŽIGRAD,VO 4011 - DOMŽALE 2,18,"Osnovna šola Mengeš I, Šolska ulica 11, Mengeš",46.16694,14.575
VE 4000 - LJUBLJANA BEŽIGRAD,VO 4011 - DOMŽALE 2,19,"Osnovna šola Mengeš II, Šolska ulica 11, Mengeš",46.16694,14.575
VE 4000 - LJUBLJANA BEŽIGRAD,VO 4011 - DOMŽALE 2,20,"Dom počitka Mengeš, Glavni trg 13",,
VE 4000 - LJUBLJANA BEŽIGRAD,VO 4011 - DOMŽALE 2,21,"Glasbena šola Mengeš I, Trdinov trg 8, Mengeš",46.16694,14.575
VE 4000 - LJUBLJANA BEŽIGRAD,VO 4011 - DOMŽALE 2,22,"Glasbena šola Mengeš II, Trdinov trg 8, Mengeš",46.16694,14.575
VE 4000 - LJUBLJANA BEŽIGRAD,VO 4011 - DOMŽALE 2,23,"Vrtec Sonček, Zoranina 5, Mengeš",46.16694,14.575
VE 4000 - LJUBLJANA BEŽIGRAD,VO 4011 - DOMŽALE 2,24,"Gasilski dom Loka pri Mengšu, Gasilska c.46",,
VE 4000 - LJUBLJANA BEŽIGRAD,VO 4011 - DOMŽALE 2,25,"KMEČKI turizem BLAŽ, Dobeno 9",46.13333,14.53333
VE 5000 - CELJE,VO 5001 - ŠENTJUR,1,"OŠ Blagovna, Proseniško 22, Šentjur",46.2396265,15.3487793
VE 5000 - CELJE,VO 5001 - ŠENTJUR,2,"GD Lokarje, Dole 11, Šentjur",46.21722,15.3975
VE 5000 - CELJE,VO 5001 - ŠENTJUR,3,"OŠ Dramlje, Dramlje 7a, Dramlje",46.272185,15.3923372
VE 5000 - CELJE,VO 5001 - ŠENTJUR,4,"Bobnar, Pletovarje 3a, Dramlje",46.27361,15.39472
VE 5000 - CELJE,VO 5001 - ŠENTJUR,6,"Lenič, Razbor 30a, Dramlje",46.27361,15.39472
VE 5000 - CELJE,VO 5001 - ŠENTJUR,7,"GD Dolga Gora, Dolga Gora 50b, Ponikva",46.25306,15.44694
VE 5000 - CELJE,VO 5001 - ŠENTJUR,8,"Prostori KS Grobelno,Tratna 46, Grobelno",,
VE 5000 - CELJE,VO 5001 - ŠENTJUR,9,"OŠ Kalobje, Kalobje 15, Kalobje",46.1691595,15.3935802
VE 5000 - CELJE,VO 5001 - ŠENTJUR,10,"Šuster, Osredek 3, Šentjur",46.21722,15.3975
VE 5000 - CELJE,VO 5001 - ŠENTJUR,11,"GD Loka pri Žusmu, Loka 13, Loka pri Žusmu",46.1575,15.51472
VE 5000 - CELJE,VO 5001 - ŠENTJUR,12,"GD Dobrina, Dobrina 6b, Loka pri Žusmu",46.1575,15.51472
VE 5000 - CELJE,VO 5001 - ŠENTJUR,14,"OŠ Planina, Planina 69, Planina pri Sevnici",46.1014051,15.407878
VE 5000 - CELJE,VO 5001 - ŠENTJUR,17,"KD Šentvid, Šentvid 6, Planina pri Sevnici",46.11139,15.40944
VE 5000 - CELJE,VO 5001 - ŠENTJUR,18,"OŠ B. Kocena, Ponikva 29a, Ponikva",46.25306,15.44694
VE 5000 - CELJE,VO 5001 - ŠENTJUR,19,"V prostorih Slovenskih železnic, Hotunje 1,Ponikva",46.25306,15.44694
VE 5000 - CELJE,VO 5001 - ŠENTJUR,20,"Lavbič, Lutrje 16, Ponikva",46.25306,15.44694
VE 5000 - CELJE,VO 5001 - ŠENTJUR,21,"Večnamenski p. Prevorje, Lopaca 10, Prevorje",46.12552,15.47742
VE 5000 - CELJE,VO 5001 - ŠENTJUR,22,"Gostišče Obrez Milan, Žegar 2, Prevorje",46.12552,15.47742
VE 5000 - CELJE,VO 5001 - ŠENTJUR,23,"KD Gorica, Gorica 98, Gorica pri Slivnici",46.18722,15.4325
VE 5000 - CELJE,VO 5001 - ŠENTJUR,24,"GVD Javorje, Javorje bš, Gorica pri Slivnici",46.18722,15.4325
VE 5000 - CELJE,VO 5001 - ŠENTJUR,25,"GD Paridol, Paridol bš, Gorica pri Slivnici",46.18722,15.4325
VE 5000 - CELJE,VO 5001 - ŠENTJUR,26,"Krajnc, Voduce 22a, Gorica pri Slivnici",46.18722,15.4325
VE 5000 - CELJE,VO 5001 - ŠENTJUR,27,"Dom Gabernica, Slivnica bš, Gorica pri Slivnici",46.18722,15.4325
VE 5000 - CELJE,VO 5001 - ŠENTJUR,28,"GD Bukovje, Bukovje bš, Gorica pri Slivnici",46.18722,15.4325
VE 5000 - CELJE,VO 5001 - ŠENTJUR,29,"SD Občine Šentjur, Mestni trg 10, Šentjur",46.21722,15.3975
VE 5000 - CELJE,VO 5001 - ŠENTJUR,30,"GD Šentjur, Ul. A. M. Slomška 2, Šentjur",46.2195081,15.3966752
VE 5000 - CELJE,VO 5001 - ŠENTJUR,31,"OŠ Hruševec 1, Gajstova pot 2a, Šentjur",46.21722,15.3975
VE 5000 - CELJE,VO 5001 - ŠENTJUR,32,"Trgov.Julija-Recko Milena, C.Kozj.odr. 104,Šentjur",46.21722,15.3975
VE 5000 - CELJE,VO 5001 - ŠENTJUR,33,"OŠ Hruševec 2, Gajstova pot 2a, Šentjur",46.2081443,15.390214
VE 5000 - CELJE,VO 5001 - ŠENTJUR,34,"Kovač-Reberšak, Vrbno 16, Šentjur",46.21722,15.3975
VE 5000 - CELJE,VO 5001 - ŠENTJUR,36,"KD Dobje, Dobje 26, Dobje pri Planini",46.13747,15.39412
VE 5000 - CELJE,VO 5001 - ŠENTJUR,39,"OŠ F. Malgaja, Ul. skl. Ipavcev 2, Šentjur",46.21722,15.3975
VE 5000 - CELJE,VO 5001 - ŠENTJUR,40,"OŠ Dobje, Dobje 20a, Dobje pri Planini",46.1345191,15.3891819
VE 5000 - CELJE,VO 5002 - CELJE 1,1,"OŠ Hudinja, Mariborska c. 125, Celje",46.2490552,15.2784623
VE 5000 - CELJE,VO 5002 - CELJE 1,3,"Sedež MČ Hudinja, Ul. F. žrtev 17/a, Celje",46.23092,15.26044
VE 5000 - CELJE,VO 5002 - CELJE 1,4,"Hrastnik Miroslav, Vrhe 42, Teharje",46.23028,15.30222
VE 5000 - CELJE,VO 5002 - CELJE 1,5,"Ostrožnik - Horvat Karina, Bukovžlak 51/a",,
VE 5000 - CELJE,VO 5002 - CELJE 1,6,"Dvorana KS Teharje, Teharje 14",46.23028,15.30222
VE 5000 - CELJE,VO 5002 - CELJE 1,7,"OŠ Lava, Pucova ul. 7, Celje",46.23092,15.26044
VE 5000 - CELJE,VO 5002 - CELJE 1,8,"Sedež MČ Lava, Iršičeva ul. 2/a, Celje",46.23092,15.26044
VE 5000 - CELJE,VO 5002 - CELJE 1,9,"GD Ostrožno, C. na Ostrožno 90, Celje",46.23092,15.26044
VE 5000 - CELJE,VO 5002 - CELJE 1,10,"GD Lopata, Lopata 49, Celje",46.23092,15.26044
VE 5000 - CELJE,VO 5002 - CELJE 1,11,"GD Lokrovec, Lokrovec 57, Celje",46.23092,15.26044
VE 5000 - CELJE,VO 5002 - CELJE 1,12,"Klenovšek J., Dobrova 16, Celje",46.23092,15.26044
VE 5000 - CELJE,VO 5002 - CELJE 1,13,"Dom krajanov, Šmartno v Rožni dolini 5",46.29453,15.24314
VE 5000 - CELJE,VO 5002 - CELJE 1,14,"KD Škofja vas, Škofja vas 38",46.2677915,15.2858948
VE 5000 - CELJE,VO 5002 - CELJE 1,15,"Gostilna Tepež, Runtole 3, Škofja vas",46.26792,15.29117
VE 5000 - CELJE,VO 5002 - CELJE 1,19,"Dom KS Ljubečna, Kocbekova c. 45, Ljubečna",46.25567,15.3243
VE 5000 - CELJE,VO 5002 - CELJE 1,21,"Športno društvo Začret, Začret",46.24678,15.316
VE 5000 - CELJE,VO 5002 - CELJE 1,23,"IV. OŠ,  Dečkova cesta 60, Celje",46.2410735,15.2579694
VE 5000 - CELJE,VO 5002 - CELJE 1,24,"GD Prožinska vas, Prožinska vas 33, Štore",46.22083,15.31389
VE 5000 - CELJE,VO 5002 - CELJE 1,25,"OŠ Kompole, Kompole 92, Štore",46.22083,15.31389
VE 5000 - CELJE,VO 5002 - CELJE 1,26,"Šuhel Pavel, Laška vas 41, Štore",46.22083,15.31389
VE 5000 - CELJE,VO 5002 - CELJE 1,27,"Zlatko Cmok, Pečovje 4/a, Štore",46.22083,15.31389
VE 5000 - CELJE,VO 5002 - CELJE 1,29,"KD Štore, C. XIV. divizije 29, Štore",46.22083,15.31389
VE 5000 - CELJE,VO 5002 - CELJE 1,30,"Gobec Drago, Šentjanž nad Štorami 26",46.20032,15.32188
VE 5000 - CELJE,VO 5002 - CELJE 1,31,"OŠ Štore, Ul. Cvetke Jerin 5, Štore",46.22083,15.31389
VE 5000 - CELJE,VO 5002 - CELJE 1,32,"Župnišče Svetina, Svetina 13, Štore",46.22083,15.31389
VE 5000 - CELJE,VO 5002 - CELJE 1,35,"OŠ A. Bezenška Frankolovo, Frankolovo 11 ",46.33056,15.31444
VE 5000 - CELJE,VO 5002 - CELJE 1,36,"Kračun Martin, Bezenškovo Bukovje 9/a",,
VE 5000 - CELJE,VO 5002 - CELJE 1,38,"Karo Janez, Lindek 7, Frankolovo",46.33056,15.31444
VE 5000 - CELJE,VO 5002 - CELJE 1,40,"GD Frankolovo, Stražica 2, Frankolovo",46.33056,15.31444
VE 5000 - CELJE,VO 5002 - CELJE 1,44,"Večnamenska dvorana, POŠ Nova Cerkev 41",46.31278,15.28556
VE 5000 - CELJE,VO 5002 - CELJE 1,45,"Gasilski dom Socka, Socka 64",46.34278,15.27611
VE 5000 - CELJE,VO 5002 - CELJE 1,47,"GD Lemberg, Lemberg pri Novi Cerkvi  19",46.32087,15.24523
VE 5000 - CELJE,VO 5002 - CELJE 1,51,"OŠ Vojnik, Prušnikova ul. 14, Vojnik",46.29333,15.30333
VE 5000 - CELJE,VO 5002 - CELJE 1,52,"OŠ Vojnik, Prušnikova ul. 14, Vojnik",46.29333,15.30333
VE 5000 - CELJE,VO 5002 - CELJE 1,53,"OSTRI, Ravnak Ivan, Celjska c. 2/b, Vojnik",46.29333,15.30333
VE 5000 - CELJE,VO 5002 - CELJE 1,55,"Florjan Rečnik, Razgor 18b, Vojnik",46.29333,15.30333
VE 5000 - CELJE,VO 5002 - CELJE 1,56,"Avto Čepin, Pot v Lešje 1, Vojnik",46.29333,15.30333
VE 5000 - CELJE,VO 5002 - CELJE 1,58,"Društveni prostori v KD Dobrna,Dobrna 1/a,Dobrna",46.3375,15.22639
VE 5000 - CELJE,VO 5002 - CELJE 1,59,"KD Dobrna, Dobrna 1/a, Dobrna",46.3375,15.22639
VE 5000 - CELJE,VO 5002 - CELJE 1,64,"OŠ Dobrna, Dobrna 1, Dobrna",46.3375,15.22639
VE 5000 - CELJE,VO 5003 - CELJE 2,2,"Sedež KS, Velika dvorana, Teharska cesta 2a,Celje",46.23092,15.26044
VE 5000 - CELJE,VO 5003 - CELJE 2,4,"Franc Draksler, Tremerje 13, Tremerje",46.19817,15.22539
VE 5000 - CELJE,VO 5003 - CELJE 2,7,"Župnija Celje, Sv. Cecilija, Breg 18, Celje",46.23092,15.26044
VE 5000 - CELJE,VO 5003 - CELJE 2,8,"Dom krajanov, Zagrad 90, Celje",46.23092,15.26044
VE 5000 - CELJE,VO 5003 - CELJE 2,10,"III.OŠ Celje - telovadnica, Vodnikova  4, Celje",46.23092,15.26044
VE 5000 - CELJE,VO 5003 - CELJE 2,11,"III.OŠ Celje - telovadnica, Vodnikova 4, Celje",46.23092,15.26044
VE 5000 - CELJE,VO 5003 - CELJE 2,14,"Rdeči križ, OZ Celje, Delavska ulica 21, Celje",46.23092,15.26044
VE 5000 - CELJE,VO 5003 - CELJE 2,15,"Don Boskov center, Don Boskov trg 1, Celje",46.23092,15.26044
VE 5000 - CELJE,VO 5003 - CELJE 2,16,"Sedež KS Medlog, Babno 3a, Celje",46.23092,15.26044
VE 5000 - CELJE,VO 5003 - CELJE 2,17,"Plava laguna, Ljubljanska  cesta 58, Celje",46.23092,15.26044
VE 5000 - CELJE,VO 5003 - CELJE 2,18,"Zarja Trnovlje, Kulturniška ulica 4, Celje",46.23092,15.26044
VE 5000 - CELJE,VO 5003 - CELJE 2,19,"KS Trnovlje pri Celju, Trnoveljska  82, Celje",46.23092,15.26044
VE 5000 - CELJE,VO 5003 - CELJE 2,21,"Dijaški dom, Ljubljanska cesta 21, Celje",46.2326504,15.2563767
VE 5000 - CELJE,VO 5003 - CELJE 2,23,"AMZS d.d., PE Celje,  Ljubljanska cesta 35, Celje",46.234543,15.2490695
VE 5000 - CELJE,VO 5003 - CELJE 2,25,"Šolski center Celje, Pot na Lavo 22, Celje",46.235529,15.2569404
VE 5000 - CELJE,VO 5003 - CELJE 2,26,"Družbeni prostori, Ul.V.prekomor.brigade 4, Celje",46.23092,15.26044
VE 5000 - CELJE,VO 5003 - CELJE 2,27,"I.OŠ Celje, Disloc.enota, Kosovelova 14, Celje",46.23092,15.26044
VE 5000 - CELJE,VO 5003 - CELJE 2,28,"Vrtec Zarja, Enota Ringa raja, Nušičeva 2c, Celje",46.23092,15.26044
VE 5000 - CELJE,VO 5003 - CELJE 2,31,"Sedež MČ, Ulica bratov Vošnjakov 1, Celje",46.23092,15.26044
VE 5000 - CELJE,VO 5003 - CELJE 2,32,"Sedež MČ, Ulica bratov Vošnjakov 1, Celje",46.23092,15.26044
VE 5000 - CELJE,VO 5004 - ŽALEC 1,1,"Dom KS Vinska Gora, Vinska Gora 31b",,
VE 5000 - CELJE,VO 5004 - ŽALEC 1,2,"POŠ Trje, Galicija 18e",,
VE 5000 - CELJE,VO 5004 - ŽALEC 1,3,"PGD Velika Pirešica, Pernovo 16",46.2874535,15.1874242
VE 5000 - CELJE,VO 5004 - ŽALEC 1,4,"POŠ Ponikva, Ponikva pri Žalcu 17",46.31222,15.14194
VE 5000 - CELJE,VO 5004 - ŽALEC 1,5,"Prostori KS Gotovlje, Gotovlje 40",46.27418,15.15186
VE 5000 - CELJE,VO 5004 - ŽALEC 1,6,"OŠ Šempeter Volišče I, Šolska 2, Šempeter v S.d.",,
VE 5000 - CELJE,VO 5004 - ŽALEC 1,7,"OŠ Šempeter, Volišče II, Šolska 2, Šempeter v S.d",,
VE 5000 - CELJE,VO 5004 - ŽALEC 1,8,"Tavčar Alojz, Zg. Grušovlje 18",46.31789,14.88118
VE 5000 - CELJE,VO 5004 - ŽALEC 1,9,Dom Podeželskega društva Grče,46.29379,15.12582
VE 5000 - CELJE,VO 5004 - ŽALEC 1,10,"Šola Polzela, Volišče I, Šolska ul. 3, Polzela",46.28333,15.06667
VE 5000 - CELJE,VO 5004 - ŽALEC 1,11,"Šola Polzela, Volišče II, Šolska ul. 3, Polzela",46.28333,15.06667
VE 5000 - CELJE,VO 5004 - ŽALEC 1,12,"Šola Polzela, Volišče III, Šolska ul. 3, Polzela",46.28333,15.06667
VE 5000 - CELJE,VO 5004 - ŽALEC 1,13,"Avtohiša Kos, Ločiška c. 10, Polzela",46.28333,15.06667
VE 5000 - CELJE,VO 5004 - ŽALEC 1,14,"DK Andraž, Andraž nad Polzelo 36",46.325,15.0925
VE 5000 - CELJE,VO 5004 - ŽALEC 1,15,"Savinov salon Žalec, Šlandrov trg 25,  Žalec",46.25151,15.16482
VE 5000 - CELJE,VO 5004 - ŽALEC 1,16,"Knjižnica Žalec - volišče I, Aškerčeva 9a, Žalec",46.25151,15.16482
VE 5000 - CELJE,VO 5004 - ŽALEC 1,17,"Knjižnica Žalec - volišče II, Aškerčeva 9a, Žalec",46.25151,15.16482
VE 5000 - CELJE,VO 5004 - ŽALEC 1,18,"GD Ložnica, Ložnica pri Žalcu 24",46.26584,15.17438
VE 5000 - CELJE,VO 5004 - ŽALEC 1,19,"DK Vrbje, Vrbje 68",46.25,15.15
VE 5000 - CELJE,VO 5005 - ŽALEC 2,1,"OŠ Liboje, Liboje 122",46.21111,15.195
VE 5000 - CELJE,VO 5005 - ŽALEC 2,2,"KS Liboje, Kasaze 110",46.23333,15.2
VE 5000 - CELJE,VO 5005 - ŽALEC 2,3,"OŠ Petrovče, Petrovče 32",46.2452732,15.1877587
VE 5000 - CELJE,VO 5005 - ŽALEC 2,4,"GD Arja vas, Arja vas 62a",,
VE 5000 - CELJE,VO 5005 - ŽALEC 2,5,"DK Mala Pirešica, Mala Pirešica bš",,
VE 5000 - CELJE,VO 5005 - ŽALEC 2,6,"GD Drešinja vas, Drešinja vas 4a",,
VE 5000 - CELJE,VO 5005 - ŽALEC 2,7,"Vrtec Levec, Levec 46a",,
VE 5000 - CELJE,VO 5005 - ŽALEC 2,8,"OŠ Griže I, Griže 1a",,
VE 5000 - CELJE,VO 5005 - ŽALEC 2,9,"GD Zabukovica, Zabukovica 59b",,
VE 5000 - CELJE,VO 5005 - ŽALEC 2,10,"Vrtec Pongrac, Pongrac 95b",,
VE 5000 - CELJE,VO 5005 - ŽALEC 2,11,"Dom kulture Šešče, Šešče pri Preboldu 51",46.23583,15.12702
VE 5000 - CELJE,VO 5005 - ŽALEC 2,12,"GD Matke, Matke 76a",,
VE 5000 - CELJE,VO 5005 - ŽALEC 2,13,"OŠ Prebold, Graščinska c. 7, Prebold",46.23694,15.0925
VE 5000 - CELJE,VO 5005 - ŽALEC 2,14,"DC Marof (Režajeva domačija), Dolenja vas 47",45.70611,14.75444
VE 5000 - CELJE,VO 5005 - ŽALEC 2,15,"GD Latkova vas, Latkova vas 41 ",46.25389,15.09333
VE 5000 - CELJE,VO 5005 - ŽALEC 2,16,"GD Kaplja vas, Kaplja vas 55",46.23722,15.07458
VE 5000 - CELJE,VO 5005 - ŽALEC 2,17,"GD Sv. Lovrenc, Sv. Lovrenc 25",46.23084,15.10783
VE 5000 - CELJE,VO 5005 - ŽALEC 2,18,"PD Marija Reka, Marija Reka 35",46.20833,15.065
VE 5000 - CELJE,VO 5005 - ŽALEC 2,19,"GD Trnava, Trnava 9",,
VE 5000 - CELJE,VO 5005 - ŽALEC 2,20,"Dom kulture Braslovče I, Braslovče 2a",,
VE 5000 - CELJE,VO 5005 - ŽALEC 2,21,"GD Parižlje, Parižlje 13",46.27973,15.05669
VE 5000 - CELJE,VO 5005 - ŽALEC 2,22,"GD Dobrovlje, Dobrovlje 8a",,
VE 5000 - CELJE,VO 5005 - ŽALEC 2,23,"DK Gomilsko, Gomilsko 22a",,
VE 5000 - CELJE,VO 5005 - ŽALEC 2,24,"ŠD Šmatevž, Šmatevž 29b",,
VE 5000 - CELJE,VO 5005 - ŽALEC 2,25,"GD Grajska vas, Grajska vas 15",46.23924,15.05498
VE 5000 - CELJE,VO 5005 - ŽALEC 2,26,"KD Letuš, Letuš 67a",,
VE 5000 - CELJE,VO 5005 - ŽALEC 2,27,"DK Tabor, Tabor 25",46.23611,15.01833
VE 5000 - CELJE,VO 5005 - ŽALEC 2,28,"GD Kapla, Kapla 45a",,
VE 5000 - CELJE,VO 5005 - ŽALEC 2,29,"GD Loke, Loke 21",46.3325,14.97778
VE 5000 - CELJE,VO 5005 - ŽALEC 2,30,"KD Vransko, Vransko 134",46.252576,14.9533867
VE 5000 - CELJE,VO 5005 - ŽALEC 2,31,"GD Tešova, Tešova 14b",,
VE 5000 - CELJE,VO 5005 - ŽALEC 2,32,"GD Ločica, Ločica pri Vranskem 49",46.22611,14.94861
VE 5000 - CELJE,VO 5005 - ŽALEC 2,33," Kamp Podgrad, Prapreče 30, 3305 Vransko",46.2439,14.9514
VE 5000 - CELJE,VO 5005 - ŽALEC 2,34,"Alojz Ferme, Limovce 3",46.20253,14.92465
VE 5000 - CELJE,VO 5005 - ŽALEC 2,35,"GD Prekopa, Prekopa 9",46.25,14.98333
VE 5000 - CELJE,VO 5005 - ŽALEC 2,36,"DK Čeplje, Čeplje 13b",,
VE 5000 - CELJE,VO 5005 - ŽALEC 2,37,"Dom kulture Braslovče II, Braslovče 2a",,
VE 5000 - CELJE,VO 5005 - ŽALEC 2,38,"OŠ Griže II, Griže 1a",,
VE 5000 - CELJE,VO 5006 - MOZIRJE,1,"KD Bočna, Bočna, Bočna 63",46.28944,14.855
VE 5000 - CELJE,VO 5006 - MOZIRJE,2,"Galerija Štekl, Gornji Grad, Attemsov trg 2",,
VE 5000 - CELJE,VO 5006 - MOZIRJE,3,"KD Šmiklavž, Nova Štifta, Šmiklavž 3",46.45,15.13333
VE 5000 - CELJE,VO 5006 - MOZIRJE,4,"OŠ Ljubno, Ljubno ob Savinji, Cesta v Rastke 10",46.3430301,14.8342605
VE 5000 - CELJE,VO 5006 - MOZIRJE,5,"GD Radmirje, Radmirje 43",46.33,14.85111
VE 5000 - CELJE,VO 5006 - MOZIRJE,6,"GD Okonina, Okonina 21",46.3260504,14.8684931
VE 5000 - CELJE,VO 5006 - MOZIRJE,7,"OŠ Luče, Luče 77",46.3558589,14.7453645
VE 5000 - CELJE,VO 5006 - MOZIRJE,8,"Gostilna Struge, Raduha 1",46.36667,14.75
VE 5000 - CELJE,VO 5006 - MOZIRJE,9,"Gostilna Polanšek, Podvolovljek 35",46.3,14.7
VE 5000 - CELJE,VO 5006 - MOZIRJE,10,"Center Rinka, Sejna soba, Solčava 29",46.41944,14.69361
VE 5000 - CELJE,VO 5006 - MOZIRJE,11,"OŠ Mozirje, Mozirje, Šolska ul. 23",46.3351268,14.9558333
VE 5000 - CELJE,VO 5006 - MOZIRJE,12,"Kmetija Levc, Loke pri Mozirju 19",46.3325,14.97778
VE 5000 - CELJE,VO 5006 - MOZIRJE,13,"Upravni center Mozirje, Mozirje, Šmihelska c. 2",,
VE 5000 - CELJE,VO 5006 - MOZIRJE,14,"Šola Lepa Njiva, Lepa Njiva 87",46.36667,14.98333
VE 5000 - CELJE,VO 5006 - MOZIRJE,15,"Šola Šmihel, Šmihel nad Mozirjem 28",46.38333,14.95
VE 5000 - CELJE,VO 5006 - MOZIRJE,16,"Kmetija Žagar, Dobrovlje pri Mozirju 17",46.31538,14.97409
VE 5000 - CELJE,VO 5006 - MOZIRJE,17,"Medgeneracijski center, Rečica ob Savinji 61",46.31667,14.91667
VE 5000 - CELJE,VO 5006 - MOZIRJE,18,"Gostilna Markelj, Spodnja Rečica 63",46.16417,15.21528
VE 5000 - CELJE,VO 5006 - MOZIRJE,19,"Tehnično pregledni center A.M. Miklavc, Nizka 21",46.31492,14.9164
VE 5000 - CELJE,VO 5006 - MOZIRJE,20,"GD Spodnje Pobrežje, Sp. Pobrežje 2",46.38472,15.87861
VE 5000 - CELJE,VO 5006 - MOZIRJE,21,"GD Lačja vas, Lačja vas 8",46.2986,14.9206
VE 5000 - CELJE,VO 5006 - MOZIRJE,22,"Šola Šmartno ob Dreti, Šmartno ob Dreti 27",46.2839526,14.8881674
VE 5000 - CELJE,VO 5006 - MOZIRJE,23,"DK Nazarje, Nazarje, Savinjska c. 2",,
VE 5000 - CELJE,VO 5007 - VELENJE 1,1,"DK Bevče, Bevče 24",46.35636,15.14384
VE 5000 - CELJE,VO 5007 - VELENJE 1,2,"OŠ Cirkovce, Škalske Cirkovce 11",46.39799,15.13118
VE 5000 - CELJE,VO 5007 - VELENJE 1,3,"DK Paka, Paka pri Velenju 68",46.38306,15.16333
VE 5000 - CELJE,VO 5007 - VELENJE 1,4,"DK Šentilj, Arnače 1",46.33694,15.12139
VE 5000 - CELJE,VO 5007 - VELENJE 1,5,"GD Škale, Škale 85",46.3756,15.10466
VE 5000 - CELJE,VO 5007 - VELENJE 1,7,"Sejna dvorana MO Velenje, Titov trg 1",,
VE 5000 - CELJE,VO 5007 - VELENJE 1,8,"Prostori MČ LBZ, Cesta F. Foita 2",,
VE 5000 - CELJE,VO 5007 - VELENJE 1,10,"DK Konovo, Konovska c. 21",,
VE 5000 - CELJE,VO 5007 - VELENJE 1,11,"Selo, PE Jakopec, Kosovelova 16",,
VE 5000 - CELJE,VO 5007 - VELENJE 1,12,"Stara vas - Dom KS Stara vas, Koroška 40b",,
VE 5000 - CELJE,VO 5007 - VELENJE 1,13,"OŠ Gorica I, Goriška c. 48",,
VE 5000 - CELJE,VO 5007 - VELENJE 1,14,"OŠ Gorica II, Goriška c. 48",,
VE 5000 - CELJE,VO 5007 - VELENJE 1,15,"KS Gorica, Goriška c. 46",,
VE 5000 - CELJE,VO 5007 - VELENJE 1,17,"DK Šmartno, Šmarska c. 24 a",,
VE 5000 - CELJE,VO 5007 - VELENJE 1,18,"Prostor MČ LBV I, Kardeljev trg 7",,
VE 5000 - CELJE,VO 5007 - VELENJE 1,20,"Prostor MČ LBV II, Kardeljev trg 5",,
VE 5000 - CELJE,VO 5007 - VELENJE 1,21,"OŠ Šalek, Šalek 87",46.3640212,15.1265662
VE 5000 - CELJE,VO 5008 - VELENJE 2,1,"OŠ Bele Vode, Bele Vode 18a",,
VE 5000 - CELJE,VO 5008 - VELENJE 2,2,"GD Gaberke, Gaberke 100",46.3986067,15.0798828
VE 5000 - CELJE,VO 5008 - VELENJE 2,3,"GD Paška vas, Paška vas 9b",,
VE 5000 - CELJE,VO 5008 - VELENJE 2,4,"KD Gorenje, Gorenje 2",45.82796,14.14249
VE 5000 - CELJE,VO 5008 - VELENJE 2,5,"DKS Lokovica, Lokovica 144",46.35944,15.05194
VE 5000 - CELJE,VO 5008 - VELENJE 2,6,"OŠ Plešivec, Plešivec 32",46.40917,15.105
VE 5000 - CELJE,VO 5008 - VELENJE 2,7,"Avto Korelc, Podkraj pri Velenju 10r",,
VE 5000 - CELJE,VO 5008 - VELENJE 2,8,"KS Kavče, Kavče 15",46.34538,15.10242
VE 5000 - CELJE,VO 5008 - VELENJE 2,10,"ND REKS, Ravne 195",46.54306,14.96917
VE 5000 - CELJE,VO 5008 - VELENJE 2,11,"KS Skorno-Florjan, Skorno pri Š. 55a",,
VE 5000 - CELJE,VO 5008 - VELENJE 2,12,"Gostišče Acman, Skorno pri Š. 62a",,
VE 5000 - CELJE,VO 5008 - VELENJE 2,13,"KD Šmartno ob Paki, Šmartno ob P. 69",,
VE 5000 - CELJE,VO 5008 - VELENJE 2,14,"MC Šmartno ob Paki, Šmartno ob P. 13",,
VE 5000 - CELJE,VO 5008 - VELENJE 2,15,"OŠ Bratov Letonja, Šmartno ob P. 117",,
VE 5000 - CELJE,VO 5008 - VELENJE 2,16,"OŠ Šoštanj I., Koroška c. 7",,
VE 5000 - CELJE,VO 5008 - VELENJE 2,17,"OŠ Šoštanj II., Koroška c. 7",,
VE 5000 - CELJE,VO 5008 - VELENJE 2,18,"DK Topolšica, Topolšica 81a",,
VE 5000 - CELJE,VO 5008 - VELENJE 2,19,"Lajšanka, Topolšica 199e",,
VE 5000 - CELJE,VO 5008 - VELENJE 2,20,"OŠ MPT I., Kidričeva c. 21",,
VE 5000 - CELJE,VO 5008 - VELENJE 2,21,"OŠ MPT II., Kidričeva c. 21",,
VE 5000 - CELJE,VO 5008 - VELENJE 2,22,"Prostori MČ DB I., Kersnikova 1",,
VE 5000 - CELJE,VO 5008 - VELENJE 2,23,"Prostori MČ DB II, Kersnikova 1",,
VE 5000 - CELJE,VO 5008 - VELENJE 2,24,"Telovadnica OŠ  Pesje, Ul. Pohorskega b. 12",,
VE 5000 - CELJE,VO 5008 - VELENJE 2,25,"Vila Bianca, Stari trg 3",46.3571169,15.1115908
VE 5000 - CELJE,VO 5008 - VELENJE 2,26,"VD Zavodnje, Zavodnje 27a",,
VE 5000 - CELJE,VO 5009 - SLOVENJ GRADEC,1,"PGD Dovže, Dovže 50",46.46194,15.16611
VE 5000 - CELJE,VO 5009 - SLOVENJ GRADEC,2,"PC Lopan, Šolska c. 55",,
VE 5000 - CELJE,VO 5009 - SLOVENJ GRADEC,3,"KD Šentilj, Šentilj pod Turjakom 45",46.45167,15.18778
VE 5000 - CELJE,VO 5009 - SLOVENJ GRADEC,4,"OŠ Završe, Završe 55",46.42495,15.15437
VE 5000 - CELJE,VO 5009 - SLOVENJ GRADEC,5,"ŠD Dolič, Gornji Dolič 42A",,
VE 5000 - CELJE,VO 5009 - SLOVENJ GRADEC,6,"OŠ Dolič, Srednji Dolič 4",46.4207844,15.2173785
VE 5000 - CELJE,VO 5009 - SLOVENJ GRADEC,7,"Bivši MKC, Celjska c. 22",,
VE 5000 - CELJE,VO 5009 - SLOVENJ GRADEC,8,"DU Slovenj Gradec, Šolska ul. 10",,
VE 5000 - CELJE,VO 5009 - SLOVENJ GRADEC,9,"VDC Slovenj Gradec, Prešernova ul. 3B",,
VE 5000 - CELJE,VO 5009 - SLOVENJ GRADEC,10,"Prva OŠ, Šercerjeva ul. 7",46.504351,15.0781447
VE 5000 - CELJE,VO 5009 - SLOVENJ GRADEC,11,"KD Stari Trg, Stari trg 32",45.71484,14.47097
VE 5000 - CELJE,VO 5009 - SLOVENJ GRADEC,12,"OŠ Pameče, Pameče 134",46.5288176,15.082857
VE 5000 - CELJE,VO 5009 - SLOVENJ GRADEC,13,"Gradišče Prošt, Gradišče 38",45.92215,14.5874
VE 5000 - CELJE,VO 5009 - SLOVENJ GRADEC,14,"OŠ Sele Vrhe, Sele 1",46.5,15.01667
VE 5000 - CELJE,VO 5009 - SLOVENJ GRADEC,15,"Klančnik Sele, Sele 21",46.5018073,15.0261755
VE 5000 - CELJE,VO 5009 - SLOVENJ GRADEC,16,"OŠ Podgorje, Podgorje 172",46.4721208,15.087127
VE 5000 - CELJE,VO 5009 - SLOVENJ GRADEC,17,"OŠ Razbor, Zgornji Razbor 8",46.46482,14.98991
VE 5000 - CELJE,VO 5009 - SLOVENJ GRADEC,18,"Praprotnik Rihter, Spodnji Razbor 48",46.44888,15.03916
VE 5000 - CELJE,VO 5009 - SLOVENJ GRADEC,19,"OŠ Šmiklavž, Vodriž 8",46.44953,15.0971
VE 5000 - CELJE,VO 5009 - SLOVENJ GRADEC,20,"PGD Šmartno, Šmartno pri Slov. Gradcu 70",,
VE 5000 - CELJE,VO 5009 - SLOVENJ GRADEC,21,"PGD Turiška vas, Turiška vas 19B",,
VE 5000 - CELJE,VO 5009 - SLOVENJ GRADEC,22,"PGD Golavabuka, Tomaška vas 7",46.4795762,15.122718
VE 5000 - CELJE,VO 5009 - SLOVENJ GRADEC,23,"PGD Legen, Legen 126",46.50651,15.14424
VE 5000 - CELJE,VO 5009 - SLOVENJ GRADEC,24,"Vornšek Raduše, Raduše 36",46.48333,15.06667
VE 5000 - CELJE,VO 5009 - SLOVENJ GRADEC,25,"Vrtec Slovenj Gradec, Maistrova ul. 2A",,
VE 5000 - CELJE,VO 5010 - RAVNE NA KOROŠKEM,1,"Občina Črna na Koroškem, Center 101",46.05,14.53333
VE 5000 - CELJE,VO 5010 - RAVNE NA KOROŠKEM,2,"Koroška kmetijska zadruga, Rudarjevo 5a, Črna ",46.47045,14.85009
VE 5000 - CELJE,VO 5010 - RAVNE NA KOROŠKEM,3,"Pri Plazniku V Bistri, Bistra 14, Črna na Koroškem",46.47045,14.85009
VE 5000 - CELJE,VO 5010 - RAVNE NA KOROŠKEM,4,"OŠ Koprivna, Koprivna 10, Črna na Koroškem",46.4580797,14.7517236
VE 5000 - CELJE,VO 5010 - RAVNE NA KOROŠKEM,5,"Prhanija-Ludranski Vrh, Ludranski vrh 13a, Črna ",46.47045,14.85009
VE 5000 - CELJE,VO 5010 - RAVNE NA KOROŠKEM,6,"Helena-Pisarna Vaške Skupnosti, Podpeca 21, Črna",46.47045,14.85009
VE 5000 - CELJE,VO 5010 - RAVNE NA KOROŠKEM,7,"TIC Topla, Podpeca 78, Črna na Koroškem",46.47045,14.85009
VE 5000 - CELJE,VO 5010 - RAVNE NA KOROŠKEM,8,"""Pri Juvanu"" Javorje, Javorje 24, Črna na Koroškem",46.47045,14.85009
VE 5000 - CELJE,VO 5010 - RAVNE NA KOROŠKEM,9,"Knjižnica Žerjav, Žerjav 21, Črna na Koroškem",46.47045,14.85009
VE 5000 - CELJE,VO 5010 - RAVNE NA KOROŠKEM,10,"Pri Karničniku v Jazbini, Jazbina 13, Črna na K.",,
VE 5000 - CELJE,VO 5010 - RAVNE NA KOROŠKEM,11,"Občina Mežica, Trg svobode 1, Mežica",46.52139,14.85444
VE 5000 - CELJE,VO 5010 - RAVNE NA KOROŠKEM,12,"Narodni dom Mežica , Trg 4.aprila 4, Mežica",46.5167199,14.8551872
VE 5000 - CELJE,VO 5010 - RAVNE NA KOROŠKEM,13,"Večnamenska dvorana Kotlje, Kotlje 7k, Kotlje",46.52139,14.98694
VE 5000 - CELJE,VO 5010 - RAVNE NA KOROŠKEM,14,"Brdinje-Podvratnik, Brdinje 78, Ravne na Koroškem",46.54306,14.96917
VE 5000 - CELJE,VO 5010 - RAVNE NA KOROŠKEM,15,"Oš Koroški jeklarji 1, Javornik 35, Ravne na K.",,
VE 5000 - CELJE,VO 5010 - RAVNE NA KOROŠKEM,16,"Oš Koroški jeklarji 2, Javornik 35, Ravne na K.",,
VE 5000 - CELJE,VO 5010 - RAVNE NA KOROŠKEM,17,"OŠ Prežihovega Voranca 1, Gozdarska pot 11, Ravne",46.54306,14.96917
VE 5000 - CELJE,VO 5010 - RAVNE NA KOROŠKEM,18,"OŠ Prežihovega Voranca 2, Gozdarska pot 11, Ravne",46.54306,14.96917
VE 5000 - CELJE,VO 5010 - RAVNE NA KOROŠKEM,19,"Občina Ravne na Koroškem 1, Gačnikova pot 5, Ravne",46.54306,14.96917
VE 5000 - CELJE,VO 5010 - RAVNE NA KOROŠKEM,20,"Občina Ravne na Koroškem 2, Gačnikova pot 5, Ravne",46.54306,14.96917
VE 5000 - CELJE,VO 5010 - RAVNE NA KOROŠKEM,21,"Čistilna naprava Ravne, Dobrije 9a, Ravne na Kor.",,
VE 5000 - CELJE,VO 5010 - RAVNE NA KOROŠKEM,22,"Kmetija Ajnžik, Tolsti Vrh p. R. na K. - del 49",,
VE 5000 - CELJE,VO 5010 - RAVNE NA KOROŠKEM,23,"""KMETIJA LIZI"",  Zelen breg 8, Ravne na Koroškem",46.54306,14.96917
VE 5000 - CELJE,VO 5010 - RAVNE NA KOROŠKEM,24,"OŠ Strojna, Strojna 22, Ravne na Koroškem",46.54306,14.96917
VE 5000 - CELJE,VO 5010 - RAVNE NA KOROŠKEM,25,"Dobja vas - MPIK1, Dobja vas 185, Ravne na Kor.",,
VE 5000 - CELJE,VO 5010 - RAVNE NA KOROŠKEM,26,"Oš Prevalje 1, Polje 4, Prevalje",46.54694,14.92083
VE 5000 - CELJE,VO 5010 - RAVNE NA KOROŠKEM,27,"Oš Prevalje 2, Polje 4, Prevalje",46.54694,14.92083
VE 5000 - CELJE,VO 5010 - RAVNE NA KOROŠKEM,28,"Družbeni dom Prevalje 1, Trg 2a, Prevalje",46.54694,14.92083
VE 5000 - CELJE,VO 5010 - RAVNE NA KOROŠKEM,29,"Družbeni dom Prevalje 2, Trg 2a, Prevalje",46.54694,14.92083
VE 5000 - CELJE,VO 5010 - RAVNE NA KOROŠKEM,30,"Družbeni dom Prevalje 3, Trg 2a, Prevalje",46.54694,14.92083
VE 5000 - CELJE,VO 5010 - RAVNE NA KOROŠKEM,31,"Družbeni dom Prevalje 4, Trg 2a, Prevalje",46.54694,14.92083
VE 5000 - CELJE,VO 5010 - RAVNE NA KOROŠKEM,32,"Poljana - Bistro kocka, Poljana 20a, Prevalje",46.54694,14.92083
VE 5000 - CELJE,VO 5010 - RAVNE NA KOROŠKEM,33,"OŠ Šentanel, Šentanel 13, Prevalje",46.54694,14.92083
VE 5000 - CELJE,VO 5010 - RAVNE NA KOROŠKEM,34,"OŠ Leše, Leše 68a, Prevalje",46.54694,14.92083
VE 5000 - CELJE,VO 5010 - RAVNE NA KOROŠKEM,35,"OŠ Holmec, Dolga brda 37a, Prevalje",46.54694,14.92083
VE 5000 - CELJE,VO 5010 - RAVNE NA KOROŠKEM,36,"Gasilski dom Kotlje, Kotlje 4a, Kotlje",46.52139,14.98694
VE 5000 - CELJE,VO 5011 - RADLJE,1,"Občina Dravograd, Trg 4. julija 7, Dravograd",46.58806,15.01917
VE 5000 - CELJE,VO 5011 - RADLJE,2,"OŠ Dravograd, Trg 4. julija 64, Dravograd",46.58806,15.01917
VE 5000 - CELJE,VO 5011 - RADLJE,3,"UE Dravograd, Meža 10, Dravograd",46.58806,15.01917
VE 5000 - CELJE,VO 5011 - RADLJE,4,"FURS urad Dravograd, Mariborska c. 3, Dravograd",46.58806,15.01917
VE 5000 - CELJE,VO 5011 - RADLJE,5,"Vrtec Robindvor, Robindvor 60, Dravograd",46.58806,15.01917
VE 5000 - CELJE,VO 5011 - RADLJE,6,"Športni park Vič, Vič, Dravograd",46.6,15.0
VE 5000 - CELJE,VO 5011 - RADLJE,7,"Podružnična šola Ojstrica, Ojstrica 27, Dravograd",46.58806,15.01917
VE 5000 - CELJE,VO 5011 - RADLJE,8,"Jamnik Otiški Vrh, Otiški Vrh 56, Šentjanž pri Dr",,
VE 5000 - CELJE,VO 5011 - RADLJE,9,"Župnišče Šempeter, Otiški Vrh 92, Šentjanž pri Dr",,
VE 5000 - CELJE,VO 5011 - RADLJE,10,"OŠ Šentjanž pri Dravogradu, Šentjanž 88",46.01139,15.16722
VE 5000 - CELJE,VO 5011 - RADLJE,11,"Podružnična šola Trbonje, Trbonje 26, Trbonje",46.60278,15.1075
VE 5000 - CELJE,VO 5011 - RADLJE,12,"Bičivnek, Libeliče bš, Libeliče",46.62,14.94972
VE 5000 - CELJE,VO 5011 - RADLJE,13,"GD Črneče, Črneče 145, Dravograd",46.58806,15.01917
VE 5000 - CELJE,VO 5011 - RADLJE,14,"Dvorana Kienhofen, Glavni trg 17, Muta",46.61139,15.16611
VE 5000 - CELJE,VO 5011 - RADLJE,15,"Godbeni dom Muta, Livarska ul. 4, Muta",46.61139,15.16611
VE 5000 - CELJE,VO 5011 - RADLJE,16,"Dvorana Gortina, Gortina 71, Muta",46.61139,15.16611
VE 5000 - CELJE,VO 5011 - RADLJE,17,"Glasbeni dom Bistriški jarek, Pernice 10a, Muta",46.61139,15.16611
VE 5000 - CELJE,VO 5011 - RADLJE,18,"KD Podvelka, Podvelka 55, Podvelka",46.58694,15.33056
VE 5000 - CELJE,VO 5011 - RADLJE,19,"OŠ Brezno-Podvelka, Brezno 78, Podvelka",46.5931657,15.3180824
VE 5000 - CELJE,VO 5011 - RADLJE,20,"Dvorana Ožbalt, Ožbalt 3, Ožbalt",46.58694,15.39889
VE 5000 - CELJE,VO 5011 - RADLJE,21,"Podružnična šola Kapla, Sp. Kapla 2, Kapla",46.24833,15.00944
VE 5000 - CELJE,VO 5011 - RADLJE,22,"Podružnična šola Lehen, Lehen na Poh. 49, Podvelka",46.58694,15.33056
VE 5000 - CELJE,VO 5011 - RADLJE,23,"OŠ Ribnica na Pohorju, Ribnica na Poh. 29",,
VE 5000 - CELJE,VO 5011 - RADLJE,24,"KD Josipdol, Josipdol 29, Ribnica na Pohorju",46.535,15.27278
VE 5000 - CELJE,VO 5011 - RADLJE,25,"ZD Radlje ob Dravi, Mariborska c. 37",46.6137953,15.230777
VE 5000 - CELJE,VO 5011 - RADLJE,26,"DRU Radlje ob Dravi, Mariborska c. 26",,
VE 5000 - CELJE,VO 5011 - RADLJE,27,"OŠ Radlje ob Dravi, Koroška c. 17, Radlje ob Dravi",46.6137979,15.2203212
VE 5000 - CELJE,VO 5011 - RADLJE,28,"Ribiški dom Radlje ob Dravi, Zg. Vižinga 1",,
VE 5000 - CELJE,VO 5011 - RADLJE,29,"Bar Vas, Vas 32, Radlje ob Dravi",46.61417,15.22639
VE 5000 - CELJE,VO 5011 - RADLJE,30,"KS Sv. Anton na Pohorju, Sv. Anton na Poh. 59",,
VE 5000 - CELJE,VO 5011 - RADLJE,31,"VD Vuhred, Vuhred 1, Vuhred",46.59472,15.2375
VE 5000 - CELJE,VO 5011 - RADLJE,32,"Dvorana KS Remšnik, Remšnik 5, Podvelka",46.58694,15.33056
VE 5000 - CELJE,VO 5011 - RADLJE,33,"OŠ Vuzenica, Mladinska ul. 3, Vuzenica",46.59639,15.16722
VE 5000 - CELJE,VO 5011 - RADLJE,34,"Kulturno upravni center, Sejmarska ul. 2, Vuzenica",46.59639,15.16722
VE 5000 - CELJE,VO 5011 - RADLJE,35,"Društveni prostori Sv. Vid, Sv. Vid bš, Vuzenica",46.59639,15.16722
VE 5000 - CELJE,VO 5011 - RADLJE,36,"DK Sv. Primož na Pohorju, Sv.Primož na Poh. 22",,
VE 5000 - CELJE,VO 5011 - RADLJE,37,"Gostišče Prodnar, Sv. Primož na Poh. 1, Vuzenica",46.59639,15.16722
VE 6000 - NOVO MESTO,VO 6001 - ČRNOMELJ,1,"OŠ Loka, Kidričeva ul. 18, 8340 Črnomelj",45.5660365,15.1886326
VE 6000 - NOVO MESTO,VO 6001 - ČRNOMELJ,2,"ŠDNŠ Bela krajina, Pri stadionu 2, 8340 Črnomelj",45.5711,15.1889
VE 6000 - NOVO MESTO,VO 6001 - ČRNOMELJ,3,"Črnomelj trgovina NINA,Prečna ul.4, 8340 Črnomelj",45.5711,15.1889
VE 6000 - NOVO MESTO,VO 6001 - ČRNOMELJ,4,"OŠ M. Jarca, Ul. O. Župančiča 8, 8340 Črnomelj",45.5711,15.1889
VE 6000 - NOVO MESTO,VO 6001 - ČRNOMELJ,5,"DO Črnomelj, Ulica 21.oktobra 10, 8340 Črnomelj",45.5711,15.1889
VE 6000 - NOVO MESTO,VO 6001 - ČRNOMELJ,6,"OV Čardak, Čardak 1, 8340 Črnomelj",45.5711,15.1889
VE 6000 - NOVO MESTO,VO 6001 - ČRNOMELJ,7,"GD Vranoviči, Vranoviči 17, 8340 Črnomelj",45.5711,15.1889
VE 6000 - NOVO MESTO,VO 6001 - ČRNOMELJ,8,"KD Adlešiči, Adlešiči 13a, 8341 Adlešiči",45.5222,15.3065
VE 6000 - NOVO MESTO,VO 6001 - ČRNOMELJ,9,"GD Žuniči, Žuniči 1a, 8341 Adlešiči",45.5222,15.3065
VE 6000 - NOVO MESTO,VO 6001 - ČRNOMELJ,10,"GD Butoraj, Butoraj 29, 8340 Črnomelj",45.5711,15.1889
VE 6000 - NOVO MESTO,VO 6001 - ČRNOMELJ,11,"GD Dobliče, Dobliče 22, 8340 Črnomelj",45.5711,15.1889
VE 6000 - NOVO MESTO,VO 6001 - ČRNOMELJ,12,"Picerija PRI DELIČU, Kanižarica 15a, 8340 Črnomelj",45.5609747,15.1701424
VE 6000 - NOVO MESTO,VO 6001 - ČRNOMELJ,13,"KD Dragatuš, Dragatuš 19a, 8343 Dragatuš",45.5208,15.1756
VE 6000 - NOVO MESTO,VO 6001 - ČRNOMELJ,14,"GD Tanča Gora, Tanča Gora 17b, 8343 Dragatuš",45.5208,15.1756
VE 6000 - NOVO MESTO,VO 6001 - ČRNOMELJ,15,"M.Nerajec pri J.Panjanu,M.Nerajec 10,8343 Dragatuš",45.5208,15.1756
VE 6000 - NOVO MESTO,VO 6001 - ČRNOMELJ,16,"OŠ Griblje, Griblje 38, 8332 Gradac",45.6167,15.25
VE 6000 - NOVO MESTO,VO 6001 - ČRNOMELJ,17,"Lokve Bar Nina Bela, Lokve 9a, 8340 Črnomelj",45.5711,15.1889
VE 6000 - NOVO MESTO,VO 6001 - ČRNOMELJ,18,"GD Petrova vas, Mihelja vas 4, 8340 Črnomelj",45.5711,15.1889
VE 6000 - NOVO MESTO,VO 6001 - ČRNOMELJ,19,"KS Sinji Vrh, Sinji Vrh 1a, 8344 Vinica",45.4601,15.254
VE 6000 - NOVO MESTO,VO 6001 - ČRNOMELJ,20,"GD Radenci, G. Radenci 7a,8242 Stari trg ob Kolpi",45.49359,15.07719
VE 6000 - NOVO MESTO,VO 6001 - ČRNOMELJ,21,"OŠ Stari trg ob Kolpi, Stari trg ob Kolpi 7",45.4931018,15.0769055
VE 6000 - NOVO MESTO,VO 6001 - ČRNOMELJ,22,"OŠ Zagozdac, Zagozdac 9, 8342 Stari trg ob Kolpi",45.4936,15.0772
VE 6000 - NOVO MESTO,VO 6001 - ČRNOMELJ,23,"GD Rodine, Rodine 14a, 8340 Črnomelj",45.5711,15.1889
VE 6000 - NOVO MESTO,VO 6001 - ČRNOMELJ,24,"GD Otovec, Otovec 4a, 8340 Črnomelj",45.5711,15.1889
VE 6000 - NOVO MESTO,VO 6001 - ČRNOMELJ,25,"GD Mavrlen, Mavrlen 2a, 8340 Črnomelj",45.5711,15.1889
VE 6000 - NOVO MESTO,VO 6001 - ČRNOMELJ,26,"GD Tribuče, Tribuče 34a, 8340 Črnomelj",45.5711,15.1889
VE 6000 - NOVO MESTO,VO 6001 - ČRNOMELJ,27,"Desinec pri S. Sedlarju, Desinec 1a,8340 Črnomelj",45.5711,15.1889
VE 6000 - NOVO MESTO,VO 6001 - ČRNOMELJ,28,"GD Hrast pri Vinici, H. pri Vinici 18,8344 Vinica",45.4601,15.254
VE 6000 - NOVO MESTO,VO 6001 - ČRNOMELJ,29,"GD Preloka, Preloka 17, 8344 Vinica",45.4601,15.254
VE 6000 - NOVO MESTO,VO 6001 - ČRNOMELJ,30,"Stara Lipa pri Tomec J., S. Lipa 1a, 8344 Vinica",45.4601,15.254
VE 6000 - NOVO MESTO,VO 6001 - ČRNOMELJ,31,"DK Vinica, Vinica 44, 8344 Vinica",45.4601,15.254
VE 6000 - NOVO MESTO,VO 6001 - ČRNOMELJ,32,"GD Zilje, Zilje 37, 8344 Vinica",45.4601,15.254
VE 6000 - NOVO MESTO,VO 6001 - ČRNOMELJ,33,"GD Bojanci, Bojanci 1, 8344 Vinica",45.4601,15.254
VE 6000 - NOVO MESTO,VO 6001 - ČRNOMELJ,34,"DK Božakovo, Božakovo 24, 8330 Metlika",45.6472,15.3142
VE 6000 - NOVO MESTO,VO 6001 - ČRNOMELJ,35,"GD Krivoglavice, Krivoglavice 10, 8332 Gradac",45.6167,15.25
VE 6000 - NOVO MESTO,VO 6001 - ČRNOMELJ,36,"GD Drašiči, Drašiči 35, 8330 Metlika",45.6472,15.3142
VE 6000 - NOVO MESTO,VO 6001 - ČRNOMELJ,37,"GD Grabrovec, Grabrovec 3b, 8330 Metlika",45.6472,15.3142
VE 6000 - NOVO MESTO,VO 6001 - ČRNOMELJ,38,"GD Gradac, Gradac 142, 8332 Gradac",45.6167,15.25
VE 6000 - NOVO MESTO,VO 6001 - ČRNOMELJ,39,"KS Jugorje, Jugorje pri Metliki 5a, 8331 Suhor",45.5296,14.8708
VE 6000 - NOVO MESTO,VO 6001 - ČRNOMELJ,40,"GD Dolnja Lokvica, Do. Lokvica 2a, 8330 Metlika",45.6472,15.3142
VE 6000 - NOVO MESTO,VO 6001 - ČRNOMELJ,41,"MC Metlika, CBE 43, 8330  Metlika",45.6472,15.3142
VE 6000 - NOVO MESTO,VO 6001 - ČRNOMELJ,42,"GD Metlika, Črnomaljska c. 3, 8330 Metlika",45.6472,15.3142
VE 6000 - NOVO MESTO,VO 6001 - ČRNOMELJ,43,"Metlika STATUS doo, Ul.Bel.odreda 19, 8330 Metlika",45.6472,15.3142
VE 6000 - NOVO MESTO,VO 6001 - ČRNOMELJ,44,"OV Metlika, Župančičeva c. 1 , 8330 Metlika",45.6472,15.3142
VE 6000 - NOVO MESTO,VO 6001 - ČRNOMELJ,45,"OOZ Metlika, Partizanski trg 5, 8330 Metlika",45.6472,15.3142
VE 6000 - NOVO MESTO,VO 6001 - ČRNOMELJ,46,"GD Podzemelj, Podzemelj 16b, 8332 Gradac",45.6167,15.25
VE 6000 - NOVO MESTO,VO 6001 - ČRNOMELJ,47,"GD Krasinec, Krasinec 3b, 8332 Gradac",45.6167,15.25
VE 6000 - NOVO MESTO,VO 6001 - ČRNOMELJ,48,"OŠ Radovica, Radovica 23, 8330 Metlika",45.6472,15.3142
VE 6000 - NOVO MESTO,VO 6001 - ČRNOMELJ,49,"GD Rosalnice, Rosalnice 80, 8330 Metlika",45.6472,15.3142
VE 6000 - NOVO MESTO,VO 6001 - ČRNOMELJ,50,"GD Slamna vas, Slamna vas 8a, 8330 Metlika",45.6472,15.3142
VE 6000 - NOVO MESTO,VO 6001 - ČRNOMELJ,51,"GD D. Suhor pri Metliki, D. Suhor pri Metliki 25",,
VE 6000 - NOVO MESTO,VO 6001 - ČRNOMELJ,52,"GD Črmošnjice, Črmošnjice 24, 8333 Semič",45.6712397,15.1022695
VE 6000 - NOVO MESTO,VO 6001 - ČRNOMELJ,53,"GD Cerovec pri Črešnjevcu,Cerov. pri Črešnjevcu 4",,
VE 6000 - NOVO MESTO,VO 6001 - ČRNOMELJ,54,"GD Spodnje Gorenjce, Sp.Gorenjce 32, 8333 Semič",45.6461,15.1822
VE 6000 - NOVO MESTO,VO 6001 - ČRNOMELJ,55,"KC Semič, Prosvetna ul. 4, 8333 Semič",45.6461,15.1822
VE 6000 - NOVO MESTO,VO 6001 - ČRNOMELJ,56,"VS Osojnik, Osojnik 23, 8333 Semič",45.6461,15.1822
VE 6000 - NOVO MESTO,VO 6001 - ČRNOMELJ,57,"GD Rožni Dol, Rožni Dol 5, 8333 Semič",45.6461,15.1822
VE 6000 - NOVO MESTO,VO 6001 - ČRNOMELJ,58,"GD Stranska vas pri Semiču,Praprot 15, 8333 Semič",45.6461,15.1822
VE 6000 - NOVO MESTO,VO 6001 - ČRNOMELJ,59,"POŠ Štrekljevec, Štrekljevec 2, 8333 Semič",45.6461,15.1822
VE 6000 - NOVO MESTO,VO 6002 - NOVO MESTO 1,1,"OŠ Šmihel, Podr. šola Birčna vas, Birčna vas 1",45.74559,15.14462
VE 6000 - NOVO MESTO,VO 6002 - NOVO MESTO 1,2,"KC Dol.Toplice, Sokolski trg 4, 8350 Dol. Toplice",45.75657,15.05917
VE 6000 - NOVO MESTO,VO 6002 - NOVO MESTO 1,3,"GD Dolž, Lipnica 5, 8000 Novo mesto",45.8363,15.1899
VE 6000 - NOVO MESTO,VO 6002 - NOVO MESTO 1,4,"Hiša žive dediščine - dvorana, Bela Cerkev 6",45.86667,15.26667
VE 6000 - NOVO MESTO,VO 6002 - NOVO MESTO 1,5,"KD Gomile, Gomile 10, 8321 Brusnice",,
VE 6000 - NOVO MESTO,VO 6002 - NOVO MESTO 1,6,"Gostišče Kolesar,Dolenje Sušice 22,8350 D. Toplice",45.75657,15.05917
VE 6000 - NOVO MESTO,VO 6002 - NOVO MESTO 1,7,"KS kletni prostori - Hrušica, Hrušica bš",,
VE 6000 - NOVO MESTO,VO 6002 - NOVO MESTO 1,8,"KD Šmarjeta-dvorana,Šmarjeta 66, 8220 Šm. Toplice",45.75657,15.05917
VE 6000 - NOVO MESTO,VO 6002 - NOVO MESTO 1,9,"GD Mali Podljuben,M. Podljuben 20,8000 Novo mesto",45.8363,15.1899
VE 6000 - NOVO MESTO,VO 6002 - NOVO MESTO 1,10,"GD Orešje, Orešje 17, 8220 Šmarješke Toplice",45.8624,15.2219
VE 6000 - NOVO MESTO,VO 6002 - NOVO MESTO 1,12,"GD Zbure, Zbure 29a, 8220 Šmarješke Toplice",45.9077302,15.247945
VE 6000 - NOVO MESTO,VO 6002 - NOVO MESTO 1,13,"Občina Mirna Peč, Trg 8, 8216 Mirna Peč",45.8603,15.0833
VE 6000 - NOVO MESTO,VO 6002 - NOVO MESTO 1,14,"OŠ T. Pavčka, Postaja 1, 8216 Mirna Peč",45.8603,15.0833
VE 6000 - NOVO MESTO,VO 6002 - NOVO MESTO 1,15,"GD Jablan, Jablan 20, 8216 Mirna Peč",45.8603,15.0833
VE 6000 - NOVO MESTO,VO 6002 - NOVO MESTO 1,16,"GD Gorenji Globodol,G. Globodol 38,8216 Mirna Peč",45.8603,15.0833
VE 6000 - NOVO MESTO,VO 6002 - NOVO MESTO 1,18,"GD Podgrad, Podgrad 38, 8000 Novo mesto",45.8363,15.1899
VE 6000 - NOVO MESTO,VO 6002 - NOVO MESTO 1,19,"Prosvetni dom Podhosta,Podhosta bš,8350 D.Toplice",,
VE 6000 - NOVO MESTO,VO 6002 - NOVO MESTO 1,20,"GD Podturn pri D.Toplicah,Podt. pri D.Toplicah 12",,
VE 6000 - NOVO MESTO,VO 6002 - NOVO MESTO 1,22,"GD Ratež, Ratež 47, 8321 Brusnice",,
VE 6000 - NOVO MESTO,VO 6002 - NOVO MESTO 1,24,"GD Soteska, Soteska 38,8351 Straža pri Novem mest",,
VE 6000 - NOVO MESTO,VO 6002 - NOVO MESTO 1,25,"GD Stopiče, Stopiče 3, 8322 Stopiče",45.7694,15.2097
VE 6000 - NOVO MESTO,VO 6002 - NOVO MESTO 1,26,"GD Stranska vas, Stranska vas 70, 8000 Novo mesto",45.8363,15.1899
VE 6000 - NOVO MESTO,VO 6002 - NOVO MESTO 1,29," ZDD Uršna sela, Vaška c. 4 , 8323  Uršna sela",45.7333,15.1333
VE 6000 - NOVO MESTO,VO 6002 - NOVO MESTO 1,31,"OŠ Brusnice, Velike Brusnice 101, 8321 Brusnice",45.8117586,15.256783
VE 6000 - NOVO MESTO,VO 6002 - NOVO MESTO 1,32,"OŠ Žužemberk, Baragova c. 1, 8360 Žužemberk",45.8314723,14.9324314
VE 6000 - NOVO MESTO,VO 6002 - NOVO MESTO 1,33,"Kartuzija Pleterje, Drča 1, 8310 Šentjernej",45.8178001,15.3550721
VE 6000 - NOVO MESTO,VO 6002 - NOVO MESTO 1,34,"GD Cerov Log, Cerov Log 1, 8310 Šentjernej",45.84,15.3361
VE 6000 - NOVO MESTO,VO 6002 - NOVO MESTO 1,35,"Karlovček d.o.o.,Vrh pri Šentj. 5,8310 Šentjernej",45.84,15.3361
VE 6000 - NOVO MESTO,VO 6002 - NOVO MESTO 1,36,"T. Pirnar - Dolenja Brezovica, Dolenja Brezovica 1",45.83296,15.34183
VE 6000 - NOVO MESTO,VO 6002 - NOVO MESTO 1,37,"GD Dolenja Stara vas, Dolenja Stara vas 43",45.83837,15.35407
VE 6000 - NOVO MESTO,VO 6002 - NOVO MESTO 1,38,"GD Dol. Mokro Polje, D.M.Polje 4, 8310 Šentjernej",45.84,15.3361
VE 6000 - NOVO MESTO,VO 6002 - NOVO MESTO 1,39,"GD Dol. Maharovec, D.Maharovec 19,8310 Šentjernej",45.84,15.3361
VE 6000 - NOVO MESTO,VO 6002 - NOVO MESTO 1,40,"M. Tajčman-Gorenja Gomila, Gorenja Gomila 5",45.86156,15.28822
VE 6000 - NOVO MESTO,VO 6002 - NOVO MESTO 1,41,"GD Gorenja Stara vas,G.St. vas 21,8310 Šentjernej",45.84,15.3361
VE 6000 - NOVO MESTO,VO 6002 - NOVO MESTO 1,42,"GD Gorenje Vrhpolje,G.Vrhpolje 86,8310 Šentjernej",45.84,15.3361
VE 6000 - NOVO MESTO,VO 6002 - NOVO MESTO 1,43,"GD Groblje pri Prekopi, Groblje pri Prekopi 36",45.85,15.36667
VE 6000 - NOVO MESTO,VO 6002 - NOVO MESTO 1,44,"GD Orehovica, Orehovica 57, 8310 Šentjernej",45.84,15.3361
VE 6000 - NOVO MESTO,VO 6002 - NOVO MESTO 1,45,"A. Turk - Roje, Roje 12, 8310 Šentjernej",45.84,15.3361
VE 6000 - NOVO MESTO,VO 6002 - NOVO MESTO 1,46,"Mizarstvo Cvelbar, Mršeča vas 1, 8310 Šentjernej",45.84,15.3361
VE 6000 - NOVO MESTO,VO 6002 - NOVO MESTO 1,48,"OŠ Šentjernej, Prvomajska c. 9, 8310 Šentjernej",45.8449022,15.3408156
VE 6000 - NOVO MESTO,VO 6002 - NOVO MESTO 1,49,"KC P. Trubarja Šentjernej, Trubarjeva c. 13",,
VE 6000 - NOVO MESTO,VO 6002 - NOVO MESTO 1,50,"GD Reber, Reber 16, 8360 Žužemberk",45.8339,14.9292
VE 6000 - NOVO MESTO,VO 6002 - NOVO MESTO 1,51,"GD Vrh pri Križu, Vrh pri Križu 17,8360 Žužemberk",45.8339,14.9292
VE 6000 - NOVO MESTO,VO 6002 - NOVO MESTO 1,52,"DK Veliko Lipje, Veliko Lipje 3, 8360 Žužemberk",45.8339,14.9292
VE 6000 - NOVO MESTO,VO 6002 - NOVO MESTO 1,53,"GD Šmihel pri Žužemberku, Šm. pri  Žužemberku 38",,
VE 6000 - NOVO MESTO,VO 6002 - NOVO MESTO 1,54,"GD Dolnji Ajdovec, Dolnji Ajdovec 21, 8361 Dvor",45.8139,14.9711
VE 6000 - NOVO MESTO,VO 6002 - NOVO MESTO 1,55,"GD Hinje, Hinje 38, 8362 Hinje",45.7656,14.8822
VE 6000 - NOVO MESTO,VO 6002 - NOVO MESTO 1,56,"OŠ Prevole, Prevole 32, 8362 Hinje",45.7734431,14.862735
VE 6000 - NOVO MESTO,VO 6002 - NOVO MESTO 1,57,"E.Škufca-Sela pri Hinjah,S.pri Hinjah11,8362Hinje",45.76556,14.88222
VE 6000 - NOVO MESTO,VO 6002 - NOVO MESTO 1,58,"GD Žvirče, Žvirče bš, 8362 Hinje",45.7656,14.8822
VE 6000 - NOVO MESTO,VO 6002 - NOVO MESTO 1,59,"OŠ Žužemberk, Podr. šola Dvor, 23d, 8361 Dvor",45.8139,14.9711
VE 6000 - NOVO MESTO,VO 6003 - NOVO MESTO 2,1,"RIC, Topliška c. 2, 8000 Novo mesto",45.8363,15.1899
VE 6000 - NOVO MESTO,VO 6003 - NOVO MESTO 2,2,"Stara OŠ, Dolenje Karteljevo 29, 8000 Novo mesto",45.8363,15.1899
VE 6000 - NOVO MESTO,VO 6003 - NOVO MESTO 2,4,"Vrtec Pedenjped, Šegova ul. 22, 8000 Novo mesto",45.798219,15.1570246
VE 6000 - NOVO MESTO,VO 6003 - NOVO MESTO 2,5,"Prostori KS, Ul. Slavka Gruma 9, 8000 Novo mesto",45.8363,15.1899
VE 6000 - NOVO MESTO,VO 6003 - NOVO MESTO 2,6,"Janez Miklič, Gorenje Kamence 9, 8000 Novo mesto",45.8363,15.1899
VE 6000 - NOVO MESTO,VO 6003 - NOVO MESTO 2,8,"DK KS Gotna vas, Jedinščica 58, 8000 Novo mesto",45.8363,15.1899
VE 6000 - NOVO MESTO,VO 6003 - NOVO MESTO 2,9,"OŠ Mali Slatnik, Mali Slatnik 7, 8000 Novo mesto",45.8091732,15.2052878
VE 6000 - NOVO MESTO,VO 6003 - NOVO MESTO 2,10,"GD Križe, Križe 27, 8000 Novo mesto",45.8363,15.1899
VE 6000 - NOVO MESTO,VO 6003 - NOVO MESTO 2,11,"DK Regrča vas, Regrča vas 101, 8000 Novo  mesto",45.8363,15.1899
VE 6000 - NOVO MESTO,VO 6003 - NOVO MESTO 2,12,"GD Straža, Novomeška c. 1, 8351 Straža",45.78,15.0728
VE 6000 - NOVO MESTO,VO 6003 - NOVO MESTO 2,13,"GD Dolenje Kamence,Dol. Kamence 3,8000 Novo mesto",45.8363,15.1899
VE 6000 - NOVO MESTO,VO 6003 - NOVO MESTO 2,14,"KC J. Trdine, Novi trg 5, 8000 Novo mesto",45.8363,15.1899
VE 6000 - NOVO MESTO,VO 6003 - NOVO MESTO 2,15,"Vrtec Ciciban I, Ragovska ul. 18, 8000 Novo mesto",45.8363,15.1899
VE 6000 - NOVO MESTO,VO 6003 - NOVO MESTO 2,17,"OŠ Bršljin I, Kočevarjeva ul. 40, 8000 Novo mesto",45.8363,15.1899
VE 6000 - NOVO MESTO,VO 6003 - NOVO MESTO 2,18,"Vrtec Ciciban II, Ragovska ul. 18,8000 Novo mesto",45.8363,15.1899
VE 6000 - NOVO MESTO,VO 6003 - NOVO MESTO 2,19,"DC, Seidlova c. 28, 8000 Novo mesto",45.8363,15.1899
VE 6000 - NOVO MESTO,VO 6003 - NOVO MESTO 2,20,"Gimnazija Novo mesto,Seidlova c.9,8000 Novo mesto",45.8075349,15.1639693
VE 6000 - NOVO MESTO,VO 6003 - NOVO MESTO 2,22,"DK KS Žabja vas, Šentjernejska c. 10, 8000 NM",,
VE 6000 - NOVO MESTO,VO 6003 - NOVO MESTO 2,23,"OŠ Grm, Trdinova ul. 7, 8000 Novo mesto",45.7990388,15.1720002
VE 6000 - NOVO MESTO,VO 6003 - NOVO MESTO 2,24,"OŠ Bršljin II, Kočevarjeva ul. 40,8000 Novo mesto",45.8363,15.1899
VE 6000 - NOVO MESTO,VO 6003 - NOVO MESTO 2,25,"Vrtec Žabjak, Brezje 8, 8000 Novo mesto",45.8363,15.1899
VE 6000 - NOVO MESTO,VO 6003 - NOVO MESTO 2,26,"MD Drganja sela, Drganja sela 3, 8351 Straža",45.78,15.0728
VE 6000 - NOVO MESTO,VO 6003 - NOVO MESTO 2,27,"GD Otočec, Šentpeter 1, 8222 Otočec",45.8675,15.2733
VE 6000 - NOVO MESTO,VO 6003 - NOVO MESTO 2,28,"Matjaževa domačija, Paha 3, 8222 Otočec ",45.8675,15.2733
VE 6000 - NOVO MESTO,VO 6003 - NOVO MESTO 2,29,"KD Straža, Pod Srobotnikom 4, 8351 Straža",45.78,15.0728
VE 6000 - NOVO MESTO,VO 6003 - NOVO MESTO 2,30,"Stara OŠ, Prečna  8, 8000 Novo mesto",45.8363,15.1899
VE 6000 - NOVO MESTO,VO 6003 - NOVO MESTO 2,31,"MD Prapreče, Prapreče 22, 8351 Straža",45.78,15.0728
VE 6000 - NOVO MESTO,VO 6003 - NOVO MESTO 2,32,"OŠ Vavta vas, Vavta vas 1, 8351 Straža",45.7828918,15.0821532
VE 6000 - NOVO MESTO,VO 6003 - NOVO MESTO 2,33,"MD Rumanja vas, Rumanja vas bš, 8351 Straža",45.78,15.0728
VE 6000 - NOVO MESTO,VO 6003 - NOVO MESTO 2,34,"Inpro d.o.o. Novo mesto, Loke 4, 8351 Straža",45.78,15.0728
VE 6000 - NOVO MESTO,VO 6003 - NOVO MESTO 2,35,"OŠ Šmihel, Šmihel 2, 8000 Novo mesto",45.8363,15.1899
VE 6000 - NOVO MESTO,VO 6003 - NOVO MESTO 2,36,"GD Ždinja vas, Ždinja vas 14, 8000 Novo mesto",45.8363,15.1899
VE 6000 - NOVO MESTO,VO 6004 - TREBNJE,1,"GD ČATEŽ, Čatež 19, 8212 VELIKA LOKA",45.9289,14.9678
VE 6000 - NOVO MESTO,VO 6004 - TREBNJE,2,"Glivar Darko, Korita 6, 8211 Dobrnič",45.875,14.98
VE 6000 - NOVO MESTO,VO 6004 - TREBNJE,3,"Smolič Pavle, Dobrava 22, 8211 Dobrnič",45.875,14.98
VE 6000 - NOVO MESTO,VO 6004 - TREBNJE,4,"KD Dobrnič, Dobrnič 9, 8211 Dobrnič",45.875,14.98
VE 6000 - NOVO MESTO,VO 6004 - TREBNJE,5,"OŠ Dol. Nemška vas I.,Dol.Nem.vas 21,8210 Trebnje",45.9042,15.0217
VE 6000 - NOVO MESTO,VO 6004 - TREBNJE,6,"OŠ Dol.Nemška vas II.,Dol.Nem.vas 21, 8210Trebnje",45.90417,15.02167
VE 6000 - NOVO MESTO,VO 6004 - TREBNJE,7,"Novi GD Lukovek, Lukovek 52, 8210 Trebnje",45.9042,15.0217
VE 6000 - NOVO MESTO,VO 6004 - TREBNJE,8,"KS Knežja vas (vaško središče), Dol. Selce 21",46.51667,15.83333
VE 6000 - NOVO MESTO,VO 6004 - TREBNJE,9,"GD Ševnica, Ševnica 22, 8233 Mirna",45.9553,15.0619
VE 6000 - NOVO MESTO,VO 6004 - TREBNJE,11,"OŠ Mirna I., Cesta na Fužine 1, 8233 Mirna",45.9553,15.0619
VE 6000 - NOVO MESTO,VO 6004 - TREBNJE,12,"Dom Partizan Mirna, Sokolska ulica 2, 8233 Mirna",45.9553,15.0619
VE 6000 - NOVO MESTO,VO 6004 - TREBNJE,13,"OŠ Mirna II., Cesta na Fužine 1, 8233 Mirna",45.9553,15.0619
VE 6000 - NOVO MESTO,VO 6004 - TREBNJE,14,"GD Selo pri Mirni, Sajenice 12, 8233 Mirna",45.9553,15.0619
VE 6000 - NOVO MESTO,VO 6004 - TREBNJE,16,"KUČIČ DANIJEL, Gor. Laknice 15a, 8230 MOKRONOG",45.9342,15.1408
VE 6000 - NOVO MESTO,VO 6004 - TREBNJE,17,"KD Mokronog, Pod gradom 2, 8230 Mokronog",45.9342,15.1408
VE 6000 - NOVO MESTO,VO 6004 - TREBNJE,18,"GD Mokronog, Florijanska c. 33, 8230 Mokronog",45.9342,15.1408
VE 6000 - NOVO MESTO,VO 6004 - TREBNJE,19,"GD Beli Grič, Beli Grič 19, 8230 Mokronog",45.9342,15.1408
VE 6000 - NOVO MESTO,VO 6004 - TREBNJE,20,"GD Račje selo, Račjo selo 20, 8210 Trebnje",45.9042,15.0217
VE 6000 - NOVO MESTO,VO 6004 - TREBNJE,21,"GD Sela Šumberk, Sela pri Šum. 32, 8360 Žužemberk",45.8339,14.9292
VE 6000 - NOVO MESTO,VO 6004 - TREBNJE,22,"GD Log, Log pri Žužemberku 6, 8360 Žužemberk",45.8339,14.9292
VE 6000 - NOVO MESTO,VO 6004 - TREBNJE,23,"Prost. PGD Vrhe(bivša šola),Gor.Vrh 1,8211Dobrnič",45.875,14.98
VE 6000 - NOVO MESTO,VO 6004 - TREBNJE,24,"KD Šentlovrenc, Šentlovrenc 15a, 8212 Velika Loka",45.9289,14.9678
VE 6000 - NOVO MESTO,VO 6004 - TREBNJE,25,"GD Dol. Jesenice, Dol.Jesenice 17,8232 Šentrupert",45.9778,15.0956
VE 6000 - NOVO MESTO,VO 6004 - TREBNJE,26,"INFOTOČKA DEŽELE KOZOLCEV, Šentrupert 5",45.97778,15.09556
VE 6000 - NOVO MESTO,VO 6004 - TREBNJE,27,"OŠ ŠENTRUPERT I., Šentrupert 57, 8232 Šentrupert",45.9778,15.0956
VE 6000 - NOVO MESTO,VO 6004 - TREBNJE,28,"OŠ ŠENTRUPERT II., Šentrupert 57, 8232 Šentrupert",45.9778,15.0956
VE 6000 - NOVO MESTO,VO 6004 - TREBNJE,29,"Gostilna Mišič,Štefan pri Trebnjem 10,8210Trebnje",45.90989,14.98648
VE 6000 - NOVO MESTO,VO 6004 - TREBNJE,30,"Večnamenski dom Trebelno,Trebelno 19,8231Trebelno",45.91667,15.15
VE 6000 - NOVO MESTO,VO 6004 - TREBNJE,31,"Žagar Štefan, Češnjice 35, 8231 Trebelno",45.9167,15.15
VE 6000 - NOVO MESTO,VO 6004 - TREBNJE,32,"GD Štatenberk, Ornuška vas 11, 8231 Trebelno",45.9167,15.15
VE 6000 - NOVO MESTO,VO 6004 - TREBNJE,33,"GD Velika Strmica,Velika Strmica 16,8231 Trebelno",45.9167,15.15
VE 6000 - NOVO MESTO,VO 6004 - TREBNJE,34,"KULT. DOM TREBNJE I., Baragov trg 6, 8210 Trebnje",45.9042,15.0217
VE 6000 - NOVO MESTO,VO 6004 - TREBNJE,35,"KULT. DOM TREBNJE II., Baragov trg 6, 8210 Trebnje",45.9042,15.0217
VE 6000 - NOVO MESTO,VO 6004 - TREBNJE,36,"DSO TREBNJE I., Stari trg 63, 8210 Trebnje",45.9042,15.0217
VE 6000 - NOVO MESTO,VO 6004 - TREBNJE,37,"DSO TREBNJE II., Stari trg 63, 8210 Trebnje",45.9042,15.0217
VE 6000 - NOVO MESTO,VO 6004 - TREBNJE,38,"GD Vrhtrebnje, Vrhtrebnje 24, 8210 Trebnje",45.9042,15.0217
VE 6000 - NOVO MESTO,VO 6004 - TREBNJE,39,"KD Velika Loka, Velika Loka 6, 8212 Velika Loka",45.9289,14.9678
VE 6000 - NOVO MESTO,VO 6004 - TREBNJE,40,"Bregar Janez, Stehanja vas 14, 8213 Velik Gaber",45.93385,14.90708
VE 6000 - NOVO MESTO,VO 6004 - TREBNJE,41,"GD Zagorica, Zagorica pri V. Gabru 46",,
VE 6000 - NOVO MESTO,VO 6004 - TREBNJE,42,"KS Veliki Gaber, Veliki Gaber 90,8213Veliki Gaber",45.93385,14.90708
VE 6000 - NOVO MESTO,VO 6004 - TREBNJE,43,"Peter Žibert, Sv. Vrh 3, 8230 Mokronog",45.9342,15.1408
VE 6000 - NOVO MESTO,VO 6004 - TREBNJE,44,"Končina Peter, Okrog 11a, 8232 Šentrupert",45.9778,15.0956
VE 6000 - NOVO MESTO,VO 6005 - BREŽICE,1,"Občina Brežice, CPB 18, 8250 Brežice",45.9033,15.5911
VE 6000 - NOVO MESTO,VO 6005 - BREŽICE,2,"(I)MC Brežice, Gubčeva ul. 10a, 8250 Brežice",45.9033,15.5911
VE 6000 - NOVO MESTO,VO 6005 - BREŽICE,3,"OŠ Brežice, Levstikova ul.18, 8250 Brežice",45.9033,15.5911
VE 6000 - NOVO MESTO,VO 6005 - BREŽICE,4,"Vrtec Mavrica, vhod B, Šolska ul. 5, 8250 Brežice",45.9033,15.5911
VE 6000 - NOVO MESTO,VO 6005 - BREŽICE,5,"(II)MC Brežice, Gubčeva ul. 10a, 8250 Brežice",45.9033,15.5911
VE 6000 - NOVO MESTO,VO 6005 - BREŽICE,6,"GD Bukošek, Bukošek 28a, 8250 Brežice",45.9033,15.5911
VE 6000 - NOVO MESTO,VO 6005 - BREŽICE,7,"(I)SIC Brežice, Bizeljska c. 45, 8250 Brežice",45.9033,15.5911
VE 6000 - NOVO MESTO,VO 6005 - BREŽICE,8,"(II)SIC Brežice, Bizeljska c. 45, 8250 Brežice",45.9033,15.5911
VE 6000 - NOVO MESTO,VO 6005 - BREŽICE,9,"Nogometni stadion, C.b.Milavcev 18, 8250  Brežice",45.9033,15.5911
VE 6000 - NOVO MESTO,VO 6005 - BREŽICE,10,"(I)GD Šentlenart, C.b. Milavcev 105, 8250 Brežice",45.9033,15.5911
VE 6000 - NOVO MESTO,VO 6005 - BREŽICE,11,"(II)GD Šentlenart, C.b.Milavcev 105, 8250 Brežice",45.9033,15.5911
VE 6000 - NOVO MESTO,VO 6005 - BREŽICE,12,"Prosvetni d. Artiče, Artiče 38, 8253 Artiče",45.9539,15.5878
VE 6000 - NOVO MESTO,VO 6005 - BREŽICE,13,"OŠ Artiče, Artiče 39, 8253 Artiče",45.9516519,15.5856191
VE 6000 - NOVO MESTO,VO 6005 - BREŽICE,14,"Nek. OŠ Pečice, Pečice 33, 3257 Podsreda",46.0414,15.5906
VE 6000 - NOVO MESTO,VO 6005 - BREŽICE,15,"DK Sromlje, Sromlje 10, 8256 Sromlje",45.9833,15.6
VE 6000 - NOVO MESTO,VO 6005 - BREŽICE,16,"(I)Prosvetni d. Globoko, Globoko 5, 8254 Globoko",45.955,15.6286
VE 6000 - NOVO MESTO,VO 6005 - BREŽICE,17,"(II)Prosvetni d. Globoko, Globoko 5, 8254 Globoko",45.955,15.6286
VE 6000 - NOVO MESTO,VO 6005 - BREŽICE,18,"Večnamenski d. Pišece, Pišece 27a, 8255 Pišece",46.0017,15.6411
VE 6000 - NOVO MESTO,VO 6005 - BREŽICE,19,"OŠ Pišece, Pišece 34, 8255 Pišece",46.003069,15.647194
VE 6000 - NOVO MESTO,VO 6005 - BREŽICE,20,"GD Gabrje, Gabrje pri Dobovi 20, 8257 Dobova",45.8972,15.6637
VE 6000 - NOVO MESTO,VO 6005 - BREŽICE,21,"GD Mali Obrež, Mali Obrež 16a, 8257 Dobova",45.8972,15.6637
VE 6000 - NOVO MESTO,VO 6005 - BREŽICE,22,"GD Veliki Obrež, Veliki Obrež 13, 8257 Dobova",45.8972,15.6637
VE 6000 - NOVO MESTO,VO 6005 - BREŽICE,23,"Brodarska hišica Mostec, Mostec 51, 8257 Dobova",45.8972,15.6637
VE 6000 - NOVO MESTO,VO 6005 - BREŽICE,24,"GD Mihalovec, Mihalovec 17a, 8257 Dobova",45.8972,15.6637
VE 6000 - NOVO MESTO,VO 6005 - BREŽICE,25,"GD Loče, Loče 22, 8257 Dobova",45.8972,15.6637
VE 6000 - NOVO MESTO,VO 6005 - BREŽICE,26,"KS Dobova, Ul. b. Gerjovičev 48, 8257 Dobova",45.8972,15.6637
VE 6000 - NOVO MESTO,VO 6005 - BREŽICE,27,"GD Rigonce, Rigonce 29, 8257 Dobova",45.8972,15.6637
VE 6000 - NOVO MESTO,VO 6005 - BREŽICE,28,"GD Sela, Sela pri Dobovi 46b, 8257 Dobova",45.8972,15.6637
VE 6000 - NOVO MESTO,VO 6005 - BREŽICE,29,"GD Kapele, Kapele 13, 8258 Kapele",45.9333,15.6833
VE 6000 - NOVO MESTO,VO 6005 - BREŽICE,30,"GD Rakovec, Rakovec 15, 8258 Kapele",45.9333,15.6833
VE 6000 - NOVO MESTO,VO 6005 - BREŽICE,31,"GD Župelevec, Župelevec 53a, 8258 Kapele",45.9333,15.6833
VE 6000 - NOVO MESTO,VO 6005 - BREŽICE,32,"OŠ Bizeljsko, Bizeljska c. 78, 8259 Bizeljsko",46.0133,15.6967
VE 6000 - NOVO MESTO,VO 6005 - BREŽICE,33,"GD Orešje, Orešje na Biz. 59, 8259 Bizeljsko",46.0133,15.6967
VE 6000 - NOVO MESTO,VO 6005 - BREŽICE,34,"GD Stara vas, Stara vas 68a, 8259 Bizeljsko",46.0133,15.6967
VE 6000 - NOVO MESTO,VO 6005 - BREŽICE,35,"GD Cerklje, Cerklje ob K. 56, 8263 Cerklje ob K.",,
VE 6000 - NOVO MESTO,VO 6005 - BREŽICE,36,"OŠ Cerklje, Cerklje ob K. 3, 8263 Cerklje ob K.",,
VE 6000 - NOVO MESTO,VO 6005 - BREŽICE,37,"Nek. OŠ Bušeča v., Bušeča v.38,8263 Cerklje ob K.",,
VE 6000 - NOVO MESTO,VO 6005 - BREŽICE,38,"GD D.Pirošica, D.Pirošica 4a, 8263 Cerklje ob K.",,
VE 6000 - NOVO MESTO,VO 6005 - BREŽICE,39,"KS Čatež, Čateška ul. 3, 8250 Brežice",45.9033,15.5911
VE 6000 - NOVO MESTO,VO 6005 - BREŽICE,40,"GD Cerina, Cerina 14a, 8250 Brežice",45.9033,15.5911
VE 6000 - NOVO MESTO,VO 6005 - BREŽICE,41,"GD Krška vas, Krška vas 100, 8262 Krška vas",45.9,15.5667
VE 6000 - NOVO MESTO,VO 6005 - BREŽICE,42,"GD Skopice, G. Skopice 1, 8262 Krška vas",45.9,15.5667
VE 6000 - NOVO MESTO,VO 6005 - BREŽICE,43,"DK V. Malence, V. Malence 18a, 8262 Krška vas",45.9,15.5667
VE 6000 - NOVO MESTO,VO 6005 - BREŽICE,44,"Nek. OŠ Mrzlava vas, Mrzlava v. 21a,8262 Krška v.",,
VE 6000 - NOVO MESTO,VO 6005 - BREŽICE,45,"KS V. Dolina, V. Dolina 9, 8261 Jesenice na Dol.",46.14194,15.11278
VE 6000 - NOVO MESTO,VO 6005 - BREŽICE,46,"Prosvetni dom, V. Dolina 34, 8261 Jesenice na Dol.",46.14194,15.11278
VE 6000 - NOVO MESTO,VO 6005 - BREŽICE,47,"KS Jesenice, Jesenice 11a, 8261 Jesenice na Dol.",46.14194,15.11278
VE 6000 - NOVO MESTO,VO 6005 - BREŽICE,48,"GD Obrežje, Obrežje 32, 8261 Jesenice na Dol.",46.14194,15.11278
VE 6000 - NOVO MESTO,VO 6005 - BREŽICE,49,"KS Križe, Križe 21, 8282 Koprivnica",46.0353,15.5403
VE 6000 - NOVO MESTO,VO 6006 - KRŠKO,1,"OŠ Koprivnica, Koprivnica 2",46.0353589,15.5384922
VE 6000 - NOVO MESTO,VO 6006 - KRŠKO,3,"GD Veliki Kamen, Veliki Kamen 13a",,
VE 6000 - NOVO MESTO,VO 6006 - KRŠKO,4,"Dom XIV. divizije Senovo I, Trg XIV. divizije 1",,
VE 6000 - NOVO MESTO,VO 6006 - KRŠKO,5,"Dom XIV. divizije Senovo II, Trg XIV. divizije 1",,
VE 6000 - NOVO MESTO,VO 6006 - KRŠKO,6,"GD Senovo, Titova c. 95",,
VE 6000 - NOVO MESTO,VO 6006 - KRŠKO,7,"GD Mali Kamen, Mali Kamen 66a",,
VE 6000 - NOVO MESTO,VO 6006 - KRŠKO,8,"Vaška soba strojnica Reštanj, Reštanj bš",,
VE 6000 - NOVO MESTO,VO 6006 - KRŠKO,9,"GD Stranje, Stranje 13",46.22071,15.56328
VE 6000 - NOVO MESTO,VO 6006 - KRŠKO,10,"LD Brezje pri Dovškem I, Brezje pri Dovškem 33a",,
VE 6000 - NOVO MESTO,VO 6006 - KRŠKO,11,"LD Brezje pri Dovškem II, Brezje pri Dovškem 33a",,
VE 6000 - NOVO MESTO,VO 6006 - KRŠKO,12,"OŠ A.Bohoriča, Šolska cesta 29",45.88794,13.86961
VE 6000 - NOVO MESTO,VO 6006 - KRŠKO,15,"LK Dolenji Leskovec, Dolenji Leskovec 51a",,
VE 6000 - NOVO MESTO,VO 6006 - KRŠKO,16,"Ribiška družina Brestanica II, Raztez 1a",,
VE 6000 - NOVO MESTO,VO 6006 - KRŠKO,17,"Ribiška družina Brestanica I, Raztez 1a",,
VE 6000 - NOVO MESTO,VO 6006 - KRŠKO,18,"VD Dolenja vas, Dolenja vas pri Krškem 53",45.95249,15.5495
VE 6000 - NOVO MESTO,VO 6006 - KRŠKO,19,"KS Rožno - Presladol, Rožno 62",45.99273,15.43176
VE 6000 - NOVO MESTO,VO 6006 - KRŠKO,20,"DK Zdole, Zdole 20",45.97722,15.54583
VE 6000 - NOVO MESTO,VO 6006 - KRŠKO,21,"Dular Bogdan, Kostanjek 20",46.00624,15.54603
VE 6000 - NOVO MESTO,VO 6006 - KRŠKO,22,"GD Gora, Gora 31",46.4856032,13.7875272
VE 6000 - NOVO MESTO,VO 6006 - KRŠKO,24,"GD Krško, Bohoričeva ul. 14",,
VE 6000 - NOVO MESTO,VO 6006 - KRŠKO,25,"Zavod za mladino in šport, C. krških žrtev 105",,
VE 6000 - NOVO MESTO,VO 6006 - KRŠKO,26,"DSO Krško, Kovinarska ul. 13",,
VE 6000 - NOVO MESTO,VO 6006 - KRŠKO,27,"Radej Vida, Sremič 37",45.98068,15.49328
VE 6000 - NOVO MESTO,VO 6006 - KRŠKO,28,"OŠ Dr. M.Rostoharja, C.4. julija 33",,
VE 6000 - NOVO MESTO,VO 6006 - KRŠKO,29,"KD Krško I, Trg Matije Gubca 2, Krško",45.95915,15.49167
VE 6000 - NOVO MESTO,VO 6006 - KRŠKO,30,"KD Krško II, Trg Matije Gubca 2, Krško",45.95915,15.49167
VE 6000 - NOVO MESTO,VO 6006 - KRŠKO,31,"KD Krško III, Trg Matije Gubca 2, Krško",45.95915,15.49167
VE 6000 - NOVO MESTO,VO 6006 - KRŠKO,32,"OŠ J. Dalmatina, Šolska ul. 1, Krško",45.95915,15.49167
VE 6000 - NOVO MESTO,VO 6006 - KRŠKO,34,"Slavko Božič, Gornje Pijavško 30",45.98333,15.41667
VE 6000 - NOVO MESTO,VO 6006 - KRŠKO,35,"GD Drnovo, Drnovo 29a",,
VE 6000 - NOVO MESTO,VO 6006 - KRŠKO,36,"GD Brege, Brege 16",45.92086,15.5001
VE 6000 - NOVO MESTO,VO 6006 - KRŠKO,37,"Mlekarna Mrtvice, Mrtvice bš",,
VE 6000 - NOVO MESTO,VO 6006 - KRŠKO,38,"GD Vihre, Vihre 44",45.91743,15.53167
VE 6000 - NOVO MESTO,VO 6006 - KRŠKO,39,"Vaška soba na Gorici, Gorica bš",,
VE 6000 - NOVO MESTO,VO 6006 - KRŠKO,40,"Dvorana v Velikem Podlogu, Veliki Podlog 60",45.9,15.45
VE 6000 - NOVO MESTO,VO 6006 - KRŠKO,41,"Vaška soba v Gržeči vasi, Gržeča vas bš",,
VE 6000 - NOVO MESTO,VO 6006 - KRŠKO,42,"GD Senuše, Senuše 51",45.93333,15.43333
VE 6000 - NOVO MESTO,VO 6006 - KRŠKO,43,"DK Leskovec pri Krškem, Ulica 11. novembra 24",,
VE 6000 - NOVO MESTO,VO 6006 - KRŠKO,44,"Arh Zvone, Selce pri Leskovcu 6",45.94412,15.45201
VE 6000 - NOVO MESTO,VO 6006 - KRŠKO,45,"GD Velika vas, Gorenja vas pri Leskovcu 30",45.92563,15.45579
VE 6000 - NOVO MESTO,VO 6006 - KRŠKO,46,"KS Raka, Raka 40",45.92972,15.38417
VE 6000 - NOVO MESTO,VO 6006 - KRŠKO,47,"GD Smednik, Smednik 1b",,
VE 6000 - NOVO MESTO,VO 6006 - KRŠKO,48,"KD Albina Rudana, Veliki Trn 18",45.96753,15.39516
VE 6000 - NOVO MESTO,VO 6006 - KRŠKO,49,"Pešič Dejan, Dolšce 19a",,
VE 6000 - NOVO MESTO,VO 6006 - KRŠKO,50,"Bivša OŠ Črneča vas, Črneča vas bš",,
VE 6000 - NOVO MESTO,VO 6006 - KRŠKO,51,"GD Prekopa, Dolnja Prekopa 21b",,
VE 6000 - NOVO MESTO,VO 6006 - KRŠKO,52,"OŠ J.Gorjupa, Gorjanska c. 2",,
VE 6000 - NOVO MESTO,VO 6006 - KRŠKO,53,"Colarič Milan, Orehovec 37",45.82566,15.42086
VE 6000 - NOVO MESTO,VO 6006 - KRŠKO,54,"Grubar Jože, Kočarija 14",45.83145,15.39906
VE 6000 - NOVO MESTO,VO 6006 - KRŠKO,55,"KD Podbočje, Podbočje 70",45.86667,15.46667
VE 6000 - NOVO MESTO,VO 6006 - KRŠKO,56,"GD Malo Mraševo, Malo Mraševo 35",45.86667,15.45
VE 6000 - NOVO MESTO,VO 6006 - KRŠKO,57,"Vaški dom Veliko Mraševo, Veliko Mraševo bš",,
VE 6000 - NOVO MESTO,VO 6006 - KRŠKO,58,"Kodrič Martin, Brezje v Podbočju 2",45.8371,15.49255
VE 6000 - NOVO MESTO,VO 6006 - KRŠKO,59,"Burja Boštjan, Šutna 26",46.20659,14.31061
VE 6000 - NOVO MESTO,VO 6007 - SEVNICA,1,"KD Blanca, Blanca 24",45.9900423,15.3814236
VE 6000 - NOVO MESTO,VO 6007 - SEVNICA,2,"GD Poklek nad Blanco, Poklek nad Blanco 2 B",,
VE 6000 - NOVO MESTO,VO 6007 - SEVNICA,3,"TVD Partizan, Boštanj 31",46.01444,15.2825
VE 6000 - NOVO MESTO,VO 6007 - SEVNICA,4,"VD Kompolje, Kompolje bš",,
VE 6000 - NOVO MESTO,VO 6007 - SEVNICA,5,"VD Šmarčna, Šmarčna 4 B",,
VE 6000 - NOVO MESTO,VO 6007 - SEVNICA,6,"Dom gasilcev in vaščanov Okič,Vrh pri Boštanju 112",46.0043,15.24984
VE 6000 - NOVO MESTO,VO 6007 - SEVNICA,7,"VO Log, Log 59",46.01667,14.36667
VE 6000 - NOVO MESTO,VO 6007 - SEVNICA,8,"Zavetišče pod Sv. Rokom, Taborniška ul. 14",,
VE 6000 - NOVO MESTO,VO 6007 - SEVNICA,9,"Pod vaškim kozolcem na Jablanici, Jablanica 24 A",,
VE 6000 - NOVO MESTO,VO 6007 - SEVNICA,10,"ŽP Jelovec, Jelovec 5",46.56667,15.56667
VE 6000 - NOVO MESTO,VO 6007 - SEVNICA,11,"Konjsko - Jože Mervič, Konjsko 10",46.29491,15.27913
VE 6000 - NOVO MESTO,VO 6007 - SEVNICA,12,"KD Lukovec, Lukovec 38",45.99317,15.3079
VE 6000 - NOVO MESTO,VO 6007 - SEVNICA,13,"Sejna soba Občine Sevnica, Glavni trg 19 A",,
VE 6000 - NOVO MESTO,VO 6007 - SEVNICA,14,"OŠ Krmelj, Krmelj  25",45.9830203,15.1862453
VE 6000 - NOVO MESTO,VO 6007 - SEVNICA,15,"GD Breg, Šentjur na Polju 18 A",,
VE 6000 - NOVO MESTO,VO 6007 - SEVNICA,16,"GD Loka pri ZM, Loka pri Zidanem Mostu 40",46.0575,15.20722
VE 6000 - NOVO MESTO,VO 6007 - SEVNICA,17,"DK Razbor, Razbor 11 A",,
VE 6000 - NOVO MESTO,VO 6007 - SEVNICA,18,"GD Primož, Primož 6",46.5497,15.16953
VE 6000 - NOVO MESTO,VO 6007 - SEVNICA,19,"Gostilna Kregl, Gornje Brezovo 3",46.0037907,15.3334463
VE 6000 - NOVO MESTO,VO 6007 - SEVNICA,20,"Ledina - Stanislav Možič, Ledina 80",46.03333,15.28333
VE 6000 - NOVO MESTO,VO 6007 - SEVNICA,21,"Drožanje - Ivan Jazbec, Drožanje 13",46.02829,15.3109
VE 6000 - NOVO MESTO,VO 6007 - SEVNICA,22,"GD Orešje nad Sevnico, Orešje nad Sevnico 12 B",,
VE 6000 - NOVO MESTO,VO 6007 - SEVNICA,23,"GD Sevnica, Kvedrova c. 25",46.0056244,15.3073497
VE 6000 - NOVO MESTO,VO 6007 - SEVNICA,24,"VVO Ciciban Sevnica, Naselje heroja Maroka 22",,
VE 6000 - NOVO MESTO,VO 6007 - SEVNICA,25,"OŠ Sava Kladnika, Trg svobode 42",,
VE 6000 - NOVO MESTO,VO 6007 - SEVNICA,26,"Komunala Sevnica, Naselje heroja Maroka 17",,
VE 6000 - NOVO MESTO,VO 6007 - SEVNICA,27,"GD Studenec, Studenec 43",45.96667,15.35
VE 6000 - NOVO MESTO,VO 6007 - SEVNICA,28,"Zavratec - Marko Rupar, Zavratec 10",45.99,14.13194
VE 6000 - NOVO MESTO,VO 6007 - SEVNICA,29,"Kladje pri K.-Žan Bunderšek,Kladje pri Krmelju 10",46.03238,15.10447
VE 6000 - NOVO MESTO,VO 6007 - SEVNICA,30,"KD Šentjanž, Šentjanž 22",46.01139,15.16722
VE 6000 - NOVO MESTO,VO 6007 - SEVNICA,31,"GD Veliki Cirnik, Veliki Cirnik 1 A",,
VE 6000 - NOVO MESTO,VO 6007 - SEVNICA,32,"LD Tržišče, Tržišče 23",45.95889,15.19722
VE 6000 - NOVO MESTO,VO 6007 - SEVNICA,33,"Pijavice - Henrik Hočevar, Pijavice 3",45.96879,15.16282
VE 6000 - NOVO MESTO,VO 6007 - SEVNICA,34,"Vinski dvor Malkovec, Malkovec 11",45.95061,15.21115
VE 6000 - NOVO MESTO,VO 6007 - SEVNICA,35,"GD Telče, Telče 12 B",,
VE 6000 - NOVO MESTO,VO 6007 - SEVNICA,36,"GD Zabukovje nad Sevnico, Zabukovje nad S. 16 D",,
VE 6000 - NOVO MESTO,VO 6007 - SEVNICA,37,"GD Trnovec, Trnovec 3 A",,
VE 6000 - NOVO MESTO,VO 6007 - SEVNICA,38,"Podgorje - Janez Podlesnik, Podgorje ob S. 17 B",,
VE 6000 - NOVO MESTO,VO 6007 - SEVNICA,39,"OŠ Bučka, Bučka 27",45.9287585,15.3172726
VE 6000 - NOVO MESTO,VO 6007 - SEVNICA,40,"GD Zagrad, Zagrad 36",46.53332,14.92757
VE 6000 - NOVO MESTO,VO 6007 - SEVNICA,41,"GD Dolenje Dole, Dolenje Dole 24b",,
VE 6000 - NOVO MESTO,VO 6007 - SEVNICA,42,"Dvorana Metelkovega doma Škocjan, Škocjan 35",45.90667,15.29139
VE 6000 - NOVO MESTO,VO 6007 - SEVNICA,43,"Novi GD Grmovlje, Grmovlje 50",45.90107,15.31614
VE 6000 - NOVO MESTO,VO 6007 - SEVNICA,44,"GD Dobrava pri Škocjanu, Dobrava pri Škocjanu 59",45.87452,15.31872
VE 6000 - NOVO MESTO,VO 6007 - SEVNICA,45,"GD Tomažja vas, Tomažja vas 35",45.87903,15.29795
VE 6000 - NOVO MESTO,VO 6008 - LAŠKO,1,"Center starejših, Savinjsko nabrežje 6",,
VE 6000 - NOVO MESTO,VO 6008 - LAŠKO,2,"Kulturni center, Trg svobode 6 ",,
VE 6000 - NOVO MESTO,VO 6008 - LAŠKO,3,"OŠ Debro, Poženelova ul. 26",,
VE 6000 - NOVO MESTO,VO 6008 - LAŠKO,4,"ZASTOR d.o.o., Sp. Rečica 80D",,
VE 6000 - NOVO MESTO,VO 6008 - LAŠKO,5,"Sindikalni dom, Huda Jama 1",46.15914,15.18655
VE 6000 - NOVO MESTO,VO 6008 - LAŠKO,6,"Veterinarska postaja, Marija Gradec 36a",,
VE 6000 - NOVO MESTO,VO 6008 - LAŠKO,7,"Zvonka Dečman, Lahomšek 4",46.14942,15.25086
VE 6000 - NOVO MESTO,VO 6008 - LAŠKO,8,"Na Slogah, Tevče 2 ",46.14333,15.28739
VE 6000 - NOVO MESTO,VO 6008 - LAŠKO,9,"Gasilski dom, Vrh nad Laškim 9a ",,
VE 6000 - NOVO MESTO,VO 6008 - LAŠKO,10,"OŠ Šentrupert, Šentrupert 89",46.62583,15.71278
VE 6000 - NOVO MESTO,VO 6008 - LAŠKO,11,"Strelski dom, Mala Breza 37c ",,
VE 6000 - NOVO MESTO,VO 6008 - LAŠKO,12,"Kulturni dom, Trobni dol 38a",,
VE 6000 - NOVO MESTO,VO 6008 - LAŠKO,13,"OŠ A. Aškerc, Aškerčeva c. 1",,
VE 6000 - NOVO MESTO,VO 6008 - LAŠKO,14,"Šola Lažiše, Laziše 27 ",46.1259,15.24353
VE 6000 - NOVO MESTO,VO 6008 - LAŠKO,15,"Karel Veber, Brodnice 12 ",46.11375,15.27355
VE 6000 - NOVO MESTO,VO 6008 - LAŠKO,16,"Matevž Deželak, Lože 1 ",45.82778,13.93889
VE 6000 - NOVO MESTO,VO 6008 - LAŠKO,17,"OŠ Jurklošter, Jurklošter 23",46.0941821,15.3438836
VE 6000 - NOVO MESTO,VO 6008 - LAŠKO,18,"Bife Racman, Mrzlo Polje 8a ",,
VE 6000 - NOVO MESTO,VO 6008 - LAŠKO,19,"Anton Vresk, Polana 21 ",46.48295,15.60782
VE 6000 - NOVO MESTO,VO 6008 - LAŠKO,20,"OŠ Sedraž, Sedraž 21 ",46.1433,15.17734
VE 6000 - NOVO MESTO,VO 6008 - LAŠKO,21,"OŠ Zidani Most, Zidani Most 34",46.08823,15.17284
VE 6000 - NOVO MESTO,VO 6008 - LAŠKO,22,"Gasilski dom, Zidani Most 12 ",46.08823,15.17284
VE 6000 - NOVO MESTO,VO 6008 - LAŠKO,23,"Dom kulture, Gledališka pot 2",,
VE 6000 - NOVO MESTO,VO 6008 - LAŠKO,24,"Knjižnica Radeče, Ul. OF 2",46.0656455,15.1819224
VE 6000 - NOVO MESTO,VO 6008 - LAŠKO,25,"Prostor društva inv., Titova ul. 107",,
VE 6000 - NOVO MESTO,VO 6008 - LAŠKO,26,"Vrtec Radeče, Kolenov graben 6 ",46.0640102,15.185745
VE 6000 - NOVO MESTO,VO 6008 - LAŠKO,27,"Ribič Rado, Obrežje 21 ",45.84844,15.69394
VE 6000 - NOVO MESTO,VO 6008 - LAŠKO,28,"Gostilna Strnad, Hotemež 6 ",46.0550146,15.1923001
VE 6000 - NOVO MESTO,VO 6008 - LAŠKO,29,"Plaznik Leopold,  Jelovo 7 ",46.07343,15.15203
VE 6000 - NOVO MESTO,VO 6008 - LAŠKO,30,"Gasilski dom, Jagnjenica 14 ",46.05903,15.12511
VE 6000 - NOVO MESTO,VO 6008 - LAŠKO,31,"PGD Svibno, Svibno 18a",,
VE 6000 - NOVO MESTO,VO 6008 - LAŠKO,32," KS Vrhovo, Vrhovo 43a",,
VE 6000 - NOVO MESTO,VO 6009 - LITIJA,1,"GD SOBRAČE, Sobrače 16",45.99056,14.87667
VE 6000 - NOVO MESTO,VO 6009 - LITIJA,2,"Pri Kovaču, Graška c. 64",,
VE 6000 - NOVO MESTO,VO 6009 - LITIJA,3,"OŠ Gradec, Bevkova ul.3",,
VE 6000 - NOVO MESTO,VO 6009 - LITIJA,4,"Dvorana TNS, Trg na Stavbah 8",,
VE 6000 - NOVO MESTO,VO 6009 - LITIJA,5,"Občina Litija, Jerebova  ul. 14",,
VE 6000 - NOVO MESTO,VO 6009 - LITIJA,6,"OŠ Litija, Ul. Mire Pregljeve 3",46.056837,14.8331994
VE 6000 - NOVO MESTO,VO 6009 - LITIJA,7,"ŠD Litija, Ul. Mire Pregljeve 1",,
VE 6000 - NOVO MESTO,VO 6009 - LITIJA,8,"ZD Litija, Partizanska p. 8a",,
VE 6000 - NOVO MESTO,VO 6009 - LITIJA,9,"GD Sp. Hotič, Sp. Hotič 26",46.0919093,14.8263894
VE 6000 - NOVO MESTO,VO 6009 - LITIJA,10,"KS Hotič, Zg. Hotič 6",46.0933601,14.8162799
VE 6000 - NOVO MESTO,VO 6009 - LITIJA,11,"OŠ Vače, Vače 24",46.12,14.83917
VE 6000 - NOVO MESTO,VO 6009 - LITIJA,12,"ZDD Jevnica, Jevnica 36",46.08333,14.75
VE 6000 - NOVO MESTO,VO 6009 - LITIJA,13,"OŠ Kresnice, Kresnice 26a",,
VE 6000 - NOVO MESTO,VO 6009 - LITIJA,14,"OŠ Sava, Sava 21",,
VE 6000 - NOVO MESTO,VO 6009 - LITIJA,15,"Avla v OŠ Polšnik, Polšnik 25c",,
VE 6000 - NOVO MESTO,VO 6009 - LITIJA,16,"Verbajs Jože in Klara, Mamolj 20a",,
VE 6000 - NOVO MESTO,VO 6009 - LITIJA,17,"DK Konjšica, Konjšica - del 14",,
VE 6000 - NOVO MESTO,VO 6009 - LITIJA,18,"GD Breg pri Litiji, Tenetiše 2",46.29806,14.35056
VE 6000 - NOVO MESTO,VO 6009 - LITIJA,19,"GD Zg. Jablanica, Zg. Jablanica 1",46.0418212,14.8732778
VE 6000 - NOVO MESTO,VO 6009 - LITIJA,20,"KD Šmartno, Za povrtmi 4",,
VE 6000 - NOVO MESTO,VO 6009 - LITIJA,21,"GD Zavrstnik, Zavrstnik 26",46.04722,14.81833
VE 6000 - NOVO MESTO,VO 6009 - LITIJA,22,"GD Štangarske Poljane, Štang. Poljane 1a",,
VE 6000 - NOVO MESTO,VO 6009 - LITIJA,23,"Dom Tisje, Črni potok 13",46.03062,14.84144
VE 6000 - NOVO MESTO,VO 6009 - LITIJA,24,"GD Javorje, Javorje 14a",,
VE 6000 - NOVO MESTO,VO 6009 - LITIJA,25,"GD Velika Kostrevnica, Velika Kostrevnica 38",46.02778,14.87583
VE 6000 - NOVO MESTO,VO 6009 - LITIJA,26,"GD Liberga, Liberga 10",46.02755,14.90826
VE 6000 - NOVO MESTO,VO 6009 - LITIJA,27,"Dom KS Ribče, Ribče 14",46.1,14.76667
VE 6000 - NOVO MESTO,VO 6009 - LITIJA,28,"OŠ Primskovo, Gradišče 28",45.9812541,14.9144164
VE 6000 - NOVO MESTO,VO 6009 - LITIJA,29,"TIC-bivša pošta, Dole pri Litiji 8a",,
VE 6000 - NOVO MESTO,VO 6009 - LITIJA,30,"DK Gradišče, Gradišče-K. o. Št. Lovrenc 10",46.03333,15.06667
VE 6000 - NOVO MESTO,VO 6009 - LITIJA,31,"OŠ Gabrovka, Gabrovka 30",46.000421,14.988113
VE 6000 - NOVO MESTO,VO 6009 - LITIJA,32,"GD Tihaboj, Tihaboj 32",45.99222,15.01056
VE 6000 - NOVO MESTO,VO 6009 - LITIJA,33,"Resnik D. - st. hiša, Moravče pri Gabrovki 16",45.99833,14.96917
VE 6000 - NOVO MESTO,VO 6009 - LITIJA,34,"DK Velika Štanga, Velika Štanga 9",46.05,14.75
VE 6000 - NOVO MESTO,VO 6009 - LITIJA,35,"Černe Franc, Gozd Reka 1",46.01485,14.76146
VE 6000 - NOVO MESTO,VO 6009 - LITIJA,36,"Sp. Log-brunarica pri igrišču, Sp. Log 16",46.01667,14.36667
VE 6000 - NOVO MESTO,VO 6009 - LITIJA,37,"OŠ Šmartno pri Litiji, Pungrt 9",46.0418888,14.8446451
VE 6000 - NOVO MESTO,VO 6010 - HRASTNIK-TRBOVLJE,1,"KNJIŽNICA ANTONA SOVRETA , Trg Franca Kozarja 7",46.1465968,15.0837483
VE 6000 - NOVO MESTO,VO 6010 - HRASTNIK-TRBOVLJE,2,"DRUŠTVO UPOKOJENCEV HRASTNIK, N.A. Kaple 6a",,
VE 6000 - NOVO MESTO,VO 6010 - HRASTNIK-TRBOVLJE,3,GALERIJA DELAVSKEGA DOMA HRASTNIK,46.14611,15.08139
VE 6000 - NOVO MESTO,VO 6010 - HRASTNIK-TRBOVLJE,4,OSNOVNA ŠOLA NARODNEGA HEROJA RAJKA HRASTNIK,46.14611,15.08139
VE 6000 - NOVO MESTO,VO 6010 - HRASTNIK-TRBOVLJE,5,OSNOVNA ŠOLA NARODNEGA HEROJA RAJKA HRASTNIK,46.14611,15.08139
VE 6000 - NOVO MESTO,VO 6010 - HRASTNIK-TRBOVLJE,6,GLASBENA ŠOLA HRASTNIK,46.14611,15.08139
VE 6000 - NOVO MESTO,VO 6010 - HRASTNIK-TRBOVLJE,7,"ZB ZA VREDNOTE NOB HRASTNIK, Cesta 1. maja 52",,
VE 6000 - NOVO MESTO,VO 6010 - HRASTNIK-TRBOVLJE,8,VEČNAMENSKI OBJEKT PODKRAJ 91 A,,
VE 6000 - NOVO MESTO,VO 6010 - HRASTNIK-TRBOVLJE,9,"OŠ NH RAJKA HRASTNIK, PODRUŽNICA DOL PRI HRASTNIK",46.14611,15.08139
VE 6000 - NOVO MESTO,VO 6010 - HRASTNIK-TRBOVLJE,10,"OŠ NH RAJKA HRASTNIK, PODRUŽNICA DOL PRI HRASTNIKU",46.14194,15.11278
VE 6000 - NOVO MESTO,VO 6010 - HRASTNIK-TRBOVLJE,11,prostori PLANINSKEGA DOMA NA KALU,,
VE 6000 - NOVO MESTO,VO 6010 - HRASTNIK-TRBOVLJE,12,"prostori KRAJEVNE SKUPNOSTI MARNO, MARNO 44 A",,
VE 6000 - NOVO MESTO,VO 6010 - HRASTNIK-TRBOVLJE,13,BIVŠA OSNOVNA ŠOLA TURJE,46.12939,15.1548
VE 6000 - NOVO MESTO,VO 6010 - HRASTNIK-TRBOVLJE,14,KRAJEVNA SKUPNOST KOVK,45.91389,13.92972
VE 6000 - NOVO MESTO,VO 6010 - HRASTNIK-TRBOVLJE,15,"prostori DRUŽINE MEJAČ, ŠAVNA PEČ 5",46.11177,15.1271
VE 6000 - NOVO MESTO,VO 6010 - HRASTNIK-TRBOVLJE,16,"prostori STANOVANJSKE HIŠE KMETIČ, KRNICE 15b",,
VE 6000 - NOVO MESTO,VO 6010 - HRASTNIK-TRBOVLJE,17,BIVŠA OSNOVNA ŠOLA PODKRAJ,46.3525,15.08917
VE 6000 - NOVO MESTO,VO 6010 - HRASTNIK-TRBOVLJE,18,ZADRUŽNI DOM PRAPRETNO,46.07964,15.37668
VE 6000 - NOVO MESTO,VO 6010 - HRASTNIK-TRBOVLJE,19,ZADRUŽNI DOM ČEČE,,
VE 6000 - NOVO MESTO,VO 6010 - HRASTNIK-TRBOVLJE,20,"Osnovna šola Alojza Hohkrauta, Trg  revolucije 19",,
VE 6000 - NOVO MESTO,VO 6010 - HRASTNIK-TRBOVLJE,21,"OŠ ALOJZA HOHKRAUTA, TRG REVOLUCIJE 19, TRBOVLJE",46.155,15.05333
VE 6000 - NOVO MESTO,VO 6010 - HRASTNIK-TRBOVLJE,22,"Delavski Dom Trbovlje, Trg svobode 11a, avla doma",,
VE 6000 - NOVO MESTO,VO 6010 - HRASTNIK-TRBOVLJE,23,"DKD Svoboda Dobrna, Ribnik 17",,
VE 6000 - NOVO MESTO,VO 6010 - HRASTNIK-TRBOVLJE,24,"Srednja tehniška in poklicna šola, Šuštarjeva 7a",,
VE 6000 - NOVO MESTO,VO 6010 - HRASTNIK-TRBOVLJE,25,"Dom upokojencev Franc Salamon, Kol.1.maja 21",,
VE 6000 - NOVO MESTO,VO 6010 - HRASTNIK-TRBOVLJE,26,"Osnovna šola Tončke Čeč, Keršičeva cesta 50",45.88794,13.86961
VE 6000 - NOVO MESTO,VO 6010 - HRASTNIK-TRBOVLJE,27,"Srednja tehniška in poklicna šola, Novi dom 60",46.1492204,15.0479524
VE 6000 - NOVO MESTO,VO 6010 - HRASTNIK-TRBOVLJE,28,"Sejna dvorana Občine Trbovlje, Mestni trg 4",,
VE 6000 - NOVO MESTO,VO 6010 - HRASTNIK-TRBOVLJE,29,"KD Svoboda Trbovlje, Trg Franca Fakina 4",,
VE 6000 - NOVO MESTO,VO 6010 - HRASTNIK-TRBOVLJE,30,"JP Komunala Trbovlje, Savinjska cesta 11a",,
VE 6000 - NOVO MESTO,VO 6010 - HRASTNIK-TRBOVLJE,31,"Gasilsko društvoTrbovlje, Savinjska cesta 35",45.88794,13.86961
VE 6000 - NOVO MESTO,VO 6010 - HRASTNIK-TRBOVLJE,32,"ŠD Rudar, Rudarska cesta 6, vhod spodaj",,
VE 6000 - NOVO MESTO,VO 6010 - HRASTNIK-TRBOVLJE,33,"Sejna dvorana Občine Trbovlje, Mestni trg 4",,
VE 6000 - NOVO MESTO,VO 6010 - HRASTNIK-TRBOVLJE,34,"Osnovna šola Trbovlje, Mestni trg 6, telovadnica",,
VE 6000 - NOVO MESTO,VO 6010 - HRASTNIK-TRBOVLJE,35,"Sejna soba KS Franc Salamon, Gabrsko 40/a",,
VE 6000 - NOVO MESTO,VO 6010 - HRASTNIK-TRBOVLJE,36,"CEMENTARNA HOLCIM d.o.o., KOLODVORSKA C. 5",,
VE 6000 - NOVO MESTO,VO 6010 - HRASTNIK-TRBOVLJE,37,"Gasilski dom Čeče, Čeče 4/a",,
VE 6000 - NOVO MESTO,VO 6010 - HRASTNIK-TRBOVLJE,38,"Prostovoljno gasilsko društvo Dobovec, Dobovec 24",46.21891,15.75162
VE 6000 - NOVO MESTO,VO 6010 - HRASTNIK-TRBOVLJE,39,"Dom Tončke Čeč, Klek 32",46.1606899,15.0417441
VE 6000 - NOVO MESTO,VO 6010 - HRASTNIK-TRBOVLJE,40,"Šola na Sveti Planini, Sveta Planina 28",46.17115,15.01419
VE 6000 - NOVO MESTO,VO 6011 - ZAGORJE,1,"Delavski dom I, Cesta 9. avgusta 1, Zagorje      ",46.13179,14.99694
VE 6000 - NOVO MESTO,VO 6011 - ZAGORJE,2,"Delavski dom II, Cesta 9. avgusta 1, Zagorje",46.13179,14.99694
VE 6000 - NOVO MESTO,VO 6011 - ZAGORJE,3,"Glasbena šola Zagorje ob Savi I, Kolodvorska c. 2",,
VE 6000 - NOVO MESTO,VO 6011 - ZAGORJE,4,"Glasbena šola Zagorje ob Savi II,Kolodvorska c.2 ",46.48861,15.08361
VE 6000 - NOVO MESTO,VO 6011 - ZAGORJE,6,"OŠ Toneta Okrogarja, Šolska ulica 1, Zagorje",46.1391553,14.9867641
VE 6000 - NOVO MESTO,VO 6011 - ZAGORJE,7,"PGD Ravenska vas, Ravenska vas 3, Zagorje ob Savi",46.1319024,15.0171821
VE 6000 - NOVO MESTO,VO 6011 - ZAGORJE,8,"PGD Kotredež, Kotredež 12, Zagorje ob Savi",46.13179,14.99694
VE 6000 - NOVO MESTO,VO 6011 - ZAGORJE,9,"VDC, Cesta 9.avgusta 59c, Zagorje ob Savi",46.13179,14.99694
VE 6000 - NOVO MESTO,VO 6011 - ZAGORJE,11,"PGD Loke, Loke pri Zagorju 37,Kisovec",46.13911,14.96295
VE 6000 - NOVO MESTO,VO 6011 - ZAGORJE,12,"Dom Kulture Kisovec,Trg Pohorskega bataljona 24",,
VE 6000 - NOVO MESTO,VO 6011 - ZAGORJE,13,"NK Svoboda Kisovec, Naselje na Šahtu 37, Kisovec",46.13911,14.96295
VE 6000 - NOVO MESTO,VO 6011 - ZAGORJE,14,"PGD Čolnišče, Čolnišče 12, Zagorje ob Savi",46.13179,14.99694
VE 6000 - NOVO MESTO,VO 6011 - ZAGORJE,15,"OŠ Ivana Kavčiča I, Izlake 4, Izlake",46.15,14.95
VE 6000 - NOVO MESTO,VO 6011 - ZAGORJE,16,"Hiša Zorec Dejana, Smučidol 4, Izlake",46.15,14.95
VE 6000 - NOVO MESTO,VO 6011 - ZAGORJE,17,"OŠ Ivana Kavčiča II, Izlake 4, Izlake",46.15,14.95
VE 6000 - NOVO MESTO,VO 6011 - ZAGORJE,19,"TD Šentgotard, Šentgotard 12, Trojane",46.18833,14.88306
VE 6000 - NOVO MESTO,VO 6011 - ZAGORJE,20,"PGD Čemšenik, Čemšenik 16, Čemšenik",46.17917,14.94444
VE 6000 - NOVO MESTO,VO 6011 - ZAGORJE,21,"hiša Sotenšek Doroteje, Jesenovo 31, Čemšenik",46.17917,14.94444
VE 6000 - NOVO MESTO,VO 6011 - ZAGORJE,22,"Hiša Rozina Leonide, Jesenovo 38c, Čemšenik",46.17917,14.94444
VE 6000 - NOVO MESTO,VO 6011 - ZAGORJE,23,"OŠ Mlinše, Mlinše 14, Izlake",46.15,14.95
VE 6000 - NOVO MESTO,VO 6011 - ZAGORJE,25,"hiša Judež Damijana, Breznik 8, Izlake",46.15,14.95
VE 6000 - NOVO MESTO,VO 6011 - ZAGORJE,26,"PGD Kandrše, Kandrše - del 6, Vače",46.12,14.83917
VE 6000 - NOVO MESTO,VO 6011 - ZAGORJE,27,"PGD Kolovrat, Kolovrat 19, Izlake",46.15,14.95
VE 6000 - NOVO MESTO,VO 6011 - ZAGORJE,28,"hiša Rome Janeza, Briše 17, Izlake",46.15,14.95
VE 6000 - NOVO MESTO,VO 6011 - ZAGORJE,29,"PGD Šentlambert, Šentlambert 9, Zagorje ob Savi",46.13179,14.99694
VE 6000 - NOVO MESTO,VO 6011 - ZAGORJE,30,"Hiša Vozelj Rada, Kal 3, Zagorje ob Savi",46.13179,14.99694
VE 6000 - NOVO MESTO,VO 6011 - ZAGORJE,31,"PGD Tirna, Tirna 16, Zagorje ob Savi",46.13179,14.99694
VE 6000 - NOVO MESTO,VO 6011 - ZAGORJE,33,"PGD Podkum, Podkum 16, Podkum",46.07139,15.02861
VE 6000 - NOVO MESTO,VO 6011 - ZAGORJE,35,"PGD Padež, Padež 1, Podkum",46.07139,15.02861
VE 6000 - NOVO MESTO,VO 6011 - ZAGORJE,36,"Športno društvo Šklendrovec, ID 1889-1019, Podkum",46.07139,15.02861
VE 7000 - MARIBOR,VO 7001 - ŠMARJE PRI JELŠAH,1,"KD B.ob Sotli, B. ob Sotli 9, 3256 B. ob Sotli",,
VE 7000 - MARIBOR,VO 7001 - ŠMARJE PRI JELŠAH,2,"GD Buče, Vr. Gorca 4a, 3255 Buče",46.1079,15.5701
VE 7000 - MARIBOR,VO 7001 - ŠMARJE PRI JELŠAH,3,"Sejna soba Občine Kozje, Kozje 37, 3260 Kozje",46.075,15.5603
VE 7000 - MARIBOR,VO 7001 - ŠMARJE PRI JELŠAH,4,"KD Lesično, Lesično 5c, 3261 Lesično",46.1025,15.5142
VE 7000 - MARIBOR,VO 7001 - ŠMARJE PRI JELŠAH,5,"DK Osredek, Osr./Podsredi 19a, 3257 Podsreda",46.0414,15.5906
VE 7000 - MARIBOR,VO 7001 - ŠMARJE PRI JELŠAH,6,"DK Podsreda, Podsreda 31, 3257 Podsreda",46.0414,15.5906
VE 7000 - MARIBOR,VO 7001 - ŠMARJE PRI JELŠAH,7,"DK Zagorje, Zagorje 47, 3261 Lesično ",46.1025,15.5142
VE 7000 - MARIBOR,VO 7001 - ŠMARJE PRI JELŠAH,8,"GD Podčetrtek, Slake 3, 3254 Podčetrtek",46.1569,15.5986
VE 7000 - MARIBOR,VO 7001 - ŠMARJE PRI JELŠAH,9,"GD Imeno, Imeno 38a, 3254 Podčetrtek",46.1569,15.5986
VE 7000 - MARIBOR,VO 7001 - ŠMARJE PRI JELŠAH,10,"DKG Polje ob Sotli,  Polje ob Sotli 4, 3255 Buče",46.1079,15.5701
VE 7000 - MARIBOR,VO 7001 - ŠMARJE PRI JELŠAH,11,"TPOŠ Pristava, Pr./Mestinju 27, 3253 Pr./Mestinju",,
VE 7000 - MARIBOR,VO 7001 - ŠMARJE PRI JELŠAH,12,"KD Virštanj, Virštanj 11, 3254 Podčetrtek",46.1569,15.5986
VE 7000 - MARIBOR,VO 7001 - ŠMARJE PRI JELŠAH,13,"GD Kostrivnica, Zg. Kostrivnica 10a, 3241 Podplat",46.2461,15.5764
VE 7000 - MARIBOR,VO 7001 - ŠMARJE PRI JELŠAH,14,"Aleš Tadina PP, Sp. Gabernik 35, 3241 Podplat",46.2461,15.5764
VE 7000 - MARIBOR,VO 7001 - ŠMARJE PRI JELŠAH,15,"Rusl Jožef, Brestovec 1, 3250 Rog. Slatina",46.33155,15.02023
VE 7000 - MARIBOR,VO 7001 - ŠMARJE PRI JELŠAH,16,"Debelak Marija, Topole 26, 3250 Rog. Slatina",46.33155,15.02023
VE 7000 - MARIBOR,VO 7001 - ŠMARJE PRI JELŠAH,17,"Kovačič Marija, Kamence 24, 3250 Rog. Slatina",46.33155,15.02023
VE 7000 - MARIBOR,VO 7001 - ŠMARJE PRI JELŠAH,18,"GD, Prvomajska ul.15a, 3250 Rog. Slatina ",46.2417803,15.6282499
VE 7000 - MARIBOR,VO 7001 - ŠMARJE PRI JELŠAH,19,"II.OŠ Rog. Sl., Ul. Kozj. odr. 4,3250 Rog.Slatina",,
VE 7000 - MARIBOR,VO 7001 - ŠMARJE PRI JELŠAH,20,"Golub Zvonimir, Sp. Negonje 18, 3250 Rog. Slatina",46.33155,15.02023
VE 7000 - MARIBOR,VO 7001 - ŠMARJE PRI JELŠAH,21,"I.OŠ Rog. Sl., Kidričeva ul. 24,3250 Rog. Slatina",46.33155,15.02023
VE 7000 - MARIBOR,VO 7001 - ŠMARJE PRI JELŠAH,22,"Servis Žgajner, Sp. Sečovo 14, 3250 Rog. Slatina",46.33155,15.02023
VE 7000 - MARIBOR,VO 7001 - ŠMARJE PRI JELŠAH,23,"Vrtni center, Cer. p. Bočem 22a,3250 Rog. Slatina",46.33155,15.02023
VE 7000 - MARIBOR,VO 7001 - ŠMARJE PRI JELŠAH,24,"GD PGD Steklarna, Ul. talcev 1, 3250 Rog. Slatina",46.33155,15.02023
VE 7000 - MARIBOR,VO 7001 - ŠMARJE PRI JELŠAH,25,"KC Rog. Slatina, Celjska c. 3a, 3250 Rog. Slatina",46.33155,15.02023
VE 7000 - MARIBOR,VO 7001 - ŠMARJE PRI JELŠAH,26,"OŠ Sv. Florijan, Sv Florijan 60,3250 Rog. Slatina",46.33155,15.02023
VE 7000 - MARIBOR,VO 7001 - ŠMARJE PRI JELŠAH,27,"POŠ Dobovec, Dob./Rogatcu 35c, 3252 Rogatec",46.2294,15.7003
VE 7000 - MARIBOR,VO 7001 - ŠMARJE PRI JELŠAH,28,"VGD Donačka Gora, Donačka Gora 4c, 3252 Rogatec",46.2294,15.7003
VE 7000 - MARIBOR,VO 7001 - ŠMARJE PRI JELŠAH,29,"Dvorana KD Rogatec,Strmolska ul. 6, 3252 Rogatec",46.2294,15.7003
VE 7000 - MARIBOR,VO 7001 - ŠMARJE PRI JELŠAH,30,"Marjan Petauer, Dol/Pristavi 2b,3253 Pr./Mestinju",,
VE 7000 - MARIBOR,VO 7001 - ŠMARJE PRI JELŠAH,31,"GKD Kristan vrh, Kristan Vrh 53a, 3241 Podplat",46.2461,15.5764
VE 7000 - MARIBOR,VO 7001 - ŠMARJE PRI JELŠAH,32,"OŠ Lemberg, Lemberg/Šmarju 13, 3241 Podplat",46.2461,15.5764
VE 7000 - MARIBOR,VO 7001 - ŠMARJE PRI JELŠAH,33,"GD Mestinje, Mestinje 19, 3241 Podplat",46.2461,15.5764
VE 7000 - MARIBOR,VO 7001 - ŠMARJE PRI JELŠAH,34,"DKG Sl. Gora, Sl. Gora 3c, 3240 Šm./Jelšah",,
VE 7000 - MARIBOR,VO 7001 - ŠMARJE PRI JELŠAH,35,"GD Sv. Štefan, Sv. Štefan 51, 3264 Sv. Štefan",,
VE 7000 - MARIBOR,VO 7001 - ŠMARJE PRI JELŠAH,36,"Golež Stanislav, Rakovec 8, 3231 Grobelno",46.2117,15.4447
VE 7000 - MARIBOR,VO 7001 - ŠMARJE PRI JELŠAH,37,"GKD Šentvid, Šentvid 30, 3231 Grobelno",46.2117,15.4447
VE 7000 - MARIBOR,VO 7001 - ŠMARJE PRI JELŠAH,38,"Bar Kincel, Grobelno-del 21,3231 Grobelno",46.2117,15.4447
VE 7000 - MARIBOR,VO 7001 - ŠMARJE PRI JELŠAH,39,"KD Šm./Jelšah, Aškerčev trg 20, 3240 Šm./Jelšah",,
VE 7000 - MARIBOR,VO 7001 - ŠMARJE PRI JELŠAH,40,"VD na Tinskem pri igrišču, bš, 3223 Loka/Žusmu",,
VE 7000 - MARIBOR,VO 7001 - ŠMARJE PRI JELŠAH,41,"GD Zibika, Zibika 4a, 3253 Prist/Mestinju",,
VE 7000 - MARIBOR,VO 7001 - ŠMARJE PRI JELŠAH,42,"GD Šm./Jelšah, Obrtniška ul. 4, 3240 Šm./Jelšah",,
VE 7000 - MARIBOR,VO 7001 - ŠMARJE PRI JELŠAH,43,"Anderlič Bojan, Dragomilo 11, 3240 Šm./Jelšah",,
VE 7000 - MARIBOR,VO 7001 - ŠMARJE PRI JELŠAH,44,"Martin Stoklas, Dvor 14, 3240 Šm./Jelšah",,
VE 7000 - MARIBOR,VO 7001 - ŠMARJE PRI JELŠAH,45,"Fajs Damjan, Senovica 39, 3240 Šm./Jelšah",,
VE 7000 - MARIBOR,VO 7001 - ŠMARJE PRI JELŠAH,46,"Lorger Sabina, Vrh 16, 3240 Šm./Jelšah",,
VE 7000 - MARIBOR,VO 7001 - ŠMARJE PRI JELŠAH,47,"Orač Martin bivša trg., Ješovec 7, 3240 Šm./Jelšah",,
VE 7000 - MARIBOR,VO 7002 - SLOVENSKA BISTRICA,1,"Slomškov dom Slov. Bistrica, Trg Alfonza Šarha 2",,
VE 7000 - MARIBOR,VO 7002 - SLOVENSKA BISTRICA,2,"Dom vaščanov Devina, Devina 36a",,
VE 7000 - MARIBOR,VO 7002 - SLOVENSKA BISTRICA,3,"Klopce - Bar ""Grega"", Klopce 19",46.4,15.6
VE 7000 - MARIBOR,VO 7002 - SLOVENSKA BISTRICA,4,"Tirgot, KS Impol, Levstikova ul. 2",,
VE 7000 - MARIBOR,VO 7002 - SLOVENSKA BISTRICA,5,"Jelen Franc, Visole 116",46.40353,15.52757
VE 7000 - MARIBOR,VO 7002 - SLOVENSKA BISTRICA,6,"Repnik Franc, Nova Gora nad Slovensko Bistrico 75",,
VE 7000 - MARIBOR,VO 7002 - SLOVENSKA BISTRICA,7,"Stopar Janez, Kovača vas 135",46.41073,15.5595
VE 7000 - MARIBOR,VO 7002 - SLOVENSKA BISTRICA,8,"GD Zgornja Bistrica, Kajuhova ul. 87",,
VE 7000 - MARIBOR,VO 7002 - SLOVENSKA BISTRICA,9,"Srednja šola, Ul. Dr. Jožeta Pučnika 21",,
VE 7000 - MARIBOR,VO 7002 - SLOVENSKA BISTRICA,11,"OŠ Pohorski odred Slovenska Bistrica, Kopališka 1",,
VE 7000 - MARIBOR,VO 7002 - SLOVENSKA BISTRICA,12,"OŠ Pohorski odred Slovenska Bistrica, Kopališka 1",,
VE 7000 - MARIBOR,VO 7002 - SLOVENSKA BISTRICA,14,"Avtohiša Jurič Slovenska Bistrica,  Lackova ul. 3",46.3847431,15.5669726
VE 7000 - MARIBOR,VO 7002 - SLOVENSKA BISTRICA,15,"Center za starejše, Leskovarjeva ul. 16",,
VE 7000 - MARIBOR,VO 7002 - SLOVENSKA BISTRICA,16,"Vaški dom Sp. Nova vas, Spodnja Nova vas 35a",,
VE 7000 - MARIBOR,VO 7002 - SLOVENSKA BISTRICA,17,"DK Cigonca, Cigonca 12a",,
VE 7000 - MARIBOR,VO 7002 - SLOVENSKA BISTRICA,19,"Furman Vida, Preloge 10a",,
VE 7000 - MARIBOR,VO 7002 - SLOVENSKA BISTRICA,20,"KS Vrhole-Preloge, Vrhole pri Slov. Konjicah 29",46.37333,15.51722
VE 7000 - MARIBOR,VO 7002 - SLOVENSKA BISTRICA,21,"OŠ Zgornja Ložnica, Zgornja Ložnica 43",46.3846861,15.5195429
VE 7000 - MARIBOR,VO 7002 - SLOVENSKA BISTRICA,22,"Košir Janez, Gladomes 77",46.38963,15.49602
VE 7000 - MARIBOR,VO 7002 - SLOVENSKA BISTRICA,23,"DK in GD, Veliko Tinje 33",46.41222,15.51222
VE 7000 - MARIBOR,VO 7002 - SLOVENSKA BISTRICA,24,"Avguštin Zdenka, Tinjska Gora 10",46.4,15.5
VE 7000 - MARIBOR,VO 7002 - SLOVENSKA BISTRICA,25,"Tič Peter, Planina pod Šumikom 19",46.45853,15.45567
VE 7000 - MARIBOR,VO 7002 - SLOVENSKA BISTRICA,26,"KS Šmartno na Pohorju, Šmartno na Pohorju 19",46.44417,15.53944
VE 7000 - MARIBOR,VO 7002 - SLOVENSKA BISTRICA,27,"Pečovnik Janko, Spodnje Prebukovje 11",46.41667,15.56667
VE 7000 - MARIBOR,VO 7002 - SLOVENSKA BISTRICA,28,"Furman Vilibald, Ošelj 1",46.43333,15.53333
VE 7000 - MARIBOR,VO 7002 - SLOVENSKA BISTRICA,38,"Večnamenska dvorana KS, Leskovec 65",45.93566,15.47184
VE 7000 - MARIBOR,VO 7002 - SLOVENSKA BISTRICA,39,"Društvo delovnih invalidov, Črešnjevec 94",46.37583,15.61639
VE 7000 - MARIBOR,VO 7002 - SLOVENSKA BISTRICA,40,"Ilić Marko, Vrhloga 29",46.36667,15.63333
VE 7000 - MARIBOR,VO 7002 - SLOVENSKA BISTRICA,41,"Polajžer Matej, Pretrež 15b",,
VE 7000 - MARIBOR,VO 7002 - SLOVENSKA BISTRICA,42,"GD Laporje, Laporje 30",46.34667,15.59472
VE 7000 - MARIBOR,VO 7002 - SLOVENSKA BISTRICA,43,"Potisk Ivan, Kočno ob Ložnici 17",46.33838,15.61161
VE 7000 - MARIBOR,VO 7002 - SLOVENSKA BISTRICA,44,"Čebular Branko, Hošnica 52",46.33235,15.59196
VE 7000 - MARIBOR,VO 7002 - SLOVENSKA BISTRICA,45,"Prostori društva za šport Žabljek, Žabljek b.š.",,
VE 7000 - MARIBOR,VO 7002 - SLOVENSKA BISTRICA,46,"Košič Anton, Križni Vrh 96",46.35139,15.57083
VE 7000 - MARIBOR,VO 7002 - SLOVENSKA BISTRICA,47,"Občina Poljčane, Bistriška c. 65",,
VE 7000 - MARIBOR,VO 7002 - SLOVENSKA BISTRICA,48,"Dom Dr. Jožeta Potrča Poljčane, Potrčeva ul. 1",46.3048243,15.5806232
VE 7000 - MARIBOR,VO 7002 - SLOVENSKA BISTRICA,49,"DK Poljčane, Bistriška c. 91",,
VE 7000 - MARIBOR,VO 7002 - SLOVENSKA BISTRICA,50,"OŠ Sp. Poljčane, Dravinjska c. 26",46.3115109,15.5806342
VE 7000 - MARIBOR,VO 7002 - SLOVENSKA BISTRICA,51,"KUD Andreja Stefancioza, Studenice 52",46.30278,15.61361
VE 7000 - MARIBOR,VO 7002 - SLOVENSKA BISTRICA,52,"OŠ Anice Černejeve Makole, Makole 24",46.3180194,15.6681206
VE 7000 - MARIBOR,VO 7002 - SLOVENSKA BISTRICA,54,"Koren Branko, Ložnica 28",46.33673,15.09745
VE 7000 - MARIBOR,VO 7002 - SLOVENSKA BISTRICA,57,"Vrabič Gabrijel, Varoš 34",46.3268,15.6883
VE 7000 - MARIBOR,VO 7002 - SLOVENSKA BISTRICA,58,"Mihael Vantur, Pečke 28a, 2321 Makole",46.3172,15.6672
VE 7000 - MARIBOR,VO 7002 - SLOVENSKA BISTRICA,59,"Berglez Jožef, Mostečno 4",46.34393,15.66021
VE 7000 - MARIBOR,VO 7002 - SLOVENSKA BISTRICA,60,"ŠD Stopno, Stopno b.š.",,
VE 7000 - MARIBOR,VO 7002 - SLOVENSKA BISTRICA,61,"Skledar Štefka, Štatenberg 66a",,
VE 7000 - MARIBOR,VO 7002 - SLOVENSKA BISTRICA,62,"Športna dvorana Milenij, Ul. Poh. bataljona 19",,
VE 7000 - MARIBOR,VO 7002 - SLOVENSKA BISTRICA,63,"Občina Oplotnica - KTC, Goriška c. 4",,
VE 7000 - MARIBOR,VO 7002 - SLOVENSKA BISTRICA,64,"Trgovina Jurič Leopold, Čadram 48",46.38333,15.46667
VE 7000 - MARIBOR,VO 7002 - SLOVENSKA BISTRICA,65,"Dečar Marjan, Koritno 7",46.35883,14.13565
VE 7000 - MARIBOR,VO 7002 - SLOVENSKA BISTRICA,66,"Milena Kokol, Božje 15, 2317 Oplotnica",46.3878,15.4467
VE 7000 - MARIBOR,VO 7002 - SLOVENSKA BISTRICA,67,"Pišotek Janez, Ugovec 5a",,
VE 7000 - MARIBOR,VO 7002 - SLOVENSKA BISTRICA,68,"Rakovnik Anton, Malahorna 7",46.37221,15.43307
VE 7000 - MARIBOR,VO 7002 - SLOVENSKA BISTRICA,71,"Večnamenska dvorana Prihova, Prihova b.š.",,
VE 7000 - MARIBOR,VO 7002 - SLOVENSKA BISTRICA,73,"KS Kebelj, Kebelj 26a",,
VE 7000 - MARIBOR,VO 7002 - SLOVENSKA BISTRICA,74,"Smogavc Marija, Kot na Pohorju 30",46.43333,15.43333
VE 7000 - MARIBOR,VO 7002 - SLOVENSKA BISTRICA,75,"Fridrih Mihael, Kot na Pohorju 9",46.43333,15.43333
VE 7000 - MARIBOR,VO 7002 - SLOVENSKA BISTRICA,76,"Ribič Janez, Modrič 24",46.41082,15.4694
VE 7000 - MARIBOR,VO 7002 - SLOVENSKA BISTRICA,77,"Podgrajšek Jože, Zlakova 12",46.38667,15.40417
VE 7000 - MARIBOR,VO 7003 - SLOVENSKE KONJICE,1,"Dom krajanov Bezina, Strtenik 12a, Slov. Konjice",46.33667,15.42583
VE 7000 - MARIBOR,VO 7003 - SLOVENSKE KONJICE,2,"Dom krajanov v Gaju, Vešenik 7c, Slov. Konjice",46.33667,15.42583
VE 7000 - MARIBOR,VO 7003 - SLOVENSKE KONJICE,3,"ZZ Vertačnik,Dobrava pri Konjicah 3b,Slov.Konjice",,
VE 7000 - MARIBOR,VO 7003 - SLOVENSKE KONJICE,4,"Pisarna KS Konjiška vas, K. vas 6a, Slov. Konjice",46.33667,15.42583
VE 7000 - MARIBOR,VO 7003 - SLOVENSKE KONJICE,5,"Dom krajanov Polene, Slov. Konjice",46.33667,15.42583
VE 7000 - MARIBOR,VO 7003 - SLOVENSKE KONJICE,6,"PROSTORI TD STOLPNIK NA ŠPORTNEM IGRIŠČU, SOJEK",46.32277,15.3676
VE 7000 - MARIBOR,VO 7003 - SLOVENSKE KONJICE,7,"OŠ Špitalič, Slov. Konjice",46.33667,15.42583
VE 7000 - MARIBOR,VO 7003 - SLOVENSKE KONJICE,8,"GOSTIŠČE ULIPI, ZEČE 35, SLOV. KONJICE",46.33667,15.42583
VE 7000 - MARIBOR,VO 7003 - SLOVENSKE KONJICE,9,"Dom krajanov Draža vas, D. vas 38a, Loče",46.29972,15.5
VE 7000 - MARIBOR,VO 7003 - SLOVENSKE KONJICE,10,"Dom krajanov Žiče, Žiče 20, Loče",46.29972,15.5
VE 7000 - MARIBOR,VO 7003 - SLOVENSKE KONJICE,11,"Dom krajanov Jernej, Sv. Jernej 19, Loče",46.29972,15.5
VE 7000 - MARIBOR,VO 7003 - SLOVENSKE KONJICE,12,"Čonč Neža, Ličenca 30, Loče",46.29972,15.5
VE 7000 - MARIBOR,VO 7003 - SLOVENSKE KONJICE,13,"Dom krajanov Zbelovo, Zbelovo 30a, Loče",46.29972,15.5
VE 7000 - MARIBOR,VO 7003 - SLOVENSKE KONJICE,14,"Dom krajanov, Sp. Grušovje 30, Slov. Konjice",46.33667,15.42583
VE 7000 - MARIBOR,VO 7003 - SLOVENSKE KONJICE,15,"Dom krajanov Tepanje, Tepanje 23, Slov. Konjice",46.33667,15.42583
VE 7000 - MARIBOR,VO 7003 - SLOVENSKE KONJICE,16,"DVORANA KONJIČANKA, STARI TRG 41, SLOV. KONJICE",46.33667,15.42583
VE 7000 - MARIBOR,VO 7003 - SLOVENSKE KONJICE,17,"OŠ Pod goro, Šolska ul. 3, Slov. Konjice",46.33667,15.42583
VE 7000 - MARIBOR,VO 7003 - SLOVENSKE KONJICE,18,"Kulturni dom, Mestni trg 4, Slov. Konjice",46.33667,15.42583
VE 7000 - MARIBOR,VO 7003 - SLOVENSKE KONJICE,20,"OŠ ob Dravinji I.,Ul.Dušana Jereba 1,Slov.Konjice",,
VE 7000 - MARIBOR,VO 7003 - SLOVENSKE KONJICE,22,"OŠ ob Dravinji II,Ul.Dušana Jereba 1,Slov.Konjice",,
VE 7000 - MARIBOR,VO 7003 - SLOVENSKE KONJICE,23,"Osnovna šola Loče I., Šolska ul. 5, Loče",46.29972,15.5
VE 7000 - MARIBOR,VO 7003 - SLOVENSKE KONJICE,24,"Osnovna šola Loče II., Šolska ul. 5, Loče",46.29972,15.5
VE 7000 - MARIBOR,VO 7003 - SLOVENSKE KONJICE,25,"Hiša dediščine, Mlače 25a, Loče",46.29972,15.5
VE 7000 - MARIBOR,VO 7003 - SLOVENSKE KONJICE,27,"Občina Vitanje, Grajski trg 1, Vitanje",46.38167,15.29583
VE 7000 - MARIBOR,VO 7003 - SLOVENSKE KONJICE,28,"Kušar Zdenko, Stenica 44, Vitanje",46.38167,15.29583
VE 7000 - MARIBOR,VO 7003 - SLOVENSKE KONJICE,29,"Hrovat Milan, Hudinja 23, Vitanje",46.38167,15.29583
VE 7000 - MARIBOR,VO 7003 - SLOVENSKE KONJICE,30,"Brodej Jože, Brezen 55, Vitanje",46.38167,15.29583
VE 7000 - MARIBOR,VO 7003 - SLOVENSKE KONJICE,31,"NAVRŠNIK ALENKA, PAKA 42, VITANJE",46.38167,15.29583
VE 7000 - MARIBOR,VO 7003 - SLOVENSKE KONJICE,32,"Center Noordung, Na vasi 18, Vitanje",46.38167,15.29583
VE 7000 - MARIBOR,VO 7003 - SLOVENSKE KONJICE,33,"Zeleni apartma, Loška gora pri Zrečah 39, Zreče",46.38222,15.37917
VE 7000 - MARIBOR,VO 7003 - SLOVENSKE KONJICE,34,"VEČGENERACIJSKI CENTER ZREČE,C. NA ROGLO 13B,ZREČE",46.38222,15.37917
VE 7000 - MARIBOR,VO 7003 - SLOVENSKE KONJICE,35,"PROSTORI BIVŠE BANKE ZREČE, C. NA ROGLO 13B, ZREČE",46.38222,15.37917
VE 7000 - MARIBOR,VO 7003 - SLOVENSKE KONJICE,37,"Osnovna šola Zreče, Šolska c. 3, Zreče",46.38222,15.37917
VE 7000 - MARIBOR,VO 7003 - SLOVENSKE KONJICE,39,"CŠOD GORENJE, GORENJE PRI ZREČAH 19",46.39971,15.38838
VE 7000 - MARIBOR,VO 7003 - SLOVENSKE KONJICE,40,"Dom krajanov Resnik, Resnik 18, Zreče",46.38222,15.37917
VE 7000 - MARIBOR,VO 7003 - SLOVENSKE KONJICE,41,"Taborniški dom, Skomarje 32, Zreče",46.38222,15.37917
VE 7000 - MARIBOR,VO 7003 - SLOVENSKE KONJICE,42,"Dom krajanov Stranice, Stranice 37, Zreče",46.38222,15.37917
VE 7000 - MARIBOR,VO 7003 - SLOVENSKE KONJICE,43,"Dom krajanov Dobrovlje, Dobrava 78, Zreče",46.38222,15.37917
VE 7000 - MARIBOR,VO 7004 - RUŠE,1,"DK Bistrica ob Dravi, Ulica 27. decembra 2",,
VE 7000 - MARIBOR,VO 7004 - RUŠE,3,"Gostilna Koper, Log 84",46.01667,14.36667
VE 7000 - MARIBOR,VO 7004 - RUŠE,5,"Občina Lovrenc, Spodnji trg 8",,
VE 7000 - MARIBOR,VO 7004 - RUŠE,7,"OŠ Lovrenc, Šolska ul. 6",46.5408762,15.3876462
VE 7000 - MARIBOR,VO 7004 - RUŠE,8,"PC Lovrenc, Gornji trg 62",,
VE 7000 - MARIBOR,VO 7004 - RUŠE,10,"Pošta Činžat, Činžat 28",46.53333,15.43333
VE 7000 - MARIBOR,VO 7004 - RUŠE,11,"DK Bezena, Bezena 17",46.54798,15.53334
VE 7000 - MARIBOR,VO 7004 - RUŠE,12,"LD Lobnica, Lobnica 20 c",,
VE 7000 - MARIBOR,VO 7004 - RUŠE,14,"JZ RAST Ruše, Mariborska c. 31",,
VE 7000 - MARIBOR,VO 7004 - RUŠE,16,"Knjižnica J.G. Ruše, Falska c. 18",,
VE 7000 - MARIBOR,VO 7004 - RUŠE,17,"GD Slemen, Sp. Slemen 27",,
VE 7000 - MARIBOR,VO 7004 - RUŠE,18,"KZ Zadružnik, Sp.Selnica 5",,
VE 7000 - MARIBOR,VO 7004 - RUŠE,19,"OŠ Selnica, Mariborska c.30",46.5509533,15.4894101
VE 7000 - MARIBOR,VO 7004 - RUŠE,20,"Gostilna Hojnik, Janževa gora 28",46.55475,15.47443
VE 7000 - MARIBOR,VO 7004 - RUŠE,21,"OŠ Gradišče, Gradišče na Kozjaku 39",46.6379566,15.4273737
VE 7000 - MARIBOR,VO 7004 - RUŠE,22,"DLO Duh, Sv. Duh na Ostr. vrhu 47",,
VE 7000 - MARIBOR,VO 7004 - RUŠE,23,"GD Smolnik, Gasilska ul. 7",,
VE 7000 - MARIBOR,VO 7004 - RUŠE,24,"DK Smolnik, Glazerjeva ul. 29",,
VE 7000 - MARIBOR,VO 7004 - RUŠE,26,"Gostilna Drozg, Fala 18",,
VE 7000 - MARIBOR,VO 7005 - MARIBOR 1,1,"OŠ Reka Pohorje, Hočko Pohorje 1",46.4889682,15.6132759
VE 7000 - MARIBOR,VO 7005 - MARIBOR 1,2,"Hotel Tisa, Hočko Pohorje 40",46.50265,15.57303
VE 7000 - MARIBOR,VO 7005 - MARIBOR 1,3,"Vrtec Borisa Pečeta, enota Bresternica, Na Gaj 4",,
VE 7000 - MARIBOR,VO 7005 - MARIBOR 1,5,"Šolska zgradba, Šober 1",46.6,15.56667
VE 7000 - MARIBOR,VO 7005 - MARIBOR 1,6,"OŠ R. Robiča, Limbuška c. 62",,
VE 7000 - MARIBOR,VO 7005 - MARIBOR 1,8,"Vrtec Studenci, enota Pekre, Bezjakova ul. 2",,
VE 7000 - MARIBOR,VO 7005 - MARIBOR 1,9,"Vrtec Studenci, enota Pekre, Bezjakova ul. 2",,
VE 7000 - MARIBOR,VO 7005 - MARIBOR 1,10,"KD Kamnica, Vrbanska c. 97",,
VE 7000 - MARIBOR,VO 7005 - MARIBOR 1,11,"KD Kamnica, Vrbanska c. 97",,
VE 7000 - MARIBOR,VO 7005 - MARIBOR 1,13,"Center za sluh in govor MB,Vinarska ul. 6",,
VE 7000 - MARIBOR,VO 7005 - MARIBOR 1,14,"OŠ P. Voranca MB, Gosposvetska c. 10",,
VE 7000 - MARIBOR,VO 7005 - MARIBOR 1,15,"OŠ P. Voranca MB, Gosposvetska c. 10",,
VE 7000 - MARIBOR,VO 7005 - MARIBOR 1,18,"GD Fram,Turnerjeva ul. 105",,
VE 7000 - MARIBOR,VO 7005 - MARIBOR 1,20,"Vaški dom Požeg, Požeg 17",46.43333,15.63333
VE 7000 - MARIBOR,VO 7005 - MARIBOR 1,21,"Vaški dom Morje, Priolova c. 54",,
VE 7000 - MARIBOR,VO 7005 - MARIBOR 1,22,"Vaški dom Loka, Loka pri Framu 13",46.45,15.6
VE 7000 - MARIBOR,VO 7005 - MARIBOR 1,23,"Vaški dom Kopivnik, Kopivnik 4 a",,
VE 7000 - MARIBOR,VO 7005 - MARIBOR 1,24,"Vaški dom Ranče, Ranče 174",46.4689669,15.6086505
VE 7000 - MARIBOR,VO 7005 - MARIBOR 1,25,"Vaški dom Planica, Planica 17c",,
VE 7000 - MARIBOR,VO 7005 - MARIBOR 1,26,"OŠ Rače, Grajski trg 1",46.454133,15.6784696
VE 7000 - MARIBOR,VO 7005 - MARIBOR 1,27,"OŠ Rače, Grajski trg 1",46.454133,15.6784696
VE 7000 - MARIBOR,VO 7005 - MARIBOR 1,28,"GD Podova, Podova 26",46.43611,15.69806
VE 7000 - MARIBOR,VO 7005 - MARIBOR 1,29,"GD Gorica, Sp. Gorica 55a",,
VE 7000 - MARIBOR,VO 7005 - MARIBOR 1,31,"OŠ R. Robiča, Limbuška c. 62",,
VE 7000 - MARIBOR,VO 7005 - MARIBOR 1,32,"KD Zg. Polskava, Mladinska ul. 12",,
VE 7000 - MARIBOR,VO 7005 - MARIBOR 1,34,"LD Polskava, Bukovec 2",46.4368,15.61557
VE 7000 - MARIBOR,VO 7005 - MARIBOR 1,35,"Kalan Olga, Ogljenšak 10",46.43435,15.60174
VE 7000 - MARIBOR,VO 7005 - MARIBOR 1,37,"KS Sp. Polskava, Sp. Polskava 270",46.4144872,15.655649
VE 7000 - MARIBOR,VO 7005 - MARIBOR 1,38,"MD Pokoše, Pokoše 25d",,
VE 7000 - MARIBOR,VO 7005 - MARIBOR 1,39,"Društvo KKS Pragersko, Kolodvorska ul. 9",,
VE 7000 - MARIBOR,VO 7005 - MARIBOR 1,40,"Varga Cirila, Šarhova ul. 14",,
VE 7000 - MARIBOR,VO 7006 - MARIBOR 2,1,"OŠ M. Konšak, Prekmurska ul. 67",,
VE 7000 - MARIBOR,VO 7006 - MARIBOR 2,2,"MČ Tezno, Panonska ul. 12",46.5279003,15.6798182
VE 7000 - MARIBOR,VO 7006 - MARIBOR 2,3,"MČ Tezno, Panonska ul. 12",46.5279003,15.6798182
VE 7000 - MARIBOR,VO 7006 - MARIBOR 2,4,"KS Marjeta, Marjeta 57a",,
VE 7000 - MARIBOR,VO 7006 - MARIBOR 2,5,"GD Trniče, Trniče 30",46.45091,15.74869
VE 7000 - MARIBOR,VO 7006 - MARIBOR 2,6,"ŠD Loka Rošnja, Loka 23a",,
VE 7000 - MARIBOR,VO 7006 - MARIBOR 2,7,"KD Rošnja, Rošnja 40a",,
VE 7000 - MARIBOR,VO 7006 - MARIBOR 2,8,"GD Zlatoličje, Zlatoličje 10",46.45556,15.79111
VE 7000 - MARIBOR,VO 7006 - MARIBOR 2,9,"ZP Starše, Starše 78c",,
VE 7000 - MARIBOR,VO 7006 - MARIBOR 2,10,"KS Prepolje, Prepolje 62",46.44417,15.76389
VE 7000 - MARIBOR,VO 7006 - MARIBOR 2,11,"OŠ Slivnica, Mariborska c. 4",46.4781609,15.6530886
VE 7000 - MARIBOR,VO 7006 - MARIBOR 2,12,"OŠ Slivnica, Mariborska c. 4",46.4781609,15.6530886
VE 7000 - MARIBOR,VO 7006 - MARIBOR 2,13,"AMD Orehova vas, Orehova c. 26",,
VE 7000 - MARIBOR,VO 7006 - MARIBOR 2,14,"KC Hotinja vas, Hotinjska c. 127",,
VE 7000 - MARIBOR,VO 7006 - MARIBOR 2,15,"Knjižnica Hoče, Sršakova ul. 2",46.4965211,15.6407533
VE 7000 - MARIBOR,VO 7006 - MARIBOR 2,16,"KD Hoče, Pohorska c. 15",,
VE 7000 - MARIBOR,VO 7006 - MARIBOR 2,17,"FKBV Pivola, Pivola 10",46.50247,15.62126
VE 7000 - MARIBOR,VO 7006 - MARIBOR 2,18,"VeGeC Rogoza, Rogoška c. 60",,
VE 7000 - MARIBOR,VO 7006 - MARIBOR 2,19,"VO Bohova, Bohova 2a",,
VE 7000 - MARIBOR,VO 7006 - MARIBOR 2,20,"KD Hoče, Pohorska c. 15",,
VE 7000 - MARIBOR,VO 7006 - MARIBOR 2,21,"KS Dravski Dvor, Kidričeva c. 9",46.4662717,15.7155177
VE 7000 - MARIBOR,VO 7006 - MARIBOR 2,22,"OŠ Miklavž-Dobrovce, Šolska ul. 1",46.4809566,15.7024175
VE 7000 - MARIBOR,VO 7006 - MARIBOR 2,23,"KS Skoke, Uskoška ul. 58",,
VE 7000 - MARIBOR,VO 7006 - MARIBOR 2,24,"KD Miklavž, Cesta v Rogozo 11",,
VE 7000 - MARIBOR,VO 7006 - MARIBOR 2,25,"KD Miklavž, Cesta v Rogozo 11",,
VE 7000 - MARIBOR,VO 7006 - MARIBOR 2,26,"Bell Center, Ptujska c. 13",,
VE 7000 - MARIBOR,VO 7006 - MARIBOR 2,27,"MČ Tezno, Panonska ul. 12",46.5279003,15.6798182
VE 7000 - MARIBOR,VO 7006 - MARIBOR 2,30,"DK Brunšvik, Brunšvik 49b",,
VE 7000 - MARIBOR,VO 7007 - MARIBOR 3,1,"OŠ Žitečka vas, Zg. Duplek 98",46.51556,15.77
VE 7000 - MARIBOR,VO 7007 - MARIBOR 3,2,"Občina Duplek, Trg slovenske osamosvojitve 1",,
VE 7000 - MARIBOR,VO 7007 - MARIBOR 3,3,"OŠ Dvorjane, Dvorjane 15",46.4952718,15.7716715
VE 7000 - MARIBOR,VO 7007 - MARIBOR 3,4,"KD Vurberk, Vurberk 95",46.48562,15.78586
VE 7000 - MARIBOR,VO 7007 - MARIBOR 3,5,"Večnamenski prostor pri igrišču, Zimica 46c",,
VE 7000 - MARIBOR,VO 7007 - MARIBOR 3,6,"KD Korena, Zg. Korena 26",46.5291551,15.7817609
VE 7000 - MARIBOR,VO 7007 - MARIBOR 3,7,"GD Brezje, Dupleška 35",46.5234103,15.7039644
VE 7000 - MARIBOR,VO 7007 - MARIBOR 3,8,"MČ Brezje, Na trati 2",,
VE 7000 - MARIBOR,VO 7007 - MARIBOR 3,9,"GD Dogoše, Dupleška 237",46.5234103,15.7039644
VE 7000 - MARIBOR,VO 7007 - MARIBOR 3,10,"KS Malečnik, Malečnik 51",46.5627031,15.6938451
VE 7000 - MARIBOR,VO 7007 - MARIBOR 3,11,"OŠ Malečnik, Malečnik 61",46.5547899,15.7003245
VE 7000 - MARIBOR,VO 7007 - MARIBOR 3,12,"Bivša KS, Ruperče 1",46.56667,15.73333
VE 7000 - MARIBOR,VO 7007 - MARIBOR 3,13,"OŠ Tone Čufar, Zrkovska 67",,
VE 7000 - MARIBOR,VO 7007 - MARIBOR 3,14,"OŠ Tone Čufar, Zrkovska 67",,
VE 7000 - MARIBOR,VO 7007 - MARIBOR 3,15,"OŠ Tone Čufar, Zrkovska 67",,
VE 7000 - MARIBOR,VO 7007 - MARIBOR 3,16,"GD Zrkovci, Zrkovci 73",46.554324,15.6769687
VE 7000 - MARIBOR,VO 7007 - MARIBOR 3,17,"OŠ Tone Čufar, Zrkovska 67",,
VE 7000 - MARIBOR,VO 7007 - MARIBOR 3,18,"Waldorfski vrtec, Wilsonova 18",,
VE 7000 - MARIBOR,VO 7007 - MARIBOR 3,20,"DK, Počehovska 19",,
VE 7000 - MARIBOR,VO 7008 - MARIBOR 4,2,"Razstavni salon, Grajska ul. 7",,
VE 7000 - MARIBOR,VO 7008 - MARIBOR 4,3,"Razstavni salon, Grajska ul.7",,
VE 7000 - MARIBOR,VO 7008 - MARIBOR 4,4,"Sr.gradbena šola,Smetanova 35",46.5596464,15.6367662
VE 7000 - MARIBOR,VO 7008 - MARIBOR 4,6,"DK Krčevina, Šubičeva ul. 11",,
VE 7000 - MARIBOR,VO 7008 - MARIBOR 4,7,"OŠ B. Polančič, Prešernova 19",,
VE 7000 - MARIBOR,VO 7008 - MARIBOR 4,8,"OŠ F.R. Stane, Kersnikova 10",,
VE 7000 - MARIBOR,VO 7008 - MARIBOR 4,10,"OŠ F.R. Stane, Kersnikova 10",,
VE 7000 - MARIBOR,VO 7008 - MARIBOR 4,11,"OŠ B. Polančič, Prešernova 19",,
VE 7000 - MARIBOR,VO 7008 - MARIBOR 4,12,"DK , V zavoju 40 b",,
VE 7000 - MARIBOR,VO 7008 - MARIBOR 4,15,"Slovenska filantropija, Kacova 1",,
VE 7000 - MARIBOR,VO 7008 - MARIBOR 4,17,"Sr.gradbena šola,Smetanova 35",46.5596464,15.6367662
VE 7000 - MARIBOR,VO 7008 - MARIBOR 4,18,"Sr.gradbena šola,Smetanova 35",46.5596464,15.6367662
VE 7000 - MARIBOR,VO 7008 - MARIBOR 4,19,"Sr.gradbena šola,Smetanova 35",46.5596464,15.6367662
VE 7000 - MARIBOR,VO 7008 - MARIBOR 4,20,"Sr.gradbena šola,Smetanova 35",46.5596464,15.6367662
VE 7000 - MARIBOR,VO 7009 - MARIBOR 5,1,"OŠ Janko Padežnik, Iztokova ul.6",,
VE 7000 - MARIBOR,VO 7009 - MARIBOR 5,2,"OŠ Janko Padežnik, Iztokova ul.6",,
VE 7000 - MARIBOR,VO 7009 - MARIBOR 5,3,"Dom pod Gorco, Pekrska 56",46.5550458,15.6113824
VE 7000 - MARIBOR,VO 7009 - MARIBOR 5,4,"Prometna šola, Preradovičeva ul.33",46.5534237,15.6250292
VE 7000 - MARIBOR,VO 7009 - MARIBOR 5,5,"Prometna šola, Preradovičeva ul.33",46.5534237,15.6250292
VE 7000 - MARIBOR,VO 7009 - MARIBOR 5,6,"Prometna šola, Preradovičeva ul.33",46.5534237,15.6250292
VE 7000 - MARIBOR,VO 7009 - MARIBOR 5,7,"Prometna šola, Preradovičeva ul.33",46.5534237,15.6250292
VE 7000 - MARIBOR,VO 7009 - MARIBOR 5,8,"MČ Magdalena, Preradovičeva ul. 1",,
VE 7000 - MARIBOR,VO 7009 - MARIBOR 5,9,"Društvo AMD Maribor-Tabor, Ul. heroja Zidanška 8",,
VE 7000 - MARIBOR,VO 7009 - MARIBOR 5,10,"Dom Lizike Jančar, Titova c. 24a",46.5500424,15.6489663
VE 7000 - MARIBOR,VO 7009 - MARIBOR 5,11,"Dom Lizike Jančar, Titova c. 24a",46.5500424,15.6489663
VE 7000 - MARIBOR,VO 7009 - MARIBOR 5,12,"Dom Lizike Jančar, Titova c. 24a",46.5500424,15.6489663
VE 7000 - MARIBOR,VO 7009 - MARIBOR 5,13,"OŠ borcev za severno mejo, Borcev za sev.mejo 16",,
VE 7000 - MARIBOR,VO 7009 - MARIBOR 5,14,"OŠ Draga Kobala, Tolstojeva ul.3",46.548168,15.6707641
VE 7000 - MARIBOR,VO 7009 - MARIBOR 5,15,"OŠ Draga Kobala, Tolstojeva ul. 3",46.548168,15.6707641
VE 7000 - MARIBOR,VO 7009 - MARIBOR 5,16,"OŠ Draga Kobala, Tolstojeva ul. 3",46.548168,15.6707641
VE 7000 - MARIBOR,VO 7009 - MARIBOR 5,17,"OŠ Draga Kobala, Tolstojeva ul.3",46.548168,15.6707641
VE 7000 - MARIBOR,VO 7010 - MARIBOR 6,1,"OŠ L. Pliberška, Lackova c. 4",,
VE 7000 - MARIBOR,VO 7010 - MARIBOR 6,2,"Hišni svet, Borova vas 24",,
VE 7000 - MARIBOR,VO 7010 - MARIBOR 6,3,"MČ Radvanje, Lackova c. 43b",,
VE 7000 - MARIBOR,VO 7010 - MARIBOR 6,4,"Vrtec Radvanje, Grizoldova ul. 1",46.536435,15.6025237
VE 7000 - MARIBOR,VO 7010 - MARIBOR 6,5,"DRAŠ Center, Pohorska ul. 57",46.534675,15.6042496
VE 7000 - MARIBOR,VO 7010 - MARIBOR 6,8,"MČ Nova vas, Radvanjska c. 65",,
VE 7000 - MARIBOR,VO 7010 - MARIBOR 6,9,"OŠ Tabor I, Ul. A. Tovornika 21",,
VE 7000 - MARIBOR,VO 7010 - MARIBOR 6,10,"ZD Nova vas, C. prol. brigad 71",,
VE 7000 - MARIBOR,VO 7010 - MARIBOR 6,11,"OŠ L. Štuklja, Klinetova ul. 18",,
VE 7000 - MARIBOR,VO 7010 - MARIBOR 6,12,"OŠ L. Štuklja, Klinetova ul. 18",,
VE 7000 - MARIBOR,VO 7010 - MARIBOR 6,14,"OŠ Tabor I, Ul. A. Tovornika 21",,
VE 7000 - MARIBOR,VO 7010 - MARIBOR 6,15,"Hišni svet, Knafelčeva ul. 28",,
VE 7000 - MARIBOR,VO 7010 - MARIBOR 6,16,"GRAWE zavarovalnica d.d. Betnava, Ul. Eve Lovše 19",,
VE 7000 - MARIBOR,VO 7010 - MARIBOR 6,17,"GRAWE zavarovalnica d.d. Betnava, Ul. Eve Lovše 19",,
VE 7000 - MARIBOR,VO 7010 - MARIBOR 6,19,"Dom krajanov, Razvanjska c. 22",,
VE 7000 - MARIBOR,VO 7011 - MARIBOR 7,1,"Vrtec Jadvige Golež, Betnavska c.100",46.5442539,15.6385387
VE 7000 - MARIBOR,VO 7011 - MARIBOR 7,2,"HS, Radvanjska c. 61",46.5394724,15.6280904
VE 7000 - MARIBOR,VO 7011 - MARIBOR 7,3,"HS, Radvanjska c. 61",46.5394724,15.6280904
VE 7000 - MARIBOR,VO 7011 - MARIBOR 7,5,"Vrtec Jadvige Golež, Betnavska c. 100",46.5442539,15.6385387
VE 7000 - MARIBOR,VO 7011 - MARIBOR 7,6,"DRU, Gorkega ul. 48",,
VE 7000 - MARIBOR,VO 7011 - MARIBOR 7,7,"OŠ A. Besednjak, Celjska ul. 11",,
VE 7000 - MARIBOR,VO 7011 - MARIBOR 7,8,"OŠ A. Besednjak, Celjska ul. 11",,
VE 7000 - MARIBOR,VO 7011 - MARIBOR 7,10,"OŠ A. Besednjak, Celjska ul. 11",,
VE 7000 - MARIBOR,VO 7011 - MARIBOR 7,11,"MČ Tabor, Metelkova 63",,
VE 7000 - MARIBOR,VO 7011 - MARIBOR 7,13,"OŠ borcev za sev. mejo, Borcev za sev. mejo 16",,
VE 7000 - MARIBOR,VO 7011 - MARIBOR 7,15,"OŠ S. Klavore, Štrekljeva ul. 31",,
VE 7000 - MARIBOR,VO 7011 - MARIBOR 7,17,"OŠ S. Klavore, Štrekljeva ul. 31",,
VE 7000 - MARIBOR,VO 7011 - MARIBOR 7,19,"OŠ M. Konšak, Prekmurska ul. 67",,
VE 7000 - MARIBOR,VO 7011 - MARIBOR 7,20,"OŠ M. Konšak, Prekmurska ul. 67",,
VE 8000 - PTUJ,VO 8001 - LENDAVA,1,"Center za zaščito in reševanje,Velika Polana 109a",,
VE 8000 - PTUJ,VO 8001 - LENDAVA,2,"Medgeneracijski center (Bukovje),Mala Polana 42",46.58667,16.35083
VE 8000 - PTUJ,VO 8001 - LENDAVA,3,"Medgeneracijski center, Brezovica 47a",,
VE 8000 - PTUJ,VO 8001 - LENDAVA,4,"Črenšovci I,Kulturna dvorana, Ul. Prekm. čete 23",,
VE 8000 - PTUJ,VO 8001 - LENDAVA,5,"Vaški dom Trnje, Trnje 46",46.5875,16.30833
VE 8000 - PTUJ,VO 8001 - LENDAVA,6,"Vaški dom Žižki, Žižki 48b",,
VE 8000 - PTUJ,VO 8001 - LENDAVA,7,"Gasilski muzej PGD, Dolnja Bistrica 72c ",,
VE 8000 - PTUJ,VO 8001 - LENDAVA,8,"Gasilski dom, Srednja Bistrica 52a",,
VE 8000 - PTUJ,VO 8001 - LENDAVA,9,"Gasilski dom, Gornja Bistrica 116a",,
VE 8000 - PTUJ,VO 8001 - LENDAVA,10,"Športno medgeneracijski center, Kobilje 16a",,
VE 8000 - PTUJ,VO 8001 - LENDAVA,11,"Zadružni dom, Pince Marof 30",46.49009,16.5408
VE 8000 - PTUJ,VO 8001 - LENDAVA,12,"Gasilski dom, Pince, Lendavska cesta 45",45.88794,13.86961
VE 8000 - PTUJ,VO 8001 - LENDAVA,13,"Dolina - stara šola, Dolina, Glavna ul. 5",,
VE 8000 - PTUJ,VO 8001 - LENDAVA,14,"Vaški dom Čentiba, Čentiba, Glavna ul.92",46.5518771,16.4899752
VE 8000 - PTUJ,VO 8001 - LENDAVA,15,"Petišovci I, gasilski dom, Rudarska ul. 24",,
VE 8000 - PTUJ,VO 8001 - LENDAVA,16,"Petišovci II, gasilski dom, Rudarska ul. 24",,
VE 8000 - PTUJ,VO 8001 - LENDAVA,17,"Večnam. objekt, Lendavske Gorice 222 (vaški dom)",46.56209,16.4673
VE 8000 - PTUJ,VO 8001 - LENDAVA,18,"Večnam. objekt, Lendavske Gorice 222 (vaški dom)",46.56209,16.4673
VE 8000 - PTUJ,VO 8001 - LENDAVA,19,"Vaški dom Dolga vas, Opekarniška c.2",46.48861,15.08361
VE 8000 - PTUJ,VO 8001 - LENDAVA,20,"Vaški dom Trimlini, Trimlini 33",46.5431332,16.4622459
VE 8000 - PTUJ,VO 8001 - LENDAVA,21,"Lendava I - DOŠ I Lendava, Kranjčeva ulica 44",,
VE 8000 - PTUJ,VO 8001 - LENDAVA,22,"Lendava II-Center za zaš. in reševanje,Glavna u.96",,
VE 8000 - PTUJ,VO 8001 - LENDAVA,23,"Lendava III-Dvoj. srednja šola, Kolodvorska ul. 2e",,
VE 8000 - PTUJ,VO 8001 - LENDAVA,24,"Mostje - NK Mostje, Mostje brez hš.",,
VE 8000 - PTUJ,VO 8001 - LENDAVA,25,"DOŠ, Genterovci, Šolska ul.2",,
VE 8000 - PTUJ,VO 8001 - LENDAVA,26,"Vaški dom Kamovci, Kamovci 53",46.62889,16.38361
VE 8000 - PTUJ,VO 8001 - LENDAVA,27,"Vaško gasilski dom Žitkovci, Žitkovci 32",46.64139,16.37639
VE 8000 - PTUJ,VO 8001 - LENDAVA,28,"Gasilski dom, Radmožanci 39a",,
VE 8000 - PTUJ,VO 8001 - LENDAVA,29,"Vaško gasilski dom Strehovci, Strehovci 29",46.6604028,16.3193072
VE 8000 - PTUJ,VO 8001 - LENDAVA,30,"Dobrovnik I-Center za zaš. in reše.,Dobrovnik 297j",,
VE 8000 - PTUJ,VO 8001 - LENDAVA,31,"Stara šola Gornji Lakoš, G.Lakoš,Glavna ul.61",,
VE 8000 - PTUJ,VO 8001 - LENDAVA,32,"Vaški dom, Dolnji Lakoš, Gasilska ul. 1",,
VE 8000 - PTUJ,VO 8001 - LENDAVA,33,"Vaški dom Gaberje, Gaberje, Glavna ul.52",,
VE 8000 - PTUJ,VO 8001 - LENDAVA,34,"Stara šola Kapca, Kapca, Glavna ul.6",,
VE 8000 - PTUJ,VO 8001 - LENDAVA,35,"Vaški dom Kot, Kot, Mlinska ulica 21",,
VE 8000 - PTUJ,VO 8001 - LENDAVA,36,"Hotiza - gasilski dom, Hotiza, Petrova ul. 16",,
VE 8000 - PTUJ,VO 8001 - LENDAVA,37,"Odranci I, Vaški dom Odranci, Panonska ul.33",,
VE 8000 - PTUJ,VO 8001 - LENDAVA,38,"Odranci II, Vaški dom Odranci, Panonska ul.33",,
VE 8000 - PTUJ,VO 8001 - LENDAVA,39,"Odranci III, Vaški dom Odranci, Panonska ul.33",,
VE 8000 - PTUJ,VO 8001 - LENDAVA,40,"Vaško,kulturni in gasil.dom Gomilica, Gomilica 49",46.60333,16.31194
VE 8000 - PTUJ,VO 8001 - LENDAVA,41,"Vaško gasilski dom Nedelica, Nedelica 132",46.61667,16.33333
VE 8000 - PTUJ,VO 8001 - LENDAVA,42,"Vaško gasilski dom Renkovci, Renkovci 68",46.63667,16.30278
VE 8000 - PTUJ,VO 8001 - LENDAVA,43,"Turnišče I, Občina Turnišče, Ul. Št. Kovača 73",,
VE 8000 - PTUJ,VO 8001 - LENDAVA,44,"Dobrovnik II, DOŠ Dobrovnik,Dobrovnik 266j",,
VE 8000 - PTUJ,VO 8001 - LENDAVA,45,"Benica, zadružni dom, Pince Marof 30",46.49009,16.5408
VE 8000 - PTUJ,VO 8001 - LENDAVA,46,"Črenšovci II,Kulturna dvorana, Ul. Prekm. čete 23",,
VE 8000 - PTUJ,VO 8001 - LENDAVA,47,"Turnišče II,OŠ Turnišče,Turnišče,Prešernova ul.2",,
VE 8000 - PTUJ,VO 8002 - ORMOŽ,1,"Šola Runeč, Runeč 26",46.46361,16.13
VE 8000 - PTUJ,VO 8002 - ORMOŽ,3,"Mlakar Franc, Pavlovski Vrh 1",46.44018,16.18236
VE 8000 - PTUJ,VO 8002 - ORMOŽ,4,"KS Ivanjkovci, Ivanjkovci 1",46.4730947,16.1443704
VE 8000 - PTUJ,VO 8002 - ORMOŽ,5,"Petek Nives, Cerovec Stanka Vraza 31",46.47781,16.16422
VE 8000 - PTUJ,VO 8002 - ORMOŽ,6,"GD Žerovinci, Žerovinci 7",46.48546,16.15388
VE 8000 - PTUJ,VO 8002 - ORMOŽ,7,"Trstenjak Marija, Lahonci 1",46.47975,16.1282
VE 8000 - PTUJ,VO 8002 - ORMOŽ,8,"Gorjak Zorica, Stanovno 47",46.46326,16.13669
VE 8000 - PTUJ,VO 8002 - ORMOŽ,9,"GD Trnovci, Trnovci 4",46.50222,16.04222
VE 8000 - PTUJ,VO 8002 - ORMOŽ,10,"GD Ključarovci, Spodnji Ključarovci 13",46.4511,16.11115
VE 8000 - PTUJ,VO 8002 - ORMOŽ,11,"GD Pršetinci, Pršetinci 24",46.49192,16.10664
VE 8000 - PTUJ,VO 8002 - ORMOŽ,12,"GD Koračice, Koračice 15",46.49073,16.08419
VE 8000 - PTUJ,VO 8002 - ORMOŽ,13,"DK Sveti Tomaž, Sveti Tomaž 44",46.48417,16.08361
VE 8000 - PTUJ,VO 8002 - ORMOŽ,14,"GD Savci, Savci 68",46.4729469,16.0467814
VE 8000 - PTUJ,VO 8002 - ORMOŽ,15,"GD Vitan, Vitan 4",46.4413,16.2377
VE 8000 - PTUJ,VO 8002 - ORMOŽ,16,"KS Kog, Kog 7",46.47167,16.25083
VE 8000 - PTUJ,VO 8002 - ORMOŽ,17,"Balažic Marijana, Gomila pri Kogu 25",46.47659,16.24173
VE 8000 - PTUJ,VO 8002 - ORMOŽ,18,"Janežič Avgust, Veliki Brebrovnik 41",46.44911,16.19337
VE 8000 - PTUJ,VO 8002 - ORMOŽ,19,"GVD Hermanci, Hermanci 55a",,
VE 8000 - PTUJ,VO 8002 - ORMOŽ,20,"DK Miklavž pri Ormožu, Miklavž pri Ormožu 35",46.46,16.21361
VE 8000 - PTUJ,VO 8002 - ORMOŽ,21,"GD Središče ob Dravi, Trg talcev 3",,
VE 8000 - PTUJ,VO 8002 - ORMOŽ,22,"OŠ Središče ob Dravi, Slovenska c. 22",46.3959458,16.2654693
VE 8000 - PTUJ,VO 8002 - ORMOŽ,23,"ČD Grabe, Grabe 31",46.39706,16.25569
VE 8000 - PTUJ,VO 8002 - ORMOŽ,24,"Brunarica RD Godeninci, Godeninci bš",,
VE 8000 - PTUJ,VO 8002 - ORMOŽ,25,"DK Obrež, Obrež 85",46.39972,16.23194
VE 8000 - PTUJ,VO 8002 - ORMOŽ,26,"Zajc Jože, Šalovci 12",46.825,16.29806
VE 8000 - PTUJ,VO 8002 - ORMOŽ,27,"VD Lešnica, Lešnica 20a",,
VE 8000 - PTUJ,VO 8002 - ORMOŽ,28,"Bogša Ivan, Litmerk 15b",,
VE 8000 - PTUJ,VO 8002 - ORMOŽ,29,"VD Dobrava, Dobrava 17b",,
VE 8000 - PTUJ,VO 8002 - ORMOŽ,30,"GD Hardek, Hardek 15",46.41464,16.15969
VE 8000 - PTUJ,VO 8002 - ORMOŽ,31,"VD Pavlovci, Pavlovci 15e",,
VE 8000 - PTUJ,VO 8002 - ORMOŽ,32,"Stara šola Hum, Hum pri Ormožu 1",46.41778,16.20056
VE 8000 - PTUJ,VO 8002 - ORMOŽ,33,"GD Loperšice, Loperšice 3",46.4,16.2
VE 8000 - PTUJ,VO 8002 - ORMOŽ,34,"VD Frankovci, Frankovci 26a",,
VE 8000 - PTUJ,VO 8002 - ORMOŽ,35,"VD Pušenci, Pušenci 27a",,
VE 8000 - PTUJ,VO 8002 - ORMOŽ,36,"DD Ormož, Ljutomerska c. 30",,
VE 8000 - PTUJ,VO 8002 - ORMOŽ,37,"DK Ormož, Skolibrova ul. 17",,
VE 8000 - PTUJ,VO 8002 - ORMOŽ,38,"Dom MZU Ormož, Ul. dr. Hrovata 8",,
VE 8000 - PTUJ,VO 8002 - ORMOŽ,39,"Leben Miran, Hajndl 1",46.41566,16.12555
VE 8000 - PTUJ,VO 8002 - ORMOŽ,40,"GD Velika Nedelja, Velika Nedelja 8a",,
VE 8000 - PTUJ,VO 8002 - ORMOŽ,41,"GD Senešci, Senešci 9",46.42747,16.09258
VE 8000 - PTUJ,VO 8002 - ORMOŽ,42,"Cimerman Janko, Šardinje 54a",,
VE 8000 - PTUJ,VO 8002 - ORMOŽ,43,"GD Trgovišče, Trgovišče 31",46.41611,16.09611
VE 8000 - PTUJ,VO 8002 - ORMOŽ,44,"Bombekova hiša, Velika Nedelja 10",46.41778,16.10972
VE 8000 - PTUJ,VO 8002 - ORMOŽ,45,"Vesenjak Mihaela, Vičanci 10",46.44593,16.08273
VE 8000 - PTUJ,VO 8002 - ORMOŽ,46,"GD Cvetkovci, Cvetkovci bš",,
VE 8000 - PTUJ,VO 8002 - ORMOŽ,47,"VD Osluševci, Osluševci 20",46.41306,16.05139
VE 8000 - PTUJ,VO 8002 - ORMOŽ,48,"KS Podgorci, Podgorci 23b",,
VE 8000 - PTUJ,VO 8002 - ORMOŽ,49,"GD Bresnica, Bresnica 19",46.4406,16.03371
VE 8000 - PTUJ,VO 8002 - ORMOŽ,50,"Megla Albin, Strjanci 19",46.44361,16.05572
VE 8000 - PTUJ,VO 8003 - LJUTOMER,1,"CEZANJEVCI - GASILSKI DOM, Cezanjevci 46a",,
VE 8000 - PTUJ,VO 8003 - LJUTOMER,2,"VOGRIČEVCI - GASILSKI DOM, Vogričevci 13a",,
VE 8000 - PTUJ,VO 8003 - LJUTOMER,3,"CVEN - GASILSKI DOM, Cven 49a",,
VE 8000 - PTUJ,VO 8003 - LJUTOMER,4,"MOTA - GASILSKI DOM, Mota 16b",,
VE 8000 - PTUJ,VO 8003 - LJUTOMER,5,"KRAPJE - GASILSKI DOM SP. KRAPJE, Krapje 43",46.56667,16.21667
VE 8000 - PTUJ,VO 8003 - LJUTOMER,6,"ŠALINCI - GASILSKI DOM, Šalinci 29",46.54833,16.17528
VE 8000 - PTUJ,VO 8003 - LJUTOMER,7,KULTURNI DOM Križevci pri Ljutomeru 11,46.56833,16.13861
VE 8000 - PTUJ,VO 8003 - LJUTOMER,8,"STARA NOVA VAS - GASILSKI DOM, Stara Nova vas 27a",,
VE 8000 - PTUJ,VO 8003 - LJUTOMER,9,"BUČEČOVCI - GASILSKI DOM, Bučečovci 19",46.58833,16.10667
VE 8000 - PTUJ,VO 8003 - LJUTOMER,10,"VUČJA VAS - GASILSKI DOM, Vučja vas 2",46.59944,16.1075
VE 8000 - PTUJ,VO 8003 - LJUTOMER,11,"TRGOVINA MS, Ključarovci pri Ljutomeru 19",46.55278,16.13778
VE 8000 - PTUJ,VO 8003 - LJUTOMER,12,"LUKAVCI - GASILSKI DOM, Lukavci 8",46.54333,16.15278
VE 8000 - PTUJ,VO 8003 - LJUTOMER,13,"LJUTOMER - DOM KULTURE, Prešernova ulica 20",46.5205709,16.1950391
VE 8000 - PTUJ,VO 8003 - LJUTOMER,14,"LJUTOMER-GIMNAZIJA F. MIKLOŠIČA, Prešernova ul. 34",,
VE 8000 - PTUJ,VO 8003 - LJUTOMER,15,"LJUTOMER - DOM UPOKOJENCEV, Ormoška cesta 33",45.88794,13.86961
VE 8000 - PTUJ,VO 8003 - LJUTOMER,16,"BABINCI/NORŠINCI-GASILSKI DOM, Babinci 20",46.54297,16.18863
VE 8000 - PTUJ,VO 8003 - LJUTOMER,17,"SP. KAMENŠČAK - GASILSKI DOM, Sp. Kamenščak 35f",,
VE 8000 - PTUJ,VO 8003 - LJUTOMER,18,"LOGAROVCI - BIVŠA KS, Logarovci 22",46.54722,16.10556
VE 8000 - PTUJ,VO 8003 - LJUTOMER,19,"MALA NEDELJA - KULTURNI DOM, Mala Nedelja 21",46.52889,16.05583
VE 8000 - PTUJ,VO 8003 - LJUTOMER,20,"MORAVCI V SL. GOR.-BIOTERME, Moravci v Sl. gor.34b",,
VE 8000 - PTUJ,VO 8003 - LJUTOMER,21,"RADOSLAVCI - GASILSKI DOM, Radoslavci 15c",,
VE 8000 - PTUJ,VO 8003 - LJUTOMER,22,"RADOMERJE - GASILSKI DOM, Radomerje 2",46.5026459,16.1853425
VE 8000 - PTUJ,VO 8003 - LJUTOMER,23,"ŠAFARSKO - DOM KULTURE, Šafarsko 42",46.52167,16.28111
VE 8000 - PTUJ,VO 8003 - LJUTOMER,24,"VEŠČICA - GOSTILNA MARINKA, Veščica 5",46.66667,16.13333
VE 8000 - PTUJ,VO 8003 - LJUTOMER,25,"STARA CESTA - GASILSKI DOM MEKOTNJAK, Mekotnjak 29",46.50095,16.15518
VE 8000 - PTUJ,VO 8003 - LJUTOMER,26,"STROČJA VAS - OSNOVNA ŠOLA, Stročja vas 101",46.5125,16.22389
VE 8000 - PTUJ,VO 8003 - LJUTOMER,27,"PRISTAVA - GASILSKI DOM, Pristava 30d",,
VE 8000 - PTUJ,VO 8003 - LJUTOMER,28,"PODGRADJE - GASILSKI DOM, Podgradje 17",46.50441,16.21251
VE 8000 - PTUJ,VO 8003 - LJUTOMER,29,"VERŽEJ-OBČINA VERŽEJ, Ul. bratstva in enotnosti 8",46.5803143,16.1647863
VE 8000 - PTUJ,VO 8004 - MURSKA SOBOTA 1,1,"Vaško-gasilski dom Cankova, Cankova 30a",,
VE 8000 - PTUJ,VO 8004 - MURSKA SOBOTA 1,2,"Vaško-gasilski dom Domajinci, Domajinci 19a",,
VE 8000 - PTUJ,VO 8004 - MURSKA SOBOTA 1,3,"Vaško-gasilski dom Gerlinci, Gerlinci 26",46.7614059,16.005998
VE 8000 - PTUJ,VO 8004 - MURSKA SOBOTA 1,4,"Vaško-gasilski dom Korovci, Korovci 25",46.718981,16.0191653
VE 8000 - PTUJ,VO 8004 - MURSKA SOBOTA 1,5,"Gasilsko-vaški dom Krašči, Krašči 69",46.75121,16.03682
VE 8000 - PTUJ,VO 8004 - MURSKA SOBOTA 1,6,"Vaško-gasilski dom Gornji Črnci, Gornji Črnci 11",46.7376111,16.0239389
VE 8000 - PTUJ,VO 8004 - MURSKA SOBOTA 1,7,"Gasilsko-vaški dom Skakovci, Skakovci 47",46.7068745,16.0493895
VE 8000 - PTUJ,VO 8004 - MURSKA SOBOTA 1,8,"Vaško-kulturni dom Topolovci, Topolovci b.š.",,
VE 8000 - PTUJ,VO 8004 - MURSKA SOBOTA 1,9,"Vaško-gasilski dom Tišina, Tišina 47",46.6531144,16.0853696
VE 8000 - PTUJ,VO 8004 - MURSKA SOBOTA 1,10,"Vaško-gasilski dom Borejci, Borejci 49",46.68278,16.10167
VE 8000 - PTUJ,VO 8004 - MURSKA SOBOTA 1,11,"Športno rekreacijski center Gradišče,Gradišče 62b",,
VE 8000 - PTUJ,VO 8004 - MURSKA SOBOTA 1,12,"Vaško-gasilski dom Murski Črnci, Murski Črnci 43",46.63889,16.11667
VE 8000 - PTUJ,VO 8004 - MURSKA SOBOTA 1,13,"Vaško-gasilski dom Petanjci, Petanjci 65",46.65333,16.06611
VE 8000 - PTUJ,VO 8004 - MURSKA SOBOTA 1,14,"Vaško-gasilski dom Rankovci, Rankovci 33",46.6724581,16.0844094
VE 8000 - PTUJ,VO 8004 - MURSKA SOBOTA 1,15,"Vaško-gasilski dom Tropovci, Kolesarska ulica 64",,
VE 8000 - PTUJ,VO 8004 - MURSKA SOBOTA 1,16,"Vaško-gasilski dom Vanča vas, Vanča vas 43b",,
VE 8000 - PTUJ,VO 8004 - MURSKA SOBOTA 1,17,"Vaško-gasilski dom Gederovci, Gederovci b.š.",,
VE 8000 - PTUJ,VO 8004 - MURSKA SOBOTA 1,18,"Vaško-gasilski dom Krajna, Krajna 25",46.69,16.05056
VE 8000 - PTUJ,VO 8004 - MURSKA SOBOTA 1,19,"Vaško-gasilski dom Mur.Petrovci, Mur. Petrovci 24",46.80528,16.2225
VE 8000 - PTUJ,VO 8004 - MURSKA SOBOTA 1,20,"Vaško-gasilski dom Sodišinci, Sodišinci b.š.",,
VE 8000 - PTUJ,VO 8004 - MURSKA SOBOTA 1,21,"Vaško-gasilski dom Križevci, Križevci 153b",,
VE 8000 - PTUJ,VO 8004 - MURSKA SOBOTA 1,22,"Športni center Košarovci, Košarovci b.š.",,
VE 8000 - PTUJ,VO 8004 - MURSKA SOBOTA 1,23,"Vaško-gasilski dom Kukeč, Kukeč 21",46.75143,16.21919
VE 8000 - PTUJ,VO 8004 - MURSKA SOBOTA 1,24,"Vaško-gasilski dom Panovci, Panovci 31",46.76306,16.24056
VE 8000 - PTUJ,VO 8004 - MURSKA SOBOTA 1,25,"Vaška dvorana Gornji Petrovci, Gornji Petrovci 32",46.80528,16.2225
VE 8000 - PTUJ,VO 8004 - MURSKA SOBOTA 1,26,"Vaško-gasilski dom Peskovci, Peskovci 30",46.80694,16.25417
VE 8000 - PTUJ,VO 8004 - MURSKA SOBOTA 1,27,"Vaško-gasilski dom Šulinci, Šulinci 44",46.83,16.19667
VE 8000 - PTUJ,VO 8004 - MURSKA SOBOTA 1,28,"Vaško-gasilski dom Adrijanci, Adrijanci 53",46.81833,16.24722
VE 8000 - PTUJ,VO 8004 - MURSKA SOBOTA 1,29,"Vaško-gasilski dom Boreča, Boreča 31",46.8375,16.14333
VE 8000 - PTUJ,VO 8004 - MURSKA SOBOTA 1,30,"Vaško-gasilski dom Lucova, Lucova 44",46.83352,16.2106
VE 8000 - PTUJ,VO 8004 - MURSKA SOBOTA 1,31,"Vaško-gasilski dom Martinje, Martinje 25",46.84944,16.15056
VE 8000 - PTUJ,VO 8004 - MURSKA SOBOTA 1,32,"Vaško-gasilski dom Neradnovci, Neradnovci 63a",,
VE 8000 - PTUJ,VO 8004 - MURSKA SOBOTA 1,33,"Vaško-gasilski dom Stanjevci, Stanjevci 36a",,
VE 8000 - PTUJ,VO 8004 - MURSKA SOBOTA 1,34,"Vaško-gasilski dom Ženavlje, Ženavlje 14",46.84139,16.17306
VE 8000 - PTUJ,VO 8004 - MURSKA SOBOTA 1,35,"Vaško-gasilski dom Domanjševci, Domanjševci 67",46.78167,16.30611
VE 8000 - PTUJ,VO 8004 - MURSKA SOBOTA 1,36,"Zadružni dom Šalovci, Šalovci 162",46.825,16.29806
VE 8000 - PTUJ,VO 8004 - MURSKA SOBOTA 1,38,"Vaški dom Dolenci, Dolenci 31",46.85222,16.28972
VE 8000 - PTUJ,VO 8004 - MURSKA SOBOTA 1,39,"Zadružni dom Čepinci, Čepinci 10",46.86667,16.2
VE 8000 - PTUJ,VO 8004 - MURSKA SOBOTA 1,40,"Vaški dom Budinci, Budinci 21",46.86333,16.26417
VE 8000 - PTUJ,VO 8004 - MURSKA SOBOTA 1,41,"Vaško-gasilski dom Markovci, Markovci 11a",,
VE 8000 - PTUJ,VO 8004 - MURSKA SOBOTA 1,42,"Vaško-kulturni dom Hodoš, Hodoš 52",46.82333,16.33417
VE 8000 - PTUJ,VO 8004 - MURSKA SOBOTA 1,43,"Vaško-gasilski dom Krplivnik, Krplivnik 30",46.81194,16.31972
VE 8000 - PTUJ,VO 8004 - MURSKA SOBOTA 1,44,"Gasilski dom Grad, Grad 170",46.7751026,16.0607661
VE 8000 - PTUJ,VO 8004 - MURSKA SOBOTA 1,45,"Vaško-gasilski dom Dol.Slaveči, Dol. Slaveči 50",,
VE 8000 - PTUJ,VO 8004 - MURSKA SOBOTA 1,46,"Vaško-gasilski dom Kovačevci, Kovačevci 6a",,
VE 8000 - PTUJ,VO 8004 - MURSKA SOBOTA 1,47,"Vaško-gasilski dom Kruplivnik, Kruplivnik 10",46.8,16.1
VE 8000 - PTUJ,VO 8004 - MURSKA SOBOTA 1,48,"Gasilsko-vaški dom Motovilci, Motovilci 38a",,
VE 8000 - PTUJ,VO 8004 - MURSKA SOBOTA 1,49,"Gasilski dom Radovci, Radovci 26",46.74417,16.09222
VE 8000 - PTUJ,VO 8004 - MURSKA SOBOTA 1,50,"Vaško-gasilski dom Vidonci, Vidonci 82",46.81389,16.13611
VE 8000 - PTUJ,VO 8004 - MURSKA SOBOTA 1,51,"Gasilski dom Kuzma, Kuzma 24",46.83694,16.08333
VE 8000 - PTUJ,VO 8004 - MURSKA SOBOTA 1,52,"Zadružni dom Dolič, Dolič 22",46.83655,16.10722
VE 8000 - PTUJ,VO 8004 - MURSKA SOBOTA 1,53,"Gasilski dom Gornji Slaveči, Gornji Slaveči 18",46.81667,16.06667
VE 8000 - PTUJ,VO 8004 - MURSKA SOBOTA 1,54,"Gasilski dom Matjaševci, Matjaševci 6",46.85,16.1
VE 8000 - PTUJ,VO 8004 - MURSKA SOBOTA 1,55,"Gasilski dom Trdkova, Trdkova 22",46.86667,16.11667
VE 8000 - PTUJ,VO 8004 - MURSKA SOBOTA 1,56,"Vaško-gasilski dom Martjanci, Martjanci 19",46.68639,16.19778
VE 8000 - PTUJ,VO 8004 - MURSKA SOBOTA 1,57,"Vaško-gasilski dom Andrejci, Andrejci 17",46.72196,16.22418
VE 8000 - PTUJ,VO 8004 - MURSKA SOBOTA 1,58,"Vaško-gasilski dom Krnci, Krnci 20a",,
VE 8000 - PTUJ,VO 8004 - MURSKA SOBOTA 1,59,"Vaško-gasilski dom Noršinci, Noršinci 3b",,
VE 8000 - PTUJ,VO 8004 - MURSKA SOBOTA 1,60,"Vaško-gasilski dom Sebeborci, Sebeborci 45",46.71028,16.19917
VE 8000 - PTUJ,VO 8004 - MURSKA SOBOTA 1,61,"Stari gasilski dom Prosenjakovci,Prosenjakovci 21",46.74083,16.3175
VE 8000 - PTUJ,VO 8004 - MURSKA SOBOTA 1,62,"Vaško-gasilski dom Berkovci, Berkovci 13",46.7516094,16.2931779
VE 8000 - PTUJ,VO 8004 - MURSKA SOBOTA 1,63,"Vaško-gasilski dom Čikečka vas,Čikečka vas 20",46.72278,16.32139
VE 8000 - PTUJ,VO 8004 - MURSKA SOBOTA 1,64,"Vaško-gasilski dom Ivanjševci, Ivanjševci 12",46.76333,16.30083
VE 8000 - PTUJ,VO 8004 - MURSKA SOBOTA 1,65,"Vaško-gasilski dom Motvarjevci, Motvarjevci 47",46.70694,16.35
VE 8000 - PTUJ,VO 8004 - MURSKA SOBOTA 1,66,"Vaški dom Pordašinci, Pordašinci 10",46.73333,16.33333
VE 8000 - PTUJ,VO 8004 - MURSKA SOBOTA 1,67,"Vaško - gasilski dom Središče, Središče 11",46.39417,16.26806
VE 8000 - PTUJ,VO 8004 - MURSKA SOBOTA 1,68,"Vaško-gasilski dom Ratkovci, Ratkovci 20a",,
VE 8000 - PTUJ,VO 8004 - MURSKA SOBOTA 1,69,"Vaško-gasilski dom Ivanovci, Ivanovci 26a",,
VE 8000 - PTUJ,VO 8004 - MURSKA SOBOTA 1,70,"Vaško-gasilski dom Kančevci, Kančevci 8a",,
VE 8000 - PTUJ,VO 8004 - MURSKA SOBOTA 1,71,"Vaško-gasilski dom Lončarovci,Lončarovci 39a",,
VE 8000 - PTUJ,VO 8004 - MURSKA SOBOTA 1,72,"Vaško-gasilski dom Selo, Selo 32b",,
VE 8000 - PTUJ,VO 8004 - MURSKA SOBOTA 1,73,"Osnovna šola Fokovci, Fokovci 32",46.73333,16.26667
VE 8000 - PTUJ,VO 8004 - MURSKA SOBOTA 1,74,"Podružnična šola Krog, Trubarjeva ul. 77",,
VE 8000 - PTUJ,VO 8004 - MURSKA SOBOTA 1,75,"Gasilski dom Satahovci, Satahovci 26",46.62955,16.11889
VE 8000 - PTUJ,VO 8004 - MURSKA SOBOTA 1,76,"Vaško-gasilski dom Nemčavci, Nemčavci 39d",,
VE 8000 - PTUJ,VO 8004 - MURSKA SOBOTA 1,77,"Gasilski dom Markišavci, Markišavci 18a",,
VE 8000 - PTUJ,VO 8004 - MURSKA SOBOTA 1,78,"Gasilski dom Mačkovci, Mačkovci 48a",,
VE 8000 - PTUJ,VO 8004 - MURSKA SOBOTA 1,79,"Gasilski dom Dankovci, Dankovci 24",46.7641927,16.1648765
VE 8000 - PTUJ,VO 8004 - MURSKA SOBOTA 1,80,"Gasilski dom Kuštanovci, Kuštanovci 10a",,
VE 8000 - PTUJ,VO 8004 - MURSKA SOBOTA 1,81,"Gasilski dom Moščanci, Moščanci 36a",,
VE 8000 - PTUJ,VO 8004 - MURSKA SOBOTA 1,82,"Gasilski dom Otovci, Otovci 59",46.8,16.15
VE 8000 - PTUJ,VO 8004 - MURSKA SOBOTA 1,83,"Gasilski dom Pečarovci, Pečarovci 91a",,
VE 8000 - PTUJ,VO 8004 - MURSKA SOBOTA 1,84,"Gasilski dom Poznanovci, Poznanovci 19a",,
VE 8000 - PTUJ,VO 8004 - MURSKA SOBOTA 1,85,"Gasilski dom Prosečka vas, Prosečka vas 15",46.78167,16.13944
VE 8000 - PTUJ,VO 8004 - MURSKA SOBOTA 1,86,"Osnovna šola Puconci, Puconci 178",46.70667,16.15639
VE 8000 - PTUJ,VO 8004 - MURSKA SOBOTA 1,87,"Gasilski dom Bokrači, Bokrači 13a",,
VE 8000 - PTUJ,VO 8004 - MURSKA SOBOTA 1,88,"Gasilski dom Dolina, Dolina 22a",,
VE 8000 - PTUJ,VO 8004 - MURSKA SOBOTA 1,89,"Večnamenski objekt pri igrišču, Gorica b.š.",,
VE 8000 - PTUJ,VO 8004 - MURSKA SOBOTA 1,90,"Gasilski dom Šalamenci, Šalamenci 34a",,
VE 8000 - PTUJ,VO 8004 - MURSKA SOBOTA 1,91,"Gasilski dom Vaneča, Vaneča 58b",,
VE 8000 - PTUJ,VO 8004 - MURSKA SOBOTA 1,92,"Gasilski dom Brezovci, Brezovci 50",46.70833,16.12306
VE 8000 - PTUJ,VO 8004 - MURSKA SOBOTA 1,93,"Gasilski dom Lemerje, Lemerje 56a",,
VE 8000 - PTUJ,VO 8004 - MURSKA SOBOTA 1,94,"Gasilski dom Predanovci, Predanovci 43",46.6935242,16.1249842
VE 8000 - PTUJ,VO 8004 - MURSKA SOBOTA 1,95,"Gasilski dom Bodonci, Bodonci 77a",,
VE 8000 - PTUJ,VO 8004 - MURSKA SOBOTA 1,96,"Gasilski dom Vadarci, Vadarci 41",46.74417,16.09222
VE 8000 - PTUJ,VO 8004 - MURSKA SOBOTA 1,97,"Gasilski dom Zenkovci, Zenkovci 51a",,
VE 8000 - PTUJ,VO 8004 - MURSKA SOBOTA 1,98,"Gasilski dom Beznovci, Beznovci 8a",,
VE 8000 - PTUJ,VO 8004 - MURSKA SOBOTA 1,99,"Gasilski dom Puževci, Puževci 25",46.7125,16.08611
VE 8000 - PTUJ,VO 8004 - MURSKA SOBOTA 1,100,"Gasilski dom Strukovci, Strukovci 26b",,
VE 8000 - PTUJ,VO 8004 - MURSKA SOBOTA 1,101,"Vaško-gasilski dom Rogašovci,Rogašovci 14b",46.7751026,16.0607661
VE 8000 - PTUJ,VO 8004 - MURSKA SOBOTA 1,102,"Vaško-gasilski dom Sveti Jurij, Sveti Jurij 11",46.5695,16.02347
VE 8000 - PTUJ,VO 8004 - MURSKA SOBOTA 1,103,"Vaško-gasilski dom Kramarovci, Kramarovci 14a",,
VE 8000 - PTUJ,VO 8004 - MURSKA SOBOTA 1,104,"Vaško-gasilski dom Nuskova, Nuskova 1",46.81211,16.03475
VE 8000 - PTUJ,VO 8004 - MURSKA SOBOTA 1,105,"Vaški dom Ocinje, Ocinje 29",46.82389,15.99779
VE 8000 - PTUJ,VO 8004 - MURSKA SOBOTA 1,106,"Vaško-gasilski dom Serdica, Serdica 3",46.82667,16.04528
VE 8000 - PTUJ,VO 8004 - MURSKA SOBOTA 1,107,"Vaško-gasilski dom Sotina, Sotina 40",46.82667,16.04528
VE 8000 - PTUJ,VO 8004 - MURSKA SOBOTA 1,108,"Vaško-gasilski dom Pertoča, Pertoča 55",46.77944,16.02667
VE 8000 - PTUJ,VO 8004 - MURSKA SOBOTA 1,109,"Vaško-gasilski dom Fikšinci, Fikšinci 28",46.78488,16.00049
VE 8000 - PTUJ,VO 8004 - MURSKA SOBOTA 1,110,"Vaško-gasilski dom Ropoča, spodaj, Ropoča 5a",,
VE 8000 - PTUJ,VO 8004 - MURSKA SOBOTA 1,111,"Vaško-gasilski dom Večeslavci,Večeslavci 46",46.78889,16.02667
VE 8000 - PTUJ,VO 8005 - MURSKA SOBOTA 2,1,"Beltinci I, KD Beltinci, Ul. Štefana Kovača 1a",,
VE 8000 - PTUJ,VO 8005 - MURSKA SOBOTA 2,2,"Beltinci II, KD Beltinci., Ul. Štefana Kovača 1a",,
VE 8000 - PTUJ,VO 8005 - MURSKA SOBOTA 2,3,"Turistična hiša Žlica Bratonci, Bratonci 81a",,
VE 8000 - PTUJ,VO 8005 - MURSKA SOBOTA 2,4,"Vaški dom Dokležovje, Glavna ulica 18",,
VE 8000 - PTUJ,VO 8005 - MURSKA SOBOTA 2,5,ŠRC Gančani,46.6325,16.25111
VE 8000 - PTUJ,VO 8005 - MURSKA SOBOTA 2,6,"Vaški dom Ižakovci, Ižakovci 72a",,
VE 8000 - PTUJ,VO 8005 - MURSKA SOBOTA 2,7,"Cimprana Iža Lipa, Lipa 78a",,
VE 8000 - PTUJ,VO 8005 - MURSKA SOBOTA 2,8,"Gasilski dom Lipovci, Lipovci 138",46.6257494,16.2272391
VE 8000 - PTUJ,VO 8005 - MURSKA SOBOTA 2,9,"Kulturni dom Melinci, Melinci 134",46.5693556,16.2362597
VE 8000 - PTUJ,VO 8005 - MURSKA SOBOTA 2,10,"Kulturna dvorana VGD Bogojina, Bogojina 10a",,
VE 8000 - PTUJ,VO 8005 - MURSKA SOBOTA 2,11,"Vaško gasilski dom Bukovnica, Bukovnica 10",46.69361,16.32556
VE 8000 - PTUJ,VO 8005 - MURSKA SOBOTA 2,12,"Vaško gasilski dom Filovci, Filovci 13",46.6639424,16.30294
VE 8000 - PTUJ,VO 8005 - MURSKA SOBOTA 2,13,"Večnamenska dvorana Ivanci, Ivanci 88",46.65972,16.2575
VE 8000 - PTUJ,VO 8005 - MURSKA SOBOTA 2,14,"Moravske Toplice I, Gasilski dom, Dolga ul. 63",,
VE 8000 - PTUJ,VO 8005 - MURSKA SOBOTA 2,15,"Moravske Toplice II, Gasilski dom, Dolga ul. 223",,
VE 8000 - PTUJ,VO 8005 - MURSKA SOBOTA 2,16,"Vaško gasilski dom Tešanovci, Tešanovci 32b",,
VE 8000 - PTUJ,VO 8005 - MURSKA SOBOTA 2,17,"Vaško-gasil. dom Mlajtinci-Lukačevci, Mlajtinci 35",46.66667,16.23333
VE 8000 - PTUJ,VO 8005 - MURSKA SOBOTA 2,18,"Vaško gasilski dom Suhi vrh, Suhi vrh 35",46.7154508,16.2557806
VE 8000 - PTUJ,VO 8005 - MURSKA SOBOTA 2,19,"Vaško gasilski dom Vučja gomila, Vučja Gomila 91",46.70194,16.28676
VE 8000 - PTUJ,VO 8005 - MURSKA SOBOTA 2,20,"Bakovci I, Vaški dom, Bakovci, Partizanska ul. 38",,
VE 8000 - PTUJ,VO 8005 - MURSKA SOBOTA 2,21,"Bakovci II, Vaški dom,Bakovci,Partizanska ul. 38",,
VE 8000 - PTUJ,VO 8005 - MURSKA SOBOTA 2,22,"Zadružni dom Černelavci, Zadružna ul. 5",,
VE 8000 - PTUJ,VO 8005 - MURSKA SOBOTA 2,23,"Večnamenska dvorana Pušča, Ulica ob kapelici 63",,
VE 8000 - PTUJ,VO 8005 - MURSKA SOBOTA 2,24,"Stara šola Kupšinci, Kupšinci 49",46.67361,16.11972
VE 8000 - PTUJ,VO 8005 - MURSKA SOBOTA 2,25,"Gasilski dom Polana, Polana 12a",,
VE 8000 - PTUJ,VO 8005 - MURSKA SOBOTA 2,26,"Gasilski dom Veščica, Veščica 25",46.66667,16.13333
VE 8000 - PTUJ,VO 8005 - MURSKA SOBOTA 2,27,"Vaški dom Rakičan, Rakičan, Zvezna ul. 4",,
VE 8000 - PTUJ,VO 8005 - MURSKA SOBOTA 2,28,"MČ CENTER I, PIŠK M.Sobota, Zvezna ulica 10",,
VE 8000 - PTUJ,VO 8005 - MURSKA SOBOTA 2,29,"MČ CENTER II, PIŠK M.Sobota, Zvezna ulica 10",,
VE 8000 - PTUJ,VO 8005 - MURSKA SOBOTA 2,30,"MČ CENTER III, LU M.Sobota, Slomškova ulica 33",,
VE 8000 - PTUJ,VO 8005 - MURSKA SOBOTA 2,31,"MČ CENTER IV, LU M.Sobota, Slomškova ulica 33",,
VE 8000 - PTUJ,VO 8005 - MURSKA SOBOTA 2,32,"MČ Ledava I,Zavarovalnica Triglav,Lendavska ul.5 ",,
VE 8000 - PTUJ,VO 8005 - MURSKA SOBOTA 2,33,"MČ Ledava II,Zavarovalnica Triglav,Lendavska ul.5",,
VE 8000 - PTUJ,VO 8005 - MURSKA SOBOTA 2,34,"MČ PARK I, OŠ I M.Sobota, Ul. Štefana Kovača 32",,
VE 8000 - PTUJ,VO 8005 - MURSKA SOBOTA 2,35,"MČ PARK II, OŠ I M.Sobota, Ul. Štefana Kovača 32",,
VE 8000 - PTUJ,VO 8005 - MURSKA SOBOTA 2,36,"MČ PARTIZAN I,OŠ III M.Sobota,Trstenjakova u.73",,
VE 8000 - PTUJ,VO 8005 - MURSKA SOBOTA 2,37,"MČ PARTIZAN II, OŠ III,M.Sobota,Trstenjakova u.73",,
VE 8000 - PTUJ,VO 8005 - MURSKA SOBOTA 2,38,"MČ TUROPOLJE I, OŠ II, M.Sobota,Cankarjeva ul. 91",,
VE 8000 - PTUJ,VO 8005 - MURSKA SOBOTA 2,39,"MČ TUROPOLJE II, OŠ II M.Sobota,Cankarjeva ul. 91",,
VE 8000 - PTUJ,VO 8006 - GORNJA RADGONA,1,"Gasilski dom PODGORJE, Podgorje 9b",,
VE 8000 - PTUJ,VO 8006 - GORNJA RADGONA,2,"Osnovna šola STOGOVCI, Stogovci 33",46.3484754,15.7349247
VE 8000 - PTUJ,VO 8006 - GORNJA RADGONA,3,"Vaško gasilski dom ŽEPOVCI, Žepovci 82",46.69417,15.86972
VE 8000 - PTUJ,VO 8006 - GORNJA RADGONA,4,"Kulturni dom APAČE, Apače 36",46.69722,15.91056
VE 8000 - PTUJ,VO 8006 - GORNJA RADGONA,5,"Gasilski dom LEŠANE, Lešane 32a",,
VE 8000 - PTUJ,VO 8006 - GORNJA RADGONA,6,"Gasilski dom LUTVERCI, Lutverci 47",46.68333,15.95
VE 8000 - PTUJ,VO 8006 - GORNJA RADGONA,7,"Dom občanov SPODNJA ŠČAVNICA, Sp.Ščavnica 19b",,
VE 8000 - PTUJ,VO 8006 - GORNJA RADGONA,8,"Gasilski dom ČREŠNJEVCI, Črešnjevci 116",46.65472,15.99583
VE 8000 - PTUJ,VO 8006 - GORNJA RADGONA,9,"Gasilski dom ZBIGOVCI, Zbigovci 26",46.64684,15.9678
VE 8000 - PTUJ,VO 8006 - GORNJA RADGONA,10,"Osnovna šola G. RADGONA, Prežihova ul. 1 - VHOD1",,
VE 8000 - PTUJ,VO 8006 - GORNJA RADGONA,11,"Osnovna šola G. RADGONA, Prežihova ul. 1 - VHOD3",,
VE 8000 - PTUJ,VO 8006 - GORNJA RADGONA,12,"Pomurski sejem GORNJA RADGONA, Cesta na stadion 2",46.6748014,15.9967042
VE 8000 - PTUJ,VO 8006 - GORNJA RADGONA,13,"Kulturni dom GORNJA RADGONA, Partizanska c.11",,
VE 8000 - PTUJ,VO 8006 - GORNJA RADGONA,14,"Gasilski dom GORNJA RADGONA, Gasilska c.2",46.48861,15.08361
VE 8000 - PTUJ,VO 8006 - GORNJA RADGONA,15,"Gasilski dom SPODNJI IVANJCI, Spodnji Ivanjci 17",46.59556,15.98139
VE 8000 - PTUJ,VO 8006 - GORNJA RADGONA,16,"Gasilski dom NEGOVA, Negova 9",46.60944,15.93889
VE 8000 - PTUJ,VO 8006 - GORNJA RADGONA,17,Gasilski dom IVANJŠEVCI OB ŠČ. Ivanjševci ob Šč.9,,
VE 8000 - PTUJ,VO 8006 - GORNJA RADGONA,18,"Vrtec RADENCI, Titova c. 1",46.6453393,16.0390479
VE 8000 - PTUJ,VO 8006 - GORNJA RADGONA,19,"Osnovna šola RADENCI, Radgonska c. 10",,
VE 8000 - PTUJ,VO 8006 - GORNJA RADGONA,20,"OBČINA RADENCI, Radgonska cesta 9g",,
VE 8000 - PTUJ,VO 8006 - GORNJA RADGONA,21,"Gasilsko vaški dom HRASTJE MOTA, Hrastje Mota 36a",,
VE 8000 - PTUJ,VO 8006 - GORNJA RADGONA,22,"Gasilski dom HRAŠENSKI VRH, Hrašenski Vrh 13",46.60891,16.05721
VE 8000 - PTUJ,VO 8006 - GORNJA RADGONA,23,"Osnovna šola KAPELA, Kapelski Vrh 95",46.6189854,16.036232
VE 8000 - PTUJ,VO 8006 - GORNJA RADGONA,24,"Gasilski dom OKOSLAVCI, Okoslavci 63a",,
VE 8000 - PTUJ,VO 8006 - GORNJA RADGONA,25,"Sv. JURIJ OB ŠČ., Bratka Krefta 14 - Stara občina",45.90917,14.96222
VE 8000 - PTUJ,VO 8006 - GORNJA RADGONA,26,"Gasilski dom ROŽIČKI VRH, Rožički Vrh 54",46.59563,16.04363
VE 8000 - PTUJ,VO 8006 - GORNJA RADGONA,27,"Gasilski dom SLAPTINCI, Slaptinci 15a",,
VE 8000 - PTUJ,VO 8006 - GORNJA RADGONA,28,"Gasilski dom STARA GORA, Stara Gora 12b",,
VE 8000 - PTUJ,VO 8006 - GORNJA RADGONA,29,"Gasilski dom SOVJAK, Sovjak 33a",,
VE 8000 - PTUJ,VO 8006 - GORNJA RADGONA,30,"Gasilski dom BOLEHNEČICI, Bolehnečici 4a",,
VE 8000 - PTUJ,VO 8007 - LENART,1,"OŠ Benedikt, Šolska ul. 2",46.6080431,15.8899456
VE 8000 - PTUJ,VO 8007 - LENART,2,"OŠ Benedikt, Šolska ul. 2",46.6080431,15.8899456
VE 8000 - PTUJ,VO 8007 - LENART,3,"OŠ Benedikt, Šolska ul. 2",46.6080431,15.8899456
VE 8000 - PTUJ,VO 8007 - LENART,4,"OŠ Cerkvenjak, Cerkvenjak 24",46.5673398,15.9438104
VE 8000 - PTUJ,VO 8007 - LENART,5,"Dom DRU Cerkvenjak, Cerkvenjak 13 b",,
VE 8000 - PTUJ,VO 8007 - LENART,6,"KD Cerkvenjak, Cerkvenjak 25",46.57056,15.94361
VE 8000 - PTUJ,VO 8007 - LENART,7,"Ploj, Smolinci 88",46.5470739,15.973673
VE 8000 - PTUJ,VO 8007 - LENART,8,"OŠ Jurovski Dol, Jurovski Dol 13",46.60639,15.78472
VE 8000 - PTUJ,VO 8007 - LENART,9,"OŠ Jurovski Dol, Jurovski Dol 13",46.60639,15.78472
VE 8000 - PTUJ,VO 8007 - LENART,10,"LD Jurovski Dol, Malna 10",46.617,15.78428
VE 8000 - PTUJ,VO 8007 - LENART,11,"LD Jurovski Dol, Malna 10",46.617,15.78428
VE 8000 - PTUJ,VO 8007 - LENART,13,"Avla Občine Lenart, Trg osvobod. 7",,
VE 8000 - PTUJ,VO 8007 - LENART,14,"Center Slovenskih goric, Trg osvobod. 9",,
VE 8000 - PTUJ,VO 8007 - LENART,15,"OŠ Lenart, Ptujska c. 25",46.572228,15.832629
VE 8000 - PTUJ,VO 8007 - LENART,16,"LD Lenart, Sp. Porčič 22",,
VE 8000 - PTUJ,VO 8007 - LENART,17,"Trgovina, Zamarkova 20",46.57189,15.78976
VE 8000 - PTUJ,VO 8007 - LENART,18,"OŠ Lokavec, Lokavec 6",46.1173902,15.2434835
VE 8000 - PTUJ,VO 8007 - LENART,19,"OŠ Sv. Ana, Sv. Ana 14",46.6486373,15.8430236
VE 8000 - PTUJ,VO 8007 - LENART,20,"OŠ Sv. Ana, Sv. Ana 14",46.6486373,15.8430236
VE 8000 - PTUJ,VO 8007 - LENART,21,"Sejna soba občine, Sv. Ana 17",,
VE 8000 - PTUJ,VO 8007 - LENART,22,"OŠ Sv. Trojica, Meznaričeva ul. 1",46.5755164,15.8757545
VE 8000 - PTUJ,VO 8007 - LENART,23,"Prostori DRU Sv. Trojica, Trojiški trg 25",,
VE 8000 - PTUJ,VO 8007 - LENART,24,"GD Osek, Osek 48",45.9225,13.76611
VE 8000 - PTUJ,VO 8007 - LENART,25,"GD Gočova, Gočova 8a",,
VE 8000 - PTUJ,VO 8007 - LENART,26,"OŠ Sv. Trojica, Meznaričeva ul. 1",46.5755164,15.8757545
VE 8000 - PTUJ,VO 8007 - LENART,27,"KS Voličina, Sp. Voličina 81",46.5375109,15.8020565
VE 8000 - PTUJ,VO 8007 - LENART,28,"KD Selce, Selce 11",46.51667,15.83333
VE 8000 - PTUJ,VO 8007 - LENART,29,"KD Zavrh, Zavrh 42",46.53641,15.82913
VE 8000 - PTUJ,VO 8008 - PESNICA,1,"Klub Svečina, Plač 7",46.6532619,15.6054063
VE 8000 - PTUJ,VO 8008 - PESNICA,3,"VS Zg. Kungota, Plintovec 1",46.63756,15.61895
VE 8000 - PTUJ,VO 8008 - PESNICA,4,"Župnijski urad Sv. Jurij ob Pesnici, Jurski Vrh 5",46.64722,15.56889
VE 8000 - PTUJ,VO 8008 - PESNICA,5,"MŠC Spodnja Kungota, Rošpoh del 144b",,
VE 8000 - PTUJ,VO 8008 - PESNICA,6,"Osnovna šola Jarenina, Jareninski Dol 26",46.6284218,15.6975715
VE 8000 - PTUJ,VO 8008 - PESNICA,7,"Dveri-pax, Polički Vrh 1",46.6456079,15.6941105
VE 8000 - PTUJ,VO 8008 - PESNICA,9,"Kulturna dvorana Jakob, Sp. Jakobski Dol 2",46.14194,15.11278
VE 8000 - PTUJ,VO 8008 - PESNICA,10,"Večnamenski center Pesnica,Pesnica pri Mariboru 41",46.60694,15.67667
VE 8000 - PTUJ,VO 8008 - PESNICA,11,"Večnamenski center Pesnica,Pesnica pri Mariboru 41",46.60694,15.67667
VE 8000 - PTUJ,VO 8008 - PESNICA,12,"KS Ceršak, Ceršak 19",46.6980473,15.667662
VE 8000 - PTUJ,VO 8008 - PESNICA,13,"Januš Jože, Selnica ob Muri 102 i",,
VE 8000 - PTUJ,VO 8008 - PESNICA,14,"Kulturni dom Sladki Vrh, Sladki Vrh 3",46.68892,15.73719
VE 8000 - PTUJ,VO 8008 - PESNICA,15,"Lovski dom, Vranji Vrh 7",46.6845584,15.7245426
VE 8000 - PTUJ,VO 8008 - PESNICA,17,"Kulturno prosvetni dom Šentilj, Maistrova ul. 7",,
VE 8000 - PTUJ,VO 8008 - PESNICA,18,"Kranvogel, Kaniža 24",46.64869,15.66966
VE 8000 - PTUJ,VO 8008 - PESNICA,19,"Kulturno prosvetni dom Šentilj, Maistrova ul.7",,
VE 8000 - PTUJ,VO 8008 - PESNICA,20,"Osnovna šola Zg. Velka, Zg. Velka 41",46.6763852,15.7712413
VE 8000 - PTUJ,VO 8008 - PESNICA,21,"Farasin Branka, Trate 14",46.69306,15.78639
VE 8000 - PTUJ,VO 8008 - PESNICA,22,"Rajšp Franc, Sp. Velka 61",46.62756,15.05934
VE 8000 - PTUJ,VO 8008 - PESNICA,25,"VS Zg. Kungota, Plintovec 1",46.63756,15.61895
VE 8000 - PTUJ,VO 8008 - PESNICA,26,"Mulec, Ročica 40",46.64,15.74556
VE 8000 - PTUJ,VO 8008 - PESNICA,27,"KS Pernica, Pernica 8",46.58,15.72778
VE 8000 - PTUJ,VO 8009 - PTUJ 1,1,"VD Vitomarci, Vitomarci 48a",,
VE 8000 - PTUJ,VO 8009 - PTUJ 1,2,"Kocuvan Marica, Rjavci 21",46.52583,15.96806
VE 8000 - PTUJ,VO 8009 - PTUJ 1,4,"Fras Stanko, Novinci 54 ",46.53286,15.96073
VE 8000 - PTUJ,VO 8009 - PTUJ 1,8,"Korent Roman, Črmlja 12",46.52228,15.86445
VE 8000 - PTUJ,VO 8009 - PTUJ 1,9,"Maguša Janez, Sovjak 1a",,
VE 8000 - PTUJ,VO 8009 - PTUJ 1,10,"GD Biš, Biš 20a",,
VE 8000 - PTUJ,VO 8009 - PTUJ 1,11,"Trinkaus Tatjana, Bišečki Vrh 41",46.51556,15.87361
VE 8000 - PTUJ,VO 8009 - PTUJ 1,12,"Vaški dom Ločič, Ločič 21a",,
VE 8000 - PTUJ,VO 8009 - PTUJ 1,13,"VD Trnovska vas, Trnovska vas 38",46.52019,15.88657
VE 8000 - PTUJ,VO 8009 - PTUJ 1,14,"Brumen Elizabeta, Trnovski Vrh 14",46.50735,15.87195
VE 8000 - PTUJ,VO 8009 - PTUJ 1,15,"GD Destrnik, Destrnik 9",46.4928479,15.8757299
VE 8000 - PTUJ,VO 8009 - PTUJ 1,16,"Nipič Janez, Dolič 17b",,
VE 8000 - PTUJ,VO 8009 - PTUJ 1,17,"Lacko Franc, Drstelja 21",46.47488,15.85533
VE 8000 - PTUJ,VO 8009 - PTUJ 1,18,"Caf Janez, Gomila 11",46.49535,15.82569
VE 8000 - PTUJ,VO 8009 - PTUJ 1,19,"Čuček Konrad, Gomilci 11a",,
VE 8000 - PTUJ,VO 8009 - PTUJ 1,20,"Kokol Franc, Janežovci 12b",,
VE 8000 - PTUJ,VO 8009 - PTUJ 1,21,"OŠ Destrnik, Janežovski Vrh 45 ",46.4890534,15.8761222
VE 8000 - PTUJ,VO 8009 - PTUJ 1,22,"Koren Elizabeta, Jiršovci 55a",,
VE 8000 - PTUJ,VO 8009 - PTUJ 1,23,"Zelenik Stanislav, Levanjci 11",46.48528,15.9125
VE 8000 - PTUJ,VO 8009 - PTUJ 1,24,"Kos Branko, Ločki Vrh 60a",,
VE 8000 - PTUJ,VO 8009 - PTUJ 1,26,"Čuček Franc, Placar 39b",,
VE 8000 - PTUJ,VO 8009 - PTUJ 1,28,"Kovačič Franc, Svetinci 14",46.49918,15.90123
VE 8000 - PTUJ,VO 8009 - PTUJ 1,29,"Kaučič Marta, Vintarovci 45d",,
VE 8000 - PTUJ,VO 8009 - PTUJ 1,30,"Slukan Ivan, Zgornji Velovlek 23a",,
VE 8000 - PTUJ,VO 8009 - PTUJ 1,31,"Potrč Anton, Zasadi 11",46.58998,16.08021
VE 8000 - PTUJ,VO 8009 - PTUJ 1,32,"GD Dornava, Dornava 65b",,
VE 8000 - PTUJ,VO 8009 - PTUJ 1,33,"GD Dornava, Dornava 65b",,
VE 8000 - PTUJ,VO 8009 - PTUJ 1,34,"GD Mezg. ob Pesnici, Mezgovci ob Pesnici 38",46.42569,15.96923
VE 8000 - PTUJ,VO 8009 - PTUJ 1,35,"VGD Žamenci, Žamenci 11",46.44057,15.9759
VE 8000 - PTUJ,VO 8009 - PTUJ 1,38,"GKD Polenšak, Polenci 42",46.46163,16.01658
VE 8000 - PTUJ,VO 8009 - PTUJ 1,39,"GD Gorišnica, Gorišnica 70",46.3909153,16.0045515
VE 8000 - PTUJ,VO 8009 - PTUJ 1,40,"GD Gajevci, Gajevci 38a",,
VE 8000 - PTUJ,VO 8009 - PTUJ 1,41,"VD Cunkovci, Cunkovci bš",,
VE 8000 - PTUJ,VO 8009 - PTUJ 1,42,"GD Mala vas, Mala vas 16",46.3909153,16.0045515
VE 8000 - PTUJ,VO 8009 - PTUJ 1,43,"DV Moškanjci, Moškanjci 18a",,
VE 8000 - PTUJ,VO 8009 - PTUJ 1,44,"ZDD Muretinci, Muretinci 46",46.38528,15.99444
VE 8000 - PTUJ,VO 8009 - PTUJ 1,45,"GD Formin, Formin 44a",,
VE 8000 - PTUJ,VO 8009 - PTUJ 1,46,"DV Tibolci, Tibolci 23a",,
VE 8000 - PTUJ,VO 8009 - PTUJ 1,47,"GD Zagojiči, Zagojiči 2",46.40306,15.98111
VE 8000 - PTUJ,VO 8009 - PTUJ 1,48,"VGD Zamušani, Zamušani 31a",,
VE 8000 - PTUJ,VO 8009 - PTUJ 1,49,"VKC dr. A. Slodnjaka, Juršinci 10",46.48472,15.97139
VE 8000 - PTUJ,VO 8009 - PTUJ 1,50,"Novak Ivan, Dragovič 17b",,
VE 8000 - PTUJ,VO 8009 - PTUJ 1,51,"GD Gabrnik, Gabrnik 25a",,
VE 8000 - PTUJ,VO 8009 - PTUJ 1,53,"Vaška hišica v Grlincih, Grlinci bš",,
VE 8000 - PTUJ,VO 8009 - PTUJ 1,54,"VD Hlaponci, Hlaponci 58a",,
VE 8000 - PTUJ,VO 8009 - PTUJ 1,55,"Slodnjak Martin, Bodkovci 47",46.49245,16.00216
VE 8000 - PTUJ,VO 8009 - PTUJ 1,56,"VD Kukava, Kukava 46b",,
VE 8000 - PTUJ,VO 8009 - PTUJ 1,57,"Novak Jožef, Rotman 39a",,
VE 8000 - PTUJ,VO 8009 - PTUJ 1,58,"Zidarič Anica, Sakušak 79",46.50154,15.98426
VE 8000 - PTUJ,VO 8009 - PTUJ 1,59,"TD Gomila, Senčak pri Juršincih 9c",,
VE 8000 - PTUJ,VO 8009 - PTUJ 1,60,"GD Zagorci, Zagorci 61c",,
VE 8000 - PTUJ,VO 8009 - PTUJ 1,61,"DK Rogoznica, Slovenskogoriška c.18",,
VE 8000 - PTUJ,VO 8009 - PTUJ 1,62,"DK Rogoznica, Slovenskogoriška c.18",,
VE 8000 - PTUJ,VO 8009 - PTUJ 1,63,"DK Rogoznica, Slovenskogoriška c.18",,
VE 8000 - PTUJ,VO 8009 - PTUJ 1,64,"GD Borovci, Borovci 13",46.41861,15.94278
VE 8000 - PTUJ,VO 8009 - PTUJ 1,65,"GD Bukovci, Bukovci 103c",,
VE 8000 - PTUJ,VO 8009 - PTUJ 1,66,"DK Grajena, Grajena 46",46.45889,15.84194
VE 8000 - PTUJ,VO 8009 - PTUJ 1,67,"DK Grajena, Grajena 46",46.45889,15.84194
VE 8000 - PTUJ,VO 8009 - PTUJ 1,68,"GD Kicar, Kicar 80a",,
VE 8000 - PTUJ,VO 8009 - PTUJ 1,69,"DK Grajena, Grajena 46",46.45889,15.84194
VE 8000 - PTUJ,VO 8009 - PTUJ 1,70,"Občina Markovci, Markovci 43",46.8312427,16.2401551
VE 8000 - PTUJ,VO 8009 - PTUJ 1,71,"DK Grajena,Grajena 46",46.45889,15.84194
VE 8000 - PTUJ,VO 8009 - PTUJ 1,72,"GD NV p. Markovcih, Nova vas pri Markovcih 47a",,
VE 8000 - PTUJ,VO 8009 - PTUJ 1,73,"Gasilski dom Pacinje, Pacinje 5",46.4501501,15.9365326
VE 8000 - PTUJ,VO 8009 - PTUJ 1,74,"GD Podvinci, Podvinci 13a",,
VE 8000 - PTUJ,VO 8009 - PTUJ 1,75,"GD Prvenci, Prvenci 9a",,
VE 8000 - PTUJ,VO 8009 - PTUJ 1,76,"VGD Sobetinci,  Sobetinci 37",46.40416,15.96748
VE 8000 - PTUJ,VO 8009 - PTUJ 1,77,"VD na gmajni, Stojnci 34",46.38111,15.98278
VE 8000 - PTUJ,VO 8009 - PTUJ 1,78,"GD Sp. Velovlek, Spodnji Velovlek 30a",,
VE 8000 - PTUJ,VO 8009 - PTUJ 1,79,"GD Zabovci, Zabovci 30",46.3923686,15.9293401
VE 8000 - PTUJ,VO 8009 - PTUJ 1,80,"VO - brunarica, Strelci bš",,
VE 8000 - PTUJ,VO 8009 - PTUJ 1,81,"DK Grajena, Grajena 46",46.45889,15.84194
VE 8000 - PTUJ,VO 8010 - PTUJ 2,1,"Magistrat, Spr. pisarna, Mestni trg 1",,
VE 8000 - PTUJ,VO 8010 - PTUJ 2,2,"OŠ Olge Meglič, Telovadnica, Prešernova ul. 29",,
VE 8000 - PTUJ,VO 8010 - PTUJ 2,3,"Vrtec Ptuj, Enota Mačice, Potrčeva c. 9a",,
VE 8000 - PTUJ,VO 8010 - PTUJ 2,4,"Vrtec Ptuj, Enota Mačice, Potrčeva c. 9a",,
VE 8000 - PTUJ,VO 8010 - PTUJ 2,5,"Vrtec Ptuj, Enota Tulipan,  Med vrti 2",,
VE 8000 - PTUJ,VO 8010 - PTUJ 2,6,"OŠ Ljudski vrt, Župančičeva ul. 10",46.4285696,15.8777394
VE 8000 - PTUJ,VO 8010 - PTUJ 2,7,"OŠ Ljudski vrt, Župančičeva ul. 10",46.4285696,15.8777394
VE 8000 - PTUJ,VO 8010 - PTUJ 2,8,"OŠ Ljudski vrt, Župančičeva ul. 10",46.4285696,15.8777394
VE 8000 - PTUJ,VO 8010 - PTUJ 2,9,"Avla ŠC Ptuj, Volkmerjeva c. 19",,
VE 8000 - PTUJ,VO 8010 - PTUJ 2,10,"Avla ŠC Ptuj, Volkmerjeva c. 19",,
VE 8000 - PTUJ,VO 8010 - PTUJ 2,11,"Vrtec Ptuj, Enota Mačice, Potrčeva c. 9a",,
VE 8000 - PTUJ,VO 8010 - PTUJ 2,12,"Dijaški dom Ptuj, Arbajterjeva  ul. 6",46.4277939,15.8706706
VE 8000 - PTUJ,VO 8010 - PTUJ 2,13,"DK Bratje Reš, Volkmerjeva c. 26",,
VE 8000 - PTUJ,VO 8010 - PTUJ 2,14,"DK Bratje Reš, Volkmerjeva c. 26",,
VE 8000 - PTUJ,VO 8010 - PTUJ 2,15,"DK MČ Panorama, Vičava 46",,
VE 8000 - PTUJ,VO 8010 - PTUJ 2,16,"ŠD Mladika, Čučkova ul. 8",,
VE 8000 - PTUJ,VO 8010 - PTUJ 2,17,"DK MČ Jezero, Belšakova ul. 20a",,
