,Volilna enota,Volilni_Okraj,ID Volišča,Volišče,Št. volilnih upr.,Udeležba,Odstotek udeležbe,Št. oddanih glasovnic,Št. veljavnih glasovnic,Št. neveljavnih glasovnic,Odstotek preštetih glasovnic,dr. Anže Logar- št. glasov,dr. Anže Logar- odstotek,Nataša Pirc Musar- št. glasov,Nataša Pirc Musar- odstotek
0,VE 1000 - KRANJ,VO 1001 - JESENICE,1,"Vrtec Rateče, Rateče 18, Rateče",542,328,0.6052,328,327,1,1.0,166,0.507645,161,0.492355
1,VE 1000 - KRANJ,VO 1001 - JESENICE,2,"KS Podkoren, Podkoren 15, Podkoren",343,188,0.5481,188,186,2,1.0,99,0.532258,87,0.467742
2,VE 1000 - KRANJ,VO 1001 - JESENICE,3,"Občina Kr.Gora, Kolodvorska ul.1b, Kr. Gora",651,314,0.4823,314,310,4,1.0,142,0.458065,168,0.541935
3,VE 1000 - KRANJ,VO 1001 - JESENICE,4,"OŠ Kr. Gora, Koroška ul. 12, Kr. Gora",627,294,0.4689,294,285,9,1.0,110,0.385965,175,0.614035
4,VE 1000 - KRANJ,VO 1001 - JESENICE,5,"GD Gozd Martuljek, Zg. Rute 85, Gozd Martuljek",588,281,0.4779,281,279,2,1.0,132,0.473118,147,0.526882
5,VE 1000 - KRANJ,VO 1001 - JESENICE,6,"KD Dovje, Dovje 109, Dovje",523,286,0.5468,286,280,6,1.0,132,0.471429,148,0.528571
6,VE 1000 - KRANJ,VO 1001 - JESENICE,7,"OŠ 16.december Mojstrana ,Ul. A. Rabiča 7",1026,554,0.54,554,551,3,1.0,234,0.424682,317,0.575318
7,VE 1000 - KRANJ,VO 1001 - JESENICE,8,"Hiša Pri Požrvu, Zg. Radovna 10, Zg .Radovna",51,31,0.6078,31,31,0,1.0,12,0.387097,19,0.612903
8,VE 1000 - KRANJ,VO 1001 - JESENICE,9,"PGD Hrušica, Hrušica13, Hrušica",231,109,0.4719,109,104,5,1.0,37,0.355769,67,0.644231
9,VE 1000 - KRANJ,VO 1001 - JESENICE,10,"KD Hrušica, Hrušica 55A, Hrušica ",1058,473,0.4471,473,466,7,1.0,185,0.396996,281,0.603004
10,VE 1000 - KRANJ,VO 1001 - JESENICE,11,"KS Pl. pod Golico,Pl. pod Golico 31,Pl.pod Golico",336,190,0.5655,190,187,3,1.0,104,0.55615,83,0.44385
11,VE 1000 - KRANJ,VO 1001 - JESENICE,12,"Hiša Klinar Štefan, Plavški Rovt 14, Plavški Rovt",74,38,0.5135,38,37,1,1.0,23,0.621622,14,0.378378
12,VE 1000 - KRANJ,VO 1001 - JESENICE,13,"DU dr.F.Bergelja,stavba C,Ul. S.Bokala 4,Jesenice",574,212,0.3693,212,206,6,1.0,53,0.257282,153,0.742718
13,VE 1000 - KRANJ,VO 1001 - JESENICE,14,"Zdravstveni dom, C. m.Tita 78, Jesenice",1073,417,0.3886,417,414,3,1.0,134,0.323671,280,0.676329
14,VE 1000 - KRANJ,VO 1001 - JESENICE,15,"OŠ T. Čufar, C. C. Tavčarja 21,  Jesenice",1196,419,0.3503,419,411,8,1.0,113,0.274939,298,0.725061
15,VE 1000 - KRANJ,VO 1001 - JESENICE,16,"JEKO d.o.o., C. m. Tita 51, Jesenice",1211,473,0.3906,473,462,11,1.0,156,0.337662,306,0.662338
16,VE 1000 - KRANJ,VO 1001 - JESENICE,17,"Vrtec A.Ocepek, C. C. Tavčarja 3A, Jesenice",1103,440,0.3989,440,433,7,1.0,105,0.242494,328,0.757506
17,VE 1000 - KRANJ,VO 1001 - JESENICE,18,"KS Sava, Pod gozdom 2, Jesenice",830,353,0.4253,353,353,0,1.0,123,0.348442,230,0.651558
18,VE 1000 - KRANJ,VO 1001 - JESENICE,19,"OŠ P. Voranca, C. T. Tomšiča 5, Jesenice",382,196,0.5131,196,190,6,1.0,77,0.405263,113,0.594737
19,VE 1000 - KRANJ,VO 1001 - JESENICE,20,"OŠ P. Voranca, C.T. Tomšiča 5, Jesenice",502,151,0.3008,151,151,0,1.0,33,0.218543,118,0.781457
20,VE 1000 - KRANJ,VO 1001 - JESENICE,21,"OŠ P. Stražišarja, Ul. V.Kejžarja 35, Jesenice",441,155,0.3515,155,153,2,1.0,38,0.248366,115,0.751634
21,VE 1000 - KRANJ,VO 1001 - JESENICE,22,"Srednja šola, Ul. b. Rupar 2, Jesenice",667,188,0.2819,188,186,2,1.0,41,0.22043,145,0.77957
22,VE 1000 - KRANJ,VO 1001 - JESENICE,23,"Zavod za šport,sejna soba,Ledarska ul.6A,Jesenice",383,125,0.3264,125,122,3,1.0,44,0.360656,78,0.639344
23,VE 1000 - KRANJ,VO 1001 - JESENICE,24,"KS Podmežakla, Mencingerjeva ul.1, Jesenice",739,269,0.364,269,268,1,1.0,69,0.257463,199,0.742537
24,VE 1000 - KRANJ,VO 1001 - JESENICE,25,"GD Javorniški Rovt, Javorniški Rovt 17, Jav. Rovt",238,137,0.5756,137,134,3,1.0,81,0.604478,53,0.395522
25,VE 1000 - KRANJ,VO 1001 - JESENICE,26,"OŠ Koroška Bela, C.talcev 2, Kor.Bela",732,273,0.373,273,269,4,1.0,100,0.371747,169,0.628253
26,VE 1000 - KRANJ,VO 1001 - JESENICE,27,"OŠ Koroška Bela, C.talcev 2, Kor. Bela",946,433,0.4577,433,427,6,1.0,177,0.41452,250,0.58548
27,VE 1000 - KRANJ,VO 1001 - JESENICE,28,"DD J. in A. Pibernik, C.B.Kidriča 37C,Sl.Javornik",626,238,0.3802,238,234,4,1.0,77,0.32906,157,0.67094
28,VE 1000 - KRANJ,VO 1001 - JESENICE,29,"DD J. in A. Pibernik, C.B.Kidriča 37C,Sl.Javornik",928,387,0.417,387,380,7,1.0,133,0.35,247,0.65
29,VE 1000 - KRANJ,VO 1001 - JESENICE,30,"OŠ Blejska Dobrava, Blejska Dobrava 44,Bl.Dobrava",988,543,0.5496,543,537,6,1.0,230,0.428305,307,0.571695
30,VE 1000 - KRANJ,VO 1001 - JESENICE,31,"Orodišče Kočna, bš, Kočna",213,120,0.5634,120,117,3,1.0,40,0.34188,77,0.65812
31,VE 1000 - KRANJ,VO 1001 - JESENICE,32,"TVD Partizan, Žirovnica 63, Žirovnica",540,286,0.5296,286,281,5,1.0,134,0.476868,147,0.523132
32,VE 1000 - KRANJ,VO 1001 - JESENICE,33,"Elektrarna Moste, Moste 41, Moste",561,299,0.533,299,292,7,1.0,136,0.465753,156,0.534247
33,VE 1000 - KRANJ,VO 1001 - JESENICE,34,"Čopova rojstna hiša, Žirovnica 14, Žirovnica",503,271,0.5388,271,269,2,1.0,110,0.408922,159,0.591078
34,VE 1000 - KRANJ,VO 1001 - JESENICE,35,"OŠ Žirovnica, Zabreznica 4, Zabreznica",684,397,0.5804,397,392,5,1.0,180,0.459184,212,0.540816
35,VE 1000 - KRANJ,VO 1001 - JESENICE,36,"Občina Žirovnica, Breznica 3, Breznica",674,383,0.5682,383,381,2,1.0,208,0.545932,173,0.454068
36,VE 1000 - KRANJ,VO 1001 - JESENICE,37,"GD Smokuč, Smokuč 46, Smokuč",726,453,0.624,453,449,4,1.0,193,0.429844,256,0.570156
37,VE 1000 - KRANJ,VO 1001 - JESENICE,901,Predčasno glasovanje,0,1103,0.0,1103,1091,12,1.0,380,0.348304,711,0.651696
38,VE 1000 - KRANJ,VO 1001 - JESENICE,970,OMNIA od: 1001,0,41,0.0,41,41,0,1.0,11,0.268293,30,0.731707
39,VE 1000 - KRANJ,VO 1001 - JESENICE,997,Pošta doma OVK,0,43,0.0,43,41,2,1.0,10,0.243902,31,0.756098
40,VE 1000 - KRANJ,VO 1001 - JESENICE,9971000,Pošta doma VKVE,0,0,0.0,0,0,0,,0,0.0,0,0.0
41,VE 1000 - KRANJ,VO 1001 - JESENICE,99799,Pošta doma DVK,0,0,0.0,0,0,0,,0,0.0,0,0.0
42,VE 1000 - KRANJ,VO 1001 - JESENICE,998,Pošta tujina OVK,0,71,0.0,71,65,6,1.0,20,0.307692,45,0.692308
43,VE 1000 - KRANJ,VO 1001 - JESENICE,9981000,Pošta tujina VKVE,0,0,0.0,0,0,0,,0,0.0,0,0.0
44,VE 1000 - KRANJ,VO 1001 - JESENICE,99899,Pošta tujina DVK,0,0,0.0,0,0,0,,0,0.0,0,0.0
45,VE 1000 - KRANJ,VO 1001 - JESENICE,999,Posebni volilni imenik,2704,0,0.0,0,0,0,,0,0.0,0,0.0
46,VE 1000 - KRANJ,VO 1002 - RADOVLJICA 1,1,"Gasilski dom Mlino, Mlinska cesta 26, Bled",278,172,0.6187,172,170,2,1.0,95,0.558824,75,0.441176
47,VE 1000 - KRANJ,VO 1002 - RADOVLJICA 1,2,"Gasilski dom Rečica, Rečiška cesta 4, Bled",728,375,0.5151,375,362,13,1.0,179,0.494475,183,0.505525
48,VE 1000 - KRANJ,VO 1002 - RADOVLJICA 1,3,"Občina Bled, Cesta svobode 13, Bled",818,351,0.4291,351,342,9,1.0,175,0.511696,167,0.488304
49,VE 1000 - KRANJ,VO 1002 - RADOVLJICA 1,4,"Osnovna šola Bled, Seliška cesta 3, Bled",735,396,0.5388,396,391,5,1.0,174,0.445013,217,0.554987
50,VE 1000 - KRANJ,VO 1002 - RADOVLJICA 1,5,"INFOCENTER TRIGLAVSKA ROŽA BLED, Ljubljanska c.27",1402,790,0.5635,790,776,14,1.0,287,0.369845,489,0.630155
51,VE 1000 - KRANJ,VO 1002 - RADOVLJICA 1,6,"Kulturni dom Bohinjska Bela, Bohinjska Bela  37",515,271,0.5262,271,267,4,1.0,145,0.543071,122,0.456929
52,VE 1000 - KRANJ,VO 1002 - RADOVLJICA 1,7,"Gostilna Kunavc, Krnica 21, Zg. Gorje",420,244,0.581,244,238,6,1.0,149,0.62605,89,0.37395
53,VE 1000 - KRANJ,VO 1002 - RADOVLJICA 1,8,"Osnovna šola Gorje, Zg. Gorje 44 a, Zg. Gorje",406,227,0.5591,227,226,1,1.0,125,0.553097,101,0.446903
54,VE 1000 - KRANJ,VO 1002 - RADOVLJICA 1,9,"Osnovna šola Gorje, Zg. Gorje 44a, Zg. Gorje",377,205,0.5438,205,201,4,1.0,132,0.656716,69,0.343284
55,VE 1000 - KRANJ,VO 1002 - RADOVLJICA 1,10,"Dom upokojencev Spodnje Gorje, Sp. Gorje 208",784,435,0.5548,435,429,6,1.0,197,0.459207,232,0.540793
56,VE 1000 - KRANJ,VO 1002 - RADOVLJICA 1,11,"Gasilski dom Podhom, Podhom 15, Zg. Gorje",249,150,0.6024,150,147,3,1.0,74,0.503401,73,0.496599
57,VE 1000 - KRANJ,VO 1002 - RADOVLJICA 1,12,"Zadružni dom Ribno, Izletniška ul.11, Bled",815,436,0.535,436,426,10,1.0,184,0.431925,242,0.568075
58,VE 1000 - KRANJ,VO 1002 - RADOVLJICA 1,13,"Natura hotel LUKANC, Selo pri Bledu 8",173,97,0.5607,97,95,2,1.0,53,0.557895,42,0.442105
59,VE 1000 - KRANJ,VO 1002 - RADOVLJICA 1,14,"Kulturni dom Zasip, Sebenje 6, Bled",833,530,0.6363,530,515,15,1.0,220,0.427184,295,0.572816
60,VE 1000 - KRANJ,VO 1002 - RADOVLJICA 1,15,"Vrtec Bohinjska Bistrica, Mencingerjeva ulica 4",508,225,0.4429,225,224,1,1.0,92,0.410714,132,0.589286
61,VE 1000 - KRANJ,VO 1002 - RADOVLJICA 1,16,"Dom Joža Ažmana, Triglavska c. 16, Boh. Bistrica",908,390,0.4295,390,386,4,1.0,147,0.380829,239,0.619171
62,VE 1000 - KRANJ,VO 1002 - RADOVLJICA 1,17,"Gasilski dom Bitnje, Bitnje 13, Boh. Bistrica",90,60,0.6667,60,58,2,1.0,33,0.568966,25,0.431034
63,VE 1000 - KRANJ,VO 1002 - RADOVLJICA 1,18,"Gasilski dom Nomenj, Nomenj 23, Boh. Bistrica",135,78,0.5778,78,77,1,1.0,46,0.597403,31,0.402597
64,VE 1000 - KRANJ,VO 1002 - RADOVLJICA 1,19,"Turistično društvo Bohinj,Ribčev Laz 48, B.jezero",160,86,0.5375,86,84,2,1.0,25,0.297619,59,0.702381
65,VE 1000 - KRANJ,VO 1002 - RADOVLJICA 1,20,"Gasilski dom Kamnje, Kamnje 26 a, Boh.Bistrica",504,282,0.5595,282,281,1,1.0,136,0.483986,145,0.516014
66,VE 1000 - KRANJ,VO 1002 - RADOVLJICA 1,21,"Gasilski dom Nemški rovt,Nemški rovt18,B.Bistrica",93,69,0.7419,69,68,1,1.0,42,0.617647,26,0.382353
67,VE 1000 - KRANJ,VO 1002 - RADOVLJICA 1,22,"Gasilski dom Koprivnik, Koprivnik 3 b, B.Bistrica",186,95,0.5108,95,92,3,1.0,38,0.413043,54,0.586957
68,VE 1000 - KRANJ,VO 1002 - RADOVLJICA 1,23,"Gasilski dom Gorjuše, Gorjuše 36 a, Boh.Bistrica",120,73,0.6083,73,73,0,1.0,31,0.424658,42,0.575342
69,VE 1000 - KRANJ,VO 1002 - RADOVLJICA 1,24,"Gasilski dom Srednja vas, Srednja vas 83",362,211,0.5829,211,208,3,1.0,126,0.605769,82,0.394231
70,VE 1000 - KRANJ,VO 1002 - RADOVLJICA 1,25,"Gasilski dom Bohinj. Češnjica, Bohin. Češnjica 79",443,239,0.5395,239,238,1,1.0,145,0.609244,93,0.390756
71,VE 1000 - KRANJ,VO 1002 - RADOVLJICA 1,26,"Pri Zdenki Platiša,Podjelje 15 a,Sr.vas v Bohinju",56,27,0.4821,27,26,1,1.0,9,0.346154,17,0.653846
72,VE 1000 - KRANJ,VO 1002 - RADOVLJICA 1,27,"Kulturni dom Stara Fužina,Stara Fužina 53b,B.jez.",508,303,0.5965,303,296,7,1.0,139,0.469595,157,0.530405
73,VE 1000 - KRANJ,VO 1002 - RADOVLJICA 1,28,"Pri Milanu Talerju,Studor v Bohinju 5a,Sr.vas v B",90,59,0.6556,59,58,1,1.0,40,0.689655,18,0.310345
74,VE 1000 - KRANJ,VO 1002 - RADOVLJICA 1,901,Predčasno glasovanje,0,376,0.0,376,375,1,1.0,125,0.333333,250,0.666667
75,VE 1000 - KRANJ,VO 1002 - RADOVLJICA 1,902,Predčasno glasovanje - Bled,0,487,0.0,487,481,6,1.0,162,0.336798,319,0.663202
76,VE 1000 - KRANJ,VO 1002 - RADOVLJICA 1,997,Pošta doma OVK,0,36,0.0,36,36,0,1.0,16,0.444444,20,0.555556
77,VE 1000 - KRANJ,VO 1002 - RADOVLJICA 1,9971000,Pošta doma VKVE,0,0,0.0,0,0,0,,0,0.0,0,0.0
78,VE 1000 - KRANJ,VO 1002 - RADOVLJICA 1,99799,Pošta doma DVK,0,0,0.0,0,0,0,,0,0.0,0,0.0
79,VE 1000 - KRANJ,VO 1002 - RADOVLJICA 1,998,Pošta tujina OVK,0,43,0.0,43,38,5,1.0,22,0.578947,16,0.421053
80,VE 1000 - KRANJ,VO 1002 - RADOVLJICA 1,9981000,Pošta tujina VKVE,0,0,0.0,0,0,0,,0,0.0,0,0.0
81,VE 1000 - KRANJ,VO 1002 - RADOVLJICA 1,99899,Pošta tujina DVK,0,0,0.0,0,0,0,,0,0.0,0,0.0
82,VE 1000 - KRANJ,VO 1002 - RADOVLJICA 1,999,Posebni volilni imenik,719,0,0.0,0,0,0,,0,0.0,0,0.0
83,VE 1000 - KRANJ,VO 1003 - RADOVLJICA 2,1,"Klub upokojencev Begunje,Begunje na Gorenjskem 23",912,452,0.4956,452,449,3,1.0,183,0.407572,266,0.592428
84,VE 1000 - KRANJ,VO 1003 - RADOVLJICA 2,2,"POSLOVNI PROSTOR ""NO LIMITS"", Zapuže 2a",642,323,0.5031,323,317,6,1.0,155,0.488959,162,0.511041
85,VE 1000 - KRANJ,VO 1003 - RADOVLJICA 2,3,"GASILSKO ORODIŠČE, pri hiši Konc, Dvorska vas 20a",145,80,0.5517,80,80,0,1.0,38,0.475,42,0.525
86,VE 1000 - KRANJ,VO 1003 - RADOVLJICA 2,4,"Gasilski dom Slatna, Slatna 15",120,58,0.4833,58,58,0,1.0,27,0.465517,31,0.534483
87,VE 1000 - KRANJ,VO 1003 - RADOVLJICA 2,5,"Dom krajanov Brezje, Brezje 80 c",751,424,0.5646,424,419,5,1.0,253,0.603819,166,0.396181
88,VE 1000 - KRANJ,VO 1003 - RADOVLJICA 2,6,"Dom krajanov Kamna Gorica, Kamna Gorica 58",418,240,0.5742,240,237,3,1.0,121,0.510549,116,0.489451
89,VE 1000 - KRANJ,VO 1003 - RADOVLJICA 2,7,"Avla Sindikalnega doma Kropa, Kropa 3",734,325,0.4428,325,317,8,1.0,131,0.413249,186,0.586751
90,VE 1000 - KRANJ,VO 1003 - RADOVLJICA 2,8,"KULTURNI DOM LANCOVO, Lancovo 30",785,422,0.5376,422,412,10,1.0,198,0.480583,214,0.519417
91,VE 1000 - KRANJ,VO 1003 - RADOVLJICA 2,9,"Gasilski dom Hlebce, Hlebce 9",222,108,0.4865,108,108,0,1.0,65,0.601852,43,0.398148
92,VE 1000 - KRANJ,VO 1003 - RADOVLJICA 2,10,"Turistična kmetija PR GROM, Hraše 17 c",184,107,0.5815,107,106,1,1.0,62,0.584906,44,0.415094
93,VE 1000 - KRANJ,VO 1003 - RADOVLJICA 2,11,"Stanovanjska hiša pri Čopu, Studenčice 4 a",94,48,0.5106,48,44,4,1.0,21,0.477273,23,0.522727
94,VE 1000 - KRANJ,VO 1003 - RADOVLJICA 2,12,"Družbeni center Lesce, Alpska cesta 58, Lesce",1168,586,0.5017,586,576,10,1.0,232,0.402778,344,0.597222
95,VE 1000 - KRANJ,VO 1003 - RADOVLJICA 2,13,"OŠ F.S. Finžgarja Lesce, Begunjska cesta 7, Lesce",1049,553,0.5272,553,550,3,1.0,251,0.456364,299,0.543636
96,VE 1000 - KRANJ,VO 1003 - RADOVLJICA 2,14,"Dom ŠD Ljubno, Ljubno 114",391,239,0.6113,239,232,7,1.0,127,0.547414,105,0.452586
97,VE 1000 - KRANJ,VO 1003 - RADOVLJICA 2,15,"Vrtec na Posavcu, Posavec 86",447,264,0.5906,264,258,6,1.0,117,0.453488,141,0.546512
98,VE 1000 - KRANJ,VO 1003 - RADOVLJICA 2,16,"Kulturni dom Mošnje, Mošnje 41",377,244,0.6472,244,233,11,1.0,108,0.463519,125,0.536481
99,VE 1000 - KRANJ,VO 1003 - RADOVLJICA 2,17,"GASILSKI DOM PODNART, Podnart 13",841,463,0.5505,463,454,9,1.0,208,0.45815,246,0.54185
100,VE 1000 - KRANJ,VO 1003 - RADOVLJICA 2,18,"Športni park Rad.,soba PD, Ul.S. Žagarja 2b, Rad.",909,387,0.4257,387,382,5,1.0,133,0.348168,249,0.651832
101,VE 1000 - KRANJ,VO 1003 - RADOVLJICA 2,19,"Srednja gost.in tur.šola Radovljica,Kranjska c.24",1090,471,0.4321,471,465,6,1.0,185,0.397849,280,0.602151
102,VE 1000 - KRANJ,VO 1003 - RADOVLJICA 2,20,"Avla Občine Radovljica,Gorenjska c.19, Radovljica",984,339,0.3445,339,336,3,1.0,130,0.386905,206,0.613095
103,VE 1000 - KRANJ,VO 1003 - RADOVLJICA 2,21,"Ekon.gimnazija in sr.šola Radovljica,Gorenjska 13",376,154,0.4096,154,153,1,1.0,71,0.464052,82,0.535948
104,VE 1000 - KRANJ,VO 1003 - RADOVLJICA 2,22,"OŠ A. T. LINHARTA, Kranjska cesta 27, Radovljica",1281,640,0.4996,640,629,11,1.0,247,0.392687,382,0.607313
105,VE 1000 - KRANJ,VO 1003 - RADOVLJICA 2,23,"Stanovanjska hiša Jensterle, Nova vas 45",157,76,0.4841,76,76,0,1.0,22,0.289474,54,0.710526
106,VE 1000 - KRANJ,VO 1003 - RADOVLJICA 2,24,"Športni park Vrbnje, Vrbnje",390,265,0.6795,265,259,6,1.0,118,0.455598,141,0.544402
107,VE 1000 - KRANJ,VO 1003 - RADOVLJICA 2,25,"Gasilski dom Srednja Dobrava, Srednja Dobrava 7",388,206,0.5309,206,202,4,1.0,115,0.569307,87,0.430693
108,VE 1000 - KRANJ,VO 1003 - RADOVLJICA 2,26,"Prostor KS Otok, Zgornji Otok 6 a",149,85,0.5705,85,82,3,1.0,58,0.707317,24,0.292683
109,VE 1000 - KRANJ,VO 1003 - RADOVLJICA 2,901,Predčasno glasovanje,0,1151,0.0,1151,1144,7,1.0,396,0.346154,748,0.653846
110,VE 1000 - KRANJ,VO 1003 - RADOVLJICA 2,970,OMNIA od: 1003,0,112,0.0,112,111,1,1.0,51,0.459459,60,0.540541
111,VE 1000 - KRANJ,VO 1003 - RADOVLJICA 2,997,Pošta doma OVK,0,15,0.0,15,15,0,1.0,8,0.533333,7,0.466667
112,VE 1000 - KRANJ,VO 1003 - RADOVLJICA 2,9971000,Pošta doma VKVE,0,0,0.0,0,0,0,,0,0.0,0,0.0
113,VE 1000 - KRANJ,VO 1003 - RADOVLJICA 2,99799,Pošta doma DVK,0,0,0.0,0,0,0,,0,0.0,0,0.0
114,VE 1000 - KRANJ,VO 1003 - RADOVLJICA 2,998,Pošta tujina OVK,0,22,0.0,22,22,0,1.0,7,0.318182,15,0.681818
115,VE 1000 - KRANJ,VO 1003 - RADOVLJICA 2,9981000,Pošta tujina VKVE,0,0,0.0,0,0,0,,0,0.0,0,0.0
116,VE 1000 - KRANJ,VO 1003 - RADOVLJICA 2,99899,Pošta tujina DVK,0,0,0.0,0,0,0,,0,0.0,0,0.0
117,VE 1000 - KRANJ,VO 1003 - RADOVLJICA 2,999,Posebni volilni imenik,909,0,0.0,0,0,0,,0,0.0,0,0.0
118,VE 1000 - KRANJ,VO 1004 - KRANJ 1,1,"Center, Avla MO Kranj, Slovenski trg 1, Kranj",1839,572,0.311,572,568,4,1.0,215,0.378521,353,0.621479
119,VE 1000 - KRANJ,VO 1004 - KRANJ 1,2,"Čirče, Dom KS, Smledniška c. 136, Kranj",1238,653,0.5275,653,650,3,1.0,332,0.510769,318,0.489231
120,VE 1000 - KRANJ,VO 1004 - KRANJ 1,3,"Klanec II, Dom krajanov, Jezerska c. 41, Kranj",815,290,0.3558,290,283,7,1.0,81,0.286219,202,0.713781
121,VE 1000 - KRANJ,VO 1004 - KRANJ 1,4,"Br. Smuk I,OŠ M. Čopa, Ul. T. Vidmarja 1,Kranj",1110,495,0.4459,495,491,4,1.0,141,0.287169,350,0.712831
122,VE 1000 - KRANJ,VO 1004 - KRANJ 1,5,"Br. Smuk II,OŠ M. Čopa, Ul. T. Vidmarja 1,Kranj",1179,524,0.4444,524,516,8,1.0,156,0.302326,360,0.697674
123,VE 1000 - KRANJ,VO 1004 - KRANJ 1,6,"Klanec I, Dom krajanov, Jezerska c. 41, Kranj",1015,528,0.5202,528,516,12,1.0,190,0.368217,326,0.631783
124,VE 1000 - KRANJ,VO 1004 - KRANJ 1,7,"Primskovo I, Dom krajanov, Jezerska c. 41, Kranj",986,545,0.5527,545,533,12,1.0,242,0.454034,291,0.545966
125,VE 1000 - KRANJ,VO 1004 - KRANJ 1,8,"Primskovo II, Dom krajanov, Jezerska c. 41, Kranj",979,414,0.4229,414,412,2,1.0,201,0.487864,211,0.512136
126,VE 1000 - KRANJ,VO 1004 - KRANJ 1,9,"Vodovodni stolp III,OŠ S.Jenko,Ul.XXXI.divizije7a",1399,593,0.4239,593,587,6,1.0,158,0.269165,429,0.730835
127,VE 1000 - KRANJ,VO 1004 - KRANJ 1,10,"Vodovodni stolp II,OŠ S.Jenko,Ul.XXXI.divizije 7a",1418,651,0.4591,651,641,10,1.0,198,0.308892,443,0.691108
128,VE 1000 - KRANJ,VO 1004 - KRANJ 1,11,"Vodovodni stolp I,OŠ S.Jenko,Ul. XXXI.divizije 7a",1304,657,0.5038,657,643,14,1.0,273,0.424572,370,0.575428
129,VE 1000 - KRANJ,VO 1004 - KRANJ 1,12,"Kokrica II, Kulturni dom Kokrica, C. na Brdo 30",1584,849,0.536,849,838,11,1.0,492,0.587112,346,0.412888
130,VE 1000 - KRANJ,VO 1004 - KRANJ 1,13,"Kokrica I, Kulturni dom Kokrica, C. na Brdo 30",1334,750,0.5622,750,740,10,1.0,334,0.451351,406,0.548649
131,VE 1000 - KRANJ,VO 1004 - KRANJ 1,14,"Predoslje, Kulturni dom, Predoslje 34, Kranj",925,549,0.5935,549,542,7,1.0,323,0.595941,219,0.404059
132,VE 1000 - KRANJ,VO 1004 - KRANJ 1,16,"Britof, Gasilski dom, Britof 316, Kranj",1808,1050,0.5808,1050,1039,11,1.0,470,0.452358,569,0.547642
133,VE 1000 - KRANJ,VO 1004 - KRANJ 1,901,Predčasno glasovanje,0,1597,0.0,1597,1592,5,1.0,533,0.334799,1059,0.665201
134,VE 1000 - KRANJ,VO 1004 - KRANJ 1,970,OMNIA od: 1004,0,156,0.0,156,154,2,1.0,66,0.428571,88,0.571429
135,VE 1000 - KRANJ,VO 1004 - KRANJ 1,997,Pošta doma OVK,0,40,0.0,40,40,0,1.0,18,0.45,22,0.55
136,VE 1000 - KRANJ,VO 1004 - KRANJ 1,9971000,Pošta doma VKVE,0,0,0.0,0,0,0,,0,0.0,0,0.0
137,VE 1000 - KRANJ,VO 1004 - KRANJ 1,99799,Pošta doma DVK,0,0,0.0,0,0,0,,0,0.0,0,0.0
138,VE 1000 - KRANJ,VO 1004 - KRANJ 1,998,Pošta tujina OVK,0,54,0.0,53,49,4,1.0,30,0.612245,19,0.387755
139,VE 1000 - KRANJ,VO 1004 - KRANJ 1,9981000,Pošta tujina VKVE,0,0,0.0,0,0,0,,0,0.0,0,0.0
140,VE 1000 - KRANJ,VO 1004 - KRANJ 1,99899,Pošta tujina DVK,0,0,0.0,0,0,0,,0,0.0,0,0.0
141,VE 1000 - KRANJ,VO 1004 - KRANJ 1,999,Posebni volilni imenik,1458,0,0.0,0,0,0,,0,0.0,0,0.0
142,VE 1000 - KRANJ,VO 1005 - KRANJ 2,1,"Huje II,OŠ Jakob Aljaž, Ul.Tončka Dežmana 1,Kranj",1374,561,0.4083,561,558,3,1.0,153,0.274194,405,0.725806
143,VE 1000 - KRANJ,VO 1005 - KRANJ 2,2,"Huje I, OŠ Stane Žagar, C. 1.maja 10 a, Kranj",542,245,0.452,245,241,4,1.0,88,0.365145,153,0.634855
144,VE 1000 - KRANJ,VO 1005 - KRANJ 2,3,"Planina II,OŠ Stane Žagar, C. 1. maja 10 a, Kranj",1396,617,0.442,617,609,8,1.0,171,0.280788,438,0.719212
145,VE 1000 - KRANJ,VO 1005 - KRANJ 2,4,"Planina I, OŠ Stane Žagar, C. 1. maja 10 a, Kranj",1442,597,0.414,597,585,12,1.0,183,0.312821,402,0.687179
146,VE 1000 - KRANJ,VO 1005 - KRANJ 2,5,"Zlato polje I,OŠ F.Prešeren, Kidričeva c.49,Kranj",894,359,0.4016,359,352,7,1.0,107,0.303977,245,0.696023
147,VE 1000 - KRANJ,VO 1005 - KRANJ 2,6,"Zlato Polje II,OŠ F.Prešeren,Kidričeva c.49,Kranj",1250,522,0.4176,522,514,8,1.0,150,0.291829,364,0.708171
148,VE 1000 - KRANJ,VO 1005 - KRANJ 2,7,"Struževo, Dom KS, Struževo 14, Kranj",525,270,0.5143,270,266,4,1.0,121,0.454887,145,0.545113
149,VE 1000 - KRANJ,VO 1005 - KRANJ 2,8,"Gorenja Sava, SSC, Gorenjesavska c.35 a, Kranj",299,142,0.4749,142,139,3,1.0,61,0.438849,78,0.561151
150,VE 1000 - KRANJ,VO 1005 - KRANJ 2,9,"Stražišče I,Šmartinski dom,Škofjeloška c.18,Kranj",1686,769,0.4561,769,753,16,1.0,355,0.471448,398,0.528552
151,VE 1000 - KRANJ,VO 1005 - KRANJ 2,10,"Stražišče II,Šmartinski dom,Škofjeloška c.18,Kr.",1655,747,0.4514,747,738,9,1.0,353,0.47832,385,0.52168
152,VE 1000 - KRANJ,VO 1005 - KRANJ 2,11,"Orehek I, Osnovna šola, Zasavska cesta 53 a,Kranj",1000,542,0.542,542,537,5,1.0,267,0.497207,270,0.502793
153,VE 1000 - KRANJ,VO 1005 - KRANJ 2,12,"Orehek II, Osnovna šola, Zasavska cesta 53a,Kranj",1251,602,0.4812,602,597,5,1.0,221,0.370184,376,0.629816
154,VE 1000 - KRANJ,VO 1005 - KRANJ 2,13,"Breg ob Savi, GD, Breg ob Savi 34, Mavčiče",420,265,0.631,265,264,1,1.0,171,0.647727,93,0.352273
155,VE 1000 - KRANJ,VO 1005 - KRANJ 2,14,"Mavčiče, KS Mavčiče, Mavčiče 69, Mavčiče",731,460,0.6293,460,455,5,1.0,296,0.650549,159,0.349451
156,VE 1000 - KRANJ,VO 1005 - KRANJ 2,15,"Podreča, Krelj Thomas, Podreča 74, Mavčiče",418,235,0.5622,235,234,1,1.0,104,0.444444,130,0.555556
157,VE 1000 - KRANJ,VO 1005 - KRANJ 2,16,"Žabnica, GD, Žabnica 29, Žabnica",595,373,0.6269,373,368,5,1.0,224,0.608696,144,0.391304
158,VE 1000 - KRANJ,VO 1005 - KRANJ 2,17,"Bitnje II, GD, Zg. Bitnje 33, Žabnica",683,335,0.4905,335,332,3,1.0,176,0.53012,156,0.46988
159,VE 1000 - KRANJ,VO 1005 - KRANJ 2,18,"Zgornje Bitnje, GD, Zg. Bitnje 33, Žabnica",1182,613,0.5186,613,610,3,1.0,275,0.45082,335,0.54918
160,VE 1000 - KRANJ,VO 1005 - KRANJ 2,19,"Pševo, DKS Jošt, Pševo 3, Kranj",219,136,0.621,136,132,4,1.0,78,0.590909,54,0.409091
161,VE 1000 - KRANJ,VO 1005 - KRANJ 2,20,"Sp. Besnica, GD Besnica, Na hribu 7, Zg. Besnica",1521,885,0.5819,885,874,11,1.0,483,0.552632,391,0.447368
162,VE 1000 - KRANJ,VO 1005 - KRANJ 2,21,"Podblica, GD Podblica, Podblica 2, Zg. Besnica",229,160,0.6987,160,160,0,1.0,84,0.525,76,0.475
163,VE 1000 - KRANJ,VO 1005 - KRANJ 2,901,Predčasno glasovanje,1,1440,0.0,1440,1434,6,1.0,506,0.352859,928,0.647141
164,VE 1000 - KRANJ,VO 1005 - KRANJ 2,997,Pošta doma OVK,0,45,0.0,45,45,0,1.0,18,0.4,27,0.6
165,VE 1000 - KRANJ,VO 1005 - KRANJ 2,9971000,Pošta doma VKVE,0,0,0.0,0,0,0,,0,0.0,0,0.0
166,VE 1000 - KRANJ,VO 1005 - KRANJ 2,99799,Pošta doma DVK,0,0,0.0,0,0,0,,0,0.0,0,0.0
167,VE 1000 - KRANJ,VO 1005 - KRANJ 2,998,Pošta tujina OVK,0,16,0.0,16,14,2,1.0,2,0.142857,12,0.857143
168,VE 1000 - KRANJ,VO 1005 - KRANJ 2,9981000,Pošta tujina VKVE,0,0,0.0,0,0,0,,0,0.0,0,0.0
169,VE 1000 - KRANJ,VO 1005 - KRANJ 2,99899,Pošta tujina DVK,0,0,0.0,0,0,0,,0,0.0,0,0.0
170,VE 1000 - KRANJ,VO 1005 - KRANJ 2,999,Posebni volilni imenik,1067,0,0.0,0,0,0,,0,0.0,0,0.0
171,VE 1000 - KRANJ,VO 1006 - KRANJ 3,1,"Volišče Adergas, Adergas 12",296,201,0.6791,201,200,1,1.0,145,0.725,55,0.275
172,VE 1000 - KRANJ,VO 1006 - KRANJ 3,2,"Cerklje na Gor. I, OŠ D.Jenko,Krvavška c.4",1058,645,0.6096,644,637,7,1.0,387,0.607535,250,0.392465
173,VE 1000 - KRANJ,VO 1006 - KRANJ 3,3,"Cerklje na Gor. II, OŠ D.Jenko, Krvavška c. 4",919,589,0.6409,589,580,9,1.0,335,0.577586,245,0.422414
174,VE 1000 - KRANJ,VO 1006 - KRANJ 3,4,"Češnjevek, Vaški dom, Češnjevek 11 a",135,80,0.5926,80,77,3,1.0,59,0.766234,18,0.233766
175,VE 1000 - KRANJ,VO 1006 - KRANJ 3,5,"Lahovče, Gasilski dom, Lahovče 74",346,232,0.6705,232,232,0,1.0,150,0.646552,82,0.353448
176,VE 1000 - KRANJ,VO 1006 - KRANJ 3,6,"Praprotna polica, Vaški dom Praprotna polica",161,124,0.7702,124,124,0,1.0,103,0.830645,21,0.169355
177,VE 1000 - KRANJ,VO 1006 - KRANJ 3,7,"Poženik, Vaški dom Poženik, Poženik 6",420,262,0.6238,262,259,3,1.0,170,0.656371,89,0.343629
178,VE 1000 - KRANJ,VO 1006 - KRANJ 3,8,"Spodnji Brnik, Gasilski dom Sp.Brnik, Sp.Brnik 5a",483,312,0.646,312,306,6,1.0,216,0.705882,90,0.294118
179,VE 1000 - KRANJ,VO 1006 - KRANJ 3,9,"Šenturška Gora, Krajevni dom, Šenturška Gora 11",537,313,0.5829,313,310,3,1.0,177,0.570968,133,0.429032
180,VE 1000 - KRANJ,VO 1006 - KRANJ 3,10,"Štefanja Gora, Gasilski dom, Štefanja Gora 30",90,82,0.9111,82,81,1,1.0,58,0.716049,23,0.283951
181,VE 1000 - KRANJ,VO 1006 - KRANJ 3,11,"Velesovo, Gasilski dom, Velesovo 53",296,187,0.6318,187,186,1,1.0,121,0.650538,65,0.349462
182,VE 1000 - KRANJ,VO 1006 - KRANJ 3,12,"Zalog, Osnovna šola, Zalog pri Cerkljah 29",580,361,0.6224,361,359,2,1.0,214,0.5961,145,0.4039
183,VE 1000 - KRANJ,VO 1006 - KRANJ 3,13,"Zgornji Brnik, Gasilski dom, Zgornji Brnik 8",554,367,0.6625,367,365,2,1.0,211,0.578082,154,0.421918
184,VE 1000 - KRANJ,VO 1006 - KRANJ 3,14,"Golnik, Kranjski vrtci-Enota Ostržek, Golnik 54",868,422,0.4862,422,415,7,1.0,143,0.344578,272,0.655422
185,VE 1000 - KRANJ,VO 1006 - KRANJ 3,15,"Goriče,OŠ S.Jenko-telovadnica,Srednja vas-Goriče1",568,358,0.6303,358,350,8,1.0,207,0.591429,143,0.408571
186,VE 1000 - KRANJ,VO 1006 - KRANJ 3,16,"Hrastje, Športni center Graben, Hrastje 209",825,469,0.5685,469,463,6,1.0,248,0.535637,215,0.464363
187,VE 1000 - KRANJ,VO 1006 - KRANJ 3,17,"Tenetiše, Dom druž. pol. org., Tenetiše 80",337,204,0.6053,204,203,1,1.0,104,0.512315,99,0.487685
188,VE 1000 - KRANJ,VO 1006 - KRANJ 3,18,"Trstenik, Dom krajevne skupnosti, Trstenik 8 a",600,402,0.67,402,400,2,1.0,237,0.5925,163,0.4075
189,VE 1000 - KRANJ,VO 1006 - KRANJ 3,19,"Duplje, Gasilski dom Duplje, Zgornje Duplje 8",920,600,0.6522,600,591,9,1.0,266,0.450085,325,0.549915
190,VE 1000 - KRANJ,VO 1006 - KRANJ 3,20,"Naklo I, Dom Janeza Filipiča, Kranjska c.1, Naklo",1383,869,0.6283,869,856,13,1.0,419,0.489486,437,0.510514
191,VE 1000 - KRANJ,VO 1006 - KRANJ 3,21,"Naklo II, Večnamenski objekt Naklo, Stara c. 61  ",1152,711,0.6172,711,696,15,1.0,433,0.622126,263,0.377874
192,VE 1000 - KRANJ,VO 1006 - KRANJ 3,22,"Podbrezje, Kulturni dom, Podbrezje 147",753,436,0.579,436,425,11,1.0,243,0.571765,182,0.428235
193,VE 1000 - KRANJ,VO 1006 - KRANJ 3,23,"Bašelj, Brunarica TD Bašelj",403,247,0.6129,247,243,4,1.0,146,0.600823,97,0.399177
194,VE 1000 - KRANJ,VO 1006 - KRANJ 3,24,"Kokra, Osnovna šola, Kokra 23",213,118,0.554,118,118,0,1.0,67,0.567797,51,0.432203
195,VE 1000 - KRANJ,VO 1006 - KRANJ 3,25,"Preddvor, Večnamenski INFO center, Dvorski trg 3",1178,690,0.5857,690,680,10,1.0,385,0.566176,295,0.433824
196,VE 1000 - KRANJ,VO 1006 - KRANJ 3,26,"Tupaliče, Pension Zaplata, Tupaliče 32",491,313,0.6375,313,308,5,1.0,186,0.603896,122,0.396104
197,VE 1000 - KRANJ,VO 1006 - KRANJ 3,27,"Zgornja Bela, Dom krajanov, Zgornja Bela 67",633,385,0.6082,385,384,1,1.0,211,0.549479,173,0.450521
198,VE 1000 - KRANJ,VO 1006 - KRANJ 3,28,"Luže, Gasilski dom, Luže 27",220,157,0.7136,157,154,3,1.0,118,0.766234,36,0.233766
199,VE 1000 - KRANJ,VO 1006 - KRANJ 3,29,"Olševek, Gasilsko društvo Olševek, Olševek 18    ",292,194,0.6644,194,194,0,1.0,152,0.783505,42,0.216495
200,VE 1000 - KRANJ,VO 1006 - KRANJ 3,30,"Prebačevo, Gasilski dom, Prebačevo 63",405,235,0.5802,235,232,3,1.0,134,0.577586,98,0.422414
201,VE 1000 - KRANJ,VO 1006 - KRANJ 3,31,"Srednja vas, Gasilski dom, Srednja vas pri Š. 68",607,382,0.6293,382,382,0,1.0,200,0.52356,182,0.47644
202,VE 1000 - KRANJ,VO 1006 - KRANJ 3,32,"Šenčur I, OŠ Šenčur, Pipanova c.43, Šenčur",1157,637,0.5506,637,634,3,1.0,359,0.566246,275,0.433754
203,VE 1000 - KRANJ,VO 1006 - KRANJ 3,33,"Šenčur II, OŠ Šenčur, Pipanova c. 43, Šenčur",1120,680,0.6071,680,671,9,1.0,353,0.52608,318,0.47392
204,VE 1000 - KRANJ,VO 1006 - KRANJ 3,34,"Visoko, Dom krajanov, Visoko 67",1084,661,0.6098,660,647,13,1.0,337,0.520866,310,0.479134
205,VE 1000 - KRANJ,VO 1006 - KRANJ 3,35,"Voglje, Dom vaščanov Voglje, Na vasi 21, Voglje",544,352,0.6471,352,351,1,1.0,234,0.666667,117,0.333333
206,VE 1000 - KRANJ,VO 1006 - KRANJ 3,36,"Voklo, Športno kulturni dom, Voklo 28",395,247,0.6253,247,245,2,1.0,161,0.657143,84,0.342857
207,VE 1000 - KRANJ,VO 1006 - KRANJ 3,37,"Trboje, Dom krajanov, Trboje 39",562,326,0.5801,326,322,4,1.0,189,0.586957,133,0.413043
208,VE 1000 - KRANJ,VO 1006 - KRANJ 3,38,"Sp. Jezersko, Gostilna Kanonir, Sp. Jezersko 5",65,39,0.6,39,37,2,1.0,15,0.405405,22,0.594595
209,VE 1000 - KRANJ,VO 1006 - KRANJ 3,39,"Zg. Jezersko, Korotan, Zgornje Jezersko 57",467,300,0.6424,300,293,7,1.0,122,0.416382,171,0.583618
210,VE 1000 - KRANJ,VO 1006 - KRANJ 3,40,"Hotemaže, Vaški gasilski dom, Hotemaže 80",392,242,0.6173,242,242,0,1.0,148,0.61157,94,0.38843
211,VE 1000 - KRANJ,VO 1006 - KRANJ 3,901,Predčasno glasovanje,0,621,0.0,621,618,3,1.0,271,0.438511,347,0.561489
212,VE 1000 - KRANJ,VO 1006 - KRANJ 3,997,Pošta doma OVK,0,48,0.0,48,48,0,1.0,29,0.604167,19,0.395833
213,VE 1000 - KRANJ,VO 1006 - KRANJ 3,9971000,Pošta doma VKVE,0,0,0.0,0,0,0,,0,0.0,0,0.0
214,VE 1000 - KRANJ,VO 1006 - KRANJ 3,99799,Pošta doma DVK,0,0,0.0,0,0,0,,0,0.0,0,0.0
215,VE 1000 - KRANJ,VO 1006 - KRANJ 3,998,Pošta tujina OVK,0,38,0.0,38,33,5,1.0,16,0.484848,17,0.515152
216,VE 1000 - KRANJ,VO 1006 - KRANJ 3,9981000,Pošta tujina VKVE,0,0,0.0,0,0,0,,0,0.0,0,0.0
217,VE 1000 - KRANJ,VO 1006 - KRANJ 3,99899,Pošta tujina DVK,0,0,0.0,0,0,0,,0,0.0,0,0.0
218,VE 1000 - KRANJ,VO 1006 - KRANJ 3,999,Posebni volilni imenik,797,0,0.0,0,0,0,,0,0.0,0,0.0
219,VE 1000 - KRANJ,VO 1007 - TRŽIČ,1,"Bistrica I, Osnovna šola Bistrica, Begunjska c. 2",1328,599,0.4511,599,590,9,1.0,220,0.372881,370,0.627119
220,VE 1000 - KRANJ,VO 1007 - TRŽIČ,2,"Bistrica II, Osnovna šola Bistrica, Begunjska c.2",1243,502,0.4039,502,495,7,1.0,192,0.387879,303,0.612121
221,VE 1000 - KRANJ,VO 1007 - TRŽIČ,3,"Brezje, Dom krajanov, Brezje pri Tržiču 55, Tržič",423,229,0.5414,229,226,3,1.0,104,0.460177,122,0.539823
222,VE 1000 - KRANJ,VO 1007 - TRŽIČ,4,"Jelendol, Dom krajanov, Jelendol 8, Tržič",164,79,0.4817,79,79,0,1.0,49,0.620253,30,0.379747
223,VE 1000 - KRANJ,VO 1007 - TRŽIČ,5,"Kovor, Krajevna skupnost, Glavna cesta 24, Kovor",1385,688,0.4968,688,678,10,1.0,331,0.488201,347,0.511799
224,VE 1000 - KRANJ,VO 1007 - TRŽIČ,6,"Križe, Osnovna šola Križe, C. Kokrškega odreda 16",842,440,0.5226,440,433,7,1.0,218,0.503464,215,0.496536
225,VE 1000 - KRANJ,VO 1007 - TRŽIČ,7,"Leše, Gasilski dom Leše, Leše 3, Tržič ",270,112,0.4148,112,111,1,1.0,53,0.477477,58,0.522523
226,VE 1000 - KRANJ,VO 1007 - TRŽIČ,8,"Lom pod Storžičem,Dom krajanov,Lom pod Storžič.56",465,271,0.5828,271,271,0,1.0,211,0.778598,60,0.221402
227,VE 1000 - KRANJ,VO 1007 - TRŽIČ,9,"Podljubelj, Dom krajanov, Podljubelj 242, Tržič ",706,381,0.5397,381,373,8,1.0,137,0.367292,236,0.632708
228,VE 1000 - KRANJ,VO 1007 - TRŽIČ,10,"Pristava, Fundacija V.Drakslerja, Pristavška c.16",704,365,0.5185,365,361,4,1.0,135,0.373961,226,0.626039
229,VE 1000 - KRANJ,VO 1007 - TRŽIČ,11,"Ravne,Krajevna skupnost Ravne, Pot na Zali Rovt 3",840,320,0.381,320,319,1,1.0,125,0.39185,194,0.60815
230,VE 1000 - KRANJ,VO 1007 - TRŽIČ,12,"Sebenje, Dom krajanov, Sebenje 43, Križe",917,533,0.5812,533,531,2,1.0,288,0.542373,243,0.457627
231,VE 1000 - KRANJ,VO 1007 - TRŽIČ,13,"Senično, Krajevna skupnost, Senično 30, Križe   ",365,226,0.6192,226,220,6,1.0,119,0.540909,101,0.459091
232,VE 1000 - KRANJ,VO 1007 - TRŽIČ,14,"Tržič I,Galerija Atrij Občine Tržič,Trg svobode18",1215,364,0.2996,364,359,5,1.0,134,0.373259,225,0.626741
233,VE 1000 - KRANJ,VO 1007 - TRŽIČ,15,"Tržič II, Društvo upokojencev Tržič,Trg svobode18",864,269,0.3113,269,265,4,1.0,109,0.411321,156,0.588679
234,VE 1000 - KRANJ,VO 1007 - TRŽIČ,901,Predčasno glasovanje,0,1164,0.0,1164,1153,11,1.0,435,0.377277,718,0.622723
235,VE 1000 - KRANJ,VO 1007 - TRŽIČ,970,OMNIA od: 1007,0,19,0.0,19,19,0,1.0,11,0.578947,8,0.421053
236,VE 1000 - KRANJ,VO 1007 - TRŽIČ,997,Pošta doma OVK,0,9,0.0,9,9,0,1.0,4,0.444444,5,0.555556
237,VE 1000 - KRANJ,VO 1007 - TRŽIČ,9971000,Pošta doma VKVE,0,0,0.0,0,0,0,,0,0.0,0,0.0
238,VE 1000 - KRANJ,VO 1007 - TRŽIČ,99799,Pošta doma DVK,0,0,0.0,0,0,0,,0,0.0,0,0.0
239,VE 1000 - KRANJ,VO 1007 - TRŽIČ,998,Pošta tujina OVK,0,9,0.0,9,9,0,1.0,3,0.333333,6,0.666667
240,VE 1000 - KRANJ,VO 1007 - TRŽIČ,9981000,Pošta tujina VKVE,0,0,0.0,0,0,0,,0,0.0,0,0.0
241,VE 1000 - KRANJ,VO 1007 - TRŽIČ,99899,Pošta tujina DVK,0,0,0.0,0,0,0,,0,0.0,0,0.0
242,VE 1000 - KRANJ,VO 1007 - TRŽIČ,999,Posebni volilni imenik,709,0,0.0,0,0,0,,0,0.0,0,0.0
243,VE 1000 - KRANJ,VO 1008 - ŠKOFJA LOKA 1,1,"Krajevna skupnost Godešič, Godešič 100, Šk. Loka",506,319,0.6304,319,318,1,1.0,189,0.59434,129,0.40566
244,VE 1000 - KRANJ,VO 1008 - ŠKOFJA LOKA 1,2,"Gasilski dom Virmaše, Virmaše 14, Škofja Loka",774,508,0.6563,508,506,2,1.0,245,0.48419,261,0.51581
245,VE 1000 - KRANJ,VO 1008 - ŠKOFJA LOKA 1,3,"Kulturni dom Sv. Duh, Sv. Duh 10, Škofja Loka",1223,787,0.6435,787,778,9,1.0,428,0.550129,350,0.449871
246,VE 1000 - KRANJ,VO 1008 - ŠKOFJA LOKA 1,4,"OŠ Škofja Loka-Mesto, Šolska ulica 1, Šk. Loka",628,270,0.4299,270,263,7,1.0,88,0.334601,175,0.665399
247,VE 1000 - KRANJ,VO 1008 - ŠKOFJA LOKA 1,5,"Prostori Društva upokojencev,Partizanska c.1,Š.L.",807,398,0.4932,398,394,4,1.0,167,0.423858,227,0.576142
248,VE 1000 - KRANJ,VO 1008 - ŠKOFJA LOKA 1,6,"Gasilski dom Škofja Loka, Studenec 5",890,488,0.5483,488,479,9,1.0,233,0.48643,246,0.51357
249,VE 1000 - KRANJ,VO 1008 - ŠKOFJA LOKA 1,7,"Osnovna šola Reteče, Reteče 43, Škofja Loka",871,542,0.6223,542,531,11,1.0,275,0.517891,256,0.482109
250,VE 1000 - KRANJ,VO 1008 - ŠKOFJA LOKA 1,8,"OŠ Cvetko Golar I., Frankovo naselje 51, Šk. Loka",1263,645,0.5107,645,635,10,1.0,285,0.448819,350,0.551181
251,VE 1000 - KRANJ,VO 1008 - ŠKOFJA LOKA 1,9,"OŠ Cvetko Golar II., Frankovo naselje 51,Šk.Loka",1024,532,0.5195,532,520,12,1.0,231,0.444231,289,0.555769
252,VE 1000 - KRANJ,VO 1008 - ŠKOFJA LOKA 1,10,"OŠ Cvetko Golar III., Frankovo naselje 51,Šk.Loka",531,297,0.5593,297,295,2,1.0,171,0.579661,124,0.420339
253,VE 1000 - KRANJ,VO 1008 - ŠKOFJA LOKA 1,11,"Gasilski dom Gosteče, Gosteče 10, Škofja Loka",376,236,0.6277,236,234,2,1.0,154,0.65812,80,0.34188
254,VE 1000 - KRANJ,VO 1008 - ŠKOFJA LOKA 1,12,"OŠ Ivana Groharja, Podlubnik 1, Škofja Loka",1275,677,0.531,677,671,6,1.0,300,0.447094,371,0.552906
255,VE 1000 - KRANJ,VO 1008 - ŠKOFJA LOKA 1,13,"Rotovž, Mestni trg 35, Škofja Loka",1106,438,0.396,438,431,7,1.0,208,0.482599,223,0.517401
256,VE 1000 - KRANJ,VO 1008 - ŠKOFJA LOKA 1,14,"Puštalski grad, Puštal 21, Škofja Loka",545,310,0.5688,310,307,3,1.0,158,0.514658,149,0.485342
257,VE 1000 - KRANJ,VO 1008 - ŠKOFJA LOKA 1,15,"Trgovina kmečki stroji, Sv. Barbara 23, Šk. Loka",310,183,0.5903,183,182,1,1.0,133,0.730769,49,0.269231
258,VE 1000 - KRANJ,VO 1008 - ŠKOFJA LOKA 1,16,"Krajevna skupnost Podlubnik, Podlubnik 139",1577,885,0.5612,885,875,10,1.0,349,0.398857,526,0.601143
259,VE 1000 - KRANJ,VO 1008 - ŠKOFJA LOKA 1,18,"Tržnica Škofja Loka, Partizanska cesta 1, Šk.Loka",1345,781,0.5807,781,772,9,1.0,428,0.554404,344,0.445596
260,VE 1000 - KRANJ,VO 1008 - ŠKOFJA LOKA 1,20,"Zadružni dom Log nad Škofjo Loko, Log nad Šk.L.31",428,293,0.6846,293,289,4,1.0,232,0.802768,57,0.197232
261,VE 1000 - KRANJ,VO 1008 - ŠKOFJA LOKA 1,21,"Šola Gabrk, Gabrk 1, Škofja Loka",231,153,0.6623,153,149,4,1.0,76,0.510067,73,0.489933
262,VE 1000 - KRANJ,VO 1008 - ŠKOFJA LOKA 1,22,"Zadružni dom Zminec, Zminec 35, Škofja Loka",734,483,0.658,483,479,4,1.0,311,0.649269,168,0.350731
263,VE 1000 - KRANJ,VO 1008 - ŠKOFJA LOKA 1,23,"Krajevna skupnost Lenart, Sv. Lenart 21, Selca",301,198,0.6578,198,198,0,1.0,145,0.732323,53,0.267677
264,VE 1000 - KRANJ,VO 1008 - ŠKOFJA LOKA 1,24,"Osnovna šola Bukovščica, Bukovščica 4, Selca",269,190,0.7063,190,190,0,1.0,155,0.815789,35,0.184211
265,VE 1000 - KRANJ,VO 1008 - ŠKOFJA LOKA 1,25,"Osnovna šola Bukovica, Bukovica 20, Selca",593,372,0.6273,372,369,3,1.0,284,0.769648,85,0.230352
266,VE 1000 - KRANJ,VO 1008 - ŠKOFJA LOKA 1,901,Predčasno glasovanje,0,1175,0.0,1175,1164,11,1.0,435,0.373711,729,0.626289
267,VE 1000 - KRANJ,VO 1008 - ŠKOFJA LOKA 1,970,OMNIA od: 1008,0,83,0.0,83,81,2,1.0,40,0.493827,41,0.506173
268,VE 1000 - KRANJ,VO 1008 - ŠKOFJA LOKA 1,997,Pošta doma OVK,0,28,0.0,28,28,0,1.0,16,0.571429,12,0.428571
269,VE 1000 - KRANJ,VO 1008 - ŠKOFJA LOKA 1,9971000,Pošta doma VKVE,0,0,0.0,0,0,0,,0,0.0,0,0.0
270,VE 1000 - KRANJ,VO 1008 - ŠKOFJA LOKA 1,99799,Pošta doma DVK,0,0,0.0,0,0,0,,0,0.0,0,0.0
271,VE 1000 - KRANJ,VO 1008 - ŠKOFJA LOKA 1,998,Pošta tujina OVK,0,38,0.0,38,38,0,1.0,11,0.289474,27,0.710526
272,VE 1000 - KRANJ,VO 1008 - ŠKOFJA LOKA 1,9981000,Pošta tujina VKVE,0,0,0.0,0,0,0,,0,0.0,0,0.0
273,VE 1000 - KRANJ,VO 1008 - ŠKOFJA LOKA 1,99899,Pošta tujina DVK,0,0,0.0,0,0,0,,0,0.0,0,0.0
274,VE 1000 - KRANJ,VO 1008 - ŠKOFJA LOKA 1,999,Posebni volilni imenik,1011,0,0.0,0,0,0,,0,0.0,0,0.0
275,VE 1000 - KRANJ,VO 1009 - ŠKOFJA LOKA 2,1,"Rudnik Žirovski vrh TODRAŽ, Todraž 1, Gorenja vas",253,151,0.5968,151,151,0,1.0,125,0.827815,26,0.172185
276,VE 1000 - KRANJ,VO 1009 - ŠKOFJA LOKA 2,2,"Sokolski dom GORENJA VAS-mala dvorana,Poljan.c.87",1157,601,0.5194,601,594,7,1.0,354,0.59596,240,0.40404
277,VE 1000 - KRANJ,VO 1009 - ŠKOFJA LOKA 2,3,"Gasilski dom HOTAVLJE, Hotavlje 112, Gorenja vas",611,400,0.6547,400,395,5,1.0,311,0.787342,84,0.212658
278,VE 1000 - KRANJ,VO 1009 - ŠKOFJA LOKA 2,4,"Osnovna šola LESKOVICA, Leskovica 1, Gorenja vas",258,149,0.5775,149,145,4,1.0,109,0.751724,36,0.248276
279,VE 1000 - KRANJ,VO 1009 - ŠKOFJA LOKA 2,5,"Osnovna šola JAVORJE,Javorje 6,Poljane nad Šk. L.",501,352,0.7026,352,349,3,1.0,306,0.876791,43,0.123209
280,VE 1000 - KRANJ,VO 1009 - ŠKOFJA LOKA 2,6,"Kulturni dom LUČINE, Lučine 11a, Gorenja vas",427,288,0.6745,288,287,1,1.0,234,0.815331,53,0.184669
281,VE 1000 - KRANJ,VO 1009 - ŠKOFJA LOKA 2,7,"Gasilski dom TREBIJA, Trebija 4, Gorenja vas",450,281,0.6244,281,277,4,1.0,150,0.541516,127,0.458484
282,VE 1000 - KRANJ,VO 1009 - ŠKOFJA LOKA 2,8,"Stavba ob župnišču v STARI OSELICI,St.Oselica 33",95,46,0.4842,46,46,0,1.0,40,0.869565,6,0.130435
283,VE 1000 - KRANJ,VO 1009 - ŠKOFJA LOKA 2,9,"Šubičeva hiša,Poljane nad Škofjo Loko 70,Poljane",1393,903,0.6482,903,892,11,1.0,609,0.682735,283,0.317265
284,VE 1000 - KRANJ,VO 1009 - ŠKOFJA LOKA 2,10,"Demšar Slavko, Dolenje Brdo 7, Poljane nad Šk.L.",139,94,0.6763,94,93,1,1.0,77,0.827957,16,0.172043
285,VE 1000 - KRANJ,VO 1009 - ŠKOFJA LOKA 2,11,"Šola MALENSKI VRH, Malenski Vrh 14,Poljane",65,42,0.6462,42,42,0,1.0,34,0.809524,8,0.190476
286,VE 1000 - KRANJ,VO 1009 - ŠKOFJA LOKA 2,12,"Kulturna dvorana SOVODENJ, Sovodenj 23, Sovodenj",461,282,0.6117,282,281,1,1.0,167,0.594306,114,0.405694
287,VE 1000 - KRANJ,VO 1009 - ŠKOFJA LOKA 2,13,"Etnografski muzej DAVČA, Davča 25 a, Železniki",234,134,0.5726,134,130,4,1.0,103,0.792308,27,0.207692
288,VE 1000 - KRANJ,VO 1009 - ŠKOFJA LOKA 2,14,"Objekt na športnem igrišcu,Dolenja vas 127,Selca ",368,254,0.6902,254,252,2,1.0,172,0.68254,80,0.31746
289,VE 1000 - KRANJ,VO 1009 - ŠKOFJA LOKA 2,15,"Osnovna šola DRAŽGOŠE, Dražgoše 35, Železniki",252,171,0.6786,171,165,6,1.0,75,0.454545,90,0.545455
290,VE 1000 - KRANJ,VO 1009 - ŠKOFJA LOKA 2,16,"Gasilski dom RUDNO, Rudno 5, Železniki",188,120,0.6383,120,120,0,1.0,81,0.675,39,0.325
291,VE 1000 - KRANJ,VO 1009 - ŠKOFJA LOKA 2,17,"Osnovna šola SELCA, Selca 95, Selca",729,512,0.7023,512,504,8,1.0,361,0.71627,143,0.28373
292,VE 1000 - KRANJ,VO 1009 - ŠKOFJA LOKA 2,18,"Berce Mirko, Lajše 12, Selca",89,72,0.809,72,72,0,1.0,54,0.75,18,0.25
293,VE 1000 - KRANJ,VO 1009 - ŠKOFJA LOKA 2,19,"Krajevna skupnost SORICA,Spodnja Sorica 16,Sorica",270,192,0.7111,192,190,2,1.0,151,0.794737,39,0.205263
294,VE 1000 - KRANJ,VO 1009 - ŠKOFJA LOKA 2,20,"Kulturni dom ŽELEZNIKI, Trnje 39, Železniki",732,430,0.5874,430,425,5,1.0,206,0.484706,219,0.515294
295,VE 1000 - KRANJ,VO 1009 - ŠKOFJA LOKA 2,21,"Osnovna šola ŽELEZNIKI, Otoki 13, Železniki",1149,656,0.5709,656,648,8,1.0,346,0.533951,302,0.466049
296,VE 1000 - KRANJ,VO 1009 - ŠKOFJA LOKA 2,22,"Restavracija LUŠINA, Češnjica 54, Železniki",681,449,0.6593,449,443,6,1.0,271,0.611738,172,0.388262
297,VE 1000 - KRANJ,VO 1009 - ŠKOFJA LOKA 2,23,"Kulturni dom ZALI LOG, Zali Log 46 a, Železniki",271,180,0.6642,180,176,4,1.0,128,0.727273,48,0.272727
298,VE 1000 - KRANJ,VO 1009 - ŠKOFJA LOKA 2,24,"Objekt pri šoli v PODLONKU,Podlonk 11,Železniki",145,106,0.731,106,105,1,1.0,78,0.742857,27,0.257143
299,VE 1000 - KRANJ,VO 1009 - ŠKOFJA LOKA 2,25,"Osnovna šola MARTINJ VRH,Martinj Vrh 21,Železniki",182,136,0.7473,136,135,1,1.0,114,0.844444,21,0.155556
300,VE 1000 - KRANJ,VO 1009 - ŠKOFJA LOKA 2,26,"OŠ Žiri-večnam.prostor-novi d.,Jobstova c.22,Žiri",617,363,0.5883,363,360,3,1.0,197,0.547222,163,0.452778
301,VE 1000 - KRANJ,VO 1009 - ŠKOFJA LOKA 2,27,"Družbeni dom Partizan ŽIRI, Loška c. 17, Žiri",1061,678,0.639,678,676,2,1.0,362,0.535503,314,0.464497
302,VE 1000 - KRANJ,VO 1009 - ŠKOFJA LOKA 2,28,"Zadružni dom ŽIRI,avla dvorane,Trg svobode 6,Žiri",800,484,0.605,484,476,8,1.0,266,0.558824,210,0.441176
303,VE 1000 - KRANJ,VO 1009 - ŠKOFJA LOKA 2,29,"Trgovina na SELU, Selo 2, Žiri",383,238,0.6214,238,234,4,1.0,138,0.589744,96,0.410256
304,VE 1000 - KRANJ,VO 1009 - ŠKOFJA LOKA 2,30,"Gasilski dom BREKOVICE, Brekovice 14, Žiri",102,81,0.7941,81,81,0,1.0,61,0.753086,20,0.246914
305,VE 1000 - KRANJ,VO 1009 - ŠKOFJA LOKA 2,31,"Gasilski dom RAČEVA, Račeva 41, Žiri",250,159,0.636,159,159,0,1.0,93,0.584906,66,0.415094
306,VE 1000 - KRANJ,VO 1009 - ŠKOFJA LOKA 2,32,"Gasilski dom DOBRAČEVA, Loška c. 64, Žiri",748,498,0.6658,498,492,6,1.0,270,0.54878,222,0.45122
307,VE 1000 - KRANJ,VO 1009 - ŠKOFJA LOKA 2,901,Predčasno glasovanje,0,129,0.0,129,127,2,1.0,63,0.496063,64,0.503937
308,VE 1000 - KRANJ,VO 1009 - ŠKOFJA LOKA 2,902,Predčasno glasovanje Gorenja vas-Poljane,0,288,0.0,288,288,0,1.0,159,0.552083,129,0.447917
309,VE 1000 - KRANJ,VO 1009 - ŠKOFJA LOKA 2,997,Pošta doma OVK,0,26,0.0,26,26,0,1.0,14,0.538462,12,0.461538
310,VE 1000 - KRANJ,VO 1009 - ŠKOFJA LOKA 2,9971000,Pošta doma VKVE,0,0,0.0,0,0,0,,0,0.0,0,0.0
311,VE 1000 - KRANJ,VO 1009 - ŠKOFJA LOKA 2,99799,Pošta doma DVK,0,0,0.0,0,0,0,,0,0.0,0,0.0
312,VE 1000 - KRANJ,VO 1009 - ŠKOFJA LOKA 2,998,Pošta tujina OVK,0,21,0.0,21,21,0,1.0,10,0.47619,11,0.52381
313,VE 1000 - KRANJ,VO 1009 - ŠKOFJA LOKA 2,9981000,Pošta tujina VKVE,0,0,0.0,0,0,0,,0,0.0,0,0.0
314,VE 1000 - KRANJ,VO 1009 - ŠKOFJA LOKA 2,99899,Pošta tujina DVK,0,0,0.0,0,0,0,,0,0.0,0,0.0
315,VE 1000 - KRANJ,VO 1009 - ŠKOFJA LOKA 2,999,Posebni volilni imenik,351,0,0.0,0,0,0,,0,0.0,0,0.0
316,VE 1000 - KRANJ,VO 1010 - KAMNIK,1,"Krajevni dom Motnik, Motnik 33, Motnik",248,162,0.6532,162,162,0,1.0,88,0.54321,74,0.45679
317,VE 1000 - KRANJ,VO 1010 - KAMNIK,2,"KD Špitalič, Špitalič 32A, Motnik",222,106,0.4775,106,105,1,1.0,72,0.685714,33,0.314286
318,VE 1000 - KRANJ,VO 1010 - KAMNIK,3,"KD Laze, Laze 4A, Laze v Tuhinju",995,626,0.6291,626,616,10,1.0,373,0.605519,243,0.394481
319,VE 1000 - KRANJ,VO 1010 - KAMNIK,4,"KD Šmartno, Šmartno v Tuhinju 27, Laze v Tuhinju",612,413,0.6748,413,410,3,1.0,261,0.636585,149,0.363415
320,VE 1000 - KRANJ,VO 1010 - KAMNIK,5,"KS Pšajnovica, Mali Rakitovec 15, Blagovica",168,98,0.5833,98,98,0,1.0,59,0.602041,39,0.397959
321,VE 1000 - KRANJ,VO 1010 - KAMNIK,6,"GD Srednja vas, Srednja vas 23, Kamnik",563,368,0.6536,368,361,7,1.0,207,0.573407,154,0.426593
322,VE 1000 - KRANJ,VO 1010 - KAMNIK,7,"PŠ Sela pri Kamniku,OŠ Šmartno, Šmartno 27A, Laze",514,291,0.5661,291,290,1,1.0,201,0.693103,89,0.306897
323,VE 1000 - KRANJ,VO 1010 - KAMNIK,8,"OŠ F. Albrehta, PŠ Nevlje, Nevlje 18, Kamnik",1434,812,0.5662,812,806,6,1.0,386,0.478908,420,0.521092
324,VE 1000 - KRANJ,VO 1010 - KAMNIK,10,"OŠ F. Albrehta,PŠ Vranja Peč,Vranja Peč 3, Kamnik",260,162,0.6231,162,159,3,1.0,108,0.679245,51,0.320755
325,VE 1000 - KRANJ,VO 1010 - KAMNIK,11,"KS Godič, Godič 73A, Stahovica",689,406,0.5893,406,403,3,1.0,211,0.523573,192,0.476427
326,VE 1000 - KRANJ,VO 1010 - KAMNIK,13,"OŠ Stranje, PŠ Gozd, Krivčevo 2, Stahovica",619,310,0.5008,310,310,0,1.0,153,0.493548,157,0.506452
327,VE 1000 - KRANJ,VO 1010 - KAMNIK,15,"OŠ Stranje, Zg. Stranje 22, Stahovica",1624,848,0.5222,848,841,7,1.0,481,0.571938,360,0.428062
328,VE 1000 - KRANJ,VO 1010 - KAMNIK,16,"ŠKD Mekinje, Cankarjeva c. 37, Kamnik",1318,658,0.4992,658,648,10,1.0,277,0.427469,371,0.572531
329,VE 1000 - KRANJ,VO 1010 - KAMNIK,17,"OŠ F. Albrehta, PŠ Tunjice, Tunjice 22, Kamnik",580,342,0.5897,342,338,4,1.0,209,0.618343,129,0.381657
330,VE 1000 - KRANJ,VO 1010 - KAMNIK,18,"OŠ M. Vere, Ljubljanska c. 16A, Kamnik",1556,729,0.4685,729,718,11,1.0,241,0.335655,477,0.664345
331,VE 1000 - KRANJ,VO 1010 - KAMNIK,19,"OŠ M. Vere, Ljubljanska c. 16A, Kamnik",1664,751,0.4513,751,747,4,1.0,199,0.266399,548,0.733601
332,VE 1000 - KRANJ,VO 1010 - KAMNIK,20,"KD Šmarca, Trg padlih borcev 2, Kamnik",1139,699,0.6137,699,694,5,1.0,346,0.498559,348,0.501441
333,VE 1000 - KRANJ,VO 1010 - KAMNIK,21,"KD Volčji Potok, Volčji Potok 43H, Radomlje",393,233,0.5929,233,225,8,1.0,85,0.377778,140,0.622222
334,VE 1000 - KRANJ,VO 1010 - KAMNIK,22,"Občina Kamnik, Glavni trg 24, Kamnik",2218,765,0.3449,765,760,5,1.0,310,0.407895,450,0.592105
335,VE 1000 - KRANJ,VO 1010 - KAMNIK,23,"GSŠRM Kamnik, Novi trg 41A, Kamnik",912,532,0.5833,532,528,4,1.0,208,0.393939,320,0.606061
336,VE 1000 - KRANJ,VO 1010 - KAMNIK,24,"Vrtec A. Medveda,Sneguljčica,Kovinarska 11,Kamnik",2029,933,0.4598,933,920,13,1.0,267,0.290217,653,0.709783
337,VE 1000 - KRANJ,VO 1010 - KAMNIK,25,"KD Podgorje, Podgorje 55A, Kamnik",794,483,0.6083,483,476,7,1.0,238,0.5,238,0.5
338,VE 1000 - KRANJ,VO 1010 - KAMNIK,26,"OŠ F. Albrehta, Šolska ul. 1, Kamnik",1609,764,0.4748,764,751,13,1.0,227,0.302264,524,0.697736
339,VE 1000 - KRANJ,VO 1010 - KAMNIK,27,"DK A. Breznika, Križ 17B, Komenda",424,271,0.6392,271,268,3,1.0,147,0.548507,121,0.451493
340,VE 1000 - KRANJ,VO 1010 - KAMNIK,28,"OŠ Komenda Moste, Moste, Moste 40, Komenda",1766,1056,0.598,1056,1047,9,1.0,542,0.51767,505,0.48233
341,VE 1000 - KRANJ,VO 1010 - KAMNIK,29,"OŠ Komenda Moste, Komenda, Glavarjeva 37, Komenda",2500,1492,0.5968,1492,1476,16,1.0,826,0.559621,650,0.440379
342,VE 1000 - KRANJ,VO 1010 - KAMNIK,901,Predčasno glasovanje,0,1968,0.0,1967,1950,17,1.0,693,0.355385,1257,0.644615
343,VE 1000 - KRANJ,VO 1010 - KAMNIK,970,OMNIA od: 1010,0,94,0.0,94,92,2,1.0,34,0.369565,58,0.630435
344,VE 1000 - KRANJ,VO 1010 - KAMNIK,997,Pošta doma OVK,0,48,0.0,48,48,0,1.0,28,0.583333,20,0.416667
345,VE 1000 - KRANJ,VO 1010 - KAMNIK,9971000,Pošta doma VKVE,0,0,0.0,0,0,0,,0,0.0,0,0.0
346,VE 1000 - KRANJ,VO 1010 - KAMNIK,99799,Pošta doma DVK,0,0,0.0,0,0,0,,0,0.0,0,0.0
347,VE 1000 - KRANJ,VO 1010 - KAMNIK,998,Pošta tujina OVK,0,43,0.0,43,39,4,1.0,18,0.461538,21,0.538462
348,VE 1000 - KRANJ,VO 1010 - KAMNIK,9981000,Pošta tujina VKVE,0,0,0.0,0,0,0,,0,0.0,0,0.0
349,VE 1000 - KRANJ,VO 1010 - KAMNIK,99899,Pošta tujina DVK,0,0,0.0,0,0,0,,0,0.0,0,0.0
350,VE 1000 - KRANJ,VO 1010 - KAMNIK,999,Posebni volilni imenik,1121,0,0.0,0,0,0,,0,0.0,0,0.0
351,VE 1000 - KRANJ,VO 1011 - IDRIJA,1,"LTO Laufar Cerkno, Močnikova ul. 2",635,352,0.5543,352,344,8,1.0,143,0.415698,201,0.584302
352,VE 1000 - KRANJ,VO 1011 - IDRIJA,2,"OŠ Cerkno (stranski vhod), Bevkova ul. 26",625,357,0.5712,357,354,3,1.0,148,0.418079,206,0.581921
353,VE 1000 - KRANJ,VO 1011 - IDRIJA,5,"Mlekarna Planina, Planina pri Cerknem 44",180,100,0.5556,100,96,4,1.0,59,0.614583,37,0.385417
354,VE 1000 - KRANJ,VO 1011 - IDRIJA,6,"Mlekarna Labinje, Labinje 10",60,31,0.5167,31,30,1,1.0,23,0.766667,7,0.233333
355,VE 1000 - KRANJ,VO 1011 - IDRIJA,8,"DK Bukovo, Bukovo 29",143,106,0.7413,106,106,0,1.0,62,0.584906,44,0.415094
356,VE 1000 - KRANJ,VO 1011 - IDRIJA,9,"Stara mlekarna v Zakojci, Zakojca 68",35,28,0.8,28,28,0,1.0,19,0.678571,9,0.321429
357,VE 1000 - KRANJ,VO 1011 - IDRIJA,10,"OŠ Novaki, Dolenji Novaki 26",379,207,0.5462,207,204,3,1.0,122,0.598039,82,0.401961
358,VE 1000 - KRANJ,VO 1011 - IDRIJA,11,"OŠ Orehek, Orehek 9a",125,68,0.544,68,67,1,1.0,30,0.447761,37,0.552239
359,VE 1000 - KRANJ,VO 1011 - IDRIJA,12,"VD Lazec, Lazec",447,229,0.5123,229,228,1,1.0,85,0.372807,143,0.627193
360,VE 1000 - KRANJ,VO 1011 - IDRIJA,14,"DK Kladje, Podlanišče 2",193,104,0.5389,104,101,3,1.0,68,0.673267,33,0.326733
361,VE 1000 - KRANJ,VO 1011 - IDRIJA,15,"Zgradba Rejc Viktorije, Jagršče 2",30,28,0.9333,28,26,2,1.0,7,0.269231,19,0.730769
362,VE 1000 - KRANJ,VO 1011 - IDRIJA,16,"Zgradba Makuc Stanka, Police 10",16,10,0.625,10,9,1,1.0,3,0.333333,6,0.666667
363,VE 1000 - KRANJ,VO 1011 - IDRIJA,18,"Prostori Okrepčevalnice Kurn k, Reka 1a",156,100,0.641,100,97,3,1.0,57,0.587629,40,0.412371
364,VE 1000 - KRANJ,VO 1011 - IDRIJA,19,"GD Šebrelje, Šebrelje 59a",261,177,0.6782,177,175,2,1.0,116,0.662857,59,0.337143
365,VE 1000 - KRANJ,VO 1011 - IDRIJA,21,"VD Poče, Poče 1a",260,157,0.6038,157,155,2,1.0,97,0.625806,58,0.374194
366,VE 1000 - KRANJ,VO 1011 - IDRIJA,23,"KD Ravne, Ravne pri Cerknem 8",149,102,0.6846,102,96,6,1.0,45,0.46875,51,0.53125
367,VE 1000 - KRANJ,VO 1011 - IDRIJA,24,"GD Zakriž, Zakriž 12",146,86,0.589,86,84,2,1.0,69,0.821429,15,0.178571
368,VE 1000 - KRANJ,VO 1011 - IDRIJA,26,"MC Idrija (Dijaški dom), Ul. IX. korpusa 17",608,300,0.4934,300,294,6,1.0,106,0.360544,188,0.639456
369,VE 1000 - KRANJ,VO 1011 - IDRIJA,28,"Mestna knjižnica, Ulica sv. Barbare 4-5",1168,603,0.5163,603,587,16,1.0,238,0.405451,349,0.594549
370,VE 1000 - KRANJ,VO 1011 - IDRIJA,29,"Gimnazija J.Vege, Študentovska ul. 16",396,192,0.4848,192,185,7,1.0,78,0.421622,107,0.578378
371,VE 1000 - KRANJ,VO 1011 - IDRIJA,32,"OŠ Idrija, Lapajnetova ul. 50",803,402,0.5006,402,397,5,1.0,149,0.375315,248,0.624685
372,VE 1000 - KRANJ,VO 1011 - IDRIJA,34,"Balinarski klub, Gregorčičeva ulica 8",491,252,0.5132,252,243,9,1.0,94,0.386831,149,0.613169
373,VE 1000 - KRANJ,VO 1011 - IDRIJA,35,"DU Idrija, Arkova ul. 4",778,352,0.4524,352,347,5,1.0,131,0.377522,216,0.622478
374,VE 1000 - KRANJ,VO 1011 - IDRIJA,36,"DU Idrija, Enota Marof, Vojkova ul. 35",100,60,0.6,60,59,1,1.0,23,0.389831,36,0.610169
375,VE 1000 - KRANJ,VO 1011 - IDRIJA,37,"Gostilna Pri Fežnarju, Idrijska Bela 15 ",63,29,0.4603,29,29,0,1.0,14,0.482759,15,0.517241
376,VE 1000 - KRANJ,VO 1011 - IDRIJA,38,"Zgradba Gantar Vlada, Čekovnik 15",91,55,0.6044,55,55,0,1.0,31,0.563636,24,0.436364
377,VE 1000 - KRANJ,VO 1011 - IDRIJA,39,"Prostori DK in gasilcev, Vojsko 24b",207,130,0.628,130,130,0,1.0,76,0.584615,54,0.415385
378,VE 1000 - KRANJ,VO 1011 - IDRIJA,41,"KD Sp. Idrija, Na vasi 34",756,459,0.6071,459,451,8,1.0,221,0.490022,230,0.509978
379,VE 1000 - KRANJ,VO 1011 - IDRIJA,42,"OŠ Sp. Idrija, Šolska ul. 9",588,274,0.466,274,268,6,1.0,104,0.38806,164,0.61194
380,VE 1000 - KRANJ,VO 1011 - IDRIJA,44,"OŠ Kanomlja, Srednja Kanomlja 20",259,145,0.5598,145,144,1,1.0,55,0.381944,89,0.618056
381,VE 1000 - KRANJ,VO 1011 - IDRIJA,46,"ZDD Idrijske Krnice, Idrijske Krnice 26",134,92,0.6866,92,92,0,1.0,72,0.782609,20,0.217391
382,VE 1000 - KRANJ,VO 1011 - IDRIJA,47,"Zgradba Franca Podobnika, Masore 11",33,17,0.5152,17,17,0,1.0,11,0.647059,6,0.352941
383,VE 1000 - KRANJ,VO 1011 - IDRIJA,48,"GD Vrsnik, Spodnji Vrsnik 9",226,163,0.7212,163,163,0,1.0,120,0.736196,43,0.263804
384,VE 1000 - KRANJ,VO 1011 - IDRIJA,50,"OŠ Ledine, Ledine 10",256,160,0.625,160,159,1,1.0,102,0.641509,57,0.358491
385,VE 1000 - KRANJ,VO 1011 - IDRIJA,51,"OŠ Črni Vrh, Črni Vrh 95",1024,613,0.5986,613,605,8,1.0,359,0.593388,246,0.406612
386,VE 1000 - KRANJ,VO 1011 - IDRIJA,54,"GD Dole, Dole 1c",333,195,0.5856,195,194,1,1.0,129,0.664948,65,0.335052
387,VE 1000 - KRANJ,VO 1011 - IDRIJA,55,"OŠ Zavratec, Zavratec 1",124,87,0.7016,87,87,0,1.0,77,0.885057,10,0.114943
388,VE 1000 - KRANJ,VO 1011 - IDRIJA,56,"OŠ Godovič, Godovič 35b",588,389,0.6616,389,385,4,1.0,270,0.701299,115,0.298701
389,VE 1000 - KRANJ,VO 1011 - IDRIJA,901,Predčasno glasovanje,0,589,0.0,589,583,6,1.0,168,0.288165,415,0.711835
390,VE 1000 - KRANJ,VO 1011 - IDRIJA,970,OMNIA od: 1011,0,16,0.0,16,16,0,1.0,6,0.375,10,0.625
391,VE 1000 - KRANJ,VO 1011 - IDRIJA,997,Pošta doma OVK,0,18,0.0,18,18,0,1.0,8,0.444444,10,0.555556
392,VE 1000 - KRANJ,VO 1011 - IDRIJA,9971000,Pošta doma VKVE,0,0,0.0,0,0,0,,0,0.0,0,0.0
393,VE 1000 - KRANJ,VO 1011 - IDRIJA,99799,Pošta doma DVK,0,0,0.0,0,0,0,,0,0.0,0,0.0
394,VE 1000 - KRANJ,VO 1011 - IDRIJA,998,Pošta tujina OVK,0,29,0.0,29,28,1,1.0,14,0.5,14,0.5
395,VE 1000 - KRANJ,VO 1011 - IDRIJA,9981000,Pošta tujina VKVE,0,0,0.0,0,0,0,,0,0.0,0,0.0
396,VE 1000 - KRANJ,VO 1011 - IDRIJA,99899,Pošta tujina DVK,0,0,0.0,0,0,0,,0,0.0,0,0.0
397,VE 1000 - KRANJ,VO 1011 - IDRIJA,999,Posebni volilni imenik,605,0,0.0,0,0,0,,0,0.0,0,0.0
398,VE 2000 - POSTOJNA,VO 2001 - TOLMIN,1,"Turistična pisarna na Logu v Trenti, Trenta 41",107,61,0.5701,61,60,1,1.0,25,0.416667,35,0.583333
399,VE 2000 - POSTOJNA,VO 2001 - TOLMIN,2,"OŠ Soča, Soča 28",167,86,0.515,86,86,0,1.0,42,0.488372,44,0.511628
400,VE 2000 - POSTOJNA,VO 2001 - TOLMIN,3,"Prostor KS, Kal-Koritnica 35",111,61,0.5495,61,61,0,1.0,23,0.377049,38,0.622951
401,VE 2000 - POSTOJNA,VO 2001 - TOLMIN,4,"OŠ Bovec, Trg golobarskih žrtev 17",474,255,0.538,255,254,1,1.0,122,0.480315,132,0.519685
402,VE 2000 - POSTOJNA,VO 2001 - TOLMIN,5,"Vrtec Bovec, Mala vas 121",326,145,0.4448,145,143,2,1.0,57,0.398601,86,0.601399
403,VE 2000 - POSTOJNA,VO 2001 - TOLMIN,6,"Bivša st. NKBM Bovec, Trg golobarskih žrtev 47",509,248,0.4872,248,245,3,1.0,103,0.420408,142,0.579592
404,VE 2000 - POSTOJNA,VO 2001 - TOLMIN,8,"Kulturni dom, Log pod Mangartom 54",128,70,0.5469,70,69,1,1.0,35,0.507246,34,0.492754
405,VE 2000 - POSTOJNA,VO 2001 - TOLMIN,9,"Stara mlekarna, Čezsoča 94",272,139,0.511,139,137,2,1.0,43,0.313869,94,0.686131
406,VE 2000 - POSTOJNA,VO 2001 - TOLMIN,10,"St. hiša (Rot), Log Čezsoški 21",52,35,0.6731,35,35,0,1.0,15,0.428571,20,0.571429
407,VE 2000 - POSTOJNA,VO 2001 - TOLMIN,11,"OŠ Žaga, Žaga 29",266,148,0.5564,148,148,0,1.0,68,0.459459,80,0.540541
408,VE 2000 - POSTOJNA,VO 2001 - TOLMIN,12,"Prostor PGD Srpenica, Srpenica 80",138,89,0.6449,89,87,2,1.0,41,0.471264,46,0.528736
409,VE 2000 - POSTOJNA,VO 2001 - TOLMIN,13,"Bivša mlekarna, Trnovo ob Soči 41",98,62,0.6327,62,62,0,1.0,44,0.709677,18,0.290323
410,VE 2000 - POSTOJNA,VO 2001 - TOLMIN,14,"Večnamenski objekt, Logje 4",59,26,0.4407,26,26,0,1.0,18,0.692308,8,0.307692
411,VE 2000 - POSTOJNA,VO 2001 - TOLMIN,15,"Gasilski dom, Breginj 92",160,93,0.5812,93,93,0,1.0,43,0.462366,50,0.537634
412,VE 2000 - POSTOJNA,VO 2001 - TOLMIN,16,"Večnamenski objekt, Sedlo 29",94,44,0.4681,44,44,0,1.0,24,0.545455,20,0.454545
413,VE 2000 - POSTOJNA,VO 2001 - TOLMIN,18,"Bar ""Kuzma"", Borjana 19",112,62,0.5536,62,61,1,1.0,35,0.57377,26,0.42623
414,VE 2000 - POSTOJNA,VO 2001 - TOLMIN,19,"Prostor KS, Podbela bš",57,49,0.8596,49,49,0,1.0,24,0.489796,25,0.510204
415,VE 2000 - POSTOJNA,VO 2001 - TOLMIN,21,"Mlekarna, Potoki 6",48,37,0.7708,37,37,0,1.0,18,0.486486,19,0.513514
416,VE 2000 - POSTOJNA,VO 2001 - TOLMIN,22,"Večnamenski objekt, Staro selo 54",264,174,0.6591,174,171,3,1.0,122,0.71345,49,0.28655
417,VE 2000 - POSTOJNA,VO 2001 - TOLMIN,23,"Dom A. Manfrede Kobarid, Gregorčičeva ul. 20",368,215,0.5842,215,212,3,1.0,111,0.523585,101,0.476415
418,VE 2000 - POSTOJNA,VO 2001 - TOLMIN,24,"KD Kobarid, Stresova ul. 2",506,309,0.6107,309,302,7,1.0,150,0.496689,152,0.503311
419,VE 2000 - POSTOJNA,VO 2001 - TOLMIN,25,"Prostor ob šp. igrišču, Sužid bš",108,70,0.6481,70,69,1,1.0,43,0.623188,26,0.376812
420,VE 2000 - POSTOJNA,VO 2001 - TOLMIN,26,"Mlekarna, Svino 23",89,58,0.6517,58,58,0,1.0,36,0.62069,22,0.37931
421,VE 2000 - POSTOJNA,VO 2001 - TOLMIN,27,"Prostor KS, Idrsko 22a",340,196,0.5765,196,193,3,1.0,138,0.715026,55,0.284974
422,VE 2000 - POSTOJNA,VO 2001 - TOLMIN,28,"Bivša OŠ, Livek 11",148,95,0.6419,95,95,0,1.0,61,0.642105,34,0.357895
423,VE 2000 - POSTOJNA,VO 2001 - TOLMIN,30,"Garaža (Šturm), Perati 11",48,33,0.6875,33,33,0,1.0,27,0.818182,6,0.181818
424,VE 2000 - POSTOJNA,VO 2001 - TOLMIN,31,"St. hiša (Vulikić), Jevšček 4",25,17,0.68,17,17,0,1.0,13,0.764706,4,0.235294
425,VE 2000 - POSTOJNA,VO 2001 - TOLMIN,32,"Gasilski dom, Drežnica 15a",186,154,0.828,154,154,0,1.0,130,0.844156,24,0.155844
426,VE 2000 - POSTOJNA,VO 2001 - TOLMIN,33,"Prostor KS, Koseč bš",49,38,0.7755,38,38,0,1.0,34,0.894737,4,0.105263
427,VE 2000 - POSTOJNA,VO 2001 - TOLMIN,34,"Mlekarna, Drežniške Ravne 4",145,111,0.7655,111,111,0,1.0,97,0.873874,14,0.126126
428,VE 2000 - POSTOJNA,VO 2001 - TOLMIN,35,"Mlekarna, Magozd 16",58,40,0.6897,40,40,0,1.0,38,0.95,2,0.05
429,VE 2000 - POSTOJNA,VO 2001 - TOLMIN,36,"OŠ Smast, Smast 13",160,97,0.6062,97,94,3,1.0,59,0.62766,35,0.37234
430,VE 2000 - POSTOJNA,VO 2001 - TOLMIN,37,"Družbeni dom, Ladra 43",113,66,0.5841,66,64,2,1.0,42,0.65625,22,0.34375
431,VE 2000 - POSTOJNA,VO 2001 - TOLMIN,38,"Prostor KS, Libušnje 7",37,27,0.7297,27,27,0,1.0,19,0.703704,8,0.296296
432,VE 2000 - POSTOJNA,VO 2001 - TOLMIN,39,"Garaža PGD Vrsno, Vrsno 37",93,68,0.7312,68,65,3,1.0,49,0.753846,16,0.246154
433,VE 2000 - POSTOJNA,VO 2001 - TOLMIN,40,"St. hiša (Manfreda), Krn 8",25,16,0.64,16,16,0,1.0,13,0.8125,3,0.1875
434,VE 2000 - POSTOJNA,VO 2001 - TOLMIN,41,"Prostori KS, Kamno 29 a",196,136,0.6939,136,136,0,1.0,88,0.647059,48,0.352941
435,VE 2000 - POSTOJNA,VO 2001 - TOLMIN,42,"Prostor KS, Volarje 33",217,134,0.6175,134,131,3,1.0,82,0.625954,49,0.374046
436,VE 2000 - POSTOJNA,VO 2001 - TOLMIN,43,"Mlekarna, Gabrje 9",85,54,0.6353,54,53,1,1.0,31,0.584906,22,0.415094
437,VE 2000 - POSTOJNA,VO 2001 - TOLMIN,44,"Mlekarna, Dolje 7",113,78,0.6903,78,76,2,1.0,44,0.578947,32,0.421053
438,VE 2000 - POSTOJNA,VO 2001 - TOLMIN,45,"Prostor KS, Zatolmin 1",304,184,0.6053,184,178,6,1.0,115,0.646067,63,0.353933
439,VE 2000 - POSTOJNA,VO 2001 - TOLMIN,46,"GŠ Tolmin (vhod iz Preš. ul.), Prešernova ul. 4a",693,307,0.443,307,302,5,1.0,140,0.463576,162,0.536424
440,VE 2000 - POSTOJNA,VO 2001 - TOLMIN,47,"Knjižnica Tolmin, Tumov drevored 6",660,296,0.4485,296,292,4,1.0,137,0.469178,155,0.530822
441,VE 2000 - POSTOJNA,VO 2001 - TOLMIN,48,"VDC Tolmin, Rutarjeva ul. 18",650,288,0.4431,288,281,7,1.0,128,0.455516,153,0.544484
442,VE 2000 - POSTOJNA,VO 2001 - TOLMIN,49,"Rdeči križ Tolmin, Brunov drevored 23",541,290,0.536,290,287,3,1.0,117,0.407666,170,0.592334
443,VE 2000 - POSTOJNA,VO 2001 - TOLMIN,50,"Mlekarna, Žabče 30",135,83,0.6148,83,82,1,1.0,32,0.390244,50,0.609756
444,VE 2000 - POSTOJNA,VO 2001 - TOLMIN,51,"""Kančan"", Zadlaz-Žabče 1",29,20,0.6897,20,20,0,1.0,9,0.45,11,0.55
445,VE 2000 - POSTOJNA,VO 2001 - TOLMIN,52,"St. hiša (Rutar), Zadlaz-Čadrg 14",23,18,0.7826,18,18,0,1.0,13,0.722222,5,0.277778
446,VE 2000 - POSTOJNA,VO 2001 - TOLMIN,54,"Sirarna, Čadrg 9",36,28,0.7778,28,27,1,1.0,14,0.518519,13,0.481481
447,VE 2000 - POSTOJNA,VO 2001 - TOLMIN,55,"Prostor LD, Poljubinj 62",378,248,0.6561,248,241,7,1.0,143,0.593361,98,0.406639
448,VE 2000 - POSTOJNA,VO 2001 - TOLMIN,56,"Prostor KS, Prapetno 8",102,58,0.5686,58,57,1,1.0,33,0.578947,24,0.421053
449,VE 2000 - POSTOJNA,VO 2001 - TOLMIN,57,"Kulturni dom, Ljubinj 12",114,74,0.6491,74,73,1,1.0,45,0.616438,28,0.383562
450,VE 2000 - POSTOJNA,VO 2001 - TOLMIN,58,"Stara OŠ Volče, Volče 25",440,247,0.5614,247,243,4,1.0,121,0.497942,122,0.502058
451,VE 2000 - POSTOJNA,VO 2001 - TOLMIN,59,"Družbeni prostor, Čiginj 45",165,87,0.5273,87,87,0,1.0,48,0.551724,39,0.448276
452,VE 2000 - POSTOJNA,VO 2001 - TOLMIN,60,"Družbeni prostor, Kozaršče 17",53,33,0.6226,33,33,0,1.0,16,0.484848,17,0.515152
453,VE 2000 - POSTOJNA,VO 2001 - TOLMIN,61,"OŠ Most na Soči, Most na Soči 18a",413,215,0.5206,215,212,3,1.0,111,0.523585,101,0.476415
454,VE 2000 - POSTOJNA,VO 2001 - TOLMIN,63,"Garaža (Kragelj), Sela pri Volčah 6a",73,38,0.5205,38,38,0,1.0,26,0.684211,12,0.315789
455,VE 2000 - POSTOJNA,VO 2001 - TOLMIN,64,"Mlekarna, Modrejce 29 a",92,62,0.6739,62,61,1,1.0,36,0.590164,25,0.409836
456,VE 2000 - POSTOJNA,VO 2001 - TOLMIN,65,"Garaža (Kofol), Modrej 3",244,152,0.623,152,149,3,1.0,54,0.362416,95,0.637584
457,VE 2000 - POSTOJNA,VO 2001 - TOLMIN,66,"Čakalnica na ŽP, Postaja 10",82,44,0.5366,44,44,0,1.0,11,0.25,33,0.75
458,VE 2000 - POSTOJNA,VO 2001 - TOLMIN,67,"Prostor KS, Idrija pri Bači 51",240,136,0.5667,136,134,2,1.0,82,0.61194,52,0.38806
459,VE 2000 - POSTOJNA,VO 2001 - TOLMIN,69,"""Bača bar"",  Bača pri Modreju 30",101,51,0.505,51,50,1,1.0,23,0.46,27,0.54
460,VE 2000 - POSTOJNA,VO 2001 - TOLMIN,70,"Bivša OŠ, Kanalski Lom 17a",83,57,0.6867,57,56,1,1.0,35,0.625,21,0.375
461,VE 2000 - POSTOJNA,VO 2001 - TOLMIN,71,"Garaža - bivši obrat, Tolminski Lom 11b",69,62,0.8986,62,61,1,1.0,41,0.672131,20,0.327869
462,VE 2000 - POSTOJNA,VO 2001 - TOLMIN,72,"Dom C. Kosmača, Slap ob Idrijci 28 a",240,122,0.5083,122,121,1,1.0,84,0.694215,37,0.305785
463,VE 2000 - POSTOJNA,VO 2001 - TOLMIN,73,"Prostor KS, Dolenja Trebuša 70",295,161,0.5458,161,159,2,1.0,90,0.566038,69,0.433962
464,VE 2000 - POSTOJNA,VO 2001 - TOLMIN,75,"Izletniška kmetija Žerovc, Gorenja Trebuša 40b",83,39,0.4699,39,39,0,1.0,21,0.538462,18,0.461538
465,VE 2000 - POSTOJNA,VO 2001 - TOLMIN,76,"Dvorana - telovadnica, Šentviška Gora 19",188,112,0.5957,112,112,0,1.0,72,0.642857,40,0.357143
466,VE 2000 - POSTOJNA,VO 2001 - TOLMIN,77,"Mlekarna, Prapetno Brdo 35",89,53,0.5955,53,52,1,1.0,23,0.442308,29,0.557692
467,VE 2000 - POSTOJNA,VO 2001 - TOLMIN,78,"Prostor KS, Pečine 30",120,77,0.6417,77,76,1,1.0,50,0.657895,26,0.342105
468,VE 2000 - POSTOJNA,VO 2001 - TOLMIN,79,"Gasilski dom, Ponikve 26",149,101,0.6779,101,99,2,1.0,52,0.525253,47,0.474747
469,VE 2000 - POSTOJNA,VO 2001 - TOLMIN,80,"Večnamenski objekt, Kneža 78",177,90,0.5085,90,86,4,1.0,21,0.244186,65,0.755814
470,VE 2000 - POSTOJNA,VO 2001 - TOLMIN,81,"St. hiša (Šorli), Klavže 7",53,32,0.6038,32,32,0,1.0,8,0.25,24,0.75
471,VE 2000 - POSTOJNA,VO 2001 - TOLMIN,82,"Mlekarna, Logaršče 33",49,33,0.6735,33,33,0,1.0,14,0.424242,19,0.575758
472,VE 2000 - POSTOJNA,VO 2001 - TOLMIN,83,"Stara šola, Temljine 21",32,23,0.7188,23,22,1,1.0,8,0.363636,14,0.636364
473,VE 2000 - POSTOJNA,VO 2001 - TOLMIN,84,"Kotiček, Podmelec bš",66,37,0.5606,37,36,1,1.0,16,0.444444,20,0.555556
474,VE 2000 - POSTOJNA,VO 2001 - TOLMIN,86,"Dvorana KS, Grahovo ob Bači 47",114,64,0.5614,64,61,3,1.0,23,0.377049,38,0.622951
475,VE 2000 - POSTOJNA,VO 2001 - TOLMIN,87,"Prostor bivše trgovine, Koritnica 50",116,73,0.6293,73,72,1,1.0,33,0.458333,39,0.541667
476,VE 2000 - POSTOJNA,VO 2001 - TOLMIN,88,"Prostor KS, Rut 29",50,34,0.68,34,34,0,1.0,20,0.588235,14,0.411765
477,VE 2000 - POSTOJNA,VO 2001 - TOLMIN,89,"Prostor KS, Hudajužna 22c",89,58,0.6517,58,58,0,1.0,29,0.5,29,0.5
478,VE 2000 - POSTOJNA,VO 2001 - TOLMIN,90,"Prostor KS, Stržišče 28",45,28,0.6222,28,28,0,1.0,18,0.642857,10,0.357143
479,VE 2000 - POSTOJNA,VO 2001 - TOLMIN,91,"Prostor LD Podbrdo, Podbrdo 39",301,154,0.5116,154,150,4,1.0,58,0.386667,92,0.613333
480,VE 2000 - POSTOJNA,VO 2001 - TOLMIN,92,"Gasilski dom, Podbrdo 8",181,100,0.5525,100,96,4,1.0,44,0.458333,52,0.541667
481,VE 2000 - POSTOJNA,VO 2001 - TOLMIN,93,"DU Petrovo Brdo, Petrovo Brdo 7",41,23,0.561,23,23,0,1.0,15,0.652174,8,0.347826
482,VE 2000 - POSTOJNA,VO 2001 - TOLMIN,94,"Mlekarna, Bača pri Podbrdu 12",22,17,0.7727,17,17,0,1.0,11,0.647059,6,0.352941
483,VE 2000 - POSTOJNA,VO 2001 - TOLMIN,901,Predčasno glasovanje,0,578,0.0,578,572,6,1.0,207,0.361888,365,0.638112
484,VE 2000 - POSTOJNA,VO 2001 - TOLMIN,970,OMNIA od: 2001,0,57,0.0,57,57,0,1.0,16,0.280702,41,0.719298
485,VE 2000 - POSTOJNA,VO 2001 - TOLMIN,997,Pošta doma OVK,0,22,0.0,22,22,0,1.0,11,0.5,11,0.5
486,VE 2000 - POSTOJNA,VO 2001 - TOLMIN,9972000,Pošta doma VKVE,0,0,0.0,0,0,0,,0,0.0,0,0.0
487,VE 2000 - POSTOJNA,VO 2001 - TOLMIN,99799,Pošta doma DVK,0,0,0.0,0,0,0,,0,0.0,0,0.0
488,VE 2000 - POSTOJNA,VO 2001 - TOLMIN,998,Pošta tujina OVK,0,62,0.0,62,56,6,1.0,23,0.410714,33,0.589286
489,VE 2000 - POSTOJNA,VO 2001 - TOLMIN,9982000,Pošta tujina VKVE,0,0,0.0,0,0,0,,0,0.0,0,0.0
490,VE 2000 - POSTOJNA,VO 2001 - TOLMIN,99899,Pošta tujina DVK,0,0,0.0,0,0,0,,0,0.0,0,0.0
491,VE 2000 - POSTOJNA,VO 2001 - TOLMIN,999,Posebni volilni imenik,1232,0,0.0,0,0,0,,0,0.0,0,0.0
492,VE 2000 - POSTOJNA,VO 2002 - PIRAN,1,Osnovna šola Lucija I,1697,656,0.3866,656,642,14,1.0,216,0.336449,426,0.663551
493,VE 2000 - POSTOJNA,VO 2002 - PIRAN,2,Osnovna šola Lucija II,1340,476,0.3552,476,471,5,1.0,137,0.29087,334,0.70913
494,VE 2000 - POSTOJNA,VO 2002 - PIRAN,3,Center za starejše občane Lucija I,991,330,0.333,330,323,7,1.0,118,0.365325,205,0.634675
495,VE 2000 - POSTOJNA,VO 2002 - PIRAN,4,Center za starejše občane Lucija II,1321,401,0.3036,401,391,10,1.0,148,0.378517,243,0.621483
496,VE 2000 - POSTOJNA,VO 2002 - PIRAN,5,Avditorij Portorož,842,334,0.3967,334,330,4,1.0,128,0.387879,202,0.612121
497,VE 2000 - POSTOJNA,VO 2002 - PIRAN,6,Dom družbenih organizacij Beli križ,1618,679,0.4197,679,673,6,1.0,250,0.371471,423,0.628529
498,VE 2000 - POSTOJNA,VO 2002 - PIRAN,7,Glasbena šola Piran,1395,398,0.2853,398,392,6,1.0,117,0.298469,275,0.701531
499,VE 2000 - POSTOJNA,VO 2002 - PIRAN,8,Zdravstveni dom Piran,1341,447,0.3333,447,438,9,1.0,128,0.292237,310,0.707763
500,VE 2000 - POSTOJNA,VO 2002 - PIRAN,9,Krajevna skupnost Strunjan,519,239,0.4605,239,236,3,1.0,88,0.372881,148,0.627119
501,VE 2000 - POSTOJNA,VO 2002 - PIRAN,10,Osnovna šola Sečovlje,1733,599,0.3456,599,590,9,1.0,219,0.371186,371,0.628814
502,VE 2000 - POSTOJNA,VO 2002 - PIRAN,11,Osnovna šola Sv. Peter,322,154,0.4783,154,152,2,1.0,78,0.513158,74,0.486842
503,VE 2000 - POSTOJNA,VO 2002 - PIRAN,12,"Dom Zmaga, Nova vas nad Dragonjo",192,79,0.4115,79,79,0,1.0,30,0.379747,49,0.620253
504,VE 2000 - POSTOJNA,VO 2002 - PIRAN,13,Kulturni dom B. Jakca Padna,150,79,0.5267,79,77,2,1.0,40,0.519481,37,0.480519
505,VE 2000 - POSTOJNA,VO 2002 - PIRAN,901,Predčasno glasovanje,0,1049,0.0,1049,1040,9,1.0,314,0.301923,726,0.698077
506,VE 2000 - POSTOJNA,VO 2002 - PIRAN,970,OMNIA od: 2002,0,129,0.0,129,124,5,1.0,41,0.330645,83,0.669355
507,VE 2000 - POSTOJNA,VO 2002 - PIRAN,997,Pošta doma OVK,0,20,0.0,20,20,0,1.0,9,0.45,11,0.55
508,VE 2000 - POSTOJNA,VO 2002 - PIRAN,9972000,Pošta doma VKVE,0,0,0.0,0,0,0,,0,0.0,0,0.0
509,VE 2000 - POSTOJNA,VO 2002 - PIRAN,99799,Pošta doma DVK,0,0,0.0,0,0,0,,0,0.0,0,0.0
510,VE 2000 - POSTOJNA,VO 2002 - PIRAN,998,Pošta tujina OVK,0,56,0.0,56,55,1,1.0,15,0.272727,40,0.727273
511,VE 2000 - POSTOJNA,VO 2002 - PIRAN,9982000,Pošta tujina VKVE,0,0,0.0,0,0,0,,0,0.0,0,0.0
512,VE 2000 - POSTOJNA,VO 2002 - PIRAN,99899,Pošta tujina DVK,0,0,0.0,0,0,0,,0,0.0,0,0.0
513,VE 2000 - POSTOJNA,VO 2002 - PIRAN,999,Posebni volilni imenik,1177,0,0.0,0,0,0,,0,0.0,0,0.0
514,VE 2000 - POSTOJNA,VO 2003 - IZOLA,1,"Dvorana Rdečega križa, Ul. ob starem zidovju 15a",1076,471,0.4377,471,470,1,1.0,147,0.312766,323,0.687234
515,VE 2000 - POSTOJNA,VO 2003 - IZOLA,2,"Palača Manzioli, Manziolijev trg 5",1040,414,0.3981,414,407,7,1.0,108,0.265356,299,0.734644
516,VE 2000 - POSTOJNA,VO 2003 - IZOLA,3,"Športna dvorana, Kraška 1a",681,293,0.4302,293,290,3,1.0,75,0.258621,215,0.741379
517,VE 2000 - POSTOJNA,VO 2003 - IZOLA,4,"Kulturni dom, Ul.okt. revolucije 1",1340,570,0.4254,570,561,9,1.0,138,0.245989,423,0.754011
518,VE 2000 - POSTOJNA,VO 2003 - IZOLA,5,"Mestna knjižnica Izola, Ul.osvobodilne fronte 15",1309,492,0.3759,492,485,7,1.0,142,0.292784,343,0.707216
519,VE 2000 - POSTOJNA,VO 2003 - IZOLA,6,"OŠ Livade, Livade 7",1365,511,0.3744,511,504,7,1.0,119,0.236111,385,0.763889
520,VE 2000 - POSTOJNA,VO 2003 - IZOLA,7,"OŠ Livade - prizidek šole, Livade 7",1286,597,0.4642,597,593,4,1.0,188,0.317032,405,0.682968
521,VE 2000 - POSTOJNA,VO 2003 - IZOLA,8,"KS Jagodje - Dobrava, Jagodje 24A",483,186,0.3851,186,185,1,1.0,62,0.335135,123,0.664865
522,VE 2000 - POSTOJNA,VO 2003 - IZOLA,9,"Baredi - Stara šola, Baredi 20",128,55,0.4297,55,54,1,1.0,23,0.425926,31,0.574074
523,VE 2000 - POSTOJNA,VO 2003 - IZOLA,10,"Šared - večnamensko igrišče, Šared",498,249,0.5,249,247,2,1.0,86,0.348178,161,0.651822
524,VE 2000 - POSTOJNA,VO 2003 - IZOLA,11,"Cetore - Zadružni dom, Cetore 17A",134,56,0.4179,56,53,3,1.0,21,0.396226,32,0.603774
525,VE 2000 - POSTOJNA,VO 2003 - IZOLA,12,"Malija - stara šola, Malija 62",469,237,0.5053,237,231,6,1.0,84,0.363636,147,0.636364
526,VE 2000 - POSTOJNA,VO 2003 - IZOLA,13,"Korte - ZDD - TD Šparžin, Korte 128",661,273,0.413,273,270,3,1.0,102,0.377778,168,0.622222
527,VE 2000 - POSTOJNA,VO 2003 - IZOLA,14,"Medgeneracijski center Izola, Livade 7a",1300,495,0.3808,495,486,9,1.0,170,0.349794,316,0.650206
528,VE 2000 - POSTOJNA,VO 2003 - IZOLA,901,Predčasno glasovanje,0,985,0.0,985,974,11,1.0,262,0.268994,712,0.731006
529,VE 2000 - POSTOJNA,VO 2003 - IZOLA,970,OMNIA od: 2003,0,121,0.0,121,120,1,1.0,43,0.358333,77,0.641667
530,VE 2000 - POSTOJNA,VO 2003 - IZOLA,997,Pošta doma OVK,0,36,0.0,36,36,0,1.0,15,0.416667,21,0.583333
531,VE 2000 - POSTOJNA,VO 2003 - IZOLA,9972000,Pošta doma VKVE,0,0,0.0,0,0,0,,0,0.0,0,0.0
532,VE 2000 - POSTOJNA,VO 2003 - IZOLA,99799,Pošta doma DVK,0,0,0.0,0,0,0,,0,0.0,0,0.0
533,VE 2000 - POSTOJNA,VO 2003 - IZOLA,998,Pošta tujina OVK,0,18,0.0,18,12,6,1.0,1,0.083333,11,0.916667
534,VE 2000 - POSTOJNA,VO 2003 - IZOLA,9982000,Pošta tujina VKVE,0,0,0.0,0,0,0,,0,0.0,0,0.0
535,VE 2000 - POSTOJNA,VO 2003 - IZOLA,99899,Pošta tujina DVK,0,0,0.0,0,0,0,,0,0.0,0,0.0
536,VE 2000 - POSTOJNA,VO 2003 - IZOLA,999,Posebni volilni imenik,820,0,0.0,0,0,0,,0,0.0,0,0.0
537,VE 2000 - POSTOJNA,VO 2004 - KOPER 1,1,Vrtec Semedela - Slavnik - Nova ulica 2/b,470,227,0.483,227,223,4,1.0,43,0.192825,180,0.807175
538,VE 2000 - POSTOJNA,VO 2004 - KOPER 1,2,Vrtec Semedela - Slavnik - Nova ulica 2/b,477,228,0.478,228,227,1,1.0,68,0.299559,159,0.700441
539,VE 2000 - POSTOJNA,VO 2004 - KOPER 1,3,Dom KS - Jurčičeva 2 ,514,210,0.4086,210,210,0,1.0,48,0.228571,162,0.771429
540,VE 2000 - POSTOJNA,VO 2004 - KOPER 1,4,Dom KS - Jurčičeva 2,516,216,0.4186,216,216,0,1.0,44,0.203704,172,0.796296
541,VE 2000 - POSTOJNA,VO 2004 - KOPER 1,5,OŠ Dušan Bordon - Rozmanova 21a,584,280,0.4795,280,276,4,1.0,60,0.217391,216,0.782609
542,VE 2000 - POSTOJNA,VO 2004 - KOPER 1,6,OŠ Dušan Bordon - Rozmanova 21a,430,206,0.4791,206,202,4,1.0,48,0.237624,154,0.762376
543,VE 2000 - POSTOJNA,VO 2004 - KOPER 1,7,OŠ Anton Ukmar - Pot v gaj 2,593,211,0.3558,211,207,4,1.0,44,0.21256,163,0.78744
544,VE 2000 - POSTOJNA,VO 2004 - KOPER 1,8,OŠ Anton Ukmar - Pot v gaj 2,512,174,0.3398,174,171,3,1.0,29,0.169591,142,0.830409
545,VE 2000 - POSTOJNA,VO 2004 - KOPER 1,9,OŠ Anton Ukmar - Pot v gaj 2,527,200,0.3795,200,198,2,1.0,51,0.257576,147,0.742424
546,VE 2000 - POSTOJNA,VO 2004 - KOPER 1,10,Obalni dom upokojencev Koper - Krožna cesta 5,662,264,0.3988,264,259,5,1.0,59,0.227799,200,0.772201
547,VE 2000 - POSTOJNA,VO 2004 - KOPER 1,11,Sedež KS Žusterna - Dolga reber 5,684,322,0.4708,322,319,3,1.0,80,0.250784,239,0.749216
548,VE 2000 - POSTOJNA,VO 2004 - KOPER 1,12,Sedež KS  - Oljčna pot 4,1299,525,0.4042,525,518,7,1.0,164,0.316602,354,0.683398
549,VE 2000 - POSTOJNA,VO 2004 - KOPER 1,13,Vrtec Semedela - Prisoje - Oljčna pot 63 ,930,403,0.4333,403,399,4,1.0,111,0.278195,288,0.721805
550,VE 2000 - POSTOJNA,VO 2004 - KOPER 1,14,Vrtec Semedela - Prisoje - Oljčna pot 63,436,141,0.3234,141,139,2,1.0,20,0.143885,119,0.856115
551,VE 2000 - POSTOJNA,VO 2004 - KOPER 1,15,Dnevni center Barčica - Prisoje 1 ,796,318,0.3995,318,316,2,1.0,81,0.256329,235,0.743671
552,VE 2000 - POSTOJNA,VO 2004 - KOPER 1,16,Študentski dom - Prisoje 9,535,215,0.4019,215,212,3,1.0,64,0.301887,148,0.698113
553,VE 2000 - POSTOJNA,VO 2004 - KOPER 1,17,sedež KS - Kraljeva 17,574,217,0.378,217,217,0,1.0,58,0.267281,159,0.732719
554,VE 2000 - POSTOJNA,VO 2004 - KOPER 1,18,OŠ Anton Ukmar - Pot v gaj 2,593,249,0.4199,249,243,6,1.0,57,0.234568,186,0.765432
555,VE 2000 - POSTOJNA,VO 2004 - KOPER 1,19,OŠ Anton Ukmar - Pot v gaj 2 ,661,237,0.3585,237,231,6,1.0,54,0.233766,177,0.766234
556,VE 2000 - POSTOJNA,VO 2004 - KOPER 1,20,SEPŠ - Martinčev trg 3,451,148,0.3282,148,146,2,1.0,43,0.294521,103,0.705479
557,VE 2000 - POSTOJNA,VO 2004 - KOPER 1,21,SEPŠ - Martinčev trg 3,674,215,0.319,215,210,5,1.0,63,0.3,147,0.7
558,VE 2000 - POSTOJNA,VO 2004 - KOPER 1,22,SEPŠ - Martinčev trg 3,784,281,0.3584,281,277,4,1.0,79,0.285199,198,0.714801
559,VE 2000 - POSTOJNA,VO 2004 - KOPER 1,23,SEPŠ - Martinčev trg 3,618,202,0.3269,202,199,3,1.0,56,0.281407,143,0.718593
560,VE 2000 - POSTOJNA,VO 2004 - KOPER 1,24,SEPŠ - Martinčev trg 3,667,239,0.3583,239,237,2,1.0,65,0.274262,172,0.725738
561,VE 2000 - POSTOJNA,VO 2004 - KOPER 1,25,SEPŠ - Martinčev trg 3,746,280,0.3753,280,278,2,1.0,90,0.323741,188,0.676259
562,VE 2000 - POSTOJNA,VO 2004 - KOPER 1,26,OŠ Dušan Bordon - Rozmanova 21a ,585,252,0.4308,252,246,6,1.0,73,0.296748,173,0.703252
563,VE 2000 - POSTOJNA,VO 2004 - KOPER 1,27,Obalni dom upokojencev Koper - Krožna cesta 5,707,298,0.4215,298,296,2,1.0,117,0.39527,179,0.60473
564,VE 2000 - POSTOJNA,VO 2004 - KOPER 1,901,Predčasno glasovanje,0,1139,0.0,1139,1125,14,1.0,286,0.254222,839,0.745778
565,VE 2000 - POSTOJNA,VO 2004 - KOPER 1,970,OMNIA od: 2004,0,186,0.0,186,183,3,1.0,77,0.420765,106,0.579235
566,VE 2000 - POSTOJNA,VO 2004 - KOPER 1,997,Pošta doma OVK,0,61,0.0,61,58,3,1.0,19,0.327586,39,0.672414
567,VE 2000 - POSTOJNA,VO 2004 - KOPER 1,9972000,Pošta doma VKVE,0,0,0.0,0,0,0,,0,0.0,0,0.0
568,VE 2000 - POSTOJNA,VO 2004 - KOPER 1,99799,Pošta doma DVK,0,0,0.0,0,0,0,,0,0.0,0,0.0
569,VE 2000 - POSTOJNA,VO 2004 - KOPER 1,998,Pošta tujina OVK,0,43,0.0,43,40,3,1.0,9,0.225,31,0.775
570,VE 2000 - POSTOJNA,VO 2004 - KOPER 1,9982000,Pošta tujina VKVE,0,0,0.0,0,0,0,,0,0.0,0,0.0
571,VE 2000 - POSTOJNA,VO 2004 - KOPER 1,99899,Pošta tujina DVK,0,0,0.0,0,0,0,,0,0.0,0,0.0
572,VE 2000 - POSTOJNA,VO 2004 - KOPER 1,999,Posebni volilni imenik,1460,0,0.0,0,0,0,,0,0.0,0,0.0
573,VE 2000 - POSTOJNA,VO 2005 - KOPER 2,1,OŠ Ankaran,1076,459,0.4266,459,457,2,1.0,146,0.319475,311,0.680525
574,VE 2000 - POSTOJNA,VO 2005 - KOPER 2,2,OŠ Ankaran,776,384,0.4948,384,379,5,1.0,102,0.269129,277,0.730871
575,VE 2000 - POSTOJNA,VO 2005 - KOPER 2,3,OŠ Ankaran,671,314,0.468,314,309,5,1.0,75,0.242718,234,0.757282
576,VE 2000 - POSTOJNA,VO 2005 - KOPER 2,4,Bertoki- Sedež KS,632,281,0.4446,281,272,9,1.0,79,0.290441,193,0.709559
577,VE 2000 - POSTOJNA,VO 2005 - KOPER 2,5,OŠ Prade,1034,512,0.4952,512,508,4,1.0,158,0.311024,350,0.688976
578,VE 2000 - POSTOJNA,VO 2005 - KOPER 2,6,Boršt - Dom KS,263,117,0.4449,117,115,2,1.0,30,0.26087,85,0.73913
579,VE 2000 - POSTOJNA,VO 2005 - KOPER 2,7,Črni Kal - sedež KS,175,74,0.4229,74,72,2,1.0,21,0.291667,51,0.708333
580,VE 2000 - POSTOJNA,VO 2005 - KOPER 2,8,Rižana - vrtec,366,173,0.4727,173,173,0,1.0,60,0.346821,113,0.653179
581,VE 2000 - POSTOJNA,VO 2005 - KOPER 2,9,Gabrovica - Vaški dom,96,43,0.4479,43,41,2,1.0,9,0.219512,32,0.780488
582,VE 2000 - POSTOJNA,VO 2005 - KOPER 2,10,Osp - dvorana,140,71,0.5071,71,70,1,1.0,30,0.428571,40,0.571429
583,VE 2000 - POSTOJNA,VO 2005 - KOPER 2,11,Kastelec - Vaški dom,83,47,0.5663,47,45,2,1.0,18,0.4,27,0.6
584,VE 2000 - POSTOJNA,VO 2005 - KOPER 2,12,Črnotiče - stara šola,87,56,0.6437,56,53,3,1.0,11,0.207547,42,0.792453
585,VE 2000 - POSTOJNA,VO 2005 - KOPER 2,13,Dol - GD,90,55,0.6111,55,53,2,1.0,23,0.433962,30,0.566038
586,VE 2000 - POSTOJNA,VO 2005 - KOPER 2,14,Hrastovlje - Vaški dom,114,73,0.6404,73,65,8,1.0,32,0.492308,33,0.507692
587,VE 2000 - POSTOJNA,VO 2005 - KOPER 2,15,Podpeč - Prkičeva hiša,44,29,0.6591,29,29,0,1.0,15,0.517241,14,0.482759
588,VE 2000 - POSTOJNA,VO 2005 - KOPER 2,16,Bezovica - dvorana,63,38,0.6032,38,36,2,1.0,15,0.416667,21,0.583333
589,VE 2000 - POSTOJNA,VO 2005 - KOPER 2,17,Loka - pomožni objekt,81,39,0.4815,39,37,2,1.0,13,0.351351,24,0.648649
590,VE 2000 - POSTOJNA,VO 2005 - KOPER 2,18,Predloka - pomožni objekt,65,39,0.6,39,38,1,1.0,13,0.342105,25,0.657895
591,VE 2000 - POSTOJNA,VO 2005 - KOPER 2,19,Dekani - KD,643,315,0.4899,315,314,1,1.0,97,0.308917,217,0.691083
592,VE 2000 - POSTOJNA,VO 2005 - KOPER 2,20,Dekani - KD,644,336,0.5217,336,333,3,1.0,105,0.315315,228,0.684685
593,VE 2000 - POSTOJNA,VO 2005 - KOPER 2,21,Gračišče - KD,436,193,0.4427,193,190,3,1.0,75,0.394737,115,0.605263
594,VE 2000 - POSTOJNA,VO 2005 - KOPER 2,22,Kubed - dvorana,152,83,0.5461,83,83,0,1.0,13,0.156627,70,0.843373
595,VE 2000 - POSTOJNA,VO 2005 - KOPER 2,23,Movraž - GD,153,89,0.5817,89,88,1,1.0,35,0.397727,53,0.602273
596,VE 2000 - POSTOJNA,VO 2005 - KOPER 2,24,Sočerga  - ZDD,153,60,0.3922,60,59,1,1.0,32,0.542373,27,0.457627
597,VE 2000 - POSTOJNA,VO 2005 - KOPER 2,25,Trebeše št. 40 - Lovski dom,44,20,0.4545,20,20,0,1.0,10,0.5,10,0.5
598,VE 2000 - POSTOJNA,VO 2005 - KOPER 2,26,Pregara - šola,129,65,0.5039,65,64,1,1.0,29,0.453125,35,0.546875
599,VE 2000 - POSTOJNA,VO 2005 - KOPER 2,27,Hrvoji - šola,71,38,0.5352,38,37,1,1.0,16,0.432432,21,0.567568
600,VE 2000 - POSTOJNA,VO 2005 - KOPER 2,28,Brezovica - KD,152,63,0.4145,63,63,0,1.0,27,0.428571,36,0.571429
601,VE 2000 - POSTOJNA,VO 2005 - KOPER 2,29,Božiči - KD,1153,502,0.4354,502,492,10,1.0,159,0.323171,333,0.676829
602,VE 2000 - POSTOJNA,VO 2005 - KOPER 2,30,Božiči - KD,625,289,0.4624,289,282,7,1.0,84,0.297872,198,0.702128
603,VE 2000 - POSTOJNA,VO 2005 - KOPER 2,31,Marezige - ZDD,510,258,0.5059,258,254,4,1.0,84,0.330709,170,0.669291
604,VE 2000 - POSTOJNA,VO 2005 - KOPER 2,32,Trsek - Vaški dom,43,13,0.3023,13,13,0,1.0,4,0.307692,9,0.692308
605,VE 2000 - POSTOJNA,VO 2005 - KOPER 2,33,Babiči - GD,250,142,0.568,142,137,5,1.0,28,0.20438,109,0.79562
606,VE 2000 - POSTOJNA,VO 2005 - KOPER 2,34,Lopar - KD,105,51,0.4857,51,51,0,1.0,10,0.196078,41,0.803922
607,VE 2000 - POSTOJNA,VO 2005 - KOPER 2,35,Truške - šola,126,68,0.5397,68,67,1,1.0,29,0.432836,38,0.567164
608,VE 2000 - POSTOJNA,VO 2005 - KOPER 2,36,Narodni dom Pobegi,682,322,0.4721,322,319,3,1.0,132,0.413793,187,0.586207
609,VE 2000 - POSTOJNA,VO 2005 - KOPER 2,37,Pobegi - Čežarji - sedež KS ,767,394,0.5137,394,383,11,1.0,108,0.281984,275,0.718016
610,VE 2000 - POSTOJNA,VO 2005 - KOPER 2,38,OŠ Elvire Vatovec - Podružnica Sv. Anton,779,404,0.5186,404,396,8,1.0,102,0.257576,294,0.742424
611,VE 2000 - POSTOJNA,VO 2005 - KOPER 2,39,Vanganel - ZDD - Kondor,370,139,0.3757,139,139,0,1.0,27,0.194245,112,0.805755
612,VE 2000 - POSTOJNA,VO 2005 - KOPER 2,40,Srednja tehniška šola Koper,886,341,0.3849,341,336,5,1.0,137,0.407738,199,0.592262
613,VE 2000 - POSTOJNA,VO 2005 - KOPER 2,41,Srednja tehniška šola Koper,1249,526,0.4211,526,522,4,1.0,178,0.340996,344,0.659004
614,VE 2000 - POSTOJNA,VO 2005 - KOPER 2,42,Srednja tehniška šola Koper,641,237,0.3697,237,236,1,1.0,59,0.25,177,0.75
615,VE 2000 - POSTOJNA,VO 2005 - KOPER 2,43,Škofije - Dvorana Burja,419,152,0.3628,152,150,2,1.0,50,0.333333,100,0.666667
616,VE 2000 - POSTOJNA,VO 2005 - KOPER 2,44,Škofije - Vaška hiša,963,435,0.4517,435,428,7,1.0,125,0.292056,303,0.707944
617,VE 2000 - POSTOJNA,VO 2005 - KOPER 2,45,Škofije - Dvorana Burja,558,239,0.4283,239,236,3,1.0,90,0.381356,146,0.618644
618,VE 2000 - POSTOJNA,VO 2005 - KOPER 2,46,Škofije - Dvorana Burja,670,300,0.4478,300,297,3,1.0,111,0.373737,186,0.626263
619,VE 2000 - POSTOJNA,VO 2005 - KOPER 2,47,OŠ Šmarje ,837,378,0.4516,378,376,2,1.0,121,0.321809,255,0.678191
620,VE 2000 - POSTOJNA,VO 2005 - KOPER 2,48,Gažon - šola,616,272,0.4416,272,269,3,1.0,86,0.319703,183,0.680297
621,VE 2000 - POSTOJNA,VO 2005 - KOPER 2,49,Pomjan - šola,200,109,0.545,109,106,3,1.0,31,0.292453,75,0.707547
622,VE 2000 - POSTOJNA,VO 2005 - KOPER 2,50,Krkavče - ZDD,250,112,0.448,112,105,7,1.0,34,0.32381,71,0.67619
623,VE 2000 - POSTOJNA,VO 2005 - KOPER 2,51,Puče - šola,213,103,0.4836,103,103,0,1.0,28,0.271845,75,0.728155
624,VE 2000 - POSTOJNA,VO 2005 - KOPER 2,52,Koštabona - šola,198,115,0.5808,115,113,2,1.0,45,0.39823,68,0.60177
625,VE 2000 - POSTOJNA,VO 2005 - KOPER 2,53,Vanganel - sedež KS ,1131,505,0.4465,505,500,5,1.0,182,0.364,318,0.636
626,VE 2000 - POSTOJNA,VO 2005 - KOPER 2,54,Podgorje -  stara šola ,122,70,0.5738,70,69,1,1.0,19,0.275362,50,0.724638
627,VE 2000 - POSTOJNA,VO 2005 - KOPER 2,55,Rakitovec - sedež KS,97,59,0.6082,59,58,1,1.0,28,0.482759,30,0.517241
628,VE 2000 - POSTOJNA,VO 2005 - KOPER 2,56,Zazid - Vaški dom,69,52,0.7536,52,52,0,1.0,18,0.346154,34,0.653846
629,VE 2000 - POSTOJNA,VO 2005 - KOPER 2,57,OŠ Elvire Vatovec - Podružnica Sv. Anton,771,370,0.4799,370,360,10,1.0,106,0.294444,254,0.705556
630,VE 2000 - POSTOJNA,VO 2005 - KOPER 2,901,Predčasno glasovanje,0,730,0.0,730,721,9,1.0,229,0.317614,492,0.682386
631,VE 2000 - POSTOJNA,VO 2005 - KOPER 2,997,Pošta doma OVK,0,34,0.0,34,34,0,1.0,13,0.382353,21,0.617647
632,VE 2000 - POSTOJNA,VO 2005 - KOPER 2,9972000,Pošta doma VKVE,0,0,0.0,0,0,0,,0,0.0,0,0.0
633,VE 2000 - POSTOJNA,VO 2005 - KOPER 2,99799,Pošta doma DVK,0,0,0.0,0,0,0,,0,0.0,0,0.0
634,VE 2000 - POSTOJNA,VO 2005 - KOPER 2,998,Pošta tujina OVK,0,58,0.0,58,56,2,1.0,20,0.357143,36,0.642857
635,VE 2000 - POSTOJNA,VO 2005 - KOPER 2,9982000,Pošta tujina VKVE,0,0,0.0,0,0,0,,0,0.0,0,0.0
636,VE 2000 - POSTOJNA,VO 2005 - KOPER 2,99899,Pošta tujina DVK,0,0,0.0,0,0,0,,0,0.0,0,0.0
637,VE 2000 - POSTOJNA,VO 2005 - KOPER 2,999,Posebni volilni imenik,1339,0,0.0,0,0,0,,0,0.0,0,0.0
638,VE 2000 - POSTOJNA,VO 2006 - SEŽANA,1,"Avber, bivša OŠ, Avber bš",250,131,0.524,131,130,1,1.0,43,0.330769,87,0.669231
639,VE 2000 - POSTOJNA,VO 2006 - SEŽANA,2,"Dane pri Sežani, Dom na Padulu, Dane  17 A",336,192,0.5714,192,191,1,1.0,77,0.403141,114,0.596859
640,VE 2000 - POSTOJNA,VO 2006 - SEŽANA,3,"Dutovlje,  Bunčetova domačija, Dutovlje 65",512,289,0.5645,289,283,6,1.0,115,0.40636,168,0.59364
641,VE 2000 - POSTOJNA,VO 2006 - SEŽANA,4,"Kreplje, Vaški dom, Kreplje bš",122,77,0.6311,77,76,1,1.0,51,0.671053,25,0.328947
642,VE 2000 - POSTOJNA,VO 2006 - SEŽANA,5,"Skopo, Vaška dvorana, Skopo bš",190,116,0.6105,116,115,1,1.0,47,0.408696,68,0.591304
643,VE 2000 - POSTOJNA,VO 2006 - SEŽANA,6,"Kopriva,Dvorana vaške skupnosti, Kopriva bš",170,97,0.5706,97,96,1,1.0,41,0.427083,55,0.572917
644,VE 2000 - POSTOJNA,VO 2006 - SEŽANA,7,"Krajna vas, hiša Gec Cvetke, Krajna vas 40",97,67,0.6907,67,65,2,1.0,17,0.261538,48,0.738462
645,VE 2000 - POSTOJNA,VO 2006 - SEŽANA,8,"Kazlje, dom KS, Kazlje bš",148,94,0.6351,94,91,3,1.0,24,0.263736,67,0.736264
646,VE 2000 - POSTOJNA,VO 2006 - SEŽANA,9,"Lokev, KD, Lokev bš",642,371,0.5779,371,364,7,1.0,109,0.299451,255,0.700549
647,VE 2000 - POSTOJNA,VO 2006 - SEŽANA,10,"Pliskovica, balinarski klub, Pliskovica bš",212,134,0.6321,134,133,1,1.0,61,0.458647,72,0.541353
648,VE 2000 - POSTOJNA,VO 2006 - SEŽANA,11,"Veliki dol, dvorana stare OŠ, Veliki dol bš",99,63,0.6364,63,61,2,1.0,29,0.47541,32,0.52459
649,VE 2000 - POSTOJNA,VO 2006 - SEŽANA,12,"Tublje pri Komnu, hiša Knez Dragice, Tublje 16",47,32,0.6809,32,30,2,1.0,13,0.433333,17,0.566667
650,VE 2000 - POSTOJNA,VO 2006 - SEŽANA,13,"Povir, ZDD, Povir bš",546,345,0.6319,345,335,10,1.0,131,0.391045,204,0.608955
651,VE 2000 - POSTOJNA,VO 2006 - SEŽANA,14,"Sedež Občine Sežana, Sežana, Partizanska c.4",641,271,0.4228,271,266,5,1.0,89,0.334586,177,0.665414
652,VE 2000 - POSTOJNA,VO 2006 - SEŽANA,15,"Otroški vrtec, Sežana, Ul. J. Pahorja 1 ",715,288,0.4028,288,282,6,1.0,84,0.297872,198,0.702128
653,VE 2000 - POSTOJNA,VO 2006 - SEŽANA,16,"VDC Koper - Enota Sežana, Sežana, Ul. J.Pahorja 3",790,329,0.4165,329,325,4,1.0,79,0.243077,246,0.756923
654,VE 2000 - POSTOJNA,VO 2006 - SEŽANA,17,"OŠ Sežana, Sežana, Kosovelova ul. 6",395,157,0.3975,157,156,1,1.0,38,0.24359,118,0.75641
655,VE 2000 - POSTOJNA,VO 2006 - SEŽANA,18,"Stara OŠ, Sežana, Bazoviška c. 9",973,438,0.4502,438,433,5,1.0,126,0.290993,307,0.709007
656,VE 2000 - POSTOJNA,VO 2006 - SEŽANA,19,"ZGRS Sežana, Sežana, Bazoviška c. 13",582,305,0.5241,305,299,6,1.0,101,0.337793,198,0.662207
657,VE 2000 - POSTOJNA,VO 2006 - SEŽANA,20,"Dol pri Vogljah, ZDD, Dol pri Vogljah bš",208,125,0.601,125,124,1,1.0,71,0.572581,53,0.427419
658,VE 2000 - POSTOJNA,VO 2006 - SEŽANA,21,"Štjak, bivša OŠ, Štjak",171,102,0.5965,102,96,6,1.0,44,0.458333,52,0.541667
659,VE 2000 - POSTOJNA,VO 2006 - SEŽANA,22,"Štorje, ZDD, Štorje bš",366,218,0.5956,218,214,4,1.0,46,0.214953,168,0.785047
660,VE 2000 - POSTOJNA,VO 2006 - SEŽANA,23,"Tomaj, sedež KS, Tomaj bš",246,127,0.5163,127,122,5,1.0,43,0.352459,79,0.647541
661,VE 2000 - POSTOJNA,VO 2006 - SEŽANA,24,"Križ, Vaški dom, Križ bš",689,376,0.5457,374,369,5,1.0,147,0.398374,222,0.601626
662,VE 2000 - POSTOJNA,VO 2006 - SEŽANA,25,"Tabor, OŠ, Tabor 9",250,134,0.536,134,128,6,1.0,55,0.429688,73,0.570312
663,VE 2000 - POSTOJNA,VO 2006 - SEŽANA,26,"Komen, KD, Komen 118",633,400,0.6319,400,382,18,1.0,166,0.434555,216,0.565445
664,VE 2000 - POSTOJNA,VO 2006 - SEŽANA,27,"Gabrovica pri Komnu 47, prostori vaške skupnosti",155,97,0.6258,97,94,3,1.0,45,0.478723,49,0.521277
665,VE 2000 - POSTOJNA,VO 2006 - SEŽANA,28,"Volčji Grad, vaška hiša, Volčji grad št.24",75,50,0.6667,50,49,1,1.0,12,0.244898,37,0.755102
666,VE 2000 - POSTOJNA,VO 2006 - SEŽANA,29,"Tomačevica, vaški dom, Tomačevica bš",127,90,0.7087,90,89,1,1.0,34,0.382022,55,0.617978
667,VE 2000 - POSTOJNA,VO 2006 - SEŽANA,30,"Sveto, stara OŠ, Sveto 68",174,113,0.6494,113,110,3,1.0,38,0.345455,72,0.654545
668,VE 2000 - POSTOJNA,VO 2006 - SEŽANA,31,"Škrbina, stara OŠ, Škrbina bš",175,107,0.6114,107,105,2,1.0,44,0.419048,61,0.580952
669,VE 2000 - POSTOJNA,VO 2006 - SEŽANA,32,"Ivanji Grad, vaški dom, Ivanji Grad bš",95,69,0.7263,69,68,1,1.0,25,0.367647,43,0.632353
670,VE 2000 - POSTOJNA,VO 2006 - SEŽANA,33,"Brje pri Komnu, vaški dom, Brje pri Komnu bš",93,64,0.6882,64,60,4,1.0,29,0.483333,31,0.516667
671,VE 2000 - POSTOJNA,VO 2006 - SEŽANA,34,"Gorjansko, KD, Gorjansko bš",269,177,0.658,177,172,5,1.0,65,0.377907,107,0.622093
672,VE 2000 - POSTOJNA,VO 2006 - SEŽANA,35,"Brestovica pri Komnu 55, prostori vaške skupnosti",160,88,0.55,88,85,3,1.0,49,0.576471,36,0.423529
673,VE 2000 - POSTOJNA,VO 2006 - SEŽANA,36,"Štanjel, ZDD, Štanjel 59 A",521,299,0.5739,299,295,4,1.0,137,0.464407,158,0.535593
674,VE 2000 - POSTOJNA,VO 2006 - SEŽANA,37,"Kodreti, Vaška skupnost Gornja Branica,Kodreti 10",134,91,0.6791,91,91,0,1.0,52,0.571429,39,0.428571
675,VE 2000 - POSTOJNA,VO 2006 - SEŽANA,38,"Kobjeglava, vaški dom, Kobjeglava 75",206,137,0.665,137,134,3,1.0,67,0.5,67,0.5
676,VE 2000 - POSTOJNA,VO 2006 - SEŽANA,39,"Hruševica, vaški dom, Hruševica bš",122,89,0.7295,89,87,2,1.0,25,0.287356,62,0.712644
677,VE 2000 - POSTOJNA,VO 2006 - SEŽANA,40,"Divača  OŠ, Ul. dr. B. Magajne 4, Divača",1190,590,0.4958,590,581,9,1.0,134,0.230637,447,0.769363
678,VE 2000 - POSTOJNA,VO 2006 - SEŽANA,41,"Privat hiša Iztoka Grandiča, Dolnje Ležeče št. 75",233,129,0.5536,129,125,4,1.0,39,0.312,86,0.688
679,VE 2000 - POSTOJNA,VO 2006 - SEŽANA,42,"Naklo, vaški dom,  Naklo bš",100,62,0.62,62,60,2,1.0,19,0.316667,41,0.683333
680,VE 2000 - POSTOJNA,VO 2006 - SEŽANA,43,"Dane pri Divači, vaški dom, Dane pri Divači bš",158,91,0.5759,91,88,3,1.0,32,0.363636,56,0.636364
681,VE 2000 - POSTOJNA,VO 2006 - SEŽANA,44,"Famlje, v nekdanjem LIV-u, Famlje bš",496,247,0.498,247,241,6,1.0,75,0.311203,166,0.688797
682,VE 2000 - POSTOJNA,VO 2006 - SEŽANA,45,"Gornje Ležeče, v hiši Jožeta Čeperja, G.Ležeče 16",33,24,0.7273,24,24,0,1.0,6,0.25,18,0.75
683,VE 2000 - POSTOJNA,VO 2006 - SEŽANA,46,"Barka, stara OŠ, Barka bš",80,53,0.6625,53,52,1,1.0,16,0.307692,36,0.692308
684,VE 2000 - POSTOJNA,VO 2006 - SEŽANA,47,"Vareje, vaški dom, Vareje bš",75,39,0.52,39,39,0,1.0,13,0.333333,26,0.666667
685,VE 2000 - POSTOJNA,VO 2006 - SEŽANA,48,"Senožeče, VD R. Cvetka, Senožeče bš",552,297,0.538,297,289,8,1.0,108,0.373702,181,0.626298
686,VE 2000 - POSTOJNA,VO 2006 - SEŽANA,49,"Dolenja vas, v ZDD, Dolenja vas bš",239,146,0.6109,146,143,3,1.0,78,0.545455,65,0.454545
687,VE 2000 - POSTOJNA,VO 2006 - SEŽANA,50,"Hrpelje, vaški dom Hrpelje, Na  Gorici 2a",654,324,0.4954,324,320,4,1.0,104,0.325,216,0.675
688,VE 2000 - POSTOJNA,VO 2006 - SEŽANA,51,"Tublje pri Hrpeljah, Gostilna Križman, Tublje  24",163,90,0.5521,90,90,0,1.0,34,0.377778,56,0.622222
689,VE 2000 - POSTOJNA,VO 2006 - SEŽANA,52,"Krvavi potok, vaški dom, Krvavi potok bš",135,76,0.563,76,74,2,1.0,22,0.297297,52,0.702703
690,VE 2000 - POSTOJNA,VO 2006 - SEŽANA,53,"Kozina, knjižnica, Kozina, Istrska ul. 19",545,280,0.5138,280,279,1,1.0,83,0.297491,196,0.702509
691,VE 2000 - POSTOJNA,VO 2006 - SEŽANA,54,"Vrhpolje, vaški dom, Vrhpolje bš",60,42,0.7,42,36,6,1.0,8,0.222222,28,0.777778
692,VE 2000 - POSTOJNA,VO 2006 - SEŽANA,55,"Artviže, vaški dom, Artviže 6a",53,38,0.717,38,38,0,1.0,9,0.236842,29,0.763158
693,VE 2000 - POSTOJNA,VO 2006 - SEŽANA,56,"Gradišče pri Materiji, prostori KS, Gradišče bš",112,75,0.6696,75,75,0,1.0,23,0.306667,52,0.693333
694,VE 2000 - POSTOJNA,VO 2006 - SEŽANA,57,"Bač pri Materiji GD, Bač pri Materiji 28b",338,166,0.4911,166,165,1,1.0,69,0.418182,96,0.581818
695,VE 2000 - POSTOJNA,VO 2006 - SEŽANA,58,"Brezovica, vaški dom, Brezovica bš",69,50,0.7246,50,49,1,1.0,13,0.265306,36,0.734694
696,VE 2000 - POSTOJNA,VO 2006 - SEŽANA,59,"Ocizla, vaška hiša, Ocizla 36",116,71,0.6121,71,71,0,1.0,26,0.366197,45,0.633803
697,VE 2000 - POSTOJNA,VO 2006 - SEŽANA,60,"Obrov, prostori balinišča, Obrov bš",239,94,0.3933,94,94,0,1.0,45,0.478723,49,0.521277
698,VE 2000 - POSTOJNA,VO 2006 - SEŽANA,61,"Prešnica, OŠ, Prešnica bš",149,95,0.6376,95,90,5,1.0,31,0.344444,59,0.655556
699,VE 2000 - POSTOJNA,VO 2006 - SEŽANA,62,"Rodik, vaški dom, Rodik 6",252,164,0.6508,164,162,2,1.0,46,0.283951,116,0.716049
700,VE 2000 - POSTOJNA,VO 2006 - SEŽANA,63,"Slivje, prostori KS, Slivje  bš",385,185,0.4805,185,183,2,1.0,61,0.333333,122,0.666667
701,VE 2000 - POSTOJNA,VO 2006 - SEŽANA,64,"Tatre, vaški dom, Tatre bš",39,25,0.641,25,24,1,1.0,18,0.75,6,0.25
702,VE 2000 - POSTOJNA,VO 2006 - SEŽANA,68,"Klanec pri Kozini, vaški dom,Klanec pri Kozini bš",131,74,0.5649,74,73,1,1.0,24,0.328767,49,0.671233
703,VE 2000 - POSTOJNA,VO 2006 - SEŽANA,69,"Javorje, vaški dom, Javorje bš",116,62,0.5345,62,61,1,1.0,36,0.590164,25,0.409836
704,VE 2000 - POSTOJNA,VO 2006 - SEŽANA,901,Predčasno glasovanje,0,776,0.0,776,771,5,1.0,208,0.26978,563,0.73022
705,VE 2000 - POSTOJNA,VO 2006 - SEŽANA,970,OMNIA od: 2006,0,51,0.0,51,50,1,1.0,13,0.26,37,0.74
706,VE 2000 - POSTOJNA,VO 2006 - SEŽANA,997,Pošta doma OVK,0,38,0.0,38,37,1,1.0,15,0.405405,22,0.594595
707,VE 2000 - POSTOJNA,VO 2006 - SEŽANA,9972000,Pošta doma VKVE,0,0,0.0,0,0,0,,0,0.0,0,0.0
708,VE 2000 - POSTOJNA,VO 2006 - SEŽANA,99799,Pošta doma DVK,0,0,0.0,0,0,0,,0,0.0,0,0.0
709,VE 2000 - POSTOJNA,VO 2006 - SEŽANA,998,Pošta tujina OVK,0,188,0.0,188,178,10,1.0,37,0.207865,141,0.792135
710,VE 2000 - POSTOJNA,VO 2006 - SEŽANA,9982000,Pošta tujina VKVE,0,0,0.0,0,0,0,,0,0.0,0,0.0
711,VE 2000 - POSTOJNA,VO 2006 - SEŽANA,99899,Pošta tujina DVK,0,0,0.0,0,0,0,,0,0.0,0,0.0
712,VE 2000 - POSTOJNA,VO 2006 - SEŽANA,999,Posebni volilni imenik,2977,0,0.0,0,0,0,,0,0.0,0,0.0
713,VE 2000 - POSTOJNA,VO 2007 - ILIRSKA BISTRICA,1,OŠ Antona Žnideršiča Ilirska Bistrica,611,223,0.365,223,219,4,1.0,79,0.360731,140,0.639269
714,VE 2000 - POSTOJNA,VO 2007 - ILIRSKA BISTRICA,2,"Prostori Društva Sožitje, Levstikova 5,  Il. Bist",606,272,0.4488,272,271,1,1.0,113,0.416974,158,0.583026
715,VE 2000 - POSTOJNA,VO 2007 - ILIRSKA BISTRICA,3,"OŠ Dragotina Ketteja, Ilirska Bistrica",658,284,0.4316,284,279,5,1.0,111,0.397849,168,0.602151
716,VE 2000 - POSTOJNA,VO 2007 - ILIRSKA BISTRICA,4,"Jurčičeva 1, Ilirska Bistrica",673,358,0.5319,358,353,5,1.0,155,0.439093,198,0.560907
717,VE 2000 - POSTOJNA,VO 2007 - ILIRSKA BISTRICA,5,"Predavalnica-vhod bivši Transport, Šercerjeva 17",668,270,0.4042,270,267,3,1.0,116,0.434457,151,0.565543
718,VE 2000 - POSTOJNA,VO 2007 - ILIRSKA BISTRICA,6,"Vaški dom Jasen, Jasen 15c",233,143,0.6137,143,142,1,1.0,84,0.591549,58,0.408451
719,VE 2000 - POSTOJNA,VO 2007 - ILIRSKA BISTRICA,7,Gasilski dom Vrbovo,242,127,0.5248,127,125,2,1.0,76,0.608,49,0.392
720,VE 2000 - POSTOJNA,VO 2007 - ILIRSKA BISTRICA,8,"Vaški dom, Vrbica 24",132,70,0.5303,70,68,2,1.0,34,0.5,34,0.5
721,VE 2000 - POSTOJNA,VO 2007 - ILIRSKA BISTRICA,9,Jablanica 32a,126,81,0.6429,81,79,2,1.0,58,0.734177,21,0.265823
722,VE 2000 - POSTOJNA,VO 2007 - ILIRSKA BISTRICA,10,"Gostilna Celin, Kuteževo",191,117,0.6126,117,116,1,1.0,65,0.560345,51,0.439655
723,VE 2000 - POSTOJNA,VO 2007 - ILIRSKA BISTRICA,11,"Bar Kočanija, Trpčane",113,60,0.531,60,59,1,1.0,43,0.728814,16,0.271186
724,VE 2000 - POSTOJNA,VO 2007 - ILIRSKA BISTRICA,12,"Balinarska dvorana na mlaki, Zabiče",439,205,0.467,205,205,0,1.0,138,0.673171,67,0.326829
725,VE 2000 - POSTOJNA,VO 2007 - ILIRSKA BISTRICA,13,"Gostilna ""Sabrina"" Sušak",76,41,0.5395,41,41,0,1.0,26,0.634146,15,0.365854
726,VE 2000 - POSTOJNA,VO 2007 - ILIRSKA BISTRICA,14,"Bivša gostilna, Novokračine 46",173,97,0.5607,97,96,1,1.0,38,0.395833,58,0.604167
727,VE 2000 - POSTOJNA,VO 2007 - ILIRSKA BISTRICA,15,Gasilski dom Jelšane,247,144,0.583,144,141,3,1.0,66,0.468085,75,0.531915
728,VE 2000 - POSTOJNA,VO 2007 - ILIRSKA BISTRICA,16,Dolenje pri Jelšanah 6,155,74,0.4774,74,73,1,1.0,44,0.60274,29,0.39726
729,VE 2000 - POSTOJNA,VO 2007 - ILIRSKA BISTRICA,17,"Bivša šolska stavba, Veliko Brdo",70,45,0.6429,45,44,1,1.0,17,0.386364,27,0.613636
730,VE 2000 - POSTOJNA,VO 2007 - ILIRSKA BISTRICA,18,"Na balincu, M. Bukovica ",130,88,0.6769,88,84,4,1.0,45,0.535714,39,0.464286
731,VE 2000 - POSTOJNA,VO 2007 - ILIRSKA BISTRICA,19,"Na balincu, Koseze",284,152,0.5352,152,148,4,1.0,77,0.52027,71,0.47973
732,VE 2000 - POSTOJNA,VO 2007 - ILIRSKA BISTRICA,20,Vaški dom V. Bukovica,206,104,0.5049,104,101,3,1.0,68,0.673267,33,0.326733
733,VE 2000 - POSTOJNA,VO 2007 - ILIRSKA BISTRICA,21,Grad Dol. Zemon - prostori KS,387,208,0.5375,208,207,1,1.0,105,0.507246,102,0.492754
734,VE 2000 - POSTOJNA,VO 2007 - ILIRSKA BISTRICA,22,Vaški dom Gor. Zemon ,82,38,0.4634,38,38,0,1.0,21,0.552632,17,0.447368
735,VE 2000 - POSTOJNA,VO 2007 - ILIRSKA BISTRICA,23,Pavlica 6,28,16,0.5714,16,16,0,1.0,9,0.5625,7,0.4375
736,VE 2000 - POSTOJNA,VO 2007 - ILIRSKA BISTRICA,24,Starod 49 a,42,29,0.6905,29,26,3,1.0,16,0.615385,10,0.384615
737,VE 2000 - POSTOJNA,VO 2007 - ILIRSKA BISTRICA,25,OŠ Podgrad,473,263,0.556,263,253,10,1.0,116,0.458498,137,0.541502
738,VE 2000 - POSTOJNA,VO 2007 - ILIRSKA BISTRICA,26,Vaški dom Podbeže ,70,39,0.5571,39,39,0,1.0,24,0.615385,15,0.384615
739,VE 2000 - POSTOJNA,VO 2007 - ILIRSKA BISTRICA,27,"Račice, Na plesišču",123,67,0.5447,67,64,3,1.0,24,0.375,40,0.625
740,VE 2000 - POSTOJNA,VO 2007 - ILIRSKA BISTRICA,28,"Vaški dom Sabonje, Sabonje 47",56,31,0.5536,31,30,1,1.0,21,0.7,9,0.3
741,VE 2000 - POSTOJNA,VO 2007 - ILIRSKA BISTRICA,29,Vaški dom Hrušica,259,133,0.5135,133,131,2,1.0,89,0.679389,42,0.320611
742,VE 2000 - POSTOJNA,VO 2007 - ILIRSKA BISTRICA,30,OŠ Pregarje,307,130,0.4235,130,130,0,1.0,72,0.553846,58,0.446154
743,VE 2000 - POSTOJNA,VO 2007 - ILIRSKA BISTRICA,31,Vaška brunarica Prelože,54,26,0.4815,26,23,3,1.0,8,0.347826,15,0.652174
744,VE 2000 - POSTOJNA,VO 2007 - ILIRSKA BISTRICA,32,Vaški dom Zajelšje,49,34,0.6939,34,34,0,1.0,23,0.676471,11,0.323529
745,VE 2000 - POSTOJNA,VO 2007 - ILIRSKA BISTRICA,33,Društveni prostori Tominje,85,38,0.4471,38,37,1,1.0,19,0.513514,18,0.486486
746,VE 2000 - POSTOJNA,VO 2007 - ILIRSKA BISTRICA,34,Stavba bivše šole Harije,247,130,0.5263,130,128,2,1.0,72,0.5625,56,0.4375
747,VE 2000 - POSTOJNA,VO 2007 - ILIRSKA BISTRICA,35,"Gostilna pizzeria Škorpion, Rečica 1a",366,173,0.4727,173,170,3,1.0,97,0.570588,73,0.429412
748,VE 2000 - POSTOJNA,VO 2007 - ILIRSKA BISTRICA,36,Bivša šolska stavba Ostrožno Brdo,78,37,0.4744,37,36,1,1.0,21,0.583333,15,0.416667
749,VE 2000 - POSTOJNA,VO 2007 - ILIRSKA BISTRICA,37,Janeževo Brdo 12,18,15,0.8333,15,15,0,1.0,11,0.733333,4,0.266667
750,VE 2000 - POSTOJNA,VO 2007 - ILIRSKA BISTRICA,38,Kilovče 13,32,20,0.625,20,20,0,1.0,5,0.25,15,0.75
751,VE 2000 - POSTOJNA,VO 2007 - ILIRSKA BISTRICA,39,Prem 1,106,56,0.5283,56,55,1,1.0,34,0.618182,21,0.381818
752,VE 2000 - POSTOJNA,VO 2007 - ILIRSKA BISTRICA,40,Ratečevo Brdo 2,33,27,0.8182,27,25,2,1.0,16,0.64,9,0.36
753,VE 2000 - POSTOJNA,VO 2007 - ILIRSKA BISTRICA,41,Pomožni prostori pri mrliški vežici Prem,135,72,0.5333,72,70,2,1.0,38,0.542857,32,0.457143
754,VE 2000 - POSTOJNA,VO 2007 - ILIRSKA BISTRICA,42,Čelje - dvorana KS,48,38,0.7917,38,37,1,1.0,15,0.405405,22,0.594595
755,VE 2000 - POSTOJNA,VO 2007 - ILIRSKA BISTRICA,43,Smrje 56,96,48,0.5,48,48,0,1.0,35,0.729167,13,0.270833
756,VE 2000 - POSTOJNA,VO 2007 - ILIRSKA BISTRICA,44,"Gostilna Kambra, Topolc 8a",277,149,0.5379,149,149,0,1.0,81,0.543624,68,0.456376
757,VE 2000 - POSTOJNA,VO 2007 - ILIRSKA BISTRICA,45,Mereče 22,59,41,0.6949,41,40,1,1.0,29,0.725,11,0.275
758,VE 2000 - POSTOJNA,VO 2007 - ILIRSKA BISTRICA,46,Pomožni vaški prostor Podstenje,58,42,0.7241,42,39,3,1.0,17,0.435897,22,0.564103
759,VE 2000 - POSTOJNA,VO 2007 - ILIRSKA BISTRICA,47,Prostori KS Šembije,227,136,0.5991,136,135,1,1.0,61,0.451852,74,0.548148
760,VE 2000 - POSTOJNA,VO 2007 - ILIRSKA BISTRICA,48,Gasilski dom Knežak,367,202,0.5504,202,198,4,1.0,90,0.454545,108,0.545455
761,VE 2000 - POSTOJNA,VO 2007 - ILIRSKA BISTRICA,49,"Na balincu, Bač",370,230,0.6216,230,225,5,1.0,136,0.604444,89,0.395556
762,VE 2000 - POSTOJNA,VO 2007 - ILIRSKA BISTRICA,50,Gasilski dom  Koritnice,114,60,0.5263,60,59,1,1.0,35,0.59322,24,0.40678
763,VE 2000 - POSTOJNA,VO 2007 - ILIRSKA BISTRICA,901,Predčasno glasovanje,0,560,0.0,560,557,3,1.0,249,0.447038,308,0.552962
764,VE 2000 - POSTOJNA,VO 2007 - ILIRSKA BISTRICA,970,OMNIA od: 2007,0,25,0.0,25,25,0,1.0,9,0.36,16,0.64
765,VE 2000 - POSTOJNA,VO 2007 - ILIRSKA BISTRICA,997,Pošta doma OVK,0,32,0.0,32,32,0,1.0,14,0.4375,18,0.5625
766,VE 2000 - POSTOJNA,VO 2007 - ILIRSKA BISTRICA,9972000,Pošta doma VKVE,0,0,0.0,0,0,0,,0,0.0,0,0.0
767,VE 2000 - POSTOJNA,VO 2007 - ILIRSKA BISTRICA,99799,Pošta doma DVK,0,0,0.0,0,0,0,,0,0.0,0,0.0
768,VE 2000 - POSTOJNA,VO 2007 - ILIRSKA BISTRICA,998,Pošta tujina OVK,0,41,0.0,41,40,1,1.0,16,0.4,24,0.6
769,VE 2000 - POSTOJNA,VO 2007 - ILIRSKA BISTRICA,9982000,Pošta tujina VKVE,0,0,0.0,0,0,0,,0,0.0,0,0.0
770,VE 2000 - POSTOJNA,VO 2007 - ILIRSKA BISTRICA,99899,Pošta tujina DVK,0,0,0.0,0,0,0,,0,0.0,0,0.0
771,VE 2000 - POSTOJNA,VO 2007 - ILIRSKA BISTRICA,999,Posebni volilni imenik,2008,0,0.0,0,0,0,,0,0.0,0,0.0
772,VE 2000 - POSTOJNA,VO 2008 - POSTOJNA,1,Osnovna šola Pivka,774,324,0.4186,324,319,5,1.0,156,0.489028,163,0.510972
773,VE 2000 - POSTOJNA,VO 2008 - POSTOJNA,2,Osnovna šola Pivka,626,278,0.4441,278,275,3,1.0,118,0.429091,157,0.570909
774,VE 2000 - POSTOJNA,VO 2008 - POSTOJNA,3,Osnovna šola Pivka,875,496,0.5669,496,492,4,1.0,273,0.554878,219,0.445122
775,VE 2000 - POSTOJNA,VO 2008 - POSTOJNA,5,Gasilski dom Palčje,177,99,0.5593,99,96,3,1.0,56,0.583333,40,0.416667
776,VE 2000 - POSTOJNA,VO 2008 - POSTOJNA,6,Kulturni dom Juršče,122,64,0.5246,64,64,0,1.0,33,0.515625,31,0.484375
777,VE 2000 - POSTOJNA,VO 2008 - POSTOJNA,7,Gasilski dom Zagorje,524,279,0.5324,279,269,10,1.0,135,0.501859,134,0.498141
778,VE 2000 - POSTOJNA,VO 2008 - POSTOJNA,8,Osnovna šola Šmihel,468,260,0.5556,260,257,3,1.0,192,0.747082,65,0.252918
779,VE 2000 - POSTOJNA,VO 2008 - POSTOJNA,9,O.Š. Dolnja Košana 61,601,328,0.5458,328,323,5,1.0,159,0.49226,164,0.50774
780,VE 2000 - POSTOJNA,VO 2008 - POSTOJNA,10,"Hiša Požar, Čepno 15",42,31,0.7381,31,31,0,1.0,18,0.580645,13,0.419355
781,VE 2000 - POSTOJNA,VO 2008 - POSTOJNA,11,"Hiša Gustinčič, Volče 14A",47,25,0.5319,25,25,0,1.0,14,0.56,11,0.44
782,VE 2000 - POSTOJNA,VO 2008 - POSTOJNA,12,"Hiša Biščak Anton, Buje",40,29,0.725,29,28,1,1.0,9,0.321429,19,0.678571
783,VE 2000 - POSTOJNA,VO 2008 - POSTOJNA,13,"Vaška hiša, Suhorje 23a",51,34,0.6667,34,33,1,1.0,17,0.515152,16,0.484848
784,VE 2000 - POSTOJNA,VO 2008 - POSTOJNA,14,"Stara  o.š., Kal 90",282,155,0.5496,155,152,3,1.0,83,0.546053,69,0.453947
785,VE 2000 - POSTOJNA,VO 2008 - POSTOJNA,15,"Gostilna Miranda, Selce",194,111,0.5722,111,111,0,1.0,81,0.72973,30,0.27027
786,VE 2000 - POSTOJNA,VO 2008 - POSTOJNA,16,Srednja gozdarska in lesarska šola Postojna,860,404,0.4698,404,399,5,1.0,167,0.418546,232,0.581454
787,VE 2000 - POSTOJNA,VO 2008 - POSTOJNA,17,"Avla Inšt. za razis. Krasa ZRC SAZU, Titov trg 2",524,204,0.3893,204,203,1,1.0,91,0.448276,112,0.551724
788,VE 2000 - POSTOJNA,VO 2008 - POSTOJNA,18,Avla kulturnega doma Postojna,318,105,0.3302,105,102,3,1.0,27,0.264706,75,0.735294
789,VE 2000 - POSTOJNA,VO 2008 - POSTOJNA,19,Avla kulturnega doma Postojna,564,162,0.2872,162,162,0,1.0,52,0.320988,110,0.679012
790,VE 2000 - POSTOJNA,VO 2008 - POSTOJNA,20,"Gostilna ""Brne""",973,364,0.3741,364,358,6,1.0,148,0.413408,210,0.586592
791,VE 2000 - POSTOJNA,VO 2008 - POSTOJNA,21,"O.Š. ""A. Globočnika"", Postojna",594,222,0.3737,222,218,4,1.0,81,0.37156,137,0.62844
792,VE 2000 - POSTOJNA,VO 2008 - POSTOJNA,22,"O.Š. ""A. Globočnika"", Postojna",524,172,0.3282,172,171,1,1.0,57,0.333333,114,0.666667
793,VE 2000 - POSTOJNA,VO 2008 - POSTOJNA,23,"O.Š. ""A. Globočnika"", Postojna",681,239,0.351,239,233,6,1.0,77,0.330472,156,0.669528
794,VE 2000 - POSTOJNA,VO 2008 - POSTOJNA,24,"O.Š.""A. Globočnika"", Postojna",501,196,0.3912,196,192,4,1.0,39,0.203125,153,0.796875
795,VE 2000 - POSTOJNA,VO 2008 - POSTOJNA,25,"O.Š.""A. Globočnika"", Postojna",441,143,0.3243,143,142,1,1.0,49,0.34507,93,0.65493
796,VE 2000 - POSTOJNA,VO 2008 - POSTOJNA,27,Dom upokojencev Postojna,676,343,0.5074,343,338,5,1.0,104,0.307692,234,0.692308
797,VE 2000 - POSTOJNA,VO 2008 - POSTOJNA,28,"Podjetniški inkubator, Veliki otok 44b",144,87,0.6042,87,86,1,1.0,42,0.488372,44,0.511628
798,VE 2000 - POSTOJNA,VO 2008 - POSTOJNA,29,Kulturni dom Miroslava Vilharja Planina,629,347,0.5517,347,340,7,1.0,161,0.473529,179,0.526471
799,VE 2000 - POSTOJNA,VO 2008 - POSTOJNA,30,Kulturni dom Studeno,347,189,0.5447,189,183,6,1.0,108,0.590164,75,0.409836
800,VE 2000 - POSTOJNA,VO 2008 - POSTOJNA,31,Kulturni dom Bukovje,485,250,0.5155,250,246,4,1.0,103,0.418699,143,0.581301
801,VE 2000 - POSTOJNA,VO 2008 - POSTOJNA,32,Kulturni dom Landol,140,94,0.6714,94,92,2,1.0,58,0.630435,34,0.369565
802,VE 2000 - POSTOJNA,VO 2008 - POSTOJNA,33,"Kult. dom, Šmihel pod Nanosom",159,94,0.5912,94,92,2,1.0,54,0.586957,38,0.413043
803,VE 2000 - POSTOJNA,VO 2008 - POSTOJNA,34,O.Š. Hruševje,374,217,0.5802,217,214,3,1.0,78,0.364486,136,0.635514
804,VE 2000 - POSTOJNA,VO 2008 - POSTOJNA,35,Kulturni dom Veliko Ubeljsko,216,128,0.5926,128,126,2,1.0,85,0.674603,41,0.325397
805,VE 2000 - POSTOJNA,VO 2008 - POSTOJNA,36,Gasilski dom Razdrto,138,82,0.5942,82,79,3,1.0,30,0.379747,49,0.620253
806,VE 2000 - POSTOJNA,VO 2008 - POSTOJNA,37,Dom krajanov Bolk,384,213,0.5547,213,206,7,1.0,112,0.543689,94,0.456311
807,VE 2000 - POSTOJNA,VO 2008 - POSTOJNA,38,Kulturni dom Hrašče,420,224,0.5333,224,221,3,1.0,105,0.475113,116,0.524887
808,VE 2000 - POSTOJNA,VO 2008 - POSTOJNA,39,"Gostilna Černač, Rakitnik 39",470,259,0.5511,259,258,1,1.0,125,0.484496,133,0.515504
809,VE 2000 - POSTOJNA,VO 2008 - POSTOJNA,40,OŠ Prestranek,567,259,0.4568,259,255,4,1.0,105,0.411765,150,0.588235
810,VE 2000 - POSTOJNA,VO 2008 - POSTOJNA,41,"Kulturni dom, Slavina 31",193,117,0.6062,117,117,0,1.0,74,0.632479,43,0.367521
811,VE 2000 - POSTOJNA,VO 2008 - POSTOJNA,42,Kulturni dom Orehek,172,106,0.6163,106,106,0,1.0,57,0.537736,49,0.462264
812,VE 2000 - POSTOJNA,VO 2008 - POSTOJNA,43,"Hiša Čič, Zagon 3a",160,100,0.625,100,100,0,1.0,64,0.64,36,0.36
813,VE 2000 - POSTOJNA,VO 2008 - POSTOJNA,44,Dom krajanov Koče,240,136,0.5667,136,135,1,1.0,79,0.585185,56,0.414815
814,VE 2000 - POSTOJNA,VO 2008 - POSTOJNA,901,Predčasno glasovanje,0,1231,0.0,1231,1216,15,1.0,385,0.316612,831,0.683388
815,VE 2000 - POSTOJNA,VO 2008 - POSTOJNA,970,OMNIA od: 2008,0,47,0.0,47,45,2,1.0,13,0.288889,32,0.711111
816,VE 2000 - POSTOJNA,VO 2008 - POSTOJNA,997,Pošta doma OVK,0,21,0.0,21,20,1,1.0,14,0.7,6,0.3
817,VE 2000 - POSTOJNA,VO 2008 - POSTOJNA,9972000,Pošta doma VKVE,0,0,0.0,0,0,0,,0,0.0,0,0.0
818,VE 2000 - POSTOJNA,VO 2008 - POSTOJNA,99799,Pošta doma DVK,0,0,0.0,0,0,0,,0,0.0,0,0.0
819,VE 2000 - POSTOJNA,VO 2008 - POSTOJNA,998,Pošta tujina OVK,0,52,0.0,52,37,15,1.0,9,0.243243,28,0.756757
820,VE 2000 - POSTOJNA,VO 2008 - POSTOJNA,9982000,Pošta tujina VKVE,0,0,0.0,0,0,0,,0,0.0,0,0.0
821,VE 2000 - POSTOJNA,VO 2008 - POSTOJNA,99899,Pošta tujina DVK,0,0,0.0,0,0,0,,0,0.0,0,0.0
822,VE 2000 - POSTOJNA,VO 2008 - POSTOJNA,999,Posebni volilni imenik,1417,0,0.0,0,0,0,,0,0.0,0,0.0
823,VE 2000 - POSTOJNA,VO 2009 - NOVA GORICA 1,1,"OŠ Alojza Gradnika Dobrovo, Trg 25. maja 9",419,255,0.6086,255,252,3,1.0,100,0.396825,152,0.603175
824,VE 2000 - POSTOJNA,VO 2009 - NOVA GORICA 1,2,"Turistična kmetija Breg, Breg pri Golem Brdu 8",47,36,0.766,36,36,0,1.0,22,0.611111,14,0.388889
825,VE 2000 - POSTOJNA,VO 2009 - NOVA GORICA 1,3,"Sedež VS, Kožbana 6a",95,64,0.6737,64,64,0,1.0,33,0.515625,31,0.484375
826,VE 2000 - POSTOJNA,VO 2009 - NOVA GORICA 1,4,"Sedež VS, Neblo 1j",536,317,0.5914,317,315,2,1.0,156,0.495238,159,0.504762
827,VE 2000 - POSTOJNA,VO 2009 - NOVA GORICA 1,5,"Vila Vipolže, Vipolže 29",361,223,0.6177,223,219,4,1.0,95,0.43379,124,0.56621
828,VE 2000 - POSTOJNA,VO 2009 - NOVA GORICA 1,6,"Večnamenski prostor, Kozana 59",310,194,0.6258,194,192,2,1.0,119,0.619792,73,0.380208
829,VE 2000 - POSTOJNA,VO 2009 - NOVA GORICA 1,7,"Zadružni dom, Fojana 25",174,109,0.6264,109,105,4,1.0,46,0.438095,59,0.561905
830,VE 2000 - POSTOJNA,VO 2009 - NOVA GORICA 1,8,"Vaški dom, Višnjevik 33",243,130,0.535,130,128,2,1.0,68,0.53125,60,0.46875
831,VE 2000 - POSTOJNA,VO 2009 - NOVA GORICA 1,9,"Vrtec Kojsko, Kojsko 69",255,153,0.6,153,150,3,1.0,60,0.4,90,0.6
832,VE 2000 - POSTOJNA,VO 2009 - NOVA GORICA 1,10,"Vaški dom, Vrhovlje pri Kojskem 18",89,65,0.7303,65,65,0,1.0,22,0.338462,43,0.661538
833,VE 2000 - POSTOJNA,VO 2009 - NOVA GORICA 1,11,"Zadružni dom, Vedrijan 34",141,88,0.6241,88,88,0,1.0,59,0.670455,29,0.329545
834,VE 2000 - POSTOJNA,VO 2009 - NOVA GORICA 1,12,"Kulturni dom, Hum 54",327,233,0.7125,233,232,1,1.0,106,0.456897,126,0.543103
835,VE 2000 - POSTOJNA,VO 2009 - NOVA GORICA 1,13,"Dom upokojencev, Podsabotin 27",180,106,0.5889,106,106,0,1.0,29,0.273585,77,0.726415
836,VE 2000 - POSTOJNA,VO 2009 - NOVA GORICA 1,14,"Večnamenski prostor, Gornje Cerovo 12c",355,212,0.5972,212,211,1,1.0,112,0.530806,99,0.469194
837,VE 2000 - POSTOJNA,VO 2009 - NOVA GORICA 1,15,"Hiša kulture, Šmartno 38",397,244,0.6146,244,242,2,1.0,140,0.578512,102,0.421488
838,VE 2000 - POSTOJNA,VO 2009 - NOVA GORICA 1,16,"Zadružni dom, Medana 16",469,276,0.5885,276,270,6,1.0,141,0.522222,129,0.477778
839,VE 2000 - POSTOJNA,VO 2009 - NOVA GORICA 1,17,"Briški dom pri župnišču Biljana, Biljana 12",187,114,0.6096,114,114,0,1.0,71,0.622807,43,0.377193
840,VE 2000 - POSTOJNA,VO 2009 - NOVA GORICA 1,18,"Bivši market Mercator Anhovo, Anhovo 67",217,124,0.5714,124,120,4,1.0,55,0.458333,65,0.541667
841,VE 2000 - POSTOJNA,VO 2009 - NOVA GORICA 1,19,"Športno rekreativno društvo Ložice, Ložice 8",242,138,0.5702,138,138,0,1.0,76,0.550725,62,0.449275
842,VE 2000 - POSTOJNA,VO 2009 - NOVA GORICA 1,20,"Železniška postaja Plave, Vojkova ulica 28",265,170,0.6415,170,167,3,1.0,82,0.491018,85,0.508982
843,VE 2000 - POSTOJNA,VO 2009 - NOVA GORICA 1,21,"Kulturni dom Deskle, Srebrničeva ul. 18",934,455,0.4872,455,443,12,1.0,182,0.410835,261,0.589165
844,VE 2000 - POSTOJNA,VO 2009 - NOVA GORICA 1,22,"Prostor PGD Avče, Avče 26",191,91,0.4764,91,90,1,1.0,39,0.433333,51,0.566667
845,VE 2000 - POSTOJNA,VO 2009 - NOVA GORICA 1,23,"Sedež KS, Kal nad Kanalom 111e",280,129,0.4607,129,128,1,1.0,80,0.625,48,0.375
846,VE 2000 - POSTOJNA,VO 2009 - NOVA GORICA 1,24,"Prostor TR društva Globočak, Kambreško 12",89,51,0.573,51,51,0,1.0,20,0.392157,31,0.607843
847,VE 2000 - POSTOJNA,VO 2009 - NOVA GORICA 1,25,Dvorana športnega parka Morsko,167,88,0.5269,88,88,0,1.0,45,0.511364,43,0.488636
848,VE 2000 - POSTOJNA,VO 2009 - NOVA GORICA 1,26,"Informacijska točka pri jezeru, Kanalski Vrh",50,25,0.5,25,24,1,1.0,13,0.541667,11,0.458333
849,VE 2000 - POSTOJNA,VO 2009 - NOVA GORICA 1,27,Bodrež 2,87,53,0.6092,53,51,2,1.0,38,0.745098,13,0.254902
850,VE 2000 - POSTOJNA,VO 2009 - NOVA GORICA 1,28,"OŠ Kanal - volišče št. 1, Gradnikova ul. 25",755,427,0.5656,427,417,10,1.0,205,0.491607,212,0.508393
851,VE 2000 - POSTOJNA,VO 2009 - NOVA GORICA 1,29,"OŠ Kanal - volišče št. 2, Gradnikova ul. 25",441,234,0.5306,234,230,4,1.0,108,0.469565,122,0.530435
852,VE 2000 - POSTOJNA,VO 2009 - NOVA GORICA 1,30,"Večnamenski objekt, Levpa 27",238,126,0.5294,126,126,0,1.0,85,0.674603,41,0.325397
853,VE 2000 - POSTOJNA,VO 2009 - NOVA GORICA 1,31,"Kulturni dom Lig, Lig 1",134,81,0.6045,81,81,0,1.0,58,0.716049,23,0.283951
854,VE 2000 - POSTOJNA,VO 2009 - NOVA GORICA 1,32,"Dom Valentina Staniča, Ročinj 59",246,144,0.5854,144,142,2,1.0,88,0.619718,54,0.380282
855,VE 2000 - POSTOJNA,VO 2009 - NOVA GORICA 1,33,Športni park Doblar,66,45,0.6818,45,45,0,1.0,25,0.555556,20,0.444444
856,VE 2000 - POSTOJNA,VO 2009 - NOVA GORICA 1,34,"Dom krajanov Negovan Nemec, Bilje",962,508,0.5281,508,499,9,1.0,206,0.412826,293,0.587174
857,VE 2000 - POSTOJNA,VO 2009 - NOVA GORICA 1,35,"Kulturni dom, Kostanjevica na Krasu 75",266,178,0.6692,178,170,8,1.0,58,0.341176,112,0.658824
858,VE 2000 - POSTOJNA,VO 2009 - NOVA GORICA 1,36,"Hiša dobre volje (pritličje), Miren 138",1221,668,0.5471,668,660,8,1.0,338,0.512121,322,0.487879
859,VE 2000 - POSTOJNA,VO 2009 - NOVA GORICA 1,37,Športni park Orehovlje,379,217,0.5726,217,213,4,1.0,100,0.469484,113,0.530516
860,VE 2000 - POSTOJNA,VO 2009 - NOVA GORICA 1,38,"Sedež KS, Opatje selo 14",491,316,0.6436,316,310,6,1.0,114,0.367742,196,0.632258
861,VE 2000 - POSTOJNA,VO 2009 - NOVA GORICA 1,39,"Sedež KS, Sela na Krasu 35",182,118,0.6484,118,116,2,1.0,36,0.310345,80,0.689655
862,VE 2000 - POSTOJNA,VO 2009 - NOVA GORICA 1,40,"Stara šola, Temnica 10",177,101,0.5706,101,100,1,1.0,44,0.44,56,0.56
863,VE 2000 - POSTOJNA,VO 2009 - NOVA GORICA 1,41,"Večnamenski objekt, Lipa 17",86,44,0.5116,44,43,1,1.0,20,0.465116,23,0.534884
864,VE 2000 - POSTOJNA,VO 2009 - NOVA GORICA 1,42,"Bivša OŠ, Vojščica 37",190,122,0.6421,122,120,2,1.0,37,0.308333,83,0.691667
865,VE 2000 - POSTOJNA,VO 2009 - NOVA GORICA 1,43,"Sedež KS (pri trgovini), Banjšice 86",202,110,0.5446,110,108,2,1.0,50,0.462963,58,0.537037
866,VE 2000 - POSTOJNA,VO 2009 - NOVA GORICA 1,44,"Kulturni dom, Branik 75",827,488,0.5901,488,483,5,1.0,233,0.482402,250,0.517598
867,VE 2000 - POSTOJNA,VO 2009 - NOVA GORICA 1,45,"Zadružni dom, Preserje 25",382,219,0.5733,219,217,2,1.0,114,0.525346,103,0.474654
868,VE 2000 - POSTOJNA,VO 2009 - NOVA GORICA 1,46,"Bivša OŠ, Spodnja Branica 29",86,57,0.6628,57,57,0,1.0,26,0.45614,31,0.54386
869,VE 2000 - POSTOJNA,VO 2009 - NOVA GORICA 1,47,"OŠ Čepovan, Čepovan 87",287,180,0.6272,180,176,4,1.0,60,0.340909,116,0.659091
870,VE 2000 - POSTOJNA,VO 2009 - NOVA GORICA 1,48,"OŠ Dornberk, Gregorčičeva ul. 30a",958,534,0.5574,534,526,8,1.0,326,0.619772,200,0.380228
871,VE 2000 - POSTOJNA,VO 2009 - NOVA GORICA 1,49,"OŠ Dornberk, Gregorčičeva ul. 30a",458,253,0.5524,253,251,2,1.0,170,0.677291,81,0.322709
872,VE 2000 - POSTOJNA,VO 2009 - NOVA GORICA 1,50,"Kulturni dom (na hribu), Gradišče nad Prvačino 95",290,113,0.3897,113,111,2,1.0,28,0.252252,83,0.747748
873,VE 2000 - POSTOJNA,VO 2009 - NOVA GORICA 1,51,"Kulturni dom (pritličje), Grgar 47",657,379,0.5769,379,371,8,1.0,189,0.509434,182,0.490566
874,VE 2000 - POSTOJNA,VO 2009 - NOVA GORICA 1,52,"Sedež KS, Grgarske Ravne 30",144,78,0.5417,78,78,0,1.0,32,0.410256,46,0.589744
875,VE 2000 - POSTOJNA,VO 2009 - NOVA GORICA 1,53,"Avtobusna čakalnica, Bate",125,80,0.64,80,79,1,1.0,35,0.443038,44,0.556962
876,VE 2000 - POSTOJNA,VO 2009 - NOVA GORICA 1,54,"Večnamenski objekt, Lokovec 205a",61,35,0.5738,35,35,0,1.0,17,0.485714,18,0.514286
877,VE 2000 - POSTOJNA,VO 2009 - NOVA GORICA 1,55,"Bivša OŠ, Lokovec 82",165,77,0.4667,77,76,1,1.0,26,0.342105,50,0.657895
878,VE 2000 - POSTOJNA,VO 2009 - NOVA GORICA 1,56,"Bivša OŠ, Lokve 30",94,43,0.4574,43,42,1,1.0,17,0.404762,25,0.595238
879,VE 2000 - POSTOJNA,VO 2009 - NOVA GORICA 1,57,"Sedež KS, Osek 46f",791,438,0.5537,438,432,6,1.0,230,0.532407,202,0.467593
880,VE 2000 - POSTOJNA,VO 2009 - NOVA GORICA 1,58,"Šola glasbe in umetnosti Ozlinka, Ozeljan 49b",848,456,0.5377,456,446,10,1.0,227,0.508969,219,0.491031
881,VE 2000 - POSTOJNA,VO 2009 - NOVA GORICA 1,59,"Vrtec Prvačina, Prvačina 48a",955,482,0.5047,482,471,11,1.0,197,0.418259,274,0.581741
882,VE 2000 - POSTOJNA,VO 2009 - NOVA GORICA 1,60,"Župnišče Ravnica, Ravnica 12",236,144,0.6102,144,144,0,1.0,85,0.590278,59,0.409722
883,VE 2000 - POSTOJNA,VO 2009 - NOVA GORICA 1,61,"OŠ Renče, Trg 31",863,534,0.6188,534,523,11,1.0,215,0.41109,308,0.58891
884,VE 2000 - POSTOJNA,VO 2009 - NOVA GORICA 1,62,"OŠ Renče, Trg 31",865,454,0.5249,454,445,9,1.0,167,0.375281,278,0.624719
885,VE 2000 - POSTOJNA,VO 2009 - NOVA GORICA 1,63,"Kulturni dom, Šempas 29",930,574,0.6172,574,572,2,1.0,270,0.472028,302,0.527972
886,VE 2000 - POSTOJNA,VO 2009 - NOVA GORICA 1,64,"Sedež KS, Trnovo 39",431,240,0.5568,240,236,4,1.0,90,0.381356,146,0.618644
887,VE 2000 - POSTOJNA,VO 2009 - NOVA GORICA 1,901,Predčasno glasovanje,0,726,0.0,726,723,3,1.0,292,0.403873,431,0.596127
888,VE 2000 - POSTOJNA,VO 2009 - NOVA GORICA 1,997,Pošta doma OVK,0,76,0.0,76,74,2,1.0,41,0.554054,33,0.445946
889,VE 2000 - POSTOJNA,VO 2009 - NOVA GORICA 1,9972000,Pošta doma VKVE,0,0,0.0,0,0,0,,0,0.0,0,0.0
890,VE 2000 - POSTOJNA,VO 2009 - NOVA GORICA 1,99799,Pošta doma DVK,0,0,0.0,0,0,0,,0,0.0,0,0.0
891,VE 2000 - POSTOJNA,VO 2009 - NOVA GORICA 1,998,Pošta tujina OVK,0,97,0.0,97,91,6,1.0,48,0.527473,43,0.472527
892,VE 2000 - POSTOJNA,VO 2009 - NOVA GORICA 1,9982000,Pošta tujina VKVE,0,0,0.0,0,0,0,,0,0.0,0,0.0
893,VE 2000 - POSTOJNA,VO 2009 - NOVA GORICA 1,99899,Pošta tujina DVK,0,0,0.0,0,0,0,,0,0.0,0,0.0
894,VE 2000 - POSTOJNA,VO 2009 - NOVA GORICA 1,999,Posebni volilni imenik,1487,0,0.0,0,0,0,,0,0.0,0,0.0
895,VE 2000 - POSTOJNA,VO 2010 - NOVA GORICA 2,1,OŠ Bukovica - Bukovica 44,927,547,0.5901,547,541,6,1.0,190,0.351201,351,0.648799
896,VE 2000 - POSTOJNA,VO 2010 - NOVA GORICA 2,2,"KS Kromberk-Loke, Ul. Vinka Vodopivca 90",1010,562,0.5564,562,552,10,1.0,208,0.376812,344,0.623188
897,VE 2000 - POSTOJNA,VO 2010 - NOVA GORICA 2,3,Kmetijsko gozdarski zavod  - Pri hrastu 18,877,506,0.577,506,499,7,1.0,186,0.372745,313,0.627255
898,VE 2000 - POSTOJNA,VO 2010 - NOVA GORICA 2,4,"Goriška knjižnica Franceta Bevka,Trg E.Kardelja 4",378,153,0.4048,153,152,1,1.0,66,0.434211,86,0.565789
899,VE 2000 - POSTOJNA,VO 2010 - NOVA GORICA 2,5,"Mestna občina NG-sejna dvorana, Trg E. Kardelja 1",410,132,0.322,132,128,4,1.0,51,0.398438,77,0.601562
900,VE 2000 - POSTOJNA,VO 2010 - NOVA GORICA 2,6,OŠ Kozara - Kidričeva ul. 35,497,202,0.4064,202,197,5,1.0,56,0.284264,141,0.715736
901,VE 2000 - POSTOJNA,VO 2010 - NOVA GORICA 2,7,"OŠ Frana Erjavca, Kidričeva ul. 36",639,324,0.507,324,316,8,1.0,114,0.360759,202,0.639241
902,VE 2000 - POSTOJNA,VO 2010 - NOVA GORICA 2,8,"OŠ Milojke Štrukelj, Delpinova ul. 7",556,221,0.3975,221,220,1,1.0,83,0.377273,137,0.622727
903,VE 2000 - POSTOJNA,VO 2010 - NOVA GORICA 2,9,"Zveza kulturnih društev, Ul. Gradnikove br. 25",576,239,0.4149,239,230,9,1.0,52,0.226087,178,0.773913
904,VE 2000 - POSTOJNA,VO 2010 - NOVA GORICA 2,10,"Mestna občina NG-Sejna dvorana, Trg E. Kardelja 1",538,172,0.3197,172,168,4,1.0,38,0.22619,130,0.77381
905,VE 2000 - POSTOJNA,VO 2010 - NOVA GORICA 2,11,OŠ Ledine - Cankarjeva ul. 23,661,302,0.4569,302,300,2,1.0,114,0.38,186,0.62
906,VE 2000 - POSTOJNA,VO 2010 - NOVA GORICA 2,12,VDC Nova Gorica - Sedejeva ul. 10,811,358,0.4414,358,353,5,1.0,139,0.393768,214,0.606232
907,VE 2000 - POSTOJNA,VO 2010 - NOVA GORICA 2,13,OŠ Ledine - Cankarjeva ul. 23,592,234,0.3953,234,232,2,1.0,78,0.336207,154,0.663793
908,VE 2000 - POSTOJNA,VO 2010 - NOVA GORICA 2,14,MIC - Cankarjeva ul. 8a,657,307,0.4673,307,298,9,1.0,116,0.389262,182,0.610738
909,VE 2000 - POSTOJNA,VO 2010 - NOVA GORICA 2,15,MIC - Cankarjeva ul. 8a,539,212,0.3933,212,209,3,1.0,60,0.287081,149,0.712919
910,VE 2000 - POSTOJNA,VO 2010 - NOVA GORICA 2,16,"Bivši maloobmejni prehod, Erjavčeva ul. 53",319,168,0.5266,168,165,3,1.0,80,0.484848,85,0.515152
911,VE 2000 - POSTOJNA,VO 2010 - NOVA GORICA 2,17,KS Nova Gorica - Erjavčeva ul. 4,358,160,0.4469,160,153,7,1.0,39,0.254902,114,0.745098
912,VE 2000 - POSTOJNA,VO 2010 - NOVA GORICA 2,18,Srednja ekonomska in trgovska šola- Erjavčeva 8,717,326,0.4547,326,322,4,1.0,87,0.270186,235,0.729814
913,VE 2000 - POSTOJNA,VO 2010 - NOVA GORICA 2,19,"Srednja ekonomska in trgovska šola, Erjavčeva 8",761,318,0.4179,318,313,5,1.0,123,0.392971,190,0.607029
914,VE 2000 - POSTOJNA,VO 2010 - NOVA GORICA 2,20,"MEGATERM, Cesta 25. junija 1g",486,258,0.5309,258,250,8,1.0,95,0.38,155,0.62
915,VE 2000 - POSTOJNA,VO 2010 - NOVA GORICA 2,21,"VDC - Želva, Ajševica 42, R. Dolina",248,146,0.5887,145,145,0,1.0,83,0.572414,62,0.427586
916,VE 2000 - POSTOJNA,VO 2010 - NOVA GORICA 2,22,"Univerza v Novi Gorici, Vipavska c. 13, R. Dolina",819,436,0.5324,436,428,8,1.0,157,0.366822,271,0.633178
917,VE 2000 - POSTOJNA,VO 2010 - NOVA GORICA 2,23,Kulturni dom Stara Gora - Stara Gora 14,162,100,0.6173,100,99,1,1.0,17,0.171717,82,0.828283
918,VE 2000 - POSTOJNA,VO 2010 - NOVA GORICA 2,24,"KS Solkan, Trg Jožeta Srebrniča 7",531,285,0.5367,285,283,2,1.0,126,0.44523,157,0.55477
919,VE 2000 - POSTOJNA,VO 2010 - NOVA GORICA 2,25,OŠ Solkan - Šolska ul. 25,733,436,0.5948,435,430,5,1.0,196,0.455814,234,0.544186
920,VE 2000 - POSTOJNA,VO 2010 - NOVA GORICA 2,26,"Vrtec Julke Pavletič, Ulica L.Slokarja 8",775,422,0.5445,422,418,4,1.0,195,0.466507,223,0.533493
921,VE 2000 - POSTOJNA,VO 2010 - NOVA GORICA 2,27,"OŠ Solkan, Šolska ul. 25",389,166,0.4267,166,164,2,1.0,76,0.463415,88,0.536585
922,VE 2000 - POSTOJNA,VO 2010 - NOVA GORICA 2,28,Center starejših Šempeter-C. prekomorskih br. 62a,544,304,0.5588,304,299,5,1.0,130,0.434783,169,0.565217
923,VE 2000 - POSTOJNA,VO 2010 - NOVA GORICA 2,29,"Občinska uprava-Coroninijev dvorec,Trg I. Roba 3a",1189,663,0.5576,663,650,13,1.0,299,0.46,351,0.54
924,VE 2000 - POSTOJNA,VO 2010 - NOVA GORICA 2,30,"OŠ Ivana Roba, Ul. Andreja Gabrščka 1",450,238,0.5289,238,238,0,1.0,100,0.420168,138,0.579832
925,VE 2000 - POSTOJNA,VO 2010 - NOVA GORICA 2,31,"Ulica Ivana Suliča 12/a, Šempeter",645,341,0.5287,341,339,2,1.0,126,0.371681,213,0.628319
926,VE 2000 - POSTOJNA,VO 2010 - NOVA GORICA 2,32,OŠ Vogrsko - Vogrsko 99,783,416,0.5313,416,412,4,1.0,170,0.412621,242,0.587379
927,VE 2000 - POSTOJNA,VO 2010 - NOVA GORICA 2,33,"MC Vrtojba, Ulica 9. septembra 72",1170,684,0.5846,684,673,11,1.0,289,0.429421,384,0.570579
928,VE 2000 - POSTOJNA,VO 2010 - NOVA GORICA 2,34,"OŠ Vrtojba, Ulica 9. septembra 132a",797,479,0.601,479,473,6,1.0,248,0.524313,225,0.475687
929,VE 2000 - POSTOJNA,VO 2010 - NOVA GORICA 2,901,Predčasno glasovanje,0,1827,0.0,1827,1809,18,1.0,541,0.29906,1268,0.70094
930,VE 2000 - POSTOJNA,VO 2010 - NOVA GORICA 2,970,OMNIA od: 2010,0,153,0.0,153,152,1,1.0,60,0.394737,92,0.605263
931,VE 2000 - POSTOJNA,VO 2010 - NOVA GORICA 2,997,Pošta doma OVK,0,84,0.0,84,84,0,1.0,37,0.440476,47,0.559524
932,VE 2000 - POSTOJNA,VO 2010 - NOVA GORICA 2,9972000,Pošta doma VKVE,0,0,0.0,0,0,0,,0,0.0,0,0.0
933,VE 2000 - POSTOJNA,VO 2010 - NOVA GORICA 2,99799,Pošta doma DVK,0,0,0.0,0,0,0,,0,0.0,0,0.0
934,VE 2000 - POSTOJNA,VO 2010 - NOVA GORICA 2,998,Pošta tujina OVK,0,180,0.0,180,175,5,1.0,73,0.417143,102,0.582857
935,VE 2000 - POSTOJNA,VO 2010 - NOVA GORICA 2,9982000,Pošta tujina VKVE,0,0,0.0,0,0,0,,0,0.0,0,0.0
936,VE 2000 - POSTOJNA,VO 2010 - NOVA GORICA 2,99899,Pošta tujina DVK,0,0,0.0,0,0,0,,0,0.0,0,0.0
937,VE 2000 - POSTOJNA,VO 2010 - NOVA GORICA 2,999,Posebni volilni imenik,2281,0,0.0,0,0,0,,0,0.0,0,0.0
938,VE 2000 - POSTOJNA,VO 2011 - AJDOVŠČINA,1,"OŠ D. Lokarja, C. 5. maja 15, Ajdovščina",648,326,0.5031,326,324,2,1.0,190,0.58642,134,0.41358
939,VE 2000 - POSTOJNA,VO 2011 - AJDOVŠČINA,2,"Stavba Občine Ajdovščina, C. 5. maja 6a",535,267,0.4991,267,264,3,1.0,153,0.579545,111,0.420455
940,VE 2000 - POSTOJNA,VO 2011 - AJDOVŠČINA,3,"Prostori PGD, Tovarniška c. 3g, Ajdovščina",477,200,0.4193,200,195,5,1.0,87,0.446154,108,0.553846
941,VE 2000 - POSTOJNA,VO 2011 - AJDOVŠČINA,4,"Otroški vrtec Ob Hublju, Ob Hublju 1, Ajdovščina",564,305,0.5408,305,300,5,1.0,123,0.41,177,0.59
942,VE 2000 - POSTOJNA,VO 2011 - AJDOVŠČINA,5,"DK Ajdovščina, Prešernova ul. 26, Ajdovščina",564,326,0.578,326,321,5,1.0,190,0.5919,131,0.4081
943,VE 2000 - POSTOJNA,VO 2011 - AJDOVŠČINA,6,"OŠ Šturje, Bevkova ul. 22, Ajdovščina",862,442,0.5128,442,433,9,1.0,235,0.542725,198,0.457275
944,VE 2000 - POSTOJNA,VO 2011 - AJDOVŠČINA,7,"Otroški vrtec Ribnik, Pot v Žapuže 14, Ajdovščina",1136,574,0.5053,574,566,8,1.0,258,0.45583,308,0.54417
945,VE 2000 - POSTOJNA,VO 2011 - AJDOVŠČINA,8,"DK Žapuže, Žapuže 10",368,223,0.606,223,215,8,1.0,125,0.581395,90,0.418605
946,VE 2000 - POSTOJNA,VO 2011 - AJDOVŠČINA,9,"Dvorana KS Dolga Poljana, Dolga Poljana 17",303,212,0.6997,212,207,5,1.0,116,0.560386,91,0.439614
947,VE 2000 - POSTOJNA,VO 2011 - AJDOVŠČINA,10,"Stara šola Budanje, Budanje 37",683,458,0.6706,458,451,7,1.0,353,0.782705,98,0.217295
948,VE 2000 - POSTOJNA,VO 2011 - AJDOVŠČINA,11,"Dvorana E. Čibeja, Lokavec 126a",930,536,0.5763,536,532,4,1.0,293,0.550752,239,0.449248
949,VE 2000 - POSTOJNA,VO 2011 - AJDOVŠČINA,12,"Dvorana KS Predmeja, Predmeja 93a ",299,181,0.6054,181,177,4,1.0,45,0.254237,132,0.745763
950,VE 2000 - POSTOJNA,VO 2011 - AJDOVŠČINA,13,"Dvorana KS Otlica, Otlica 47",241,145,0.6017,145,143,2,1.0,73,0.51049,70,0.48951
951,VE 2000 - POSTOJNA,VO 2011 - AJDOVŠČINA,14,"Dom tabornikov na Kovku, Kovk 13",95,79,0.8316,79,79,0,1.0,51,0.64557,28,0.35443
952,VE 2000 - POSTOJNA,VO 2011 - AJDOVŠČINA,15,"OŠ Col, Col 35",711,428,0.602,428,427,1,1.0,325,0.761124,102,0.238876
953,VE 2000 - POSTOJNA,VO 2011 - AJDOVŠČINA,16,"OŠ v Podkraju, Podkraj 9",577,356,0.617,356,355,1,1.0,304,0.856338,51,0.143662
954,VE 2000 - POSTOJNA,VO 2011 - AJDOVŠČINA,17,"DK Stomaž, Stomaž 36",239,144,0.6025,144,142,2,1.0,117,0.823944,25,0.176056
955,VE 2000 - POSTOJNA,VO 2011 - AJDOVŠČINA,18,"Prostori KS Skrilje, Skrilje 39",255,149,0.5843,149,149,0,1.0,102,0.684564,47,0.315436
956,VE 2000 - POSTOJNA,VO 2011 - AJDOVŠČINA,19,"DK Cesta, Cesta 94a",447,265,0.5928,265,261,4,1.0,132,0.505747,129,0.494253
957,VE 2000 - POSTOJNA,VO 2011 - AJDOVŠČINA,20,"Prostori KS Vipavski Križ, Vipavski Križ 8",375,209,0.5573,209,206,3,1.0,102,0.495146,104,0.504854
958,VE 2000 - POSTOJNA,VO 2011 - AJDOVŠČINA,21,"DK Plače, Plače 27 a",213,143,0.6714,143,137,6,1.0,78,0.569343,59,0.430657
959,VE 2000 - POSTOJNA,VO 2011 - AJDOVŠČINA,22,"Martinova dvorana v Gaberjah, Gaberje 37",145,79,0.5448,79,79,0,1.0,49,0.620253,30,0.379747
960,VE 2000 - POSTOJNA,VO 2011 - AJDOVŠČINA,23,"GD Šmarje, Šmarje 48a",329,190,0.5775,190,186,4,1.0,97,0.521505,89,0.478495
961,VE 2000 - POSTOJNA,VO 2011 - AJDOVŠČINA,24,"VP na Ustjah, Ustje 18",367,226,0.6158,226,224,2,1.0,150,0.669643,74,0.330357
962,VE 2000 - POSTOJNA,VO 2011 - AJDOVŠČINA,25,"DK Planina, Planina 58",486,255,0.5247,255,250,5,1.0,164,0.656,86,0.344
963,VE 2000 - POSTOJNA,VO 2011 - AJDOVŠČINA,26,"Dvorana KS V. Žablje, Velike Žablje 88a",263,164,0.6236,164,162,2,1.0,95,0.58642,67,0.41358
964,VE 2000 - POSTOJNA,VO 2011 - AJDOVŠČINA,27,"KD Dobravlje, Dobravlje 34a",369,241,0.6531,241,239,2,1.0,116,0.485356,123,0.514644
965,VE 2000 - POSTOJNA,VO 2011 - AJDOVŠČINA,28,"Učni center Brje, Brje 53",309,176,0.5696,176,175,1,1.0,69,0.394286,106,0.605714
966,VE 2000 - POSTOJNA,VO 2011 - AJDOVŠČINA,29,"DK Kamnje- Potoče, Kamnje 61",355,227,0.6394,227,223,4,1.0,119,0.533632,104,0.466368
967,VE 2000 - POSTOJNA,VO 2011 - AJDOVŠČINA,30,"OŠ v Vrtovinu, Vrtovin 74",396,235,0.5934,235,228,7,1.0,132,0.578947,96,0.421053
968,VE 2000 - POSTOJNA,VO 2011 - AJDOVŠČINA,31,"DK Gojače - Malovše, Gojače 48",253,142,0.5613,142,141,1,1.0,84,0.595745,57,0.404255
969,VE 2000 - POSTOJNA,VO 2011 - AJDOVŠČINA,32,"KD Selo, Selo 39a",341,223,0.654,223,220,3,1.0,103,0.468182,117,0.531818
970,VE 2000 - POSTOJNA,VO 2011 - AJDOVŠČINA,33,"Stavba v športnem parku Batuje, Batuje 38b",284,164,0.5775,164,162,2,1.0,78,0.481481,84,0.518519
971,VE 2000 - POSTOJNA,VO 2011 - AJDOVŠČINA,34,"OŠ v Črničah, Črniče 27",471,260,0.552,260,257,3,1.0,147,0.571984,110,0.428016
972,VE 2000 - POSTOJNA,VO 2011 - AJDOVŠČINA,35,"Enota Lavričeve knjižnice Vipava,Beblerjeva ul.17",555,318,0.573,318,309,9,1.0,179,0.579288,130,0.420712
973,VE 2000 - POSTOJNA,VO 2011 - AJDOVŠČINA,36,"Avla KD Vipava, Glavni trg 15, Vipava",417,263,0.6307,263,262,1,1.0,176,0.671756,86,0.328244
974,VE 2000 - POSTOJNA,VO 2011 - AJDOVŠČINA,37,"OŠ D. Bajca Vipava, Vinarska c. 4, Vipava",520,309,0.5942,309,305,4,1.0,181,0.593443,124,0.406557
975,VE 2000 - POSTOJNA,VO 2011 - AJDOVŠČINA,38,"OŠ v Vrhpolju, Vrhpolje 41",733,476,0.6494,476,474,2,1.0,384,0.810127,90,0.189873
976,VE 2000 - POSTOJNA,VO 2011 - AJDOVŠČINA,39,"Dvorana KS, Gradišče pri Vipavi 35b",198,131,0.6616,131,129,2,1.0,80,0.620155,49,0.379845
977,VE 2000 - POSTOJNA,VO 2011 - AJDOVŠČINA,40,"Prostori KS Slap, Slap 58",320,212,0.6625,212,208,4,1.0,149,0.716346,59,0.283654
978,VE 2000 - POSTOJNA,VO 2011 - AJDOVŠČINA,41,"KS (Stara šola), Lože 53",293,203,0.6928,203,201,2,1.0,145,0.721393,56,0.278607
979,VE 2000 - POSTOJNA,VO 2011 - AJDOVŠČINA,42,"KS (Stara šola), Erzelj 17",67,57,0.8507,57,52,5,1.0,21,0.403846,31,0.596154
980,VE 2000 - POSTOJNA,VO 2011 - AJDOVŠČINA,43,"OŠ na Gočah, Goče 6",157,90,0.5732,90,86,4,1.0,50,0.581395,36,0.418605
981,VE 2000 - POSTOJNA,VO 2011 - AJDOVŠČINA,44,"KD Podraga, Podraga 7",275,180,0.6545,180,177,3,1.0,97,0.548023,80,0.451977
982,VE 2000 - POSTOJNA,VO 2011 - AJDOVŠČINA,45,"KD J. Premrla - Vojka, Podnanos 71",653,432,0.6616,432,431,1,1.0,349,0.809745,82,0.190255
983,VE 2000 - POSTOJNA,VO 2011 - AJDOVŠČINA,46,"KS (stara šola), Lozice 34",211,142,0.673,142,140,2,1.0,101,0.721429,39,0.278571
984,VE 2000 - POSTOJNA,VO 2011 - AJDOVŠČINA,901,Predčasno glasovanje,0,865,0.0,865,860,5,1.0,377,0.438372,483,0.561628
985,VE 2000 - POSTOJNA,VO 2011 - AJDOVŠČINA,970,OMNIA od: 2011,0,61,0.0,61,61,0,1.0,30,0.491803,31,0.508197
986,VE 2000 - POSTOJNA,VO 2011 - AJDOVŠČINA,997,Pošta doma OVK,0,44,0.0,44,44,0,1.0,24,0.545455,20,0.454545
987,VE 2000 - POSTOJNA,VO 2011 - AJDOVŠČINA,9972000,Pošta doma VKVE,0,0,0.0,0,0,0,,0,0.0,0,0.0
988,VE 2000 - POSTOJNA,VO 2011 - AJDOVŠČINA,99799,Pošta doma DVK,0,0,0.0,0,0,0,,0,0.0,0,0.0
989,VE 2000 - POSTOJNA,VO 2011 - AJDOVŠČINA,998,Pošta tujina OVK,0,59,0.0,59,53,6,1.0,16,0.301887,37,0.698113
990,VE 2000 - POSTOJNA,VO 2011 - AJDOVŠČINA,9982000,Pošta tujina VKVE,0,0,0.0,0,0,0,,0,0.0,0,0.0
991,VE 2000 - POSTOJNA,VO 2011 - AJDOVŠČINA,99899,Pošta tujina DVK,0,0,0.0,0,0,0,,0,0.0,0,0.0
992,VE 2000 - POSTOJNA,VO 2011 - AJDOVŠČINA,999,Posebni volilni imenik,1381,0,0.0,0,0,0,,0,0.0,0,0.0
993,VE 3000 - LJUBLJANA CENTER,VO 3001 - LOGATEC,1,"Občina Cerknica, C. 4. maja 53, Cerknica",1075,501,0.466,501,496,5,1.0,221,0.445565,275,0.554435
994,VE 3000 - LJUBLJANA CENTER,VO 3001 - LOGATEC,2,"UE Cerknica, C. 4. maja 24, Cerknica",1045,478,0.4574,478,477,1,1.0,184,0.385744,293,0.614256
995,VE 3000 - LJUBLJANA CENTER,VO 3001 - LOGATEC,3,"OŠ Notranjski odred Cerknica, C. 4. maja 92",1002,570,0.5689,570,566,4,1.0,300,0.530035,266,0.469965
996,VE 3000 - LJUBLJANA CENTER,VO 3001 - LOGATEC,4,"GD Dolenja vas, Dolenja vas 54",378,228,0.6032,228,228,0,1.0,131,0.574561,97,0.425439
997,VE 3000 - LJUBLJANA CENTER,VO 3001 - LOGATEC,5,"GD Dolenje Jezero, Dolenje Jezero 50b",197,128,0.6497,128,127,1,1.0,98,0.771654,29,0.228346
998,VE 3000 - LJUBLJANA CENTER,VO 3001 - LOGATEC,6,"OŠ J. Krajca Rakek, Partizanska c. 28, Rakek",930,503,0.5409,503,498,5,1.0,194,0.389558,304,0.610442
999,VE 3000 - LJUBLJANA CENTER,VO 3001 - LOGATEC,7,"Krajevni urad Rakek, Trg padlih borcev 2, Rakek",728,411,0.5646,411,404,7,1.0,191,0.472772,213,0.527228
1000,VE 3000 - LJUBLJANA CENTER,VO 3001 - LOGATEC,8,"GD Unec, Unec 14",623,388,0.6228,388,386,2,1.0,205,0.531088,181,0.468912
1001,VE 3000 - LJUBLJANA CENTER,VO 3001 - LOGATEC,9,"GD Ivanje selo, Ivanje selo 6",177,119,0.6723,119,118,1,1.0,74,0.627119,44,0.372881
1002,VE 3000 - LJUBLJANA CENTER,VO 3001 - LOGATEC,10,"GD Bezuljak, Bezuljak 21a",179,120,0.6704,120,119,1,1.0,92,0.773109,27,0.226891
1003,VE 3000 - LJUBLJANA CENTER,VO 3001 - LOGATEC,11,"TD Menišija, Begunje pri Cerknici 28",846,502,0.5934,502,497,5,1.0,313,0.629779,184,0.370221
1004,VE 3000 - LJUBLJANA CENTER,VO 3001 - LOGATEC,13,"GD Gorenje Otave, Gorenje Otave 4",105,75,0.7143,75,75,0,1.0,47,0.626667,28,0.373333
1005,VE 3000 - LJUBLJANA CENTER,VO 3001 - LOGATEC,14,"GD Sveti Vid, Sveti Vid 5",191,110,0.5759,110,109,1,1.0,72,0.66055,37,0.33945
1006,VE 3000 - LJUBLJANA CENTER,VO 3001 - LOGATEC,15,"GD Cajnarje, Hruškarje 16",221,142,0.6425,142,142,0,1.0,91,0.640845,51,0.359155
1007,VE 3000 - LJUBLJANA CENTER,VO 3001 - LOGATEC,16,"GD Žerovnica, Žerovnica 2a",324,209,0.6451,209,205,4,1.0,92,0.44878,113,0.55122
1008,VE 3000 - LJUBLJANA CENTER,VO 3001 - LOGATEC,17,"GD Martinjak, Martinjak 1b",243,136,0.5597,136,134,2,1.0,81,0.604478,53,0.395522
1009,VE 3000 - LJUBLJANA CENTER,VO 3001 - LOGATEC,18,"GD Gorenje Jezero, Gorenje Jezero 32",118,73,0.6186,73,73,0,1.0,33,0.452055,40,0.547945
1010,VE 3000 - LJUBLJANA CENTER,VO 3001 - LOGATEC,19,"POŠ 11. maj Grahovo, Grahovo 120",376,248,0.6596,248,246,2,1.0,98,0.398374,148,0.601626
1011,VE 3000 - LJUBLJANA CENTER,VO 3001 - LOGATEC,20,"Ana Žnidaršič, Bločice 5",156,102,0.6538,102,99,3,1.0,53,0.535354,46,0.464646
1012,VE 3000 - LJUBLJANA CENTER,VO 3001 - LOGATEC,22,"OŠ Rovte, Rovte 90a",1018,704,0.6916,704,698,6,1.0,564,0.808023,134,0.191977
1013,VE 3000 - LJUBLJANA CENTER,VO 3001 - LOGATEC,23,"KS Log-Zaplana, Zaplana-del 58b",190,126,0.6632,126,121,5,1.0,97,0.801653,24,0.198347
1014,VE 3000 - LJUBLJANA CENTER,VO 3001 - LOGATEC,24,"GD Medvedje Brdo, Medvedje Brdo 40",160,96,0.6,96,95,1,1.0,60,0.631579,35,0.368421
1015,VE 3000 - LJUBLJANA CENTER,VO 3001 - LOGATEC,25,"POŠ Rovtarske Žibrše, Rovtarske Žibrše 10",184,112,0.6087,112,110,2,1.0,87,0.790909,23,0.209091
1016,VE 3000 - LJUBLJANA CENTER,VO 3001 - LOGATEC,26,"POŠ Laze, Laze 57",334,181,0.5419,181,179,2,1.0,82,0.458101,97,0.541899
1017,VE 3000 - LJUBLJANA CENTER,VO 3001 - LOGATEC,27,"POŠ Vrh Sv. Treh Kraljev, Vrh Sv. Treh Kraljev 19",277,209,0.7545,209,203,6,1.0,163,0.802956,40,0.197044
1018,VE 3000 - LJUBLJANA CENTER,VO 3001 - LOGATEC,28,"OŠ 8 talcev Logatec, Notranjska c. 3, Logatec",1341,584,0.4355,584,579,5,1.0,224,0.386874,355,0.613126
1019,VE 3000 - LJUBLJANA CENTER,VO 3001 - LOGATEC,30,"OŠ 8 talcev Logatec, Notranjska c. 3, Logatec",1769,938,0.5302,938,925,13,1.0,354,0.382703,571,0.617297
1020,VE 3000 - LJUBLJANA CENTER,VO 3001 - LOGATEC,31,"Upravni center Logatec, Tržaška c. 50a, Logatec",993,487,0.4904,487,481,6,1.0,195,0.405405,286,0.594595
1021,VE 3000 - LJUBLJANA CENTER,VO 3001 - LOGATEC,32,"Upravni center Logatec, Tržaška c. 50a, Logatec",1333,582,0.4366,582,580,2,1.0,266,0.458621,314,0.541379
1022,VE 3000 - LJUBLJANA CENTER,VO 3001 - LOGATEC,33,"POŠ Hotedršica, Hotedršica 120",645,385,0.5969,385,377,8,1.0,209,0.554377,168,0.445623
1023,VE 3000 - LJUBLJANA CENTER,VO 3001 - LOGATEC,34,"OŠ Tabor Logatec, Tržaška c. 150",1576,873,0.5539,873,863,10,1.0,384,0.444959,479,0.555041
1024,VE 3000 - LJUBLJANA CENTER,VO 3001 - LOGATEC,35,"Brunarica na ovinku, Grčarevec 2a",201,128,0.6368,128,125,3,1.0,41,0.328,84,0.672
1025,VE 3000 - LJUBLJANA CENTER,VO 3001 - LOGATEC,36,"ZVI Logatec, Tržaška c. 63, Logatec",559,332,0.5939,332,326,6,1.0,149,0.457055,177,0.542945
1026,VE 3000 - LJUBLJANA CENTER,VO 3001 - LOGATEC,37,"Medgen.center Gaber, C. 19. oktobra 49, Stari trg",896,540,0.6027,540,538,2,1.0,228,0.423792,310,0.576208
1027,VE 3000 - LJUBLJANA CENTER,VO 3001 - LOGATEC,38,"Okrepčevalnica Lož, C. 19. oktobra 54, Stari trg",465,265,0.5699,265,264,1,1.0,114,0.431818,150,0.568182
1028,VE 3000 - LJUBLJANA CENTER,VO 3001 - LOGATEC,39,"POŠ Iga vas, Iga vas 1",871,543,0.6234,543,539,4,1.0,282,0.523191,257,0.476809
1029,VE 3000 - LJUBLJANA CENTER,VO 3001 - LOGATEC,40,"Gostišče Mlakar, Markovec 15a",311,197,0.6334,197,195,2,1.0,82,0.420513,113,0.579487
1030,VE 3000 - LJUBLJANA CENTER,VO 3001 - LOGATEC,43,"Večnamenski objekt Babno Polje, Babno Polje 82",243,136,0.5597,136,136,0,1.0,54,0.397059,82,0.602941
1031,VE 3000 - LJUBLJANA CENTER,VO 3001 - LOGATEC,44,"OŠ Nova vas, Nova vas 4b",527,318,0.6034,318,309,9,1.0,188,0.608414,121,0.391586
1032,VE 3000 - LJUBLJANA CENTER,VO 3001 - LOGATEC,45,"GD Velike Bloke, Velike Bloke 22",333,202,0.6066,202,198,4,1.0,126,0.636364,72,0.363636
1033,VE 3000 - LJUBLJANA CENTER,VO 3001 - LOGATEC,47,"VD Sveta Trojica, Sveta Trojica bš",188,115,0.6117,115,113,2,1.0,72,0.637168,41,0.362832
1034,VE 3000 - LJUBLJANA CENTER,VO 3001 - LOGATEC,49,"Kraševec Bojan, Studenec na Blokah 12a",209,137,0.6555,137,135,2,1.0,98,0.725926,37,0.274074
1035,VE 3000 - LJUBLJANA CENTER,VO 3001 - LOGATEC,901,Predčasno glasovanje,0,902,0.0,902,896,6,1.0,319,0.356027,577,0.643973
1036,VE 3000 - LJUBLJANA CENTER,VO 3001 - LOGATEC,902,Predčasno glasovanje,0,705,0.0,705,700,5,1.0,252,0.36,448,0.64
1037,VE 3000 - LJUBLJANA CENTER,VO 3001 - LOGATEC,970,OMNIA od: 3001,0,33,0.0,33,33,0,1.0,10,0.30303,23,0.69697
1038,VE 3000 - LJUBLJANA CENTER,VO 3001 - LOGATEC,997,Pošta doma OVK,0,60,0.0,60,60,0,1.0,41,0.683333,19,0.316667
1039,VE 3000 - LJUBLJANA CENTER,VO 3001 - LOGATEC,9973000,Pošta doma VKVE,0,0,0.0,0,0,0,,0,0.0,0,0.0
1040,VE 3000 - LJUBLJANA CENTER,VO 3001 - LOGATEC,99799,Pošta doma DVK,0,0,0.0,0,0,0,,0,0.0,0,0.0
1041,VE 3000 - LJUBLJANA CENTER,VO 3001 - LOGATEC,998,Pošta tujina OVK,0,33,0.0,33,30,3,1.0,16,0.533333,14,0.466667
1042,VE 3000 - LJUBLJANA CENTER,VO 3001 - LOGATEC,9983000,Pošta tujina VKVE,0,0,0.0,0,0,0,,0,0.0,0,0.0
1043,VE 3000 - LJUBLJANA CENTER,VO 3001 - LOGATEC,99899,Pošta tujina DVK,0,0,0.0,0,0,0,,0,0.0,0,0.0
1044,VE 3000 - LJUBLJANA CENTER,VO 3001 - LOGATEC,999,Posebni volilni imenik,1540,0,0.0,0,0,0,,0,0.0,0,0.0
1045,VE 3000 - LJUBLJANA CENTER,VO 3002 - VRHNIKA,1,"LD Borovnica, Miklavičeva c. 2a, Borovnica",468,301,0.6432,301,296,5,1.0,103,0.347973,193,0.652027
1046,VE 3000 - LJUBLJANA CENTER,VO 3002 - VRHNIKA,2,"OŠ Borovnica, Paplerjeva ul. 15, Borovnica",1003,534,0.5324,534,523,11,1.0,195,0.372849,328,0.627151
1047,VE 3000 - LJUBLJANA CENTER,VO 3002 - VRHNIKA,3,"Občina Borovnica, Paplerjeva ul. 22, Borovnica",476,286,0.6008,286,285,1,1.0,141,0.494737,144,0.505263
1048,VE 3000 - LJUBLJANA CENTER,VO 3002 - VRHNIKA,5,"GD Breg pri Borovnici 18, Borovnica",381,220,0.5774,220,215,5,1.0,90,0.418605,125,0.581395
1049,VE 3000 - LJUBLJANA CENTER,VO 3002 - VRHNIKA,6,"Dom krajanov Dol-Laze, Obrtniška ul.30, Borovnica",610,362,0.5934,362,346,16,1.0,145,0.419075,201,0.580925
1050,VE 3000 - LJUBLJANA CENTER,VO 3002 - VRHNIKA,7,"GD Brezovica pri Borovnici 42, Borovnica",461,300,0.6508,300,299,1,1.0,181,0.605351,118,0.394649
1051,VE 3000 - LJUBLJANA CENTER,VO 3002 - VRHNIKA,8,"Cankarjev dom Vrhnika, Tržaška c. 25, Vrhnika",1039,503,0.4841,503,494,9,1.0,191,0.38664,303,0.61336
1052,VE 3000 - LJUBLJANA CENTER,VO 3002 - VRHNIKA,10,"OŠ I. Cankarja I, Lošca 1, Vrhnika",685,300,0.438,300,294,6,1.0,89,0.302721,205,0.697279
1053,VE 3000 - LJUBLJANA CENTER,VO 3002 - VRHNIKA,11,"OŠ I. Cankarja II, Lošca 1, Vrhnika",439,203,0.4624,203,200,3,1.0,51,0.255,149,0.745
1054,VE 3000 - LJUBLJANA CENTER,VO 3002 - VRHNIKA,12,"GD Vrhnika, Jelovškova ul. 3, Vrhnika",817,466,0.5704,466,455,11,1.0,184,0.404396,271,0.595604
1055,VE 3000 - LJUBLJANA CENTER,VO 3002 - VRHNIKA,13,"Elektro Ljubljana, Ljubljanska c. 23, Vrhnika",620,311,0.5016,311,306,5,1.0,105,0.343137,201,0.656863
1056,VE 3000 - LJUBLJANA CENTER,VO 3002 - VRHNIKA,14,"OŠ I. Cankarja III, Lošca 1, Vrhnika",911,505,0.5543,505,500,5,1.0,237,0.474,263,0.526
1057,VE 3000 - LJUBLJANA CENTER,VO 3002 - VRHNIKA,15,"Župnijski vrtec Vrhnika, Hrib 2, Vrhnika",523,298,0.5698,298,295,3,1.0,131,0.444068,164,0.555932
1058,VE 3000 - LJUBLJANA CENTER,VO 3002 - VRHNIKA,16,"GD Verd, Verd 100, Vrhnika",760,391,0.5145,391,389,2,1.0,105,0.269923,284,0.730077
1059,VE 3000 - LJUBLJANA CENTER,VO 3002 - VRHNIKA,17,"GD Verd, Verd 100, Vrhnika",824,442,0.5364,442,436,6,1.0,181,0.415138,255,0.584862
1060,VE 3000 - LJUBLJANA CENTER,VO 3002 - VRHNIKA,18,"Dom krajanov Dragomer, Na Grivi 5, Dragomer",834,508,0.6091,508,506,2,1.0,204,0.403162,302,0.596838
1061,VE 3000 - LJUBLJANA CENTER,VO 3002 - VRHNIKA,19,"GD Log pri Brezovici,Loška c.18,Log pri Brezovici",646,346,0.5356,346,339,7,1.0,131,0.386431,208,0.613569
1062,VE 3000 - LJUBLJANA CENTER,VO 3002 - VRHNIKA,20,"GD Drenov Grič, Drenov grič 25, Vrhnika",1037,635,0.6123,635,624,11,1.0,318,0.509615,306,0.490385
1063,VE 3000 - LJUBLJANA CENTER,VO 3002 - VRHNIKA,21,"Dom KS Stara Vrhnika, Stara Vrhnika 107a, Vrhnika",554,324,0.5848,324,323,1,1.0,162,0.501548,161,0.498452
1064,VE 3000 - LJUBLJANA CENTER,VO 3002 - VRHNIKA,22,"KD Bevke, Bevke 17, Log pri Brezovici",770,493,0.6403,493,488,5,1.0,285,0.584016,203,0.415984
1065,VE 3000 - LJUBLJANA CENTER,VO 3002 - VRHNIKA,23,"GD Podlipa, Smrečje 7, Vrhnika",637,384,0.6028,384,381,3,1.0,274,0.71916,107,0.28084
1066,VE 3000 - LJUBLJANA CENTER,VO 3002 - VRHNIKA,24,"GD Ligojna, Mala Ligojna 18, Vrhnika",474,302,0.6371,302,293,9,1.0,179,0.610922,114,0.389078
1067,VE 3000 - LJUBLJANA CENTER,VO 3002 - VRHNIKA,25,"Dom KS Sinja Gorica, bš, Vrhnika",404,227,0.5619,227,224,3,1.0,94,0.419643,130,0.580357
1068,VE 3000 - LJUBLJANA CENTER,VO 3002 - VRHNIKA,26,"KS Blatna Brezovica, Blatna Brezovica 12,Vrhnika",280,159,0.5679,159,157,2,1.0,76,0.484076,81,0.515924
1069,VE 3000 - LJUBLJANA CENTER,VO 3002 - VRHNIKA,27,"Bivša šola Zaplana, Zaplana 25, Vrhnika",719,346,0.4812,346,341,5,1.0,174,0.510264,167,0.489736
1070,VE 3000 - LJUBLJANA CENTER,VO 3002 - VRHNIKA,28,"Dom gasilcev in krajanov, Zavrh pri Borovnici 1",98,65,0.6633,65,64,1,1.0,38,0.59375,26,0.40625
1071,VE 3000 - LJUBLJANA CENTER,VO 3002 - VRHNIKA,29,"GD Dragomer-Lukovica, Na Grivi 5, Dragomer",773,486,0.6287,486,468,18,1.0,203,0.433761,265,0.566239
1072,VE 3000 - LJUBLJANA CENTER,VO 3002 - VRHNIKA,30,"OŠ I. Cankarja IV, Lošca 1, Vrhnika",740,381,0.5149,381,372,9,1.0,165,0.443548,207,0.556452
1073,VE 3000 - LJUBLJANA CENTER,VO 3002 - VRHNIKA,31,"OŠ A.M. Slomška, Pod Hruševco 33, Vrhnika",528,247,0.4678,247,244,3,1.0,57,0.233607,187,0.766393
1074,VE 3000 - LJUBLJANA CENTER,VO 3002 - VRHNIKA,32,"GD Log pri Brezovici,Loška c.18,Log pri Brezovici",724,418,0.5773,418,406,12,1.0,188,0.463054,218,0.536946
1075,VE 3000 - LJUBLJANA CENTER,VO 3002 - VRHNIKA,901,Predčasno glasovanje,0,1155,0.0,1155,1138,17,1.0,368,0.323374,770,0.676626
1076,VE 3000 - LJUBLJANA CENTER,VO 3002 - VRHNIKA,970,OMNIA od: 3002,0,96,0.0,96,95,1,1.0,26,0.273684,69,0.726316
1077,VE 3000 - LJUBLJANA CENTER,VO 3002 - VRHNIKA,997,Pošta doma OVK,0,36,0.0,35,35,0,1.0,19,0.542857,16,0.457143
1078,VE 3000 - LJUBLJANA CENTER,VO 3002 - VRHNIKA,9973000,Pošta doma VKVE,0,0,0.0,0,0,0,,0,0.0,0,0.0
1079,VE 3000 - LJUBLJANA CENTER,VO 3002 - VRHNIKA,99799,Pošta doma DVK,0,0,0.0,0,0,0,,0,0.0,0,0.0
1080,VE 3000 - LJUBLJANA CENTER,VO 3002 - VRHNIKA,998,Pošta tujina OVK,0,35,0.0,35,33,2,1.0,9,0.272727,24,0.727273
1081,VE 3000 - LJUBLJANA CENTER,VO 3002 - VRHNIKA,9983000,Pošta tujina VKVE,0,0,0.0,0,0,0,,0,0.0,0,0.0
1082,VE 3000 - LJUBLJANA CENTER,VO 3002 - VRHNIKA,99899,Pošta tujina DVK,0,0,0.0,0,0,0,,0,0.0,0,0.0
1083,VE 3000 - LJUBLJANA CENTER,VO 3002 - VRHNIKA,999,Posebni volilni imenik,878,0,0.0,0,0,0,,0,0.0,0,0.0
1084,VE 3000 - LJUBLJANA CENTER,VO 3003 - LJUBLJANA VIČ-RUDNIK 1,1,"GD Goričica, Goričica pod Krimom 29, Preserje",277,160,0.5776,160,160,0,1.0,88,0.55,72,0.45
1085,VE 3000 - LJUBLJANA CENTER,VO 3003 - LJUBLJANA VIČ-RUDNIK 1,3,"GD Kamnik pod K., Kamnik pod Krimom 151a,Preserje",787,508,0.6455,508,507,1,1.0,271,0.534517,236,0.465483
1086,VE 3000 - LJUBLJANA CENTER,VO 3003 - LJUBLJANA VIČ-RUDNIK 1,4,"OŠ Preserje, Preserje 60, Preserje",393,227,0.5776,227,223,4,1.0,112,0.502242,111,0.497758
1087,VE 3000 - LJUBLJANA CENTER,VO 3003 - LJUBLJANA VIČ-RUDNIK 1,5,"KD Podpeč, Jezero 21, Preserje",1070,605,0.5654,605,596,9,1.0,322,0.540268,274,0.459732
1088,VE 3000 - LJUBLJANA CENTER,VO 3003 - LJUBLJANA VIČ-RUDNIK 1,7,"PŠ Rakitna, Rakitna 66, Preserje",599,365,0.6093,365,361,4,1.0,209,0.578947,152,0.421053
1089,VE 3000 - LJUBLJANA CENTER,VO 3003 - LJUBLJANA VIČ-RUDNIK 1,8,"ZDD Notranje Gorice, Podpeška c. 380, Notranje G.",1089,607,0.5574,607,603,4,1.0,250,0.414594,353,0.585406
1090,VE 3000 - LJUBLJANA CENTER,VO 3003 - LJUBLJANA VIČ-RUDNIK 1,9,"ZDD Notranje Gorice, Podpeška c. 380, Notranje G.",1013,509,0.5025,509,503,6,1.0,267,0.530815,236,0.469185
1091,VE 3000 - LJUBLJANA CENTER,VO 3003 - LJUBLJANA VIČ-RUDNIK 1,10,"DK Vnanje Gorice, Nova pot 5, Brezovica",1071,662,0.6181,662,656,6,1.0,329,0.501524,327,0.498476
1092,VE 3000 - LJUBLJANA CENTER,VO 3003 - LJUBLJANA VIČ-RUDNIK 1,11,"Osnovna šola Ig, Troštova ulica 24, Ig",1037,572,0.5516,572,565,7,1.0,268,0.474336,297,0.525664
1093,VE 3000 - LJUBLJANA CENTER,VO 3003 - LJUBLJANA VIČ-RUDNIK 1,12,"Novi GD Ig, Gasilska ulica 39",907,578,0.6373,578,573,5,1.0,244,0.425829,329,0.574171
1094,VE 3000 - LJUBLJANA CENTER,VO 3003 - LJUBLJANA VIČ-RUDNIK 1,13,"PGD Kot, Kot 19",198,137,0.6919,137,134,3,1.0,73,0.544776,61,0.455224
1095,VE 3000 - LJUBLJANA CENTER,VO 3003 - LJUBLJANA VIČ-RUDNIK 1,14,"Družabni objekt""Senožetka"", Iška Loka",221,145,0.6561,145,143,2,1.0,89,0.622378,54,0.377622
1096,VE 3000 - LJUBLJANA CENTER,VO 3003 - LJUBLJANA VIČ-RUDNIK 1,15,"GD Matena, Matena 55",211,139,0.6588,139,135,4,1.0,98,0.725926,37,0.274074
1097,VE 3000 - LJUBLJANA CENTER,VO 3003 - LJUBLJANA VIČ-RUDNIK 1,16,"GD Golo, Golo 5a",1001,618,0.6174,618,603,15,1.0,215,0.356551,388,0.643449
1098,VE 3000 - LJUBLJANA CENTER,VO 3003 - LJUBLJANA VIČ-RUDNIK 1,17,GD Škrilje,385,251,0.6519,251,250,1,1.0,103,0.412,147,0.588
1099,VE 3000 - LJUBLJANA CENTER,VO 3003 - LJUBLJANA VIČ-RUDNIK 1,18,"PŠ Tomišelj, Tomišelj 30",241,146,0.6058,146,143,3,1.0,60,0.41958,83,0.58042
1100,VE 3000 - LJUBLJANA CENTER,VO 3003 - LJUBLJANA VIČ-RUDNIK 1,19,"PŠ Tomišelj, Tomišelj 30",420,223,0.531,223,223,0,1.0,115,0.515695,108,0.484305
1101,VE 3000 - LJUBLJANA CENTER,VO 3003 - LJUBLJANA VIČ-RUDNIK 1,20,"GD Vrbljene, Vrbljene 57",320,170,0.5312,170,170,0,1.0,99,0.582353,71,0.417647
1102,VE 3000 - LJUBLJANA CENTER,VO 3003 - LJUBLJANA VIČ-RUDNIK 1,21,"PGD Iška vas, Iška vas 31",578,373,0.6453,373,367,6,1.0,148,0.40327,219,0.59673
1103,VE 3000 - LJUBLJANA CENTER,VO 3003 - LJUBLJANA VIČ-RUDNIK 1,23,"GD Barje, Peruzzijeva ul. 101, Ljubljana",1367,696,0.5091,696,688,8,1.0,312,0.453488,376,0.546512
1104,VE 3000 - LJUBLJANA CENTER,VO 3003 - LJUBLJANA VIČ-RUDNIK 1,24,"GD Barje, Peruzzijeva ul. 101, Ljubljana",1477,734,0.497,734,730,4,1.0,317,0.434247,413,0.565753
1105,VE 3000 - LJUBLJANA CENTER,VO 3003 - LJUBLJANA VIČ-RUDNIK 1,26,"Občina Škofljica, Šmarska c. 3, Škofljica",1490,857,0.5752,857,846,11,1.0,421,0.497636,425,0.502364
1106,VE 3000 - LJUBLJANA CENTER,VO 3003 - LJUBLJANA VIČ-RUDNIK 1,27,"Občina Škofljica, Šmarska c. 3,  Škofljica",1514,880,0.5812,880,870,10,1.0,457,0.525287,413,0.474713
1107,VE 3000 - LJUBLJANA CENTER,VO 3003 - LJUBLJANA VIČ-RUDNIK 1,29,"PŠ Želimlje, Želimlje 43",396,235,0.5934,235,231,4,1.0,113,0.489177,118,0.510823
1108,VE 3000 - LJUBLJANA CENTER,VO 3003 - LJUBLJANA VIČ-RUDNIK 1,30,"""Skedenj"" Pijava Gorica",662,406,0.6133,406,402,4,1.0,188,0.467662,214,0.532338
1109,VE 3000 - LJUBLJANA CENTER,VO 3003 - LJUBLJANA VIČ-RUDNIK 1,31,"DK Smrjene, Smrjene 8",697,398,0.571,398,394,4,1.0,155,0.393401,239,0.606599
1110,VE 3000 - LJUBLJANA CENTER,VO 3003 - LJUBLJANA VIČ-RUDNIK 1,32,"DK Gradišče, Gradišče bš, 1291 Škofljica",996,540,0.5422,540,529,11,1.0,188,0.355388,341,0.644612
1111,VE 3000 - LJUBLJANA CENTER,VO 3003 - LJUBLJANA VIČ-RUDNIK 1,33,"Občina Velike Lašče, Levstikov trg 1, Velike Lašče",1047,630,0.6017,630,623,7,1.0,363,0.582665,260,0.417335
1112,VE 3000 - LJUBLJANA CENTER,VO 3003 - LJUBLJANA VIČ-RUDNIK 1,34,"Občina Velike Lašče, Levstikov trg 1, Velike Lašče",1140,680,0.5965,680,673,7,1.0,418,0.6211,255,0.3789
1113,VE 3000 - LJUBLJANA CENTER,VO 3003 - LJUBLJANA VIČ-RUDNIK 1,37,"KD Rob, Rob 5, Rob",635,350,0.5512,350,344,6,1.0,159,0.462209,185,0.537791
1114,VE 3000 - LJUBLJANA CENTER,VO 3003 - LJUBLJANA VIČ-RUDNIK 1,40,"GD Turjak, Turjak 17g, Turjak",683,414,0.6061,414,408,6,1.0,213,0.522059,195,0.477941
1115,VE 3000 - LJUBLJANA CENTER,VO 3003 - LJUBLJANA VIČ-RUDNIK 1,41,"DK Vnanje Gorice, Nova pot 5, Brezovica",889,514,0.5782,514,503,11,1.0,220,0.437376,283,0.562624
1116,VE 3000 - LJUBLJANA CENTER,VO 3003 - LJUBLJANA VIČ-RUDNIK 1,901,Predčasno glasovanje,0,541,0.0,541,535,6,1.0,184,0.343925,351,0.656075
1117,VE 3000 - LJUBLJANA CENTER,VO 3003 - LJUBLJANA VIČ-RUDNIK 1,997,Pošta doma OVK,0,71,0.0,71,70,1,1.0,28,0.4,42,0.6
1118,VE 3000 - LJUBLJANA CENTER,VO 3003 - LJUBLJANA VIČ-RUDNIK 1,9973000,Pošta doma VKVE,0,0,0.0,0,0,0,,0,0.0,0,0.0
1119,VE 3000 - LJUBLJANA CENTER,VO 3003 - LJUBLJANA VIČ-RUDNIK 1,99799,Pošta doma DVK,0,0,0.0,0,0,0,,0,0.0,0,0.0
1120,VE 3000 - LJUBLJANA CENTER,VO 3003 - LJUBLJANA VIČ-RUDNIK 1,998,Pošta tujina OVK,0,43,0.0,43,34,9,1.0,17,0.5,17,0.5
1121,VE 3000 - LJUBLJANA CENTER,VO 3003 - LJUBLJANA VIČ-RUDNIK 1,9983000,Pošta tujina VKVE,0,0,0.0,0,0,0,,0,0.0,0,0.0
1122,VE 3000 - LJUBLJANA CENTER,VO 3003 - LJUBLJANA VIČ-RUDNIK 1,99899,Pošta tujina DVK,0,0,0.0,0,0,0,,0,0.0,0,0.0
1123,VE 3000 - LJUBLJANA CENTER,VO 3003 - LJUBLJANA VIČ-RUDNIK 1,999,Posebni volilni imenik,810,0,0.0,0,0,0,,0,0.0,0,0.0
1124,VE 3000 - LJUBLJANA CENTER,VO 3004 - LJUBLJANA VIČ-RUDNIK 2,1,"OŠ Trnovo, Karunova ul. 14a, Ljubljana",939,539,0.574,539,531,8,1.0,182,0.34275,349,0.65725
1125,VE 3000 - LJUBLJANA CENTER,VO 3004 - LJUBLJANA VIČ-RUDNIK 2,2,"OŠ Trnovo, Karunova ul. 14a, Ljubljana",878,459,0.5228,459,457,2,1.0,150,0.328228,307,0.671772
1126,VE 3000 - LJUBLJANA CENTER,VO 3004 - LJUBLJANA VIČ-RUDNIK 2,3,"OŠ Trnovo, Karunova ul. 14a, Ljubljana",841,490,0.5826,490,481,9,1.0,137,0.284823,344,0.715177
1127,VE 3000 - LJUBLJANA CENTER,VO 3004 - LJUBLJANA VIČ-RUDNIK 2,4,"OŠ Trnovo, Karunova ul. 14a, Ljubljana",889,473,0.5321,473,465,8,1.0,169,0.363441,296,0.636559
1128,VE 3000 - LJUBLJANA CENTER,VO 3004 - LJUBLJANA VIČ-RUDNIK 2,5,"OŠ Oskarja Kovačiča, Ob dolenjski železnici 48",1208,716,0.5927,716,706,10,1.0,293,0.415014,413,0.584986
1129,VE 3000 - LJUBLJANA CENTER,VO 3004 - LJUBLJANA VIČ-RUDNIK 2,6,"OŠ Oskarja Kovačiča, Ob dolenjski železnici 48",1605,919,0.5726,919,906,13,1.0,352,0.388521,554,0.611479
1130,VE 3000 - LJUBLJANA CENTER,VO 3004 - LJUBLJANA VIČ-RUDNIK 2,8,"OŠ Oskarja Kovačiča, Ob dolenjski železnici 48",1303,575,0.4413,575,572,3,1.0,206,0.36014,366,0.63986
1131,VE 3000 - LJUBLJANA CENTER,VO 3004 - LJUBLJANA VIČ-RUDNIK 2,9,"OŠ Oskarja Kovačiča, Ob dolenjski železnici 48",1889,906,0.4796,906,897,9,1.0,358,0.399108,539,0.600892
1132,VE 3000 - LJUBLJANA CENTER,VO 3004 - LJUBLJANA VIČ-RUDNIK 2,10,"OŠ Livada, Ulica Dušana Kraigherja 2, Ljubljana",919,421,0.4581,421,417,4,1.0,141,0.338129,276,0.661871
1133,VE 3000 - LJUBLJANA CENTER,VO 3004 - LJUBLJANA VIČ-RUDNIK 2,11,"OŠ Oskarja Kovačiča, Ob dolenjski železnici 48",1309,712,0.5439,712,705,7,1.0,308,0.436879,397,0.563121
1134,VE 3000 - LJUBLJANA CENTER,VO 3004 - LJUBLJANA VIČ-RUDNIK 2,12,"OŠ Livada, Ulica Dušana Kraigherja 2, Ljubljana",735,243,0.3306,243,242,1,1.0,78,0.322314,164,0.677686
1135,VE 3000 - LJUBLJANA CENTER,VO 3004 - LJUBLJANA VIČ-RUDNIK 2,13,"Podružnična šola Lavrica,Kamnikarjeva 6",1201,768,0.6395,768,759,9,1.0,303,0.399209,456,0.600791
1136,VE 3000 - LJUBLJANA CENTER,VO 3004 - LJUBLJANA VIČ-RUDNIK 2,14,"GD Orle, Orle 39",187,134,0.7166,134,134,0,1.0,87,0.649254,47,0.350746
1137,VE 3000 - LJUBLJANA CENTER,VO 3004 - LJUBLJANA VIČ-RUDNIK 2,15,"Podružnična šola Lavrica,Kamnikarjeva 6",1133,645,0.5693,645,640,5,1.0,293,0.457812,347,0.542188
1138,VE 3000 - LJUBLJANA CENTER,VO 3004 - LJUBLJANA VIČ-RUDNIK 2,16,"OŠ Livada, Ulica Dušana Kraigherja 2, Ljubljana",788,224,0.2843,224,222,2,1.0,56,0.252252,166,0.747748
1139,VE 3000 - LJUBLJANA CENTER,VO 3004 - LJUBLJANA VIČ-RUDNIK 2,901,Predčasno glasovanje,0,834,0.0,833,826,7,1.0,247,0.299031,579,0.700969
1140,VE 3000 - LJUBLJANA CENTER,VO 3004 - LJUBLJANA VIČ-RUDNIK 2,997,Pošta doma OVK,0,40,0.0,40,40,0,1.0,20,0.5,20,0.5
1141,VE 3000 - LJUBLJANA CENTER,VO 3004 - LJUBLJANA VIČ-RUDNIK 2,9973000,Pošta doma VKVE,0,0,0.0,0,0,0,,0,0.0,0,0.0
1142,VE 3000 - LJUBLJANA CENTER,VO 3004 - LJUBLJANA VIČ-RUDNIK 2,99799,Pošta doma DVK,0,0,0.0,0,0,0,,0,0.0,0,0.0
1143,VE 3000 - LJUBLJANA CENTER,VO 3004 - LJUBLJANA VIČ-RUDNIK 2,998,Pošta tujina OVK,0,47,0.0,47,42,5,1.0,12,0.285714,30,0.714286
1144,VE 3000 - LJUBLJANA CENTER,VO 3004 - LJUBLJANA VIČ-RUDNIK 2,9983000,Pošta tujina VKVE,0,0,0.0,0,0,0,,0,0.0,0,0.0
1145,VE 3000 - LJUBLJANA CENTER,VO 3004 - LJUBLJANA VIČ-RUDNIK 2,99899,Pošta tujina DVK,0,0,0.0,0,0,0,,0,0.0,0,0.0
1146,VE 3000 - LJUBLJANA CENTER,VO 3004 - LJUBLJANA VIČ-RUDNIK 2,999,Posebni volilni imenik,996,0,0.0,0,0,0,,0,0.0,0,0.0
1147,VE 3000 - LJUBLJANA CENTER,VO 3005 - LJUBLJANA VIČ-RUDNIK 3,1,"OŠ Kolezija, C. v Mestni log 46, Ljubljana",812,408,0.5025,408,406,2,1.0,112,0.275862,294,0.724138
1148,VE 3000 - LJUBLJANA CENTER,VO 3005 - LJUBLJANA VIČ-RUDNIK 3,2,"OŠ Kolezija, C. v Mestni log 46, Ljubljana",921,514,0.5581,513,501,12,1.0,151,0.301397,350,0.698603
1149,VE 3000 - LJUBLJANA CENTER,VO 3005 - LJUBLJANA VIČ-RUDNIK 3,3,"Dijaški dom Vič, Gerbičeva ul. 53, Ljubljana",506,232,0.4585,232,230,2,1.0,55,0.23913,175,0.76087
1150,VE 3000 - LJUBLJANA CENTER,VO 3005 - LJUBLJANA VIČ-RUDNIK 3,4,"OŠ Vič, Tržaška c. 74, Ljubljana",862,409,0.4745,409,407,2,1.0,110,0.27027,297,0.72973
1151,VE 3000 - LJUBLJANA CENTER,VO 3005 - LJUBLJANA VIČ-RUDNIK 3,5,"OŠ Vič, Tržaška c. 74, Ljubljana",1026,526,0.5127,526,516,10,1.0,159,0.30814,357,0.69186
1152,VE 3000 - LJUBLJANA CENTER,VO 3005 - LJUBLJANA VIČ-RUDNIK 3,6,"OŠ Kolezija, Splitska ul. 13, Ljubljana",356,213,0.5983,213,212,1,1.0,85,0.400943,127,0.599057
1153,VE 3000 - LJUBLJANA CENTER,VO 3005 - LJUBLJANA VIČ-RUDNIK 3,7,"Gasilski dom Lj.-Trnovo, C. v Mestni log 31",844,554,0.6564,554,542,12,1.0,225,0.415129,317,0.584871
1154,VE 3000 - LJUBLJANA CENTER,VO 3005 - LJUBLJANA VIČ-RUDNIK 3,8,"Biotehnični izobraž. center, C. v Mestni log 47",1097,684,0.6235,684,676,8,1.0,219,0.323964,457,0.676036
1155,VE 3000 - LJUBLJANA CENTER,VO 3005 - LJUBLJANA VIČ-RUDNIK 3,9,"JP VOKA SNAGA d.o.o., C. dveh cesarjev 111",634,232,0.3659,232,228,4,1.0,42,0.184211,186,0.815789
1156,VE 3000 - LJUBLJANA CENTER,VO 3005 - LJUBLJANA VIČ-RUDNIK 3,10,"Prostori MOL, Tbilisijska ul. 22a, Ljubljana",895,503,0.562,503,500,3,1.0,177,0.354,323,0.646
1157,VE 3000 - LJUBLJANA CENTER,VO 3005 - LJUBLJANA VIČ-RUDNIK 3,11,"Prostori MOL, Tbilisijska ul. 22a, Ljubljana",783,381,0.4866,381,368,13,1.0,126,0.342391,242,0.657609
1158,VE 3000 - LJUBLJANA CENTER,VO 3005 - LJUBLJANA VIČ-RUDNIK 3,12,"OŠ Vič, Abramova ul. 26, Ljubljana",951,538,0.5657,538,533,5,1.0,198,0.371482,335,0.628518
1159,VE 3000 - LJUBLJANA CENTER,VO 3005 - LJUBLJANA VIČ-RUDNIK 3,13,"OŠ Vič, Abramova ul. 26, Ljubljana",1588,839,0.5283,839,833,6,1.0,218,0.261705,615,0.738295
1160,VE 3000 - LJUBLJANA CENTER,VO 3005 - LJUBLJANA VIČ-RUDNIK 3,14,"OŠ Vič, Abramova ul. 26, Ljubljana",826,406,0.4915,406,398,8,1.0,96,0.241206,302,0.758794
1161,VE 3000 - LJUBLJANA CENTER,VO 3005 - LJUBLJANA VIČ-RUDNIK 3,15,"OŠ Vič, Abramova ul. 26, Ljubljana",1098,524,0.4772,524,516,8,1.0,155,0.300388,361,0.699612
1162,VE 3000 - LJUBLJANA CENTER,VO 3005 - LJUBLJANA VIČ-RUDNIK 3,16,"OŠ Vrhovci, C. na Bokalce 1, Ljubljana",923,572,0.6197,572,562,10,1.0,156,0.27758,406,0.72242
1163,VE 3000 - LJUBLJANA CENTER,VO 3005 - LJUBLJANA VIČ-RUDNIK 3,17,"OŠ Vrhovci, C. na Bokalce 1, Ljubljana",1508,866,0.5743,866,859,7,1.0,355,0.413271,504,0.586729
1164,VE 3000 - LJUBLJANA CENTER,VO 3005 - LJUBLJANA VIČ-RUDNIK 3,901,Predčasno glasovanje,0,947,0.0,947,946,1,1.0,272,0.287526,674,0.712474
1165,VE 3000 - LJUBLJANA CENTER,VO 3005 - LJUBLJANA VIČ-RUDNIK 3,997,Pošta doma OVK,0,66,0.0,66,64,2,1.0,23,0.359375,41,0.640625
1166,VE 3000 - LJUBLJANA CENTER,VO 3005 - LJUBLJANA VIČ-RUDNIK 3,9973000,Pošta doma VKVE,0,0,0.0,0,0,0,,0,0.0,0,0.0
1167,VE 3000 - LJUBLJANA CENTER,VO 3005 - LJUBLJANA VIČ-RUDNIK 3,99799,Pošta doma DVK,0,0,0.0,0,0,0,,0,0.0,0,0.0
1168,VE 3000 - LJUBLJANA CENTER,VO 3005 - LJUBLJANA VIČ-RUDNIK 3,998,Pošta tujina OVK,0,75,0.0,75,72,3,1.0,11,0.152778,61,0.847222
1169,VE 3000 - LJUBLJANA CENTER,VO 3005 - LJUBLJANA VIČ-RUDNIK 3,9983000,Pošta tujina VKVE,0,0,0.0,0,0,0,,0,0.0,0,0.0
1170,VE 3000 - LJUBLJANA CENTER,VO 3005 - LJUBLJANA VIČ-RUDNIK 3,99899,Pošta tujina DVK,0,0,0.0,0,0,0,,0,0.0,0,0.0
1171,VE 3000 - LJUBLJANA CENTER,VO 3005 - LJUBLJANA VIČ-RUDNIK 3,999,Posebni volilni imenik,932,0,0.0,0,0,0,,0,0.0,0,0.0
1172,VE 3000 - LJUBLJANA CENTER,VO 3006 - LJUBLJANA VIČ-RUDNIK 4,1,"OŠ Brezovica pri Lj., Šolska ul. 15, Brezovica",1266,713,0.5632,713,700,13,1.0,343,0.49,357,0.51
1173,VE 3000 - LJUBLJANA CENTER,VO 3006 - LJUBLJANA VIČ-RUDNIK 4,2,"OŠ Brezovica pri Lj., Šolska ul. 15, Brezovica",1108,640,0.5776,639,631,8,1.0,256,0.405705,375,0.594295
1174,VE 3000 - LJUBLJANA CENTER,VO 3006 - LJUBLJANA VIČ-RUDNIK 4,3,"OŠ Dobrova, Cesta 7.maja 20, Dobrova",1047,667,0.6371,667,654,13,1.0,330,0.504587,324,0.495413
1175,VE 3000 - LJUBLJANA CENTER,VO 3006 - LJUBLJANA VIČ-RUDNIK 4,4,"Poslovni prostor Koprivec, Brezje 10, Dobrova",349,239,0.6848,239,237,2,1.0,133,0.561181,104,0.438819
1176,VE 3000 - LJUBLJANA CENTER,VO 3006 - LJUBLJANA VIČ-RUDNIK 4,6,"Športni center Gabrje bš, Dobrova",901,560,0.6215,560,548,12,1.0,270,0.492701,278,0.507299
1177,VE 3000 - LJUBLJANA CENTER,VO 3006 - LJUBLJANA VIČ-RUDNIK 4,7,"PGD Hruševo, Hruševo 2a, Dobrova",413,279,0.6755,279,278,1,1.0,134,0.482014,144,0.517986
1178,VE 3000 - LJUBLJANA CENTER,VO 3006 - LJUBLJANA VIČ-RUDNIK 4,9,"PGD Podsmreka, Podsmreka 58, Dobrova",501,323,0.6447,323,320,3,1.0,195,0.609375,125,0.390625
1179,VE 3000 - LJUBLJANA CENTER,VO 3006 - LJUBLJANA VIČ-RUDNIK 4,10,"PGD Vrzdenec, Vrzdenec 101, Horjul",408,245,0.6005,245,240,5,1.0,140,0.583333,100,0.416667
1180,VE 3000 - LJUBLJANA CENTER,VO 3006 - LJUBLJANA VIČ-RUDNIK 4,11,"PGD Žažar, Žažar 24, Horjul",152,115,0.7566,115,115,0,1.0,104,0.904348,11,0.095652
1181,VE 3000 - LJUBLJANA CENTER,VO 3006 - LJUBLJANA VIČ-RUDNIK 4,12,"PGD Podolnica, Podolnica 50, Horjul",283,197,0.6961,197,195,2,1.0,122,0.625641,73,0.374359
1182,VE 3000 - LJUBLJANA CENTER,VO 3006 - LJUBLJANA VIČ-RUDNIK 4,13,"PGD Zaklanec, Zaklanec 2c, Horjul",153,104,0.6797,104,103,1,1.0,73,0.708738,30,0.291262
1183,VE 3000 - LJUBLJANA CENTER,VO 3006 - LJUBLJANA VIČ-RUDNIK 4,14,"OŠ Horjul, Šolska ulica 44, Horjul",677,459,0.678,459,458,1,1.0,337,0.735808,121,0.264192
1184,VE 3000 - LJUBLJANA CENTER,VO 3006 - LJUBLJANA VIČ-RUDNIK 4,15,"OŠ Horjul, Šolska ulica 44, Horjul",550,320,0.5818,320,318,2,1.0,220,0.691824,98,0.308176
1185,VE 3000 - LJUBLJANA CENTER,VO 3006 - LJUBLJANA VIČ-RUDNIK 4,16,"Dom Ivana Cankarja, Šentjošt 13, Horjul",359,292,0.8134,292,290,2,1.0,270,0.931034,20,0.068966
1186,VE 3000 - LJUBLJANA CENTER,VO 3006 - LJUBLJANA VIČ-RUDNIK 4,17,"PGD Butajnova-Planina, Butajnova 20g, Horjul",257,171,0.6654,171,170,1,1.0,132,0.776471,38,0.223529
1187,VE 3000 - LJUBLJANA CENTER,VO 3006 - LJUBLJANA VIČ-RUDNIK 4,19,"OŠ Polh. Gradec, Polhov Gradec 95, Polhov Gradec",1181,774,0.6554,774,765,9,1.0,468,0.611765,297,0.388235
1188,VE 3000 - LJUBLJANA CENTER,VO 3006 - LJUBLJANA VIČ-RUDNIK 4,20,"PGD Dvor, Dvor pri Polh. Grad. 23, Polhov Gradec",572,372,0.6503,372,369,3,1.0,205,0.555556,164,0.444444
1189,VE 3000 - LJUBLJANA CENTER,VO 3006 - LJUBLJANA VIČ-RUDNIK 4,21,"PGD Zalog, Setnik 5 b, Polhov Gradec",131,90,0.687,90,90,0,1.0,77,0.855556,13,0.144444
1190,VE 3000 - LJUBLJANA CENTER,VO 3006 - LJUBLJANA VIČ-RUDNIK 4,22,"Dom krajanov, Črni vrh 37a, Polhov Gradec",479,313,0.6534,313,312,1,1.0,260,0.833333,52,0.166667
1191,VE 3000 - LJUBLJANA CENTER,VO 3006 - LJUBLJANA VIČ-RUDNIK 4,23,"Tehnološki park LJ, Tehnološki park 19 (stavba B)",967,481,0.4974,481,473,8,1.0,148,0.312896,325,0.687104
1192,VE 3000 - LJUBLJANA CENTER,VO 3006 - LJUBLJANA VIČ-RUDNIK 4,24,"Fakulteta za elek., Tržaška c. 25, Ljubljana",987,523,0.5299,523,521,2,1.0,158,0.303263,363,0.696737
1193,VE 3000 - LJUBLJANA CENTER,VO 3006 - LJUBLJANA VIČ-RUDNIK 4,25,"Fakulteta za elek., Tržaška c. 25, Ljubljana",1103,467,0.4234,467,463,4,1.0,150,0.323974,313,0.676026
1194,VE 3000 - LJUBLJANA CENTER,VO 3006 - LJUBLJANA VIČ-RUDNIK 4,26,"Tehnološki park LJ, Tehnološki park 19 (stavba B)",876,472,0.5388,472,469,3,1.0,178,0.379531,291,0.620469
1195,VE 3000 - LJUBLJANA CENTER,VO 3006 - LJUBLJANA VIČ-RUDNIK 4,27,"Obrtna zbornica Vič, Tržaška c. 207, Ljubljana",917,493,0.5376,493,488,5,1.0,191,0.391393,297,0.608607
1196,VE 3000 - LJUBLJANA CENTER,VO 3006 - LJUBLJANA VIČ-RUDNIK 4,28,"PGD Kozarje, C. na ključ 56, Ljubljana",1232,728,0.5909,728,723,5,1.0,342,0.473029,381,0.526971
1197,VE 3000 - LJUBLJANA CENTER,VO 3006 - LJUBLJANA VIČ-RUDNIK 4,29,"BTF, Rožna dolina c. VIII 34, Ljubljana",1279,749,0.5856,749,738,11,1.0,248,0.336043,490,0.663957
1198,VE 3000 - LJUBLJANA CENTER,VO 3006 - LJUBLJANA VIČ-RUDNIK 4,30,"BTF, Rožna dolina c. VIII 34, Ljubljana",1415,854,0.6035,853,839,14,1.0,336,0.400477,503,0.599523
1199,VE 3000 - LJUBLJANA CENTER,VO 3006 - LJUBLJANA VIČ-RUDNIK 4,31,"Obrtna zbornica Vič, Tržaška c. 207, Ljubljana",1103,537,0.4869,537,528,9,1.0,168,0.318182,360,0.681818
1200,VE 3000 - LJUBLJANA CENTER,VO 3006 - LJUBLJANA VIČ-RUDNIK 4,901,Predčasno glasovanje,0,766,0.0,766,756,10,1.0,262,0.346561,494,0.653439
1201,VE 3000 - LJUBLJANA CENTER,VO 3006 - LJUBLJANA VIČ-RUDNIK 4,997,Pošta doma OVK,0,72,0.0,72,72,0,1.0,43,0.597222,29,0.402778
1202,VE 3000 - LJUBLJANA CENTER,VO 3006 - LJUBLJANA VIČ-RUDNIK 4,9973000,Pošta doma VKVE,0,0,0.0,0,0,0,,0,0.0,0,0.0
1203,VE 3000 - LJUBLJANA CENTER,VO 3006 - LJUBLJANA VIČ-RUDNIK 4,99799,Pošta doma DVK,0,0,0.0,0,0,0,,0,0.0,0,0.0
1204,VE 3000 - LJUBLJANA CENTER,VO 3006 - LJUBLJANA VIČ-RUDNIK 4,998,Pošta tujina OVK,0,33,0.0,33,32,1,1.0,12,0.375,20,0.625
1205,VE 3000 - LJUBLJANA CENTER,VO 3006 - LJUBLJANA VIČ-RUDNIK 4,9983000,Pošta tujina VKVE,0,0,0.0,0,0,0,,0,0.0,0,0.0
1206,VE 3000 - LJUBLJANA CENTER,VO 3006 - LJUBLJANA VIČ-RUDNIK 4,99899,Pošta tujina DVK,0,0,0.0,0,0,0,,0,0.0,0,0.0
1207,VE 3000 - LJUBLJANA CENTER,VO 3006 - LJUBLJANA VIČ-RUDNIK 4,999,Posebni volilni imenik,1207,0,0.0,0,0,0,,0,0.0,0,0.0
1208,VE 3000 - LJUBLJANA CENTER,VO 3007 - LJUBLJANA CENTER,1,"Prostori MOL, Štefanova ul. 11",1340,627,0.4679,627,615,12,1.0,193,0.313821,422,0.686179
1209,VE 3000 - LJUBLJANA CENTER,VO 3007 - LJUBLJANA CENTER,3,"OŠ Majde Vrhovnik, Gregorčičeva ul. 16",693,363,0.5238,363,355,8,1.0,112,0.315493,243,0.684507
1210,VE 3000 - LJUBLJANA CENTER,VO 3007 - LJUBLJANA CENTER,4,"OŠ Majde Vrhovnik, Gregorčičeva ul. 16",935,512,0.5476,512,503,9,1.0,161,0.32008,342,0.67992
1211,VE 3000 - LJUBLJANA CENTER,VO 3007 - LJUBLJANA CENTER,5,"OŠ Toneta Čufarja, Čufarjeva ul. 11",651,284,0.4363,284,275,9,1.0,88,0.32,187,0.68
1212,VE 3000 - LJUBLJANA CENTER,VO 3007 - LJUBLJANA CENTER,6,"OŠ Toneta Čufarja, Čufarjeva ul. 11",823,375,0.4557,375,361,14,1.0,105,0.290859,256,0.709141
1213,VE 3000 - LJUBLJANA CENTER,VO 3007 - LJUBLJANA CENTER,7,"OŠ Toneta Čufarja, Čufarjeva ul. 11",1342,606,0.4516,606,596,10,1.0,171,0.286913,425,0.713087
1214,VE 3000 - LJUBLJANA CENTER,VO 3007 - LJUBLJANA CENTER,8,"SZŠ Ljubljana, Poljanska c. 61",1285,592,0.4607,592,583,9,1.0,160,0.274443,423,0.725557
1215,VE 3000 - LJUBLJANA CENTER,VO 3007 - LJUBLJANA CENTER,9,"DUC, enota Poljane, Ul. Janeza Pavla II/4",773,386,0.4994,386,382,4,1.0,108,0.282723,274,0.717277
1216,VE 3000 - LJUBLJANA CENTER,VO 3007 - LJUBLJANA CENTER,10,"OŠ Poljane, Zemljemerska ul. 7",796,357,0.4485,357,346,11,1.0,110,0.317919,236,0.682081
1217,VE 3000 - LJUBLJANA CENTER,VO 3007 - LJUBLJANA CENTER,11,"OŠ Poljane, Zemljemerska ul. 7",838,431,0.5143,431,416,15,1.0,130,0.3125,286,0.6875
1218,VE 3000 - LJUBLJANA CENTER,VO 3007 - LJUBLJANA CENTER,13,"OŠ Prule, Prule 13",817,410,0.5018,410,402,8,1.0,117,0.291045,285,0.708955
1219,VE 3000 - LJUBLJANA CENTER,VO 3007 - LJUBLJANA CENTER,14,"OŠ Prule, Prule 13",757,389,0.5139,389,376,13,1.0,119,0.316489,257,0.683511
1220,VE 3000 - LJUBLJANA CENTER,VO 3007 - LJUBLJANA CENTER,15,"Info točka 65+, Mačkova 1",1278,387,0.3028,387,384,3,1.0,135,0.351562,249,0.648438
1221,VE 3000 - LJUBLJANA CENTER,VO 3007 - LJUBLJANA CENTER,16,"OŠ Vodmat, Potrčeva ul. 1",905,417,0.4608,417,403,14,1.0,141,0.349876,262,0.650124
1222,VE 3000 - LJUBLJANA CENTER,VO 3007 - LJUBLJANA CENTER,17,"OŠ Vodmat, Potrčeva ul. 1",721,391,0.5423,391,382,9,1.0,105,0.274869,277,0.725131
1223,VE 3000 - LJUBLJANA CENTER,VO 3007 - LJUBLJANA CENTER,18,"Prostori MOL, Rozmanova ul. 12",862,427,0.4954,427,419,8,1.0,135,0.322196,284,0.677804
1224,VE 3000 - LJUBLJANA CENTER,VO 3007 - LJUBLJANA CENTER,19,"OŠ Toneta Čufarja, Čufarjeva ul. 11",1065,497,0.4667,497,493,4,1.0,160,0.324544,333,0.675456
1225,VE 3000 - LJUBLJANA CENTER,VO 3007 - LJUBLJANA CENTER,20,"OŠ Majde Vrhovnik, Gregorčičeva ul. 16",784,359,0.4579,359,356,3,1.0,127,0.356742,229,0.643258
1226,VE 3000 - LJUBLJANA CENTER,VO 3007 - LJUBLJANA CENTER,21,"SZŠ Ljubljana, Poljanska c. 61",1018,508,0.499,508,497,11,1.0,180,0.362173,317,0.637827
1227,VE 3000 - LJUBLJANA CENTER,VO 3007 - LJUBLJANA CENTER,901,Predčasno glasovanje,0,1732,0.0,1732,1709,23,1.0,450,0.263312,1259,0.736688
1228,VE 3000 - LJUBLJANA CENTER,VO 3007 - LJUBLJANA CENTER,997,Pošta doma OVK,0,75,0.0,75,75,0,1.0,32,0.426667,43,0.573333
1229,VE 3000 - LJUBLJANA CENTER,VO 3007 - LJUBLJANA CENTER,9973000,Pošta doma VKVE,0,0,0.0,0,0,0,,0,0.0,0,0.0
1230,VE 3000 - LJUBLJANA CENTER,VO 3007 - LJUBLJANA CENTER,99799,Pošta doma DVK,0,0,0.0,0,0,0,,0,0.0,0,0.0
1231,VE 3000 - LJUBLJANA CENTER,VO 3007 - LJUBLJANA CENTER,998,Pošta tujina OVK,0,144,0.0,144,130,14,1.0,37,0.284615,93,0.715385
1232,VE 3000 - LJUBLJANA CENTER,VO 3007 - LJUBLJANA CENTER,9983000,Pošta tujina VKVE,0,0,0.0,0,0,0,,0,0.0,0,0.0
1233,VE 3000 - LJUBLJANA CENTER,VO 3007 - LJUBLJANA CENTER,99899,Pošta tujina DVK,0,0,0.0,0,0,0,,0,0.0,0,0.0
1234,VE 3000 - LJUBLJANA CENTER,VO 3007 - LJUBLJANA CENTER,999,Posebni volilni imenik,4447,0,0.0,0,0,0,,0,0.0,0,0.0
1235,VE 3000 - LJUBLJANA CENTER,VO 3008 - LJUBLJANA ŠIŠKA 1,1,"OŠ Sp. Šiška, Gasilska c. 17, Ljubljana",1035,470,0.4541,470,464,6,1.0,151,0.325431,313,0.674569
1236,VE 3000 - LJUBLJANA CENTER,VO 3008 - LJUBLJANA ŠIŠKA 1,2,"OŠ Sp. Šiška, Gasilska c. 17, Ljubljana",1249,660,0.5284,660,652,8,1.0,200,0.306748,452,0.693252
1237,VE 3000 - LJUBLJANA CENTER,VO 3008 - LJUBLJANA ŠIŠKA 1,5,"Gimnazija Ljubljana - Šiška, Aljaževa ul. 32",795,426,0.5358,426,417,9,1.0,115,0.275779,302,0.724221
1238,VE 3000 - LJUBLJANA CENTER,VO 3008 - LJUBLJANA ŠIŠKA 1,7,"Gimnazija Ljubljana - Šiška, Aljaževa ul. 32",653,356,0.5452,356,351,5,1.0,117,0.333333,234,0.666667
1239,VE 3000 - LJUBLJANA CENTER,VO 3008 - LJUBLJANA ŠIŠKA 1,8,"OŠ Sp. Šiška, Gasilska c. 17, Ljubljana",367,147,0.4005,147,147,0,1.0,31,0.210884,116,0.789116
1240,VE 3000 - LJUBLJANA CENTER,VO 3008 - LJUBLJANA ŠIŠKA 1,9,"OŠ Riharda Jakopiča, Derčeva ul. 1, Ljubljana",503,219,0.4354,219,218,1,1.0,64,0.293578,154,0.706422
1241,VE 3000 - LJUBLJANA CENTER,VO 3008 - LJUBLJANA ŠIŠKA 1,10,"OŠ Riharda Jakopiča, Derčeva ul. 1, Ljubljana",442,172,0.3891,172,170,2,1.0,42,0.247059,128,0.752941
1242,VE 3000 - LJUBLJANA CENTER,VO 3008 - LJUBLJANA ŠIŠKA 1,11,"OŠ Sp. Šiška, Gasilska c. 17, Ljubljana",449,220,0.49,220,217,3,1.0,55,0.253456,162,0.746544
1243,VE 3000 - LJUBLJANA CENTER,VO 3008 - LJUBLJANA ŠIŠKA 1,12,"OŠ Riharda Jakopiča, Derčeva ul. 1, Ljubljana",1001,499,0.4985,499,493,6,1.0,158,0.320487,335,0.679513
1244,VE 3000 - LJUBLJANA CENTER,VO 3008 - LJUBLJANA ŠIŠKA 1,14,"Vrtec Andersen, Derčeva ul. 10, Ljubljana",838,397,0.4737,397,393,4,1.0,85,0.216285,308,0.783715
1245,VE 3000 - LJUBLJANA CENTER,VO 3008 - LJUBLJANA ŠIŠKA 1,16,"OŠ Valentina Vodnika, Adamičeva ul. 16, Ljubljana",1087,529,0.4867,529,522,7,1.0,150,0.287356,372,0.712644
1246,VE 3000 - LJUBLJANA CENTER,VO 3008 - LJUBLJANA ŠIŠKA 1,18,"OŠ Riharda Jakopiča, Derčeva ul. 1, Ljubljana",409,179,0.4377,179,176,3,1.0,56,0.318182,120,0.681818
1247,VE 3000 - LJUBLJANA CENTER,VO 3008 - LJUBLJANA ŠIŠKA 1,19,"OŠ Riharda Jakopiča, Derčeva ul. 1, Ljubljana",1129,614,0.5438,614,608,6,1.0,159,0.261513,449,0.738487
1248,VE 3000 - LJUBLJANA CENTER,VO 3008 - LJUBLJANA ŠIŠKA 1,21,"Prostori MOL, Kebetova ul. 1, Ljubljana",829,404,0.4873,404,394,10,1.0,119,0.30203,275,0.69797
1249,VE 3000 - LJUBLJANA CENTER,VO 3008 - LJUBLJANA ŠIŠKA 1,22,"Vrtec Najdihojca, Gorazdova ul. 6, Ljubljana",702,358,0.51,358,351,7,1.0,57,0.162393,294,0.837607
1250,VE 3000 - LJUBLJANA CENTER,VO 3008 - LJUBLJANA ŠIŠKA 1,23,"OŠ Valentina Vodnika, Adamičeva ul. 16, Ljubljana",753,346,0.4595,346,339,7,1.0,95,0.280236,244,0.719764
1251,VE 3000 - LJUBLJANA CENTER,VO 3008 - LJUBLJANA ŠIŠKA 1,24,"OŠ Valentina Vodnika, Adamičeva ul. 16, Ljubljana",616,341,0.5536,341,338,3,1.0,91,0.269231,247,0.730769
1252,VE 3000 - LJUBLJANA CENTER,VO 3008 - LJUBLJANA ŠIŠKA 1,901,Predčasno glasovanje,0,967,0.0,967,961,6,1.0,241,0.25078,720,0.74922
1253,VE 3000 - LJUBLJANA CENTER,VO 3008 - LJUBLJANA ŠIŠKA 1,997,Pošta doma OVK,0,55,0.0,54,54,0,1.0,23,0.425926,31,0.574074
1254,VE 3000 - LJUBLJANA CENTER,VO 3008 - LJUBLJANA ŠIŠKA 1,9973000,Pošta doma VKVE,0,0,0.0,0,0,0,,0,0.0,0,0.0
1255,VE 3000 - LJUBLJANA CENTER,VO 3008 - LJUBLJANA ŠIŠKA 1,99799,Pošta doma DVK,0,0,0.0,0,0,0,,0,0.0,0,0.0
1256,VE 3000 - LJUBLJANA CENTER,VO 3008 - LJUBLJANA ŠIŠKA 1,998,Pošta tujina OVK,0,50,0.0,50,49,1,1.0,11,0.22449,38,0.77551
1257,VE 3000 - LJUBLJANA CENTER,VO 3008 - LJUBLJANA ŠIŠKA 1,9983000,Pošta tujina VKVE,0,0,0.0,0,0,0,,0,0.0,0,0.0
1258,VE 3000 - LJUBLJANA CENTER,VO 3008 - LJUBLJANA ŠIŠKA 1,99899,Pošta tujina DVK,0,0,0.0,0,0,0,,0,0.0,0,0.0
1259,VE 3000 - LJUBLJANA CENTER,VO 3008 - LJUBLJANA ŠIŠKA 1,999,Posebni volilni imenik,1178,0,0.0,0,0,0,,0,0.0,0,0.0
1260,VE 3000 - LJUBLJANA CENTER,VO 3009 - LJUBLJANA ŠIŠKA 2,1,"OŠ Valentina Vodnika, Adamičeva ul. 16",711,356,0.5007,356,347,9,1.0,92,0.26513,255,0.73487
1261,VE 3000 - LJUBLJANA CENTER,VO 3009 - LJUBLJANA ŠIŠKA 2,2,"OŠ Valentina Vodnika, Adamičeva ul. 16",420,229,0.5452,229,227,2,1.0,95,0.418502,132,0.581498
1262,VE 3000 - LJUBLJANA CENTER,VO 3009 - LJUBLJANA ŠIŠKA 2,3,"OŠ Koseze, Ledarska ul. 23",611,342,0.5597,342,336,6,1.0,84,0.25,252,0.75
1263,VE 3000 - LJUBLJANA CENTER,VO 3009 - LJUBLJANA ŠIŠKA 2,4,"OŠ Koseze, Ledarska ul. 23",651,348,0.5346,348,343,5,1.0,79,0.230321,264,0.769679
1264,VE 3000 - LJUBLJANA CENTER,VO 3009 - LJUBLJANA ŠIŠKA 2,5,"OŠ Koseze, Ledarska ul. 23",626,328,0.524,328,326,2,1.0,77,0.236196,249,0.763804
1265,VE 3000 - LJUBLJANA CENTER,VO 3009 - LJUBLJANA ŠIŠKA 2,6,"OŠ Koseze, Ledarska ul. 23",636,347,0.5456,347,340,7,1.0,97,0.285294,243,0.714706
1266,VE 3000 - LJUBLJANA CENTER,VO 3009 - LJUBLJANA ŠIŠKA 2,7,"OŠ Koseze, Ledarska ul. 23",682,399,0.585,399,394,5,1.0,151,0.383249,243,0.616751
1267,VE 3000 - LJUBLJANA CENTER,VO 3009 - LJUBLJANA ŠIŠKA 2,8,"OŠ Koseze, Ledarska ul. 23",1482,873,0.5891,873,865,8,1.0,351,0.40578,514,0.59422
1268,VE 3000 - LJUBLJANA CENTER,VO 3009 - LJUBLJANA ŠIŠKA 2,9,"OŠ Hinka Smrekarja, Gorazdova ul. 16",608,304,0.5,304,299,5,1.0,65,0.217391,234,0.782609
1269,VE 3000 - LJUBLJANA CENTER,VO 3009 - LJUBLJANA ŠIŠKA 2,10,"OŠ Hinka Smrekarja, Gorazdova ul. 16",522,272,0.5211,272,269,3,1.0,70,0.260223,199,0.739777
1270,VE 3000 - LJUBLJANA CENTER,VO 3009 - LJUBLJANA ŠIŠKA 2,11,"OŠ Hinka Smrekarja, Gorazdova ul. 16",1824,583,0.3196,583,573,10,1.0,138,0.240838,435,0.759162
1271,VE 3000 - LJUBLJANA CENTER,VO 3009 - LJUBLJANA ŠIŠKA 2,12,"OŠ Hinka Smrekarja, Gorazdova ul. 16",814,364,0.4472,364,360,4,1.0,99,0.275,261,0.725
1272,VE 3000 - LJUBLJANA CENTER,VO 3009 - LJUBLJANA ŠIŠKA 2,14,"OŠ Valentina Vodnika, Adamičeva ul. 16",1030,494,0.4796,494,490,4,1.0,139,0.283673,351,0.716327
1273,VE 3000 - LJUBLJANA CENTER,VO 3009 - LJUBLJANA ŠIŠKA 2,16,"OŠ Valentina Vodnika, Adamičeva ul. 16",721,330,0.4577,330,325,5,1.0,96,0.295385,229,0.704615
1274,VE 3000 - LJUBLJANA CENTER,VO 3009 - LJUBLJANA ŠIŠKA 2,17,"OŠ Dravlje, Klopčičeva ul. 1",655,310,0.4733,310,304,6,1.0,70,0.230263,234,0.769737
1275,VE 3000 - LJUBLJANA CENTER,VO 3009 - LJUBLJANA ŠIŠKA 2,18,"OŠ Dravlje, Klopčičeva ul. 1",660,336,0.5091,336,330,6,1.0,65,0.19697,265,0.80303
1276,VE 3000 - LJUBLJANA CENTER,VO 3009 - LJUBLJANA ŠIŠKA 2,19,"Dom starejših občanov Lj-Šiška, Kunaverjeva ul.15",1175,662,0.5634,662,655,7,1.0,240,0.366412,415,0.633588
1277,VE 3000 - LJUBLJANA CENTER,VO 3009 - LJUBLJANA ŠIŠKA 2,21,"GD Podutik, Dolniška c. 18",912,529,0.58,529,522,7,1.0,209,0.400383,313,0.599617
1278,VE 3000 - LJUBLJANA CENTER,VO 3009 - LJUBLJANA ŠIŠKA 2,22,"GD Podutik, Dolniška c. 18",1335,687,0.5146,687,674,13,1.0,321,0.476261,353,0.523739
1279,VE 3000 - LJUBLJANA CENTER,VO 3009 - LJUBLJANA ŠIŠKA 2,23,"GD Podutik, Dolniška c. 18",901,500,0.5549,500,492,8,1.0,157,0.319106,335,0.680894
1280,VE 3000 - LJUBLJANA CENTER,VO 3009 - LJUBLJANA ŠIŠKA 2,901,Predčasno glasovanje,0,1016,0.0,1016,1006,10,1.0,279,0.277336,727,0.722664
1281,VE 3000 - LJUBLJANA CENTER,VO 3009 - LJUBLJANA ŠIŠKA 2,997,Pošta doma OVK,0,57,0.0,57,56,1,1.0,29,0.517857,27,0.482143
1282,VE 3000 - LJUBLJANA CENTER,VO 3009 - LJUBLJANA ŠIŠKA 2,9973000,Pošta doma VKVE,0,0,0.0,0,0,0,,0,0.0,0,0.0
1283,VE 3000 - LJUBLJANA CENTER,VO 3009 - LJUBLJANA ŠIŠKA 2,99799,Pošta doma DVK,0,0,0.0,0,0,0,,0,0.0,0,0.0
1284,VE 3000 - LJUBLJANA CENTER,VO 3009 - LJUBLJANA ŠIŠKA 2,998,Pošta tujina OVK,0,53,0.0,53,53,0,1.0,23,0.433962,30,0.566038
1285,VE 3000 - LJUBLJANA CENTER,VO 3009 - LJUBLJANA ŠIŠKA 2,9983000,Pošta tujina VKVE,0,0,0.0,0,0,0,,0,0.0,0,0.0
1286,VE 3000 - LJUBLJANA CENTER,VO 3009 - LJUBLJANA ŠIŠKA 2,99899,Pošta tujina DVK,0,0,0.0,0,0,0,,0,0.0,0,0.0
1287,VE 3000 - LJUBLJANA CENTER,VO 3009 - LJUBLJANA ŠIŠKA 2,999,Posebni volilni imenik,1074,0,0.0,0,0,0,,0,0.0,0,0.0
1288,VE 3000 - LJUBLJANA CENTER,VO 3010 - LJUBLJANA ŠIŠKA 3,1,"MOL - DK Dravlje, Draveljska ul. 44, Ljubljana",1129,527,0.4668,527,523,4,1.0,189,0.361377,334,0.638623
1289,VE 3000 - LJUBLJANA CENTER,VO 3010 - LJUBLJANA ŠIŠKA 3,2,"MOL - DK Dravlje, Draveljska ul. 44, Ljubljana",1114,490,0.4399,490,473,17,1.0,131,0.276956,342,0.723044
1290,VE 3000 - LJUBLJANA CENTER,VO 3010 - LJUBLJANA ŠIŠKA 3,3,"MOL - DK Dravlje, Draveljska ul. 44, Ljubljana",885,402,0.4542,402,399,3,1.0,133,0.333333,266,0.666667
1291,VE 3000 - LJUBLJANA CENTER,VO 3010 - LJUBLJANA ŠIŠKA 3,4,"OŠ Koseze, Ledarska ul. 23, Ljubljana",615,338,0.5496,338,335,3,1.0,138,0.41194,197,0.58806
1292,VE 3000 - LJUBLJANA CENTER,VO 3010 - LJUBLJANA ŠIŠKA 3,5,"OŠ Miška Kranjca, Kamnogoriška c. 35, Ljubljana",1124,609,0.5418,609,604,5,1.0,202,0.334437,402,0.665563
1293,VE 3000 - LJUBLJANA CENTER,VO 3010 - LJUBLJANA ŠIŠKA 3,6,"OŠ Miška Kranjca, Kamnogoriška c. 35, Ljubljana",914,449,0.4912,449,442,7,1.0,145,0.328054,297,0.671946
1294,VE 3000 - LJUBLJANA CENTER,VO 3010 - LJUBLJANA ŠIŠKA 3,7,"OŠ Miška Kranjca, Kamnogoriška c. 35, Ljubljana",722,374,0.518,374,369,5,1.0,135,0.365854,234,0.634146
1295,VE 3000 - LJUBLJANA CENTER,VO 3010 - LJUBLJANA ŠIŠKA 3,8,"PGD Ljubljana - Šentvid, Prušnikova ul. 57",1097,587,0.5351,587,578,9,1.0,197,0.34083,381,0.65917
1296,VE 3000 - LJUBLJANA CENTER,VO 3010 - LJUBLJANA ŠIŠKA 3,9,"MOL - LD Šentvid, Prušnikova ul. 99, Ljubljana",893,474,0.5308,474,472,2,1.0,221,0.46822,251,0.53178
1297,VE 3000 - LJUBLJANA CENTER,VO 3010 - LJUBLJANA ŠIŠKA 3,10,"PGD Vižmarje - Brod, Vižmarska pot 9, Ljubljana",924,564,0.6104,564,557,7,1.0,228,0.409336,329,0.590664
1298,VE 3000 - LJUBLJANA CENTER,VO 3010 - LJUBLJANA ŠIŠKA 3,11,"PGD Vižmarje - Brod, Vižmarska pot 9, Ljubljana",641,366,0.571,366,361,5,1.0,165,0.457064,196,0.542936
1299,VE 3000 - LJUBLJANA CENTER,VO 3010 - LJUBLJANA ŠIŠKA 3,12,"Prostori MOL, Na gmajni 1, Ljubljana",1315,813,0.6183,813,803,10,1.0,306,0.381071,497,0.618929
1300,VE 3000 - LJUBLJANA CENTER,VO 3010 - LJUBLJANA ŠIŠKA 3,13,"OŠ Vižmarje - Brod, Na gaju 2, Ljubljana",588,360,0.6122,360,353,7,1.0,114,0.322946,239,0.677054
1301,VE 3000 - LJUBLJANA CENTER,VO 3010 - LJUBLJANA ŠIŠKA 3,14,"MOL - Služba za lokalno samoupravo, Kosijeva ul.1",1105,623,0.5638,623,610,13,1.0,291,0.477049,319,0.522951
1302,VE 3000 - LJUBLJANA CENTER,VO 3010 - LJUBLJANA ŠIŠKA 3,15,"MOL - LD Šentvid, Prušnikova ul. 99, Ljubljana",810,394,0.4864,394,388,6,1.0,117,0.301546,271,0.698454
1303,VE 3000 - LJUBLJANA CENTER,VO 3010 - LJUBLJANA ŠIŠKA 3,16,"MOL - LD Šentvid, Prušnikova ul. 99, Ljubljana",791,388,0.4905,388,381,7,1.0,134,0.351706,247,0.648294
1304,VE 3000 - LJUBLJANA CENTER,VO 3010 - LJUBLJANA ŠIŠKA 3,17,"OŠ Vižmarje - Brod, Na gaju 2, Ljubljana",598,315,0.5268,315,311,4,1.0,123,0.395498,188,0.604502
1305,VE 3000 - LJUBLJANA CENTER,VO 3010 - LJUBLJANA ŠIŠKA 3,18,"OŠ Vižmarje - Brod, Na gaju 2, Ljubljana",671,439,0.6542,439,432,7,1.0,184,0.425926,248,0.574074
1306,VE 3000 - LJUBLJANA CENTER,VO 3010 - LJUBLJANA ŠIŠKA 3,901,Predčasno glasovanje,0,854,0.0,854,846,8,1.0,227,0.268322,619,0.731678
1307,VE 3000 - LJUBLJANA CENTER,VO 3010 - LJUBLJANA ŠIŠKA 3,997,Pošta doma OVK,0,48,0.0,48,48,0,1.0,24,0.5,24,0.5
1308,VE 3000 - LJUBLJANA CENTER,VO 3010 - LJUBLJANA ŠIŠKA 3,9973000,Pošta doma VKVE,0,0,0.0,0,0,0,,0,0.0,0,0.0
1309,VE 3000 - LJUBLJANA CENTER,VO 3010 - LJUBLJANA ŠIŠKA 3,99799,Pošta doma DVK,0,0,0.0,0,0,0,,0,0.0,0,0.0
1310,VE 3000 - LJUBLJANA CENTER,VO 3010 - LJUBLJANA ŠIŠKA 3,998,Pošta tujina OVK,0,47,0.0,47,42,5,1.0,9,0.214286,33,0.785714
1311,VE 3000 - LJUBLJANA CENTER,VO 3010 - LJUBLJANA ŠIŠKA 3,9983000,Pošta tujina VKVE,0,0,0.0,0,0,0,,0,0.0,0,0.0
1312,VE 3000 - LJUBLJANA CENTER,VO 3010 - LJUBLJANA ŠIŠKA 3,99899,Pošta tujina DVK,0,0,0.0,0,0,0,,0,0.0,0,0.0
1313,VE 3000 - LJUBLJANA CENTER,VO 3010 - LJUBLJANA ŠIŠKA 3,999,Posebni volilni imenik,979,0,0.0,0,0,0,,0,0.0,0,0.0
1314,VE 3000 - LJUBLJANA CENTER,VO 3011 - LJUBLJANA ŠIŠKA 4,1,"GD, Sp. Pirniče 7a, Medvode",1143,708,0.6194,708,700,8,1.0,320,0.457143,380,0.542857
1315,VE 3000 - LJUBLJANA CENTER,VO 3011 - LJUBLJANA ŠIŠKA 4,2,"DK, Zg. Pirniče 6, Medvode",787,493,0.6264,493,488,5,1.0,196,0.401639,292,0.598361
1316,VE 3000 - LJUBLJANA CENTER,VO 3011 - LJUBLJANA ŠIŠKA 4,3,"DK, Zg. Pirniče 6, Medvode",791,461,0.5828,461,458,3,1.0,199,0.434498,259,0.565502
1317,VE 3000 - LJUBLJANA CENTER,VO 3011 - LJUBLJANA ŠIŠKA 4,4,"DK Moše, Moše bš, Smlednik",227,140,0.6167,140,140,0,1.0,64,0.457143,76,0.542857
1318,VE 3000 - LJUBLJANA CENTER,VO 3011 - LJUBLJANA ŠIŠKA 4,5,"T.Z. Dragočajna - Moše, Dragočajna 14a, Smlednik",235,149,0.634,149,148,1,1.0,72,0.486486,76,0.513514
1319,VE 3000 - LJUBLJANA CENTER,VO 3011 - LJUBLJANA ŠIŠKA 4,6,"OŠ S. Jenka, Smlednik 73, Smlednik",420,267,0.6357,267,264,3,1.0,134,0.507576,130,0.492424
1320,VE 3000 - LJUBLJANA CENTER,VO 3011 - LJUBLJANA ŠIŠKA 4,7,"KD Smlednik, Smlednik 55, Smlednik",457,256,0.5602,256,253,3,1.0,101,0.399209,152,0.600791
1321,VE 3000 - LJUBLJANA CENTER,VO 3011 - LJUBLJANA ŠIŠKA 4,8,"DK Hraše, Hraše bš, Smlednik",354,224,0.6328,224,221,3,1.0,104,0.470588,117,0.529412
1322,VE 3000 - LJUBLJANA CENTER,VO 3011 - LJUBLJANA ŠIŠKA 4,9,"PGD Zbilje, Zbilje 44, Medvode",694,424,0.611,424,418,6,1.0,208,0.497608,210,0.502392
1323,VE 3000 - LJUBLJANA CENTER,VO 3011 - LJUBLJANA ŠIŠKA 4,10,"Občina Medvode, C. komandanta Staneta 12, Medvode",529,239,0.4518,239,238,1,1.0,67,0.281513,171,0.718487
1324,VE 3000 - LJUBLJANA CENTER,VO 3011 - LJUBLJANA ŠIŠKA 4,11,"Občina Medvode, C. komandanta Staneta 12, Medvode",533,225,0.4221,225,221,4,1.0,54,0.244344,167,0.755656
1325,VE 3000 - LJUBLJANA CENTER,VO 3011 - LJUBLJANA ŠIŠKA 4,12,"OŠ Medvode, Ostrovrharjeva ul.4, Medvode",660,380,0.5758,380,373,7,1.0,133,0.356568,240,0.643432
1326,VE 3000 - LJUBLJANA CENTER,VO 3011 - LJUBLJANA ŠIŠKA 4,13,"OŠ Medvode, Ostrovrharjeva ul.4, Medvode",820,453,0.5524,453,448,5,1.0,156,0.348214,292,0.651786
1327,VE 3000 - LJUBLJANA CENTER,VO 3011 - LJUBLJANA ŠIŠKA 4,14,"Vrtec Medvode Enota Senica, Zg. Senica 45,Medvode",663,404,0.6094,404,397,7,1.0,202,0.508816,195,0.491184
1328,VE 3000 - LJUBLJANA CENTER,VO 3011 - LJUBLJANA ŠIŠKA 4,15,"POŠ Topol, Topol, Medvode",230,120,0.5217,120,118,2,1.0,73,0.618644,45,0.381356
1329,VE 3000 - LJUBLJANA CENTER,VO 3011 - LJUBLJANA ŠIŠKA 4,16,"KS Trnovec, Trnovec 25c, Medvode",152,86,0.5658,86,85,1,1.0,46,0.541176,39,0.458824
1330,VE 3000 - LJUBLJANA CENTER,VO 3011 - LJUBLJANA ŠIŠKA 4,17,"OŠ Preska,  Preška c. 22,  Medvode",686,375,0.5466,375,370,5,1.0,160,0.432432,210,0.567568
1331,VE 3000 - LJUBLJANA CENTER,VO 3011 - LJUBLJANA ŠIŠKA 4,18,"OŠ Preska,  Preška c. 22,  Medvode",746,390,0.5228,390,385,5,1.0,175,0.454545,210,0.545455
1332,VE 3000 - LJUBLJANA CENTER,VO 3011 - LJUBLJANA ŠIŠKA 4,19,"OŠ Preska,  Preška c. 22,  Medvode",452,261,0.5774,261,256,5,1.0,117,0.457031,139,0.542969
1333,VE 3000 - LJUBLJANA CENTER,VO 3011 - LJUBLJANA ŠIŠKA 4,20,"OŠ Preska,  Preška c. 22,  Medvode",613,365,0.5954,365,363,2,1.0,164,0.451791,199,0.548209
1334,VE 3000 - LJUBLJANA CENTER,VO 3011 - LJUBLJANA ŠIŠKA 4,21,"POŠ Sora, Sora 1 b, Medvode",771,439,0.5694,439,437,2,1.0,226,0.517162,211,0.482838
1335,VE 3000 - LJUBLJANA CENTER,VO 3011 - LJUBLJANA ŠIŠKA 4,22,"KS Vaše - Goričane, Goričane 39, Medvode",837,506,0.6045,506,500,6,1.0,209,0.418,291,0.582
1336,VE 3000 - LJUBLJANA CENTER,VO 3011 - LJUBLJANA ŠIŠKA 4,23,"ZDD Skaručna, Skaručna 42, Vodice",373,246,0.6595,246,243,3,1.0,134,0.55144,109,0.44856
1337,VE 3000 - LJUBLJANA CENTER,VO 3011 - LJUBLJANA ŠIŠKA 4,24,"PGD Repnje, Repnje 30, Vodice",359,222,0.6184,222,221,1,1.0,125,0.565611,96,0.434389
1338,VE 3000 - LJUBLJANA CENTER,VO 3011 - LJUBLJANA ŠIŠKA 4,25,"DK Vodice, Kopitarjev trg, Vodice",1334,863,0.6469,863,854,9,1.0,464,0.543326,390,0.456674
1339,VE 3000 - LJUBLJANA CENTER,VO 3011 - LJUBLJANA ŠIŠKA 4,26,"PGD Zapoge, Zapoge 2, Vodice",276,182,0.6594,182,181,1,1.0,83,0.458564,98,0.541436
1340,VE 3000 - LJUBLJANA CENTER,VO 3011 - LJUBLJANA ŠIŠKA 4,27,"PGD Polje, Polje 5a, Vodice",230,167,0.7261,167,165,2,1.0,82,0.49697,83,0.50303
1341,VE 3000 - LJUBLJANA CENTER,VO 3011 - LJUBLJANA ŠIŠKA 4,28,"PGD Bukovica - Utik, Utik 45, Vodice",704,466,0.6619,466,462,4,1.0,247,0.534632,215,0.465368
1342,VE 3000 - LJUBLJANA CENTER,VO 3011 - LJUBLJANA ŠIŠKA 4,29,"PGD Šinkov turn, Koseze 26, Vodice",614,404,0.658,404,403,1,1.0,212,0.526055,191,0.473945
1343,VE 3000 - LJUBLJANA CENTER,VO 3011 - LJUBLJANA ŠIŠKA 4,30,"OŠ Šmartno, C. v Gameljne 7, Lj. Šmartno",698,378,0.5415,378,373,5,1.0,131,0.351206,242,0.648794
1344,VE 3000 - LJUBLJANA CENTER,VO 3011 - LJUBLJANA ŠIŠKA 4,31,"OŠ Šmartno, C. v Gameljne 7, Lj. Šmartno",994,595,0.5986,595,585,10,1.0,216,0.369231,369,0.630769
1345,VE 3000 - LJUBLJANA CENTER,VO 3011 - LJUBLJANA ŠIŠKA 4,32,"OŠ Šmartno, C. v Gameljne 7, Lj. Šmartno",1153,703,0.6097,703,694,9,1.0,304,0.43804,390,0.56196
1346,VE 3000 - LJUBLJANA CENTER,VO 3011 - LJUBLJANA ŠIŠKA 4,33,"Dom gasilcev in krajanov Tacen, Pločanska ul. 8",1176,715,0.608,715,712,3,1.0,335,0.470506,377,0.529494
1347,VE 3000 - LJUBLJANA CENTER,VO 3011 - LJUBLJANA ŠIŠKA 4,34,"GD Stanežiče, Stanežiče 64, Lj. Šentvid",717,450,0.6276,450,447,3,1.0,180,0.402685,267,0.597315
1348,VE 3000 - LJUBLJANA CENTER,VO 3011 - LJUBLJANA ŠIŠKA 4,35,"GD Medno, Medno 79, Lj. Šentvid",346,216,0.6243,216,213,3,1.0,85,0.399061,128,0.600939
1349,VE 3000 - LJUBLJANA CENTER,VO 3011 - LJUBLJANA ŠIŠKA 4,901,Predčasno glasovanje,0,507,0.0,507,497,10,1.0,187,0.376258,310,0.623742
1350,VE 3000 - LJUBLJANA CENTER,VO 3011 - LJUBLJANA ŠIŠKA 4,997,Pošta doma OVK,0,29,0.0,29,29,0,1.0,11,0.37931,18,0.62069
1351,VE 3000 - LJUBLJANA CENTER,VO 3011 - LJUBLJANA ŠIŠKA 4,9973000,Pošta doma VKVE,0,0,0.0,0,0,0,,0,0.0,0,0.0
1352,VE 3000 - LJUBLJANA CENTER,VO 3011 - LJUBLJANA ŠIŠKA 4,99799,Pošta doma DVK,0,0,0.0,0,0,0,,0,0.0,0,0.0
1353,VE 3000 - LJUBLJANA CENTER,VO 3011 - LJUBLJANA ŠIŠKA 4,998,Pošta tujina OVK,0,30,0.0,30,30,0,1.0,10,0.333333,20,0.666667
1354,VE 3000 - LJUBLJANA CENTER,VO 3011 - LJUBLJANA ŠIŠKA 4,9983000,Pošta tujina VKVE,0,0,0.0,0,0,0,,0,0.0,0,0.0
1355,VE 3000 - LJUBLJANA CENTER,VO 3011 - LJUBLJANA ŠIŠKA 4,99899,Pošta tujina DVK,0,0,0.0,0,0,0,,0,0.0,0,0.0
1356,VE 3000 - LJUBLJANA CENTER,VO 3011 - LJUBLJANA ŠIŠKA 4,999,Posebni volilni imenik,804,0,0.0,0,0,0,,0,0.0,0,0.0
1357,VE 4000 - LJUBLJANA BEŽIGRAD,VO 4001 - KOČEVJE,1,"Polom, Polom bš - VD",44,28,0.6364,28,28,0,1.0,17,0.607143,11,0.392857
1358,VE 4000 - LJUBLJANA BEŽIGRAD,VO 4001 - KOČEVJE,3,"Prostori občine Kočevje, Ljubljanska c. 26",1470,421,0.2864,420,417,3,1.0,161,0.386091,256,0.613909
1359,VE 4000 - LJUBLJANA BEŽIGRAD,VO 4001 - KOČEVJE,5,"Avla gimnazije, Ljubljanska c. 12, Kočevje",844,261,0.3092,261,256,5,1.0,96,0.375,160,0.625
1360,VE 4000 - LJUBLJANA BEŽIGRAD,VO 4001 - KOČEVJE,8,"Prostori Komunale Kočevje, Tesarska ul. 10",385,160,0.4156,160,156,4,1.0,71,0.455128,85,0.544872
1361,VE 4000 - LJUBLJANA BEŽIGRAD,VO 4001 - KOČEVJE,9,"v Kočevju, Roška cesta 10 - GD",251,100,0.3984,100,99,1,1.0,29,0.292929,70,0.707071
1362,VE 4000 - LJUBLJANA BEŽIGRAD,VO 4001 - KOČEVJE,10,"Prostori KS Kočevje mesto, Trg svetega Jerneja 2",688,232,0.3372,232,227,5,1.0,93,0.409692,134,0.590308
1363,VE 4000 - LJUBLJANA BEŽIGRAD,VO 4001 - KOČEVJE,11,"Reška c. 16 - GŠ, Kočevje",347,163,0.4697,163,162,1,1.0,50,0.308642,112,0.691358
1364,VE 4000 - LJUBLJANA BEŽIGRAD,VO 4001 - KOČEVJE,13,"Šeškov dom , Prešernova ul. 11, Kočevje",1104,514,0.4656,514,503,11,1.0,218,0.4334,285,0.5666
1365,VE 4000 - LJUBLJANA BEŽIGRAD,VO 4001 - KOČEVJE,14,Trata XIV 6a-prostori Podjetniškega inkubatorja,649,274,0.4222,274,270,4,1.0,111,0.411111,159,0.588889
1366,VE 4000 - LJUBLJANA BEŽIGRAD,VO 4001 - KOČEVJE,15,Mahovnik 37 - GD,253,111,0.4387,111,108,3,1.0,23,0.212963,85,0.787037
1367,VE 4000 - LJUBLJANA BEŽIGRAD,VO 4001 - KOČEVJE,17,Šalka vas 50b - GD,1145,461,0.4026,461,458,3,1.0,155,0.338428,303,0.661572
1368,VE 4000 - LJUBLJANA BEŽIGRAD,VO 4001 - KOČEVJE,18,Željne 12b - VD,435,158,0.3632,158,153,5,1.0,90,0.588235,63,0.411765
1369,VE 4000 - LJUBLJANA BEŽIGRAD,VO 4001 - KOČEVJE,19,Klinja vas 46 - GD,172,81,0.4709,81,79,2,1.0,28,0.35443,51,0.64557
1370,VE 4000 - LJUBLJANA BEŽIGRAD,VO 4001 - KOČEVJE,20,Cvišlerji bš - VD,214,104,0.486,104,101,3,1.0,42,0.415842,59,0.584158
1371,VE 4000 - LJUBLJANA BEŽIGRAD,VO 4001 - KOČEVJE,21,Koprivnik 31 - GD,82,36,0.439,36,35,1,1.0,15,0.428571,20,0.571429
1372,VE 4000 - LJUBLJANA BEŽIGRAD,VO 4001 - KOČEVJE,22,Stara Cerkev 21 - OŠ,830,386,0.4651,386,378,8,1.0,172,0.455026,206,0.544974
1373,VE 4000 - LJUBLJANA BEŽIGRAD,VO 4001 - KOČEVJE,23,Koblarji bš - VD,265,133,0.5019,133,132,1,1.0,69,0.522727,63,0.477273
1374,VE 4000 - LJUBLJANA BEŽIGRAD,VO 4001 - KOČEVJE,24,Dolnje Ložine 1a - GD,279,134,0.4803,134,132,2,1.0,45,0.340909,87,0.659091
1375,VE 4000 - LJUBLJANA BEŽIGRAD,VO 4001 - KOČEVJE,25,Mlaka bš - VD,527,240,0.4554,240,235,5,1.0,93,0.395745,142,0.604255
1376,VE 4000 - LJUBLJANA BEŽIGRAD,VO 4001 - KOČEVJE,26,Stari log bš - VD,122,37,0.3033,37,34,3,1.0,16,0.470588,18,0.529412
1377,VE 4000 - LJUBLJANA BEŽIGRAD,VO 4001 - KOČEVJE,27,"Dolga vas, Kočevska cesta 30 - GD",690,334,0.4841,334,327,7,1.0,97,0.296636,230,0.703364
1378,VE 4000 - LJUBLJANA BEŽIGRAD,VO 4001 - KOČEVJE,28,Livold 18d - PD,365,165,0.4521,165,162,3,1.0,63,0.388889,99,0.611111
1379,VE 4000 - LJUBLJANA BEŽIGRAD,VO 4001 - KOČEVJE,29,"v Črnem Potoku, Črni potok pri Kočevju 1 - VD",159,71,0.4465,71,70,1,1.0,26,0.371429,44,0.628571
1380,VE 4000 - LJUBLJANA BEŽIGRAD,VO 4001 - KOČEVJE,30,Mozelj 4a - GD,224,85,0.3795,85,85,0,1.0,52,0.611765,33,0.388235
1381,VE 4000 - LJUBLJANA BEŽIGRAD,VO 4001 - KOČEVJE,33,Predgrad 41 - GD,241,106,0.4398,106,104,2,1.0,60,0.576923,44,0.423077
1382,VE 4000 - LJUBLJANA BEŽIGRAD,VO 4001 - KOČEVJE,34,Laze pri Predgradu 1a - pri Skendru,17,10,0.5882,10,10,0,1.0,3,0.3,7,0.7
1383,VE 4000 - LJUBLJANA BEŽIGRAD,VO 4001 - KOČEVJE,35,Kočevska Reka 5 - KD,286,128,0.4476,128,125,3,1.0,53,0.424,72,0.576
1384,VE 4000 - LJUBLJANA BEŽIGRAD,VO 4001 - KOČEVJE,37,Štalcerji 10a - GD,242,145,0.5992,145,143,2,1.0,41,0.286713,102,0.713287
1385,VE 4000 - LJUBLJANA BEŽIGRAD,VO 4001 - KOČEVJE,38,Morava 14a - GD,114,73,0.6404,73,72,1,1.0,38,0.527778,34,0.472222
1386,VE 4000 - LJUBLJANA BEŽIGRAD,VO 4001 - KOČEVJE,39,Banja Loka.7 - prostori Občine Kostel,132,57,0.4318,57,57,0,1.0,32,0.561404,25,0.438596
1387,VE 4000 - LJUBLJANA BEŽIGRAD,VO 4001 - KOČEVJE,40,Vrh pri Fari 1 - Lukčeva domačija,98,57,0.5816,57,57,0,1.0,35,0.614035,22,0.385965
1388,VE 4000 - LJUBLJANA BEŽIGRAD,VO 4001 - KOČEVJE,41,Vas 1 - GD,257,136,0.5292,136,135,1,1.0,65,0.481481,70,0.518519
1389,VE 4000 - LJUBLJANA BEŽIGRAD,VO 4001 - KOČEVJE,42,Kuželj 24a - GD,47,28,0.5957,28,28,0,1.0,9,0.321429,19,0.678571
1390,VE 4000 - LJUBLJANA BEŽIGRAD,VO 4001 - KOČEVJE,47,Osilnica 11b - bivši obrat Tekstilane,210,86,0.4095,86,86,0,1.0,53,0.616279,33,0.383721
1391,VE 4000 - LJUBLJANA BEŽIGRAD,VO 4001 - KOČEVJE,48,Belica 7 - pri Miklič,42,16,0.381,16,16,0,1.0,6,0.375,10,0.625
1392,VE 4000 - LJUBLJANA BEŽIGRAD,VO 4001 - KOČEVJE,49,Bosljiva Loka 15a - pri Rugole,60,38,0.6333,38,38,0,1.0,13,0.342105,25,0.657895
1393,VE 4000 - LJUBLJANA BEŽIGRAD,VO 4001 - KOČEVJE,901,Predčasno glasovanje,0,740,0.0,740,733,7,1.0,200,0.272851,533,0.727149
1394,VE 4000 - LJUBLJANA BEŽIGRAD,VO 4001 - KOČEVJE,970,OMNIA od: 4001,0,15,0.0,15,15,0,1.0,3,0.2,12,0.8
1395,VE 4000 - LJUBLJANA BEŽIGRAD,VO 4001 - KOČEVJE,997,Pošta doma OVK,0,51,0.0,51,51,0,1.0,16,0.313725,35,0.686275
1396,VE 4000 - LJUBLJANA BEŽIGRAD,VO 4001 - KOČEVJE,9974000,Pošta doma VKVE,0,0,0.0,0,0,0,,0,0.0,0,0.0
1397,VE 4000 - LJUBLJANA BEŽIGRAD,VO 4001 - KOČEVJE,99799,Pošta doma DVK,0,0,0.0,0,0,0,,0,0.0,0,0.0
1398,VE 4000 - LJUBLJANA BEŽIGRAD,VO 4001 - KOČEVJE,998,Pošta tujina OVK,0,19,0.0,19,16,3,1.0,4,0.25,12,0.75
1399,VE 4000 - LJUBLJANA BEŽIGRAD,VO 4001 - KOČEVJE,9984000,Pošta tujina VKVE,0,0,0.0,0,0,0,,0,0.0,0,0.0
1400,VE 4000 - LJUBLJANA BEŽIGRAD,VO 4001 - KOČEVJE,99899,Pošta tujina DVK,0,0,0.0,0,0,0,,0,0.0,0,0.0
1401,VE 4000 - LJUBLJANA BEŽIGRAD,VO 4001 - KOČEVJE,999,Posebni volilni imenik,949,0,0.0,0,0,0,,0,0.0,0,0.0
1402,VE 4000 - LJUBLJANA BEŽIGRAD,VO 4002 - RIBNICA-DOBREPOLJE,1,"GASILSKI DOM Retje, Retje 55a, Loški Potok",325,198,0.6092,198,196,2,1.0,147,0.75,49,0.25
1403,VE 4000 - LJUBLJANA BEŽIGRAD,VO 4002 - RIBNICA-DOBREPOLJE,2,"Večnamenski objekt Hrib, Hrib 19a, Loški Potok",272,140,0.5147,140,139,1,1.0,82,0.589928,57,0.410072
1404,VE 4000 - LJUBLJANA BEŽIGRAD,VO 4002 - RIBNICA-DOBREPOLJE,3,"Pri Lavrič Slavku, Šegova vas 11, Loški Potok",89,55,0.618,55,53,2,1.0,37,0.698113,16,0.301887
1405,VE 4000 - LJUBLJANA BEŽIGRAD,VO 4002 - RIBNICA-DOBREPOLJE,4,"Gostilna ""Pri Kapcu"", Travnik 74, Loški Potok",268,128,0.4776,128,128,0,1.0,63,0.492188,65,0.507812
1406,VE 4000 - LJUBLJANA BEŽIGRAD,VO 4002 - RIBNICA-DOBREPOLJE,5,"Gasilski dom Mali Log, Mali Log 9",176,112,0.6364,112,109,3,1.0,55,0.504587,54,0.495413
1407,VE 4000 - LJUBLJANA BEŽIGRAD,VO 4002 - RIBNICA-DOBREPOLJE,6,"Glasbena šola, Kolodvorska ul. 10, Ribnica",477,188,0.3941,188,185,3,1.0,84,0.454054,101,0.545946
1408,VE 4000 - LJUBLJANA BEŽIGRAD,VO 4002 - RIBNICA-DOBREPOLJE,7,"Športni center Ribnica, Majnikova 2, Ribnica",176,59,0.3352,59,56,3,1.0,22,0.392857,34,0.607143
1409,VE 4000 - LJUBLJANA BEŽIGRAD,VO 4002 - RIBNICA-DOBREPOLJE,8,"ROKODELSKI CENTER (A) C. na Ugar 6, Ribnica",481,214,0.4449,214,211,3,1.0,132,0.625592,79,0.374408
1410,VE 4000 - LJUBLJANA BEŽIGRAD,VO 4002 - RIBNICA-DOBREPOLJE,9,"OŠ Ribnica, Šolska ul. 2, Ribnica",652,271,0.4156,271,266,5,1.0,154,0.578947,112,0.421053
1411,VE 4000 - LJUBLJANA BEŽIGRAD,VO 4002 - RIBNICA-DOBREPOLJE,10,"ROKODELSKI CENTER (B), C. na Ugar 6, Ribnica",404,194,0.4802,194,193,1,1.0,110,0.569948,83,0.430052
1412,VE 4000 - LJUBLJANA BEŽIGRAD,VO 4002 - RIBNICA-DOBREPOLJE,11,"DRUŠTVO INVALIDOV, Knafljev trg 2, Ribnica",208,98,0.4712,98,96,2,1.0,48,0.5,48,0.5
1413,VE 4000 - LJUBLJANA BEŽIGRAD,VO 4002 - RIBNICA-DOBREPOLJE,12,"TD RIBNICA, Gallusovo nabrežje 10, Ribnica",211,68,0.3223,68,68,0,1.0,33,0.485294,35,0.514706
1414,VE 4000 - LJUBLJANA BEŽIGRAD,VO 4002 - RIBNICA-DOBREPOLJE,13,"Gostilna pri Andoljšku,Hrovača 30, Ribnica",279,147,0.5269,147,146,1,1.0,87,0.59589,59,0.40411
1415,VE 4000 - LJUBLJANA BEŽIGRAD,VO 4002 - RIBNICA-DOBREPOLJE,14,"Gasilski dom, Goriča vas 68a, Ribnica",307,198,0.645,198,195,3,1.0,150,0.769231,45,0.230769
1416,VE 4000 - LJUBLJANA BEŽIGRAD,VO 4002 - RIBNICA-DOBREPOLJE,15,"Gasilski dom, Nemška vas 22, Ribnica",194,123,0.634,123,122,1,1.0,90,0.737705,32,0.262295
1417,VE 4000 - LJUBLJANA BEŽIGRAD,VO 4002 - RIBNICA-DOBREPOLJE,16,"Obora, Otavice 31 b, Ribnica",87,50,0.5747,50,50,0,1.0,47,0.94,3,0.06
1418,VE 4000 - LJUBLJANA BEŽIGRAD,VO 4002 - RIBNICA-DOBREPOLJE,17,"Gasilski dom, Sajevec, Ribnica",119,76,0.6387,76,75,1,1.0,60,0.8,15,0.2
1419,VE 4000 - LJUBLJANA BEŽIGRAD,VO 4002 - RIBNICA-DOBREPOLJE,18,"Gasilski dom, Bukovica 12,Ribnica",90,48,0.5333,48,48,0,1.0,30,0.625,18,0.375
1420,VE 4000 - LJUBLJANA BEŽIGRAD,VO 4002 - RIBNICA-DOBREPOLJE,19,"Gasilski dom, Dane, Ribnica",49,31,0.6327,31,31,0,1.0,25,0.806452,6,0.193548
1421,VE 4000 - LJUBLJANA BEŽIGRAD,VO 4002 - RIBNICA-DOBREPOLJE,20,"Gasilski dom, Jurjevica 37 a, Ribnica",160,102,0.6375,102,100,2,1.0,73,0.73,27,0.27
1422,VE 4000 - LJUBLJANA BEŽIGRAD,VO 4002 - RIBNICA-DOBREPOLJE,21,"Pri Gornik Ivanki, Kot 11, Ribnica",92,54,0.587,54,53,1,1.0,41,0.773585,12,0.226415
1423,VE 4000 - LJUBLJANA BEŽIGRAD,VO 4002 - RIBNICA-DOBREPOLJE,22,"DOM DRUŠTVA VETER, Breg 17, Ribnica",541,290,0.536,290,286,4,1.0,164,0.573427,122,0.426573
1424,VE 4000 - LJUBLJANA BEŽIGRAD,VO 4002 - RIBNICA-DOBREPOLJE,23,"Gasilski dom, Dolenji Lazi 2a, Ribnica",246,154,0.626,154,152,2,1.0,117,0.769737,35,0.230263
1425,VE 4000 - LJUBLJANA BEŽIGRAD,VO 4002 - RIBNICA-DOBREPOLJE,24,"GOSTIŠČE VRBA, Žlebič 15a, 1310 Ribnica",319,208,0.652,208,206,2,1.0,167,0.81068,39,0.18932
1426,VE 4000 - LJUBLJANA BEŽIGRAD,VO 4002 - RIBNICA-DOBREPOLJE,25,"OŠ Sušje, Sušje 2, Ribnica",93,66,0.7097,66,66,0,1.0,53,0.80303,13,0.19697
1427,VE 4000 - LJUBLJANA BEŽIGRAD,VO 4002 - RIBNICA-DOBREPOLJE,26,"Gasilski dom, Lipovec 17, Dolenja vas",124,78,0.629,78,78,0,1.0,49,0.628205,29,0.371795
1428,VE 4000 - LJUBLJANA BEŽIGRAD,VO 4002 - RIBNICA-DOBREPOLJE,27,"GASILSKI DOM, Prigorica 38, Dolenja vas",313,197,0.6294,197,195,2,1.0,138,0.707692,57,0.292308
1429,VE 4000 - LJUBLJANA BEŽIGRAD,VO 4002 - RIBNICA-DOBREPOLJE,28,"GASILSKI DOM, Lončarska ul. 66, Dolenja vas",256,139,0.543,139,136,3,1.0,99,0.727941,37,0.272059
1430,VE 4000 - LJUBLJANA BEŽIGRAD,VO 4002 - RIBNICA-DOBREPOLJE,29,"Pri DRAGU MERHARJU, Blate 1, Dolenja vas",50,25,0.5,25,25,0,1.0,21,0.84,4,0.16
1431,VE 4000 - LJUBLJANA BEŽIGRAD,VO 4002 - RIBNICA-DOBREPOLJE,30,"Gasilski dom, Rakitnica 6a, Dolenja vas",210,137,0.6524,137,135,2,1.0,108,0.8,27,0.2
1432,VE 4000 - LJUBLJANA BEŽIGRAD,VO 4002 - RIBNICA-DOBREPOLJE,31,"Gasilski dom, Grčarice 3, Dolenja vas",136,78,0.5735,78,78,0,1.0,19,0.24359,59,0.75641
1433,VE 4000 - LJUBLJANA BEŽIGRAD,VO 4002 - RIBNICA-DOBREPOLJE,32,"Šola Velike Poljane, Velike Poljane 45, Ortnek",146,100,0.6849,100,100,0,1.0,81,0.81,19,0.19
1434,VE 4000 - LJUBLJANA BEŽIGRAD,VO 4002 - RIBNICA-DOBREPOLJE,33,"GOSTILNA MATJAK, Ortnek 2, 1316 Ortnek",92,53,0.5761,53,52,1,1.0,39,0.75,13,0.25
1435,VE 4000 - LJUBLJANA BEŽIGRAD,VO 4002 - RIBNICA-DOBREPOLJE,34,"Gasilski dom, Sveti Gregor 17, Ortnek",336,227,0.6756,227,225,2,1.0,200,0.888889,25,0.111111
1436,VE 4000 - LJUBLJANA BEŽIGRAD,VO 4002 - RIBNICA-DOBREPOLJE,35,"Gasilski dom, Zapotok 2, Ribnica",148,92,0.6216,92,91,1,1.0,65,0.714286,26,0.285714
1437,VE 4000 - LJUBLJANA BEŽIGRAD,VO 4002 - RIBNICA-DOBREPOLJE,36,"Pri JOŽETU LUŠINU, Lipovšica 1, Sodražica",95,66,0.6947,66,66,0,1.0,40,0.606061,26,0.393939
1438,VE 4000 - LJUBLJANA BEŽIGRAD,VO 4002 - RIBNICA-DOBREPOLJE,37,"Gasilski dom, Zamostec 8a, Sodražica",200,115,0.575,115,113,2,1.0,70,0.619469,43,0.380531
1439,VE 4000 - LJUBLJANA BEŽIGRAD,VO 4002 - RIBNICA-DOBREPOLJE,38,"OŠ Sodražica, CNO 10, Sodražica",311,191,0.6141,191,191,0,1.0,125,0.65445,66,0.34555
1440,VE 4000 - LJUBLJANA BEŽIGRAD,VO 4002 - RIBNICA-DOBREPOLJE,39,"Gasilski dom, Žimarice 76, Sodražica",212,127,0.5991,127,127,0,1.0,104,0.818898,23,0.181102
1441,VE 4000 - LJUBLJANA BEŽIGRAD,VO 4002 - RIBNICA-DOBREPOLJE,40,"Pri Mirku Oražmu, Globel 8, Sodražica",92,65,0.7065,65,65,0,1.0,59,0.907692,6,0.092308
1442,VE 4000 - LJUBLJANA BEŽIGRAD,VO 4002 - RIBNICA-DOBREPOLJE,41,"Pri Julijani Mihelič, Podklanec 7, Sodražica",100,70,0.7,70,67,3,1.0,54,0.80597,13,0.19403
1443,VE 4000 - LJUBLJANA BEŽIGRAD,VO 4002 - RIBNICA-DOBREPOLJE,42,"TŠD Gora, Petrinci 10a, Sodražica",117,72,0.6154,72,72,0,1.0,58,0.805556,14,0.194444
1444,VE 4000 - LJUBLJANA BEŽIGRAD,VO 4002 - RIBNICA-DOBREPOLJE,43,"A MI GO, d.o.o., Vinice 8, Sodražica",103,62,0.6019,62,61,1,1.0,48,0.786885,13,0.213115
1445,VE 4000 - LJUBLJANA BEŽIGRAD,VO 4002 - RIBNICA-DOBREPOLJE,44,"OŠ Dolenja vas, Šolska ul. 9, Dolenja vas",344,191,0.5552,191,191,0,1.0,120,0.628272,71,0.371728
1446,VE 4000 - LJUBLJANA BEŽIGRAD,VO 4002 - RIBNICA-DOBREPOLJE,45,"Gasilski dom, Trg 25. maja 5, Sodražica",360,223,0.6194,223,221,2,1.0,144,0.651584,77,0.348416
1447,VE 4000 - LJUBLJANA BEŽIGRAD,VO 4002 - RIBNICA-DOBREPOLJE,46,"Dom krajanov, Podpreska 3a, Draga",97,46,0.4742,46,43,3,1.0,15,0.348837,28,0.651163
1448,VE 4000 - LJUBLJANA BEŽIGRAD,VO 4002 - RIBNICA-DOBREPOLJE,47,"Lovski dom Draga, Draga 33a, Draga",71,36,0.507,36,36,0,1.0,20,0.555556,16,0.444444
1449,VE 4000 - LJUBLJANA BEŽIGRAD,VO 4002 - RIBNICA-DOBREPOLJE,48,"Gasilski dom Trava, Trava 14, Draga",108,36,0.3333,36,36,0,1.0,14,0.388889,22,0.611111
1450,VE 4000 - LJUBLJANA BEŽIGRAD,VO 4002 - RIBNICA-DOBREPOLJE,49,"Gasilski dom Novi Kot, Draga",51,31,0.6078,31,28,3,1.0,12,0.428571,16,0.571429
1451,VE 4000 - LJUBLJANA BEŽIGRAD,VO 4002 - RIBNICA-DOBREPOLJE,50,"Gostišče Makšar, Breže 18a,Ribnica",127,77,0.6063,77,75,2,1.0,57,0.76,18,0.24
1452,VE 4000 - LJUBLJANA BEŽIGRAD,VO 4002 - RIBNICA-DOBREPOLJE,51,"Jakličev dom, Videm 34, Videm Dobrepolje",1019,587,0.5761,587,583,4,1.0,440,0.754717,143,0.245283
1453,VE 4000 - LJUBLJANA BEŽIGRAD,VO 4002 - RIBNICA-DOBREPOLJE,52,"Gasilski dom, Hočevje 19, Krka",145,85,0.5862,85,83,2,1.0,32,0.385542,51,0.614458
1454,VE 4000 - LJUBLJANA BEŽIGRAD,VO 4002 - RIBNICA-DOBREPOLJE,53,"Gasilski dom, Zagorica 36a, Videm Dobrepolje",175,117,0.6686,117,116,1,1.0,84,0.724138,32,0.275862
1455,VE 4000 - LJUBLJANA BEŽIGRAD,VO 4002 - RIBNICA-DOBREPOLJE,54,"Vaški prostor, Predstruge 60, Videm Dobrepolje",460,291,0.6326,291,286,5,1.0,190,0.664336,96,0.335664
1456,VE 4000 - LJUBLJANA BEŽIGRAD,VO 4002 - RIBNICA-DOBREPOLJE,55,"Gasilski dom, Kompolje 60, Videm Dobrepolje",367,231,0.6294,231,231,0,1.0,172,0.744589,59,0.255411
1457,VE 4000 - LJUBLJANA BEŽIGRAD,VO 4002 - RIBNICA-DOBREPOLJE,56,"PRIZMA PONIKVE, Ponikve 76, Videm Dobrepolje",356,200,0.5618,200,200,0,1.0,134,0.67,66,0.33
1458,VE 4000 - LJUBLJANA BEŽIGRAD,VO 4002 - RIBNICA-DOBREPOLJE,57,"OŠ Struge, Lipa 16, Struge",412,248,0.6019,248,246,2,1.0,202,0.821138,44,0.178862
1459,VE 4000 - LJUBLJANA BEŽIGRAD,VO 4002 - RIBNICA-DOBREPOLJE,901,Predčasno glasovanje,0,580,0.0,580,570,10,1.0,288,0.505263,282,0.494737
1460,VE 4000 - LJUBLJANA BEŽIGRAD,VO 4002 - RIBNICA-DOBREPOLJE,970,OMNIA od: 4002,0,15,0.0,15,15,0,1.0,6,0.4,9,0.6
1461,VE 4000 - LJUBLJANA BEŽIGRAD,VO 4002 - RIBNICA-DOBREPOLJE,997,Pošta doma OVK,0,28,0.0,28,28,0,1.0,20,0.714286,8,0.285714
1462,VE 4000 - LJUBLJANA BEŽIGRAD,VO 4002 - RIBNICA-DOBREPOLJE,9974000,Pošta doma VKVE,0,0,0.0,0,0,0,,0,0.0,0,0.0
1463,VE 4000 - LJUBLJANA BEŽIGRAD,VO 4002 - RIBNICA-DOBREPOLJE,99799,Pošta doma DVK,0,0,0.0,0,0,0,,0,0.0,0,0.0
1464,VE 4000 - LJUBLJANA BEŽIGRAD,VO 4002 - RIBNICA-DOBREPOLJE,998,Pošta tujina OVK,0,27,0.0,27,23,4,1.0,15,0.652174,8,0.347826
1465,VE 4000 - LJUBLJANA BEŽIGRAD,VO 4002 - RIBNICA-DOBREPOLJE,9984000,Pošta tujina VKVE,0,0,0.0,0,0,0,,0,0.0,0,0.0
1466,VE 4000 - LJUBLJANA BEŽIGRAD,VO 4002 - RIBNICA-DOBREPOLJE,99899,Pošta tujina DVK,0,0,0.0,0,0,0,,0,0.0,0,0.0
1467,VE 4000 - LJUBLJANA BEŽIGRAD,VO 4002 - RIBNICA-DOBREPOLJE,999,Posebni volilni imenik,1092,0,0.0,0,0,0,,0,0.0,0,0.0
1468,VE 4000 - LJUBLJANA BEŽIGRAD,VO 4003 - GROSUPLJE,1,"DD Grosuplje I, Taborska cesta 1",679,342,0.5037,342,336,6,1.0,178,0.529762,158,0.470238
1469,VE 4000 - LJUBLJANA BEŽIGRAD,VO 4003 - GROSUPLJE,2,"DD Grosuplje II, Taborska cesta 1",1450,604,0.4166,604,597,7,1.0,240,0.40201,357,0.59799
1470,VE 4000 - LJUBLJANA BEŽIGRAD,VO 4003 - GROSUPLJE,3,"OŠ Louisa Adamiča, Tovarniška cesta 14",1267,694,0.5478,694,688,6,1.0,410,0.59593,278,0.40407
1471,VE 4000 - LJUBLJANA BEŽIGRAD,VO 4003 - GROSUPLJE,4,"OŠ Brinje, Ljubljanska cesta 40a",1469,685,0.4663,685,673,12,1.0,328,0.48737,345,0.51263
1472,VE 4000 - LJUBLJANA BEŽIGRAD,VO 4003 - GROSUPLJE,5,"DO Grosuplje, Ob Grosupeljščici 1b",1507,844,0.5601,842,828,14,1.0,451,0.544686,377,0.455314
1473,VE 4000 - LJUBLJANA BEŽIGRAD,VO 4003 - GROSUPLJE,6,"GD Mala Ilova Gora, M.Ilova Gora 21",165,104,0.6303,104,102,2,1.0,78,0.764706,24,0.235294
1474,VE 4000 - LJUBLJANA BEŽIGRAD,VO 4003 - GROSUPLJE,7,"GD Veliko Mlačevo, Veliko Mlačevo 6a",883,439,0.4972,439,436,3,1.0,296,0.678899,140,0.321101
1475,VE 4000 - LJUBLJANA BEŽIGRAD,VO 4003 - GROSUPLJE,8,"GD Polica, Polica 41",1388,762,0.549,762,753,9,1.0,443,0.588313,310,0.411687
1476,VE 4000 - LJUBLJANA BEŽIGRAD,VO 4003 - GROSUPLJE,9,"DD Račna, Velika Račna 24b",596,366,0.6141,366,356,10,1.0,243,0.682584,113,0.317416
1477,VE 4000 - LJUBLJANA BEŽIGRAD,VO 4003 - GROSUPLJE,10,"ZDD SPODNJA SLIVNICA, Spodnja Slivnica 16",426,268,0.6291,268,265,3,1.0,152,0.573585,113,0.426415
1478,VE 4000 - LJUBLJANA BEŽIGRAD,VO 4003 - GROSUPLJE,11,"KS Škocjan, Škocjan 20",363,210,0.5785,210,210,0,1.0,120,0.571429,90,0.428571
1479,VE 4000 - LJUBLJANA BEŽIGRAD,VO 4003 - GROSUPLJE,12,"GD Ponova vas, Ponova vas 27",505,277,0.5485,277,274,3,1.0,194,0.708029,80,0.291971
1480,VE 4000 - LJUBLJANA BEŽIGRAD,VO 4003 - GROSUPLJE,13,"OŠ Št. Jurij, Št. Jurij 14",1020,519,0.5088,519,517,2,1.0,327,0.632495,190,0.367505
1481,VE 4000 - LJUBLJANA BEŽIGRAD,VO 4003 - GROSUPLJE,14,"Podružnična šola Žalna, Žalna 1",625,397,0.6352,397,392,5,1.0,291,0.742347,101,0.257653
1482,VE 4000 - LJUBLJANA BEŽIGRAD,VO 4003 - GROSUPLJE,15,"GD Luče, Luče 22a",239,151,0.6318,151,150,1,1.0,121,0.806667,29,0.193333
1483,VE 4000 - LJUBLJANA BEŽIGRAD,VO 4003 - GROSUPLJE,16,"OŠ Šmarje-Sap I., Ljubljanska cesta 49",990,531,0.5364,531,527,4,1.0,274,0.519924,253,0.480076
1484,VE 4000 - LJUBLJANA BEŽIGRAD,VO 4003 - GROSUPLJE,17,"OŠ Šmarje-Sap II., Ljubljanska cesta 49",661,370,0.5598,370,362,8,1.0,164,0.453039,198,0.546961
1485,VE 4000 - LJUBLJANA BEŽIGRAD,VO 4003 - GROSUPLJE,18,"OŠ Šmarje-Sap III., Ljubljanska c. 49",918,497,0.5414,497,492,5,1.0,285,0.579268,207,0.420732
1486,VE 4000 - LJUBLJANA BEŽIGRAD,VO 4003 - GROSUPLJE,901,Predčasno glasovanje,0,1018,0.0,1018,1007,11,1.0,424,0.421053,583,0.578947
1487,VE 4000 - LJUBLJANA BEŽIGRAD,VO 4003 - GROSUPLJE,970,OMNIA od: 4003,1,92,0.0,92,91,1,1.0,33,0.362637,58,0.637363
1488,VE 4000 - LJUBLJANA BEŽIGRAD,VO 4003 - GROSUPLJE,997,Pošta doma OVK,0,44,0.0,44,44,0,1.0,25,0.568182,19,0.431818
1489,VE 4000 - LJUBLJANA BEŽIGRAD,VO 4003 - GROSUPLJE,9974000,Pošta doma VKVE,0,0,0.0,0,0,0,,0,0.0,0,0.0
1490,VE 4000 - LJUBLJANA BEŽIGRAD,VO 4003 - GROSUPLJE,99799,Pošta doma DVK,0,0,0.0,0,0,0,,0,0.0,0,0.0
1491,VE 4000 - LJUBLJANA BEŽIGRAD,VO 4003 - GROSUPLJE,998,Pošta tujina OVK,0,33,0.0,33,32,1,1.0,11,0.34375,21,0.65625
1492,VE 4000 - LJUBLJANA BEŽIGRAD,VO 4003 - GROSUPLJE,9984000,Pošta tujina VKVE,0,0,0.0,0,0,0,,0,0.0,0,0.0
1493,VE 4000 - LJUBLJANA BEŽIGRAD,VO 4003 - GROSUPLJE,99899,Pošta tujina DVK,0,0,0.0,0,0,0,,0,0.0,0,0.0
1494,VE 4000 - LJUBLJANA BEŽIGRAD,VO 4003 - GROSUPLJE,999,Posebni volilni imenik,769,0,0.0,0,0,0,,0,0.0,0,0.0
1495,VE 4000 - LJUBLJANA BEŽIGRAD,VO 4004 - IVANČNA GORICA,2,"KD  IVANČNA GORICA I., Sokolska ulica 4",1488,718,0.4825,718,704,14,1.0,394,0.559659,310,0.440341
1496,VE 4000 - LJUBLJANA BEŽIGRAD,VO 4004 - IVANČNA GORICA,3,"KD IVANČNA GORICA II., Sokolska ulica 4",771,371,0.4812,371,368,3,1.0,228,0.619565,140,0.380435
1497,VE 4000 - LJUBLJANA BEŽIGRAD,VO 4004 - IVANČNA GORICA,4,"KD MULJAVA, Muljava 20",728,452,0.6209,452,451,1,1.0,301,0.667406,150,0.332594
1498,VE 4000 - LJUBLJANA BEŽIGRAD,VO 4004 - IVANČNA GORICA,5,"GD STIČNA, Stična 144",1217,692,0.5686,692,680,12,1.0,395,0.580882,285,0.419118
1499,VE 4000 - LJUBLJANA BEŽIGRAD,VO 4004 - IVANČNA GORICA,6,"GD METNAJ, Metnaj 2",450,268,0.5956,268,267,1,1.0,140,0.524345,127,0.475655
1500,VE 4000 - LJUBLJANA BEŽIGRAD,VO 4004 - IVANČNA GORICA,7,"MH VIŠNJA GORA, Mestni trg 21",1425,730,0.5123,730,723,7,1.0,412,0.569848,311,0.430152
1501,VE 4000 - LJUBLJANA BEŽIGRAD,VO 4004 - IVANČNA GORICA,8,"GD KRIŠKA VAS, Kriška vas 10",414,274,0.6618,274,272,2,1.0,130,0.477941,142,0.522059
1502,VE 4000 - LJUBLJANA BEŽIGRAD,VO 4004 - IVANČNA GORICA,9,"GD VRH PRI VIŠNJI GORI, Vrh pri Višnji Gori 2",292,203,0.6952,203,199,4,1.0,161,0.809045,38,0.190955
1503,VE 4000 - LJUBLJANA BEŽIGRAD,VO 4004 - IVANČNA GORICA,10,"KD ŠENTVID I., Šentvid pri Stični 70",1060,580,0.5472,580,573,7,1.0,345,0.602094,228,0.397906
1504,VE 4000 - LJUBLJANA BEŽIGRAD,VO 4004 - IVANČNA GORICA,11,"KD ŠENTVID II., Šentvid pri Stični 70",973,509,0.5231,509,500,9,1.0,353,0.706,147,0.294
1505,VE 4000 - LJUBLJANA BEŽIGRAD,VO 4004 - IVANČNA GORICA,12,"GD DOB, Dob pri Šentvidu 8",459,296,0.6449,296,296,0,1.0,232,0.783784,64,0.216216
1506,VE 4000 - LJUBLJANA BEŽIGRAD,VO 4004 - IVANČNA GORICA,13,"VO HRASTOV DOL, Hrastov Dol 2",164,108,0.6585,108,108,0,1.0,82,0.759259,26,0.240741
1507,VE 4000 - LJUBLJANA BEŽIGRAD,VO 4004 - IVANČNA GORICA,14,"DK TEMENICA, Temenica 2a",586,342,0.5836,342,342,0,1.0,219,0.640351,123,0.359649
1508,VE 4000 - LJUBLJANA BEŽIGRAD,VO 4004 - IVANČNA GORICA,15,"KD AMBRUS, Ambrus 56",601,400,0.6656,400,399,1,1.0,348,0.87218,51,0.12782
1509,VE 4000 - LJUBLJANA BEŽIGRAD,VO 4004 - IVANČNA GORICA,16,"OŠ ZAGRADEC, Zagradec 33",1019,570,0.5594,570,565,5,1.0,450,0.79646,115,0.20354
1510,VE 4000 - LJUBLJANA BEŽIGRAD,VO 4004 - IVANČNA GORICA,17,"DC KRKA, Krka 1d",1081,592,0.5476,592,581,11,1.0,337,0.580034,244,0.419966
1511,VE 4000 - LJUBLJANA BEŽIGRAD,VO 4004 - IVANČNA GORICA,901,Predčasno glasovanje,0,687,0.0,687,674,13,1.0,323,0.479228,351,0.520772
1512,VE 4000 - LJUBLJANA BEŽIGRAD,VO 4004 - IVANČNA GORICA,970,OMNIA od: 4004,0,31,0.0,31,31,0,1.0,10,0.322581,21,0.677419
1513,VE 4000 - LJUBLJANA BEŽIGRAD,VO 4004 - IVANČNA GORICA,997,Pošta doma OVK,0,14,0.0,14,14,0,1.0,12,0.857143,2,0.142857
1514,VE 4000 - LJUBLJANA BEŽIGRAD,VO 4004 - IVANČNA GORICA,9974000,Pošta doma VKVE,0,0,0.0,0,0,0,,0,0.0,0,0.0
1515,VE 4000 - LJUBLJANA BEŽIGRAD,VO 4004 - IVANČNA GORICA,99799,Pošta doma DVK,0,0,0.0,0,0,0,,0,0.0,0,0.0
1516,VE 4000 - LJUBLJANA BEŽIGRAD,VO 4004 - IVANČNA GORICA,998,Pošta tujina OVK,0,14,0.0,14,14,0,1.0,12,0.857143,2,0.142857
1517,VE 4000 - LJUBLJANA BEŽIGRAD,VO 4004 - IVANČNA GORICA,9984000,Pošta tujina VKVE,0,0,0.0,0,0,0,,0,0.0,0,0.0
1518,VE 4000 - LJUBLJANA BEŽIGRAD,VO 4004 - IVANČNA GORICA,99899,Pošta tujina DVK,0,0,0.0,0,0,0,,0,0.0,0,0.0
1519,VE 4000 - LJUBLJANA BEŽIGRAD,VO 4004 - IVANČNA GORICA,999,Posebni volilni imenik,451,0,0.0,0,0,0,,0,0.0,0,0.0
1520,VE 4000 - LJUBLJANA BEŽIGRAD,VO 4005 - LJUBLJANA MOSTE-POLJE 1,1,"KD Dolsko, Dolsko 55",940,617,0.6564,617,603,14,1.0,241,0.399668,362,0.600332
1521,VE 4000 - LJUBLJANA BEŽIGRAD,VO 4005 - LJUBLJANA MOSTE-POLJE 1,2,"PGD Senožeti, Senožeti 25",675,412,0.6104,412,404,8,1.0,160,0.39604,244,0.60396
1522,VE 4000 - LJUBLJANA BEŽIGRAD,VO 4005 - LJUBLJANA MOSTE-POLJE 1,3,"PGD Vinje, Vinje 26b",397,240,0.6045,240,237,3,1.0,122,0.514768,115,0.485232
1523,VE 4000 - LJUBLJANA BEŽIGRAD,VO 4005 - LJUBLJANA MOSTE-POLJE 1,4,"PGD Laze, Laze 29b",173,88,0.5087,88,88,0,1.0,34,0.386364,54,0.613636
1524,VE 4000 - LJUBLJANA BEŽIGRAD,VO 4005 - LJUBLJANA MOSTE-POLJE 1,5,"PGD Klopce, Klopce 40",207,101,0.4879,101,101,0,1.0,71,0.70297,30,0.29703
1525,VE 4000 - LJUBLJANA BEŽIGRAD,VO 4005 - LJUBLJANA MOSTE-POLJE 1,6,"Podružnična šola Besnica, Besnica 21",310,175,0.5645,175,173,2,1.0,88,0.508671,85,0.491329
1526,VE 4000 - LJUBLJANA BEŽIGRAD,VO 4005 - LJUBLJANA MOSTE-POLJE 1,7,"Podružnična šola Janče, Gabrje pri Jančah 16",311,147,0.4727,147,143,4,1.0,81,0.566434,62,0.433566
1527,VE 4000 - LJUBLJANA BEŽIGRAD,VO 4005 - LJUBLJANA MOSTE-POLJE 1,8,"Podružnična šola Prežganje, Prežganje 7",635,337,0.5307,337,329,8,1.0,146,0.443769,183,0.556231
1528,VE 4000 - LJUBLJANA BEŽIGRAD,VO 4005 - LJUBLJANA MOSTE-POLJE 1,9,"Župnišče Javor, Javor 1",200,111,0.555,111,111,0,1.0,79,0.711712,32,0.288288
1529,VE 4000 - LJUBLJANA BEŽIGRAD,VO 4005 - LJUBLJANA MOSTE-POLJE 1,10,"Podružnična šola Lipoglav, Mali Lipoglav 8",504,284,0.5635,284,278,6,1.0,148,0.532374,130,0.467626
1530,VE 4000 - LJUBLJANA BEŽIGRAD,VO 4005 - LJUBLJANA MOSTE-POLJE 1,11,"OŠ Zalog, Cerutova ul. 7",622,289,0.4646,289,288,1,1.0,101,0.350694,187,0.649306
1531,VE 4000 - LJUBLJANA BEŽIGRAD,VO 4005 - LJUBLJANA MOSTE-POLJE 1,12,"OŠ Zalog, Cerutova ul. 7",385,194,0.5039,194,186,8,1.0,88,0.473118,98,0.526882
1532,VE 4000 - LJUBLJANA BEŽIGRAD,VO 4005 - LJUBLJANA MOSTE-POLJE 1,13,"OŠ Zalog, Cerutova ul. 7",651,322,0.4946,322,318,4,1.0,89,0.279874,229,0.720126
1533,VE 4000 - LJUBLJANA BEŽIGRAD,VO 4005 - LJUBLJANA MOSTE-POLJE 1,14,"Center Zalog, Zaloška c. 267",1052,519,0.4933,519,510,9,1.0,162,0.317647,348,0.682353
1534,VE 4000 - LJUBLJANA BEŽIGRAD,VO 4005 - LJUBLJANA MOSTE-POLJE 1,15,"Center Zalog, Zaloška c. 267",832,363,0.4363,363,357,6,1.0,100,0.280112,257,0.719888
1535,VE 4000 - LJUBLJANA BEŽIGRAD,VO 4005 - LJUBLJANA MOSTE-POLJE 1,16,"Vaški dom, Podgrajska c. 6e",210,114,0.5429,114,114,0,1.0,33,0.289474,81,0.710526
1536,VE 4000 - LJUBLJANA BEŽIGRAD,VO 4005 - LJUBLJANA MOSTE-POLJE 1,17,"PGD Zgornji Kašelj, Kašeljska c. 95",761,368,0.4836,368,364,4,1.0,110,0.302198,254,0.697802
1537,VE 4000 - LJUBLJANA BEŽIGRAD,VO 4005 - LJUBLJANA MOSTE-POLJE 1,18,"OŠ Kašelj, Kašeljska c. 119a",798,419,0.5251,419,417,2,1.0,152,0.364508,265,0.635492
1538,VE 4000 - LJUBLJANA BEŽIGRAD,VO 4005 - LJUBLJANA MOSTE-POLJE 1,19,"OŠ Kašelj, Kašeljska c. 119a",1022,546,0.5342,546,537,9,1.0,206,0.383613,331,0.616387
1539,VE 4000 - LJUBLJANA BEŽIGRAD,VO 4005 - LJUBLJANA MOSTE-POLJE 1,20,"OŠ Zadobrova, Zadobrovška c. 35",983,567,0.5768,567,551,16,1.0,199,0.361162,352,0.638838
1540,VE 4000 - LJUBLJANA BEŽIGRAD,VO 4005 - LJUBLJANA MOSTE-POLJE 1,21,"OŠ Sostro, C. II. grupe odredov 47",710,442,0.6225,442,434,8,1.0,192,0.442396,242,0.557604
1541,VE 4000 - LJUBLJANA BEŽIGRAD,VO 4005 - LJUBLJANA MOSTE-POLJE 1,22,"OŠ Kašelj, Kašeljska c. 119a",703,427,0.6074,427,422,5,1.0,131,0.310427,291,0.689573
1542,VE 4000 - LJUBLJANA BEŽIGRAD,VO 4005 - LJUBLJANA MOSTE-POLJE 1,23,"SH Podlipoglav, Podlipoglav 19",626,383,0.6118,383,381,2,1.0,191,0.501312,190,0.498688
1543,VE 4000 - LJUBLJANA BEŽIGRAD,VO 4005 - LJUBLJANA MOSTE-POLJE 1,24,"OŠ Sostro, C. II. grupe odredov 47",704,401,0.5696,401,396,5,1.0,168,0.424242,228,0.575758
1544,VE 4000 - LJUBLJANA BEŽIGRAD,VO 4005 - LJUBLJANA MOSTE-POLJE 1,25,"OŠ Sostro, C. II. grupe odredov 47",744,431,0.5793,431,426,5,1.0,236,0.553991,190,0.446009
1545,VE 4000 - LJUBLJANA BEŽIGRAD,VO 4005 - LJUBLJANA MOSTE-POLJE 1,26,"ZD Zadvor, C. II. grupe odredov 43",638,355,0.5564,355,351,4,1.0,183,0.521368,168,0.478632
1546,VE 4000 - LJUBLJANA BEŽIGRAD,VO 4005 - LJUBLJANA MOSTE-POLJE 1,27,"PGD Bizovik, Bizoviška c. 15a",1189,737,0.6198,737,732,5,1.0,380,0.519126,352,0.480874
1547,VE 4000 - LJUBLJANA BEŽIGRAD,VO 4005 - LJUBLJANA MOSTE-POLJE 1,28,"Prostori MOL (Polje), Zaloška c. 160",678,303,0.4469,303,297,6,1.0,103,0.346801,194,0.653199
1548,VE 4000 - LJUBLJANA BEŽIGRAD,VO 4005 - LJUBLJANA MOSTE-POLJE 1,29,"OŠ Polje, Zaloška 189",1112,423,0.3804,423,414,9,1.0,122,0.294686,292,0.705314
1549,VE 4000 - LJUBLJANA BEŽIGRAD,VO 4005 - LJUBLJANA MOSTE-POLJE 1,30,"OŠ Polje, Zaloška 189",578,310,0.5363,310,309,1,1.0,124,0.401294,185,0.598706
1550,VE 4000 - LJUBLJANA BEŽIGRAD,VO 4005 - LJUBLJANA MOSTE-POLJE 1,31,"PGD Slape - Polje, Slape 50",694,377,0.5432,377,376,1,1.0,177,0.470745,199,0.529255
1551,VE 4000 - LJUBLJANA BEŽIGRAD,VO 4005 - LJUBLJANA MOSTE-POLJE 1,32,"Podružnična šola Hrušica, Pot do šole 1",1129,625,0.5536,625,617,8,1.0,259,0.419773,358,0.580227
1552,VE 4000 - LJUBLJANA BEŽIGRAD,VO 4005 - LJUBLJANA MOSTE-POLJE 1,33,"Prostori MOL (Polje), Zaloška c. 160",940,347,0.3691,346,343,3,1.0,89,0.259475,254,0.740525
1553,VE 4000 - LJUBLJANA BEŽIGRAD,VO 4005 - LJUBLJANA MOSTE-POLJE 1,34,"PGD Slape - Polje, Slape 50",102,72,0.7059,72,70,2,1.0,55,0.785714,15,0.214286
1554,VE 4000 - LJUBLJANA BEŽIGRAD,VO 4005 - LJUBLJANA MOSTE-POLJE 1,901,Predčasno glasovanje,0,611,0.0,611,602,9,1.0,217,0.360465,385,0.639535
1555,VE 4000 - LJUBLJANA BEŽIGRAD,VO 4005 - LJUBLJANA MOSTE-POLJE 1,997,Pošta doma OVK,0,60,0.0,60,60,0,1.0,21,0.35,39,0.65
1556,VE 4000 - LJUBLJANA BEŽIGRAD,VO 4005 - LJUBLJANA MOSTE-POLJE 1,9974000,Pošta doma VKVE,0,0,0.0,0,0,0,,0,0.0,0,0.0
1557,VE 4000 - LJUBLJANA BEŽIGRAD,VO 4005 - LJUBLJANA MOSTE-POLJE 1,99799,Pošta doma DVK,0,0,0.0,0,0,0,,0,0.0,0,0.0
1558,VE 4000 - LJUBLJANA BEŽIGRAD,VO 4005 - LJUBLJANA MOSTE-POLJE 1,998,Pošta tujina OVK,0,38,0.0,38,35,3,1.0,7,0.2,28,0.8
1559,VE 4000 - LJUBLJANA BEŽIGRAD,VO 4005 - LJUBLJANA MOSTE-POLJE 1,9984000,Pošta tujina VKVE,0,0,0.0,0,0,0,,0,0.0,0,0.0
1560,VE 4000 - LJUBLJANA BEŽIGRAD,VO 4005 - LJUBLJANA MOSTE-POLJE 1,99899,Pošta tujina DVK,0,0,0.0,0,0,0,,0,0.0,0,0.0
1561,VE 4000 - LJUBLJANA BEŽIGRAD,VO 4005 - LJUBLJANA MOSTE-POLJE 1,999,Posebni volilni imenik,1065,0,0.0,0,0,0,,0,0.0,0,0.0
1562,VE 4000 - LJUBLJANA BEŽIGRAD,VO 4006 - LJUBLJANA MOSTE-POLJE 2,1,"OŠ Karla Destovnika Kajuha, Jakčeva ul. 42",484,202,0.4174,202,197,5,1.0,57,0.28934,140,0.71066
1563,VE 4000 - LJUBLJANA BEŽIGRAD,VO 4006 - LJUBLJANA MOSTE-POLJE 2,2,"OŠ Karla Destovnika Kajuha, Jakčeva ul. 42",453,212,0.468,212,208,4,1.0,58,0.278846,150,0.721154
1564,VE 4000 - LJUBLJANA BEŽIGRAD,VO 4006 - LJUBLJANA MOSTE-POLJE 2,3,"OŠ Karla Destovnika Kajuha, Jakčeva ul. 42",529,232,0.4386,232,228,4,1.0,58,0.254386,170,0.745614
1565,VE 4000 - LJUBLJANA BEŽIGRAD,VO 4006 - LJUBLJANA MOSTE-POLJE 2,4,"OŠ Karla Destovnika Kajuha, Jakčeva ul. 42",566,241,0.4258,241,237,4,1.0,62,0.261603,175,0.738397
1566,VE 4000 - LJUBLJANA BEŽIGRAD,VO 4006 - LJUBLJANA MOSTE-POLJE 2,5,"OŠ Božidarja Jakca, Nusdorferjeva ul. 10",656,281,0.4284,281,281,0,1.0,69,0.245552,212,0.754448
1567,VE 4000 - LJUBLJANA BEŽIGRAD,VO 4006 - LJUBLJANA MOSTE-POLJE 2,7,"OŠ Božidarja Jakca, Nusdorferjeva ul. 10",699,242,0.3462,242,241,1,1.0,98,0.406639,143,0.593361
1568,VE 4000 - LJUBLJANA BEŽIGRAD,VO 4006 - LJUBLJANA MOSTE-POLJE 2,8,"OŠ Božidarja Jakca, Nusdorferjeva ul. 10",630,281,0.446,281,279,2,1.0,79,0.283154,200,0.716846
1569,VE 4000 - LJUBLJANA BEŽIGRAD,VO 4006 - LJUBLJANA MOSTE-POLJE 2,10,"OŠ Božidarja Jakca, Nusdorferjeva ul. 10",931,438,0.4705,438,433,5,1.0,126,0.290993,307,0.709007
1570,VE 4000 - LJUBLJANA BEŽIGRAD,VO 4006 - LJUBLJANA MOSTE-POLJE 2,11,"OŠ Božidarja Jakca, Nusdorferjeva ul. 10",497,215,0.4326,215,215,0,1.0,47,0.218605,168,0.781395
1571,VE 4000 - LJUBLJANA BEŽIGRAD,VO 4006 - LJUBLJANA MOSTE-POLJE 2,12,"OŠ Božidarja Jakca, Nusdorferjeva ul. 10",350,162,0.4629,162,161,1,1.0,44,0.273292,117,0.726708
1572,VE 4000 - LJUBLJANA BEŽIGRAD,VO 4006 - LJUBLJANA MOSTE-POLJE 2,13,"OŠ Martina Krpana, Gašperšičeva ul. 10",816,365,0.4473,365,358,7,1.0,77,0.215084,281,0.784916
1573,VE 4000 - LJUBLJANA BEŽIGRAD,VO 4006 - LJUBLJANA MOSTE-POLJE 2,14,"OŠ Martina Krpana, Gašperšičeva ul. 10",779,362,0.4647,362,358,4,1.0,103,0.287709,255,0.712291
1574,VE 4000 - LJUBLJANA BEŽIGRAD,VO 4006 - LJUBLJANA MOSTE-POLJE 2,15,"Dom občanov Fužine, Preglov trg 15",898,441,0.4911,441,434,7,1.0,146,0.336406,288,0.663594
1575,VE 4000 - LJUBLJANA BEŽIGRAD,VO 4006 - LJUBLJANA MOSTE-POLJE 2,16,"Dom občanov Fužine, Preglov trg 15",799,319,0.3992,319,318,1,1.0,73,0.22956,245,0.77044
1576,VE 4000 - LJUBLJANA BEŽIGRAD,VO 4006 - LJUBLJANA MOSTE-POLJE 2,17,"OŠ Nove Fužine, Preglov trg 8",684,288,0.4211,288,280,8,1.0,66,0.235714,214,0.764286
1577,VE 4000 - LJUBLJANA BEŽIGRAD,VO 4006 - LJUBLJANA MOSTE-POLJE 2,18,"OŠ Nove Fužine, Preglov trg 8",991,422,0.4258,422,419,3,1.0,105,0.250597,314,0.749403
1578,VE 4000 - LJUBLJANA BEŽIGRAD,VO 4006 - LJUBLJANA MOSTE-POLJE 2,19,"OŠ Nove Fužine, Preglov trg 8",1029,469,0.4558,469,467,2,1.0,126,0.269807,341,0.730193
1579,VE 4000 - LJUBLJANA BEŽIGRAD,VO 4006 - LJUBLJANA MOSTE-POLJE 2,20,"SŠ za Gastronomijo in turizem Lj., Preglov trg 9",777,324,0.417,324,318,6,1.0,97,0.305031,221,0.694969
1580,VE 4000 - LJUBLJANA BEŽIGRAD,VO 4006 - LJUBLJANA MOSTE-POLJE 2,21,"OŠ Nove Fužine, Preglov trg 8",932,397,0.426,397,390,7,1.0,95,0.24359,295,0.75641
1581,VE 4000 - LJUBLJANA BEŽIGRAD,VO 4006 - LJUBLJANA MOSTE-POLJE 2,22,"SŠ za Gastronomijo in turizem Lj., Preglov trg 9",751,363,0.4834,363,359,4,1.0,84,0.233983,275,0.766017
1582,VE 4000 - LJUBLJANA BEŽIGRAD,VO 4006 - LJUBLJANA MOSTE-POLJE 2,901,Predčasno glasovanje,0,748,0.0,748,743,5,1.0,198,0.266487,545,0.733513
1583,VE 4000 - LJUBLJANA BEŽIGRAD,VO 4006 - LJUBLJANA MOSTE-POLJE 2,997,Pošta doma OVK,0,33,0.0,33,33,0,1.0,7,0.212121,26,0.787879
1584,VE 4000 - LJUBLJANA BEŽIGRAD,VO 4006 - LJUBLJANA MOSTE-POLJE 2,9974000,Pošta doma VKVE,0,0,0.0,0,0,0,,0,0.0,0,0.0
1585,VE 4000 - LJUBLJANA BEŽIGRAD,VO 4006 - LJUBLJANA MOSTE-POLJE 2,99799,Pošta doma DVK,0,0,0.0,0,0,0,,0,0.0,0,0.0
1586,VE 4000 - LJUBLJANA BEŽIGRAD,VO 4006 - LJUBLJANA MOSTE-POLJE 2,998,Pošta tujina OVK,0,37,0.0,37,35,2,1.0,9,0.257143,26,0.742857
1587,VE 4000 - LJUBLJANA BEŽIGRAD,VO 4006 - LJUBLJANA MOSTE-POLJE 2,9984000,Pošta tujina VKVE,0,0,0.0,0,0,0,,0,0.0,0,0.0
1588,VE 4000 - LJUBLJANA BEŽIGRAD,VO 4006 - LJUBLJANA MOSTE-POLJE 2,99899,Pošta tujina DVK,0,0,0.0,0,0,0,,0,0.0,0,0.0
1589,VE 4000 - LJUBLJANA BEŽIGRAD,VO 4006 - LJUBLJANA MOSTE-POLJE 2,999,Posebni volilni imenik,1029,0,0.0,0,0,0,,0,0.0,0,0.0
1590,VE 4000 - LJUBLJANA BEŽIGRAD,VO 4007 - LJUBLJANA MOSTE-POLJE 3,1,"GD Šmartno, Kopna pot 6",786,428,0.5445,428,425,3,1.0,188,0.442353,237,0.557647
1591,VE 4000 - LJUBLJANA BEŽIGRAD,VO 4007 - LJUBLJANA MOSTE-POLJE 3,2,"OŠ Nove Jarše, Clevelandska ul. 11",1264,545,0.4312,545,537,8,1.0,144,0.268156,393,0.731844
1592,VE 4000 - LJUBLJANA BEŽIGRAD,VO 4007 - LJUBLJANA MOSTE-POLJE 3,3,"OŠ Nove Jarše, Clevelandska ul. 11",1094,471,0.4305,471,462,9,1.0,99,0.214286,363,0.785714
1593,VE 4000 - LJUBLJANA BEŽIGRAD,VO 4007 - LJUBLJANA MOSTE-POLJE 3,4,"OŠ Nove Jarše, Clevelandska ul. 11",947,469,0.4952,469,464,5,1.0,121,0.260776,343,0.739224
1594,VE 4000 - LJUBLJANA BEŽIGRAD,VO 4007 - LJUBLJANA MOSTE-POLJE 3,5,"OŠ Jože Moškrič, Jarška c. 34",817,353,0.4321,353,344,9,1.0,108,0.313953,236,0.686047
1595,VE 4000 - LJUBLJANA BEŽIGRAD,VO 4007 - LJUBLJANA MOSTE-POLJE 3,6,"OŠ Jože Moškrič, Jarška c. 34",625,316,0.5056,316,309,7,1.0,120,0.38835,189,0.61165
1596,VE 4000 - LJUBLJANA BEŽIGRAD,VO 4007 - LJUBLJANA MOSTE-POLJE 3,7,"OŠ Jože Moškrič, Jarška c. 34",929,411,0.4424,411,404,7,1.0,119,0.294554,285,0.705446
1597,VE 4000 - LJUBLJANA BEŽIGRAD,VO 4007 - LJUBLJANA MOSTE-POLJE 3,8,"OŠ Vide Pregarc, Bazoviška ul. 1",666,278,0.4174,278,270,8,1.0,77,0.285185,193,0.714815
1598,VE 4000 - LJUBLJANA BEŽIGRAD,VO 4007 - LJUBLJANA MOSTE-POLJE 3,9,"OŠ Vide Pregarc, Bazoviška ul. 1",488,258,0.5287,258,255,3,1.0,74,0.290196,181,0.709804
1599,VE 4000 - LJUBLJANA BEŽIGRAD,VO 4007 - LJUBLJANA MOSTE-POLJE 3,10,"OŠ Vide Pregarc, Bazoviška ul. 1",314,155,0.4936,155,150,5,1.0,54,0.36,96,0.64
1600,VE 4000 - LJUBLJANA BEŽIGRAD,VO 4007 - LJUBLJANA MOSTE-POLJE 3,11,"OŠ Vide Pregarc, Bazoviška ul. 1",1355,561,0.414,561,553,8,1.0,144,0.260398,409,0.739602
1601,VE 4000 - LJUBLJANA BEŽIGRAD,VO 4007 - LJUBLJANA MOSTE-POLJE 3,12,"Gimnazija Moste, Zaloška c. 49",929,378,0.4069,378,374,4,1.0,115,0.307487,259,0.692513
1602,VE 4000 - LJUBLJANA BEŽIGRAD,VO 4007 - LJUBLJANA MOSTE-POLJE 3,13,"Gimnazija Moste, Zaloška c. 49",607,267,0.4399,267,266,1,1.0,116,0.43609,150,0.56391
1603,VE 4000 - LJUBLJANA BEŽIGRAD,VO 4007 - LJUBLJANA MOSTE-POLJE 3,15,"Gimnazija Moste, Zaloška c. 49",575,237,0.4122,237,234,3,1.0,42,0.179487,192,0.820513
1604,VE 4000 - LJUBLJANA BEŽIGRAD,VO 4007 - LJUBLJANA MOSTE-POLJE 3,16,"Gimnazija Moste, Zaloška c. 49",996,334,0.3353,334,326,8,1.0,71,0.217791,255,0.782209
1605,VE 4000 - LJUBLJANA BEŽIGRAD,VO 4007 - LJUBLJANA MOSTE-POLJE 3,17,"Gimnazija Moste, Zaloška c. 49",676,250,0.3698,250,246,4,1.0,73,0.296748,173,0.703252
1606,VE 4000 - LJUBLJANA BEŽIGRAD,VO 4007 - LJUBLJANA MOSTE-POLJE 3,18,"OŠ Ketteja in Murna, Koširjeva ul. 2",511,245,0.4795,245,241,4,1.0,95,0.394191,146,0.605809
1607,VE 4000 - LJUBLJANA BEŽIGRAD,VO 4007 - LJUBLJANA MOSTE-POLJE 3,19,"OŠ Ketteja in Murna, Koširjeva ul. 2",696,400,0.5747,400,388,12,1.0,126,0.324742,262,0.675258
1608,VE 4000 - LJUBLJANA BEŽIGRAD,VO 4007 - LJUBLJANA MOSTE-POLJE 3,20,"OŠ Ketteja in Murna, Koširjeva ul. 2",436,234,0.5367,234,234,0,1.0,72,0.307692,162,0.692308
1609,VE 4000 - LJUBLJANA BEŽIGRAD,VO 4007 - LJUBLJANA MOSTE-POLJE 3,21,"OŠ Ketteja in Murna, Koširjeva ul. 2",477,240,0.5031,240,238,2,1.0,78,0.327731,160,0.672269
1610,VE 4000 - LJUBLJANA BEŽIGRAD,VO 4007 - LJUBLJANA MOSTE-POLJE 3,22,"OŠ Ketteja in Murna, Koširjeva ul. 2",723,342,0.473,342,336,6,1.0,105,0.3125,231,0.6875
1611,VE 4000 - LJUBLJANA BEŽIGRAD,VO 4007 - LJUBLJANA MOSTE-POLJE 3,24,"ZDD Zadobrova, Zadobrovška c. 88",627,339,0.5407,339,334,5,1.0,129,0.386228,205,0.613772
1612,VE 4000 - LJUBLJANA BEŽIGRAD,VO 4007 - LJUBLJANA MOSTE-POLJE 3,25,"ZDD Zadobrova, Zadobrovška c. 88",429,254,0.5921,254,253,1,1.0,114,0.450593,139,0.549407
1613,VE 4000 - LJUBLJANA BEŽIGRAD,VO 4007 - LJUBLJANA MOSTE-POLJE 3,26,"OŠ Zadobrova, Zadobrovška c. 35",1009,589,0.5837,589,585,4,1.0,251,0.42906,334,0.57094
1614,VE 4000 - LJUBLJANA BEŽIGRAD,VO 4007 - LJUBLJANA MOSTE-POLJE 3,27,"ZDD Zadobrova, Zadobrovška c. 88",741,436,0.5884,436,427,9,1.0,190,0.444965,237,0.555035
1615,VE 4000 - LJUBLJANA BEŽIGRAD,VO 4007 - LJUBLJANA MOSTE-POLJE 3,901,Predčasno glasovanje,0,1025,0.0,1025,1014,11,1.0,303,0.298817,711,0.701183
1616,VE 4000 - LJUBLJANA BEŽIGRAD,VO 4007 - LJUBLJANA MOSTE-POLJE 3,970,OMNIA od: 4007,0,2581,0.0,2581,2547,34,1.0,611,0.23989,1936,0.76011
1617,VE 4000 - LJUBLJANA BEŽIGRAD,VO 4007 - LJUBLJANA MOSTE-POLJE 3,997,Pošta doma OVK,0,45,0.0,45,44,1,1.0,12,0.272727,32,0.727273
1618,VE 4000 - LJUBLJANA BEŽIGRAD,VO 4007 - LJUBLJANA MOSTE-POLJE 3,9974000,Pošta doma VKVE,0,0,0.0,0,0,0,,0,0.0,0,0.0
1619,VE 4000 - LJUBLJANA BEŽIGRAD,VO 4007 - LJUBLJANA MOSTE-POLJE 3,99799,Pošta doma DVK,0,0,0.0,0,0,0,,0,0.0,0,0.0
1620,VE 4000 - LJUBLJANA BEŽIGRAD,VO 4007 - LJUBLJANA MOSTE-POLJE 3,998,Pošta tujina OVK,0,59,0.0,59,46,13,1.0,14,0.304348,32,0.695652
1621,VE 4000 - LJUBLJANA BEŽIGRAD,VO 4007 - LJUBLJANA MOSTE-POLJE 3,9984000,Pošta tujina VKVE,0,0,0.0,0,0,0,,0,0.0,0,0.0
1622,VE 4000 - LJUBLJANA BEŽIGRAD,VO 4007 - LJUBLJANA MOSTE-POLJE 3,99899,Pošta tujina DVK,0,0,0.0,0,0,0,,0,0.0,0,0.0
1623,VE 4000 - LJUBLJANA BEŽIGRAD,VO 4007 - LJUBLJANA MOSTE-POLJE 3,999,Posebni volilni imenik,1441,0,0.0,0,0,0,,0,0.0,0,0.0
1624,VE 4000 - LJUBLJANA BEŽIGRAD,VO 4008 - LJUBLJANA BEŽIGRAD 1,1,"OŠ Janka Modra, Videm 17",1879,1125,0.5987,1125,1108,17,1.0,531,0.479242,577,0.520758
1625,VE 4000 - LJUBLJANA BEŽIGRAD,VO 4008 - LJUBLJANA BEŽIGRAD 1,2,"GD Beričevo, Beričevo 12",474,299,0.6308,299,296,3,1.0,144,0.486486,152,0.513514
1626,VE 4000 - LJUBLJANA BEŽIGRAD,VO 4008 - LJUBLJANA BEŽIGRAD 1,3,"Prostori MOL, Zajčeva pot 34, Ljubljana Črnuče",1037,623,0.6008,623,617,6,1.0,292,0.473258,325,0.526742
1627,VE 4000 - LJUBLJANA BEŽIGRAD,VO 4008 - LJUBLJANA BEŽIGRAD 1,4,"GD Nadgorica, Nadgoriška c. 18, Ljubljana Črnuče",1157,705,0.6093,705,699,6,1.0,333,0.476395,366,0.523605
1628,VE 4000 - LJUBLJANA BEŽIGRAD,VO 4008 - LJUBLJANA BEŽIGRAD 1,5,"OŠ Maksa Pečarja, Črnuška c. 9, Ljubljana Črnuče",1543,883,0.5723,883,873,10,1.0,333,0.381443,540,0.618557
1629,VE 4000 - LJUBLJANA BEŽIGRAD,VO 4008 - LJUBLJANA BEŽIGRAD 1,6,"OŠ Maksa Pečarja, Črnuška c. 9, Ljubljana Črnuče",1203,608,0.5054,608,598,10,1.0,214,0.35786,384,0.64214
1630,VE 4000 - LJUBLJANA BEŽIGRAD,VO 4008 - LJUBLJANA BEŽIGRAD 1,7,"Prostori MOL, Dunajska c. 367, Ljubljana Črnuče",993,556,0.5599,556,546,10,1.0,172,0.315018,374,0.684982
1631,VE 4000 - LJUBLJANA BEŽIGRAD,VO 4008 - LJUBLJANA BEŽIGRAD 1,8,"Prostori MOL, Dunajska c. 367, Ljubljana Črnuče",1189,570,0.4794,570,567,3,1.0,180,0.31746,387,0.68254
1632,VE 4000 - LJUBLJANA BEŽIGRAD,VO 4008 - LJUBLJANA BEŽIGRAD 1,9,"OŠ Maksa Pečarja, Črnuška c. 9, Ljubljana Črnuče",1680,724,0.431,724,713,11,1.0,240,0.336606,473,0.663394
1633,VE 4000 - LJUBLJANA BEŽIGRAD,VO 4008 - LJUBLJANA BEŽIGRAD 1,10,"OŠ Danile Kumar, Gogalova ul. 15, Ljubljana",808,437,0.5408,437,428,9,1.0,183,0.42757,245,0.57243
1634,VE 4000 - LJUBLJANA BEŽIGRAD,VO 4008 - LJUBLJANA BEŽIGRAD 1,11,"KD Savlje Kleče, Savlje 101, Ljubljana",941,542,0.576,542,535,7,1.0,243,0.454206,292,0.545794
1635,VE 4000 - LJUBLJANA BEŽIGRAD,VO 4008 - LJUBLJANA BEŽIGRAD 1,12,"OŠ Danile Kumar, Gogalova ul. 15, Ljubljana",741,365,0.4926,365,358,7,1.0,141,0.393855,217,0.606145
1636,VE 4000 - LJUBLJANA BEŽIGRAD,VO 4008 - LJUBLJANA BEŽIGRAD 1,13,"OŠ Danile Kumar, Gogalova ul. 15, Ljubljana",740,267,0.3608,267,262,5,1.0,80,0.305344,182,0.694656
1637,VE 4000 - LJUBLJANA BEŽIGRAD,VO 4008 - LJUBLJANA BEŽIGRAD 1,14,"OŠ Danile Kumar, Gogalova ul. 15, Ljubljana",649,301,0.4638,301,300,1,1.0,86,0.286667,214,0.713333
1638,VE 4000 - LJUBLJANA BEŽIGRAD,VO 4008 - LJUBLJANA BEŽIGRAD 1,15,"OŠ Danile Kumar, Gogalova ul. 15, Ljubljana",735,339,0.4612,338,337,1,1.0,84,0.249258,253,0.750742
1639,VE 4000 - LJUBLJANA BEŽIGRAD,VO 4008 - LJUBLJANA BEŽIGRAD 1,16,"OŠ Danile Kumar, Gogalova ul. 15, Ljubljana",913,492,0.5389,492,491,1,1.0,125,0.254582,366,0.745418
1640,VE 4000 - LJUBLJANA BEŽIGRAD,VO 4008 - LJUBLJANA BEŽIGRAD 1,17,"OŠ Danile Kumar, Gogalova ul. 15, Ljubljana",888,476,0.536,476,472,4,1.0,162,0.34322,310,0.65678
1641,VE 4000 - LJUBLJANA BEŽIGRAD,VO 4008 - LJUBLJANA BEŽIGRAD 1,18,"OŠ Danile Kumar, Gogalova ul. 15, Ljubljana",636,323,0.5079,322,315,7,1.0,144,0.457143,171,0.542857
1642,VE 4000 - LJUBLJANA BEŽIGRAD,VO 4008 - LJUBLJANA BEŽIGRAD 1,19,"OŠ Franceta Bevka, Ul. Pohorskega bataljona 1",969,535,0.5521,535,521,14,1.0,188,0.360845,333,0.639155
1643,VE 4000 - LJUBLJANA BEŽIGRAD,VO 4008 - LJUBLJANA BEŽIGRAD 1,20,"OŠ Franceta Bevka, Ul. Pohorskega bataljona 1",886,458,0.5169,458,450,8,1.0,128,0.284444,322,0.715556
1644,VE 4000 - LJUBLJANA BEŽIGRAD,VO 4008 - LJUBLJANA BEŽIGRAD 1,21,"Prostori MOL, Vojkova c. 87, Ljubljana",1056,510,0.483,510,496,14,1.0,154,0.310484,342,0.689516
1645,VE 4000 - LJUBLJANA BEŽIGRAD,VO 4008 - LJUBLJANA BEŽIGRAD 1,22,"OŠ Milana Šuštaršiča, Štembalova ul. 2a,Ljubljana",1101,499,0.4532,499,479,20,1.0,148,0.308977,331,0.691023
1646,VE 4000 - LJUBLJANA BEŽIGRAD,VO 4008 - LJUBLJANA BEŽIGRAD 1,901,Predčasno glasovanje,0,1566,0.0,1566,1550,16,1.0,443,0.285806,1107,0.714194
1647,VE 4000 - LJUBLJANA BEŽIGRAD,VO 4008 - LJUBLJANA BEŽIGRAD 1,997,Pošta doma OVK,0,57,0.0,57,57,0,1.0,24,0.421053,33,0.578947
1648,VE 4000 - LJUBLJANA BEŽIGRAD,VO 4008 - LJUBLJANA BEŽIGRAD 1,9974000,Pošta doma VKVE,0,0,0.0,0,0,0,,0,0.0,0,0.0
1649,VE 4000 - LJUBLJANA BEŽIGRAD,VO 4008 - LJUBLJANA BEŽIGRAD 1,99799,Pošta doma DVK,0,0,0.0,0,0,0,,0,0.0,0,0.0
1650,VE 4000 - LJUBLJANA BEŽIGRAD,VO 4008 - LJUBLJANA BEŽIGRAD 1,998,Pošta tujina OVK,0,30,0.0,30,25,5,1.0,8,0.32,17,0.68
1651,VE 4000 - LJUBLJANA BEŽIGRAD,VO 4008 - LJUBLJANA BEŽIGRAD 1,9984000,Pošta tujina VKVE,0,0,0.0,0,0,0,,0,0.0,0,0.0
1652,VE 4000 - LJUBLJANA BEŽIGRAD,VO 4008 - LJUBLJANA BEŽIGRAD 1,99899,Pošta tujina DVK,0,0,0.0,0,0,0,,0,0.0,0,0.0
1653,VE 4000 - LJUBLJANA BEŽIGRAD,VO 4008 - LJUBLJANA BEŽIGRAD 1,999,Posebni volilni imenik,1086,0,0.0,0,0,0,,0,0.0,0,0.0
1654,VE 4000 - LJUBLJANA BEŽIGRAD,VO 4009 - LJUBLJANA BEŽIGRAD 2,1,"OŠ Bežigrad, Črtomirova ul. 12",1014,442,0.4359,442,435,7,1.0,140,0.321839,295,0.678161
1655,VE 4000 - LJUBLJANA BEŽIGRAD,VO 4009 - LJUBLJANA BEŽIGRAD 2,2,"OŠ Bežigrad, Črtomirova ul. 12",999,387,0.3874,387,377,10,1.0,108,0.286472,269,0.713528
1656,VE 4000 - LJUBLJANA BEŽIGRAD,VO 4009 - LJUBLJANA BEŽIGRAD 2,3,"OŠ Bežigrad, Črtomirova ul. 12",814,347,0.4263,347,340,7,1.0,87,0.255882,253,0.744118
1657,VE 4000 - LJUBLJANA BEŽIGRAD,VO 4009 - LJUBLJANA BEŽIGRAD 2,4,"OŠ Bežigrad, Črtomirova ul. 12",707,295,0.4173,295,289,6,1.0,75,0.259516,214,0.740484
1658,VE 4000 - LJUBLJANA BEŽIGRAD,VO 4009 - LJUBLJANA BEŽIGRAD 2,5,"Knjižnica Bežigrad, Einspielerjeva ul. 1",1364,620,0.4545,620,613,7,1.0,209,0.340946,404,0.659054
1659,VE 4000 - LJUBLJANA BEŽIGRAD,VO 4009 - LJUBLJANA BEŽIGRAD 2,6,"Zavod RS za zaposlovanje, Parmova 32",824,369,0.4478,369,362,7,1.0,126,0.348066,236,0.651934
1660,VE 4000 - LJUBLJANA BEŽIGRAD,VO 4009 - LJUBLJANA BEŽIGRAD 2,7,"Društvo distrofikov Slovenije, Linhartova c. 1",801,426,0.5318,426,420,6,1.0,134,0.319048,286,0.680952
1661,VE 4000 - LJUBLJANA BEŽIGRAD,VO 4009 - LJUBLJANA BEŽIGRAD 2,8,"OŠ Mirana Jarca, Ipavčeva ul. 1",606,289,0.4769,289,285,4,1.0,92,0.322807,193,0.677193
1662,VE 4000 - LJUBLJANA BEŽIGRAD,VO 4009 - LJUBLJANA BEŽIGRAD 2,9,"OŠ Mirana Jarca, Ipavčeva ul. 1",1252,530,0.4233,530,525,5,1.0,142,0.270476,383,0.729524
1663,VE 4000 - LJUBLJANA BEŽIGRAD,VO 4009 - LJUBLJANA BEŽIGRAD 2,10,"OŠ Vita Kraigherja, Trg 9. maja 1",798,377,0.4724,377,373,4,1.0,124,0.33244,249,0.66756
1664,VE 4000 - LJUBLJANA BEŽIGRAD,VO 4009 - LJUBLJANA BEŽIGRAD 2,11,"Prostori MOL, Dunajska c. 101",641,303,0.4727,303,301,2,1.0,83,0.275748,218,0.724252
1665,VE 4000 - LJUBLJANA BEŽIGRAD,VO 4009 - LJUBLJANA BEŽIGRAD 2,12,"OŠ Vita Kraigherja, Trg 9. maja 1",583,268,0.4597,268,267,1,1.0,80,0.299625,187,0.700375
1666,VE 4000 - LJUBLJANA BEŽIGRAD,VO 4009 - LJUBLJANA BEŽIGRAD 2,13,"Prostori MOL, Dunajska c. 101",914,486,0.5317,486,476,10,1.0,140,0.294118,336,0.705882
1667,VE 4000 - LJUBLJANA BEŽIGRAD,VO 4009 - LJUBLJANA BEŽIGRAD 2,14,"OŠ Vita Kraigherja, Trg 9. maja 1",830,398,0.4795,398,394,4,1.0,120,0.304569,274,0.695431
1668,VE 4000 - LJUBLJANA BEŽIGRAD,VO 4009 - LJUBLJANA BEŽIGRAD 2,15,"OŠ Mirana Jarca, Ipavčeva ul. 1",728,283,0.3887,283,279,4,1.0,71,0.25448,208,0.74552
1669,VE 4000 - LJUBLJANA BEŽIGRAD,VO 4009 - LJUBLJANA BEŽIGRAD 2,16,"OŠ Savsko naselje, Matjaževa ul. 4",666,319,0.479,319,315,4,1.0,90,0.285714,225,0.714286
1670,VE 4000 - LJUBLJANA BEŽIGRAD,VO 4009 - LJUBLJANA BEŽIGRAD 2,17,"OŠ Savsko naselje, Matjaževa ul. 4",987,441,0.4468,441,434,7,1.0,100,0.230415,334,0.769585
1671,VE 4000 - LJUBLJANA BEŽIGRAD,VO 4009 - LJUBLJANA BEŽIGRAD 2,18,"OŠ Savsko naselje, Matjaževa ul. 4",1006,461,0.4583,461,455,6,1.0,104,0.228571,351,0.771429
1672,VE 4000 - LJUBLJANA BEŽIGRAD,VO 4009 - LJUBLJANA BEŽIGRAD 2,19,"OŠ Milana Šuštaršiča, Štembalova ul. 2a",697,323,0.4634,323,318,5,1.0,89,0.279874,229,0.720126
1673,VE 4000 - LJUBLJANA BEŽIGRAD,VO 4009 - LJUBLJANA BEŽIGRAD 2,20,"OŠ Milana Šuštaršiča, Štembalova ul. 2a",721,360,0.4993,360,357,3,1.0,97,0.271709,260,0.728291
1674,VE 4000 - LJUBLJANA BEŽIGRAD,VO 4009 - LJUBLJANA BEŽIGRAD 2,21,"Prostori MOL, Vojkova c. 73",478,261,0.546,261,259,2,1.0,71,0.274131,188,0.725869
1675,VE 4000 - LJUBLJANA BEŽIGRAD,VO 4009 - LJUBLJANA BEŽIGRAD 2,22,"Objekt - okrepčevalnica, Šifrerjeva 3",1019,381,0.3739,381,377,4,1.0,102,0.270557,275,0.729443
1676,VE 4000 - LJUBLJANA BEŽIGRAD,VO 4009 - LJUBLJANA BEŽIGRAD 2,23,"Objekt - okrepčevalnica, Šifrerjeva 3",762,265,0.3478,265,262,3,1.0,91,0.347328,171,0.652672
1677,VE 4000 - LJUBLJANA BEŽIGRAD,VO 4009 - LJUBLJANA BEŽIGRAD 2,901,Predčasno glasovanje,0,2212,0.0,2212,2190,22,1.0,625,0.285388,1565,0.714612
1678,VE 4000 - LJUBLJANA BEŽIGRAD,VO 4009 - LJUBLJANA BEŽIGRAD 2,997,Pošta doma OVK,0,53,0.0,53,53,0,1.0,24,0.45283,29,0.54717
1679,VE 4000 - LJUBLJANA BEŽIGRAD,VO 4009 - LJUBLJANA BEŽIGRAD 2,9974000,Pošta doma VKVE,0,0,0.0,0,0,0,,0,0.0,0,0.0
1680,VE 4000 - LJUBLJANA BEŽIGRAD,VO 4009 - LJUBLJANA BEŽIGRAD 2,99799,Pošta doma DVK,0,0,0.0,0,0,0,,0,0.0,0,0.0
1681,VE 4000 - LJUBLJANA BEŽIGRAD,VO 4009 - LJUBLJANA BEŽIGRAD 2,998,Pošta tujina OVK,0,123,0.0,123,100,23,1.0,25,0.25,75,0.75
1682,VE 4000 - LJUBLJANA BEŽIGRAD,VO 4009 - LJUBLJANA BEŽIGRAD 2,9984000,Pošta tujina VKVE,0,0,0.0,0,0,0,,0,0.0,0,0.0
1683,VE 4000 - LJUBLJANA BEŽIGRAD,VO 4009 - LJUBLJANA BEŽIGRAD 2,99899,Pošta tujina DVK,0,0,0.0,0,0,0,,0,0.0,0,0.0
1684,VE 4000 - LJUBLJANA BEŽIGRAD,VO 4009 - LJUBLJANA BEŽIGRAD 2,999,Posebni volilni imenik,1873,0,0.0,0,0,0,,0,0.0,0,0.0
1685,VE 4000 - LJUBLJANA BEŽIGRAD,VO 4010 - DOMŽALE 1,1,"OSNOVNA ŠOLA DOB I, Šolska ulica 7, Dob",935,516,0.5519,516,505,11,1.0,254,0.50297,251,0.49703
1686,VE 4000 - LJUBLJANA BEŽIGRAD,VO 4010 - DOMŽALE 1,2,"OSNOVNA ŠOLA DOB II, Šolska ulica 7, Dob",805,428,0.5317,428,424,4,1.0,175,0.412736,249,0.587264
1687,VE 4000 - LJUBLJANA BEŽIGRAD,VO 4010 - DOMŽALE 1,3,"Dom krajanov v Žejah, Žeje 10",387,223,0.5762,223,220,3,1.0,117,0.531818,103,0.468182
1688,VE 4000 - LJUBLJANA BEŽIGRAD,VO 4010 - DOMŽALE 1,4,"Osnovna šola Krtina, Krtina 41",1130,719,0.6363,719,710,9,1.0,334,0.470423,376,0.529577
1689,VE 4000 - LJUBLJANA BEŽIGRAD,VO 4010 - DOMŽALE 1,5,"Gasilski dom Homec, Bolkova ul.46, Homec",1155,654,0.5662,654,645,9,1.0,294,0.455814,351,0.544186
1690,VE 4000 - LJUBLJANA BEŽIGRAD,VO 4010 - DOMŽALE 1,6,"Osnovna šola Ihan, Šolska ul.5, Ihan",1807,994,0.5501,994,983,11,1.0,430,0.437436,553,0.562564
1691,VE 4000 - LJUBLJANA BEŽIGRAD,VO 4010 - DOMŽALE 1,7,"Samostan Mala Loka, Mala Loka 8",354,231,0.6525,231,231,0,1.0,103,0.445887,128,0.554113
1692,VE 4000 - LJUBLJANA BEŽIGRAD,VO 4010 - DOMŽALE 1,8,"Slamnikarski muzej, Kajuhova cesta 5, Domžale",573,246,0.4293,246,241,5,1.0,98,0.406639,143,0.593361
1693,VE 4000 - LJUBLJANA BEŽIGRAD,VO 4010 - DOMŽALE 1,9,"RD BISTRICA DOMŽALE, Krakovska 18a, Domžale",1131,587,0.519,587,577,10,1.0,230,0.398614,347,0.601386
1694,VE 4000 - LJUBLJANA BEŽIGRAD,VO 4010 - DOMŽALE 1,10,"GASILSKI DOM ŠTUDA, Študljanska 86, Domžale",695,386,0.5554,386,384,2,1.0,177,0.460938,207,0.539062
1695,VE 4000 - LJUBLJANA BEŽIGRAD,VO 4010 - DOMŽALE 1,11,"Kulturni dom Radomlje I, Prešernova cesta 43",854,486,0.5691,486,475,11,1.0,220,0.463158,255,0.536842
1696,VE 4000 - LJUBLJANA BEŽIGRAD,VO 4010 - DOMŽALE 1,12,"Kulturni dom Radomlje II, Prešernova cesta 43",976,593,0.6076,593,583,10,1.0,200,0.343053,383,0.656947
1697,VE 4000 - LJUBLJANA BEŽIGRAD,VO 4010 - DOMŽALE 1,13,"GD Rova, Žiška c.10, Rova",573,385,0.6719,385,377,8,1.0,199,0.527851,178,0.472149
1698,VE 4000 - LJUBLJANA BEŽIGRAD,VO 4010 - DOMŽALE 1,14,"Delavski dom Vir, Šaranovičeva c.19,Vir",1401,787,0.5617,787,776,11,1.0,265,0.341495,511,0.658505
1699,VE 4000 - LJUBLJANA BEŽIGRAD,VO 4010 - DOMŽALE 1,15,"Vrtec Palček Vir, Dvoržakova ul.15, Vir ",903,510,0.5648,510,509,1,1.0,206,0.404715,303,0.595285
1700,VE 4000 - LJUBLJANA BEŽIGRAD,VO 4010 - DOMŽALE 1,16,"VRTEC CICIDOM VIR, Šubičeva 12, Vir",992,549,0.5534,549,543,6,1.0,217,0.399632,326,0.600368
1701,VE 4000 - LJUBLJANA BEŽIGRAD,VO 4010 - DOMŽALE 1,17,"Podružnična šola Krašnja, Krašnja 14a, Lukovica",631,375,0.5943,375,368,7,1.0,194,0.527174,174,0.472826
1702,VE 4000 - LJUBLJANA BEŽIGRAD,VO 4010 - DOMŽALE 1,18,"Kulturni dom Janka Kersnika Lukovica, Stari trg 1",1263,747,0.5914,747,737,10,1.0,400,0.542741,337,0.457259
1703,VE 4000 - LJUBLJANA BEŽIGRAD,VO 4010 - DOMŽALE 1,19,"Kulturni dom A.M.Slomška Šentvid, Veidrov trg 4",1060,644,0.6075,644,629,15,1.0,304,0.483307,325,0.516693
1704,VE 4000 - LJUBLJANA BEŽIGRAD,VO 4010 - DOMŽALE 1,20,"Športno turistično društvo Rafolče, Rafolče 11",427,268,0.6276,268,265,3,1.0,129,0.486792,136,0.513208
1705,VE 4000 - LJUBLJANA BEŽIGRAD,VO 4010 - DOMŽALE 1,21,"ŠD Zlato polje,Podgora pri Zlatem polju 1",224,133,0.5938,133,130,3,1.0,69,0.530769,61,0.469231
1706,VE 4000 - LJUBLJANA BEŽIGRAD,VO 4010 - DOMŽALE 1,22,"Podružnična šola Blagovica, Blagovica 33",467,277,0.5931,277,274,3,1.0,145,0.529197,129,0.470803
1707,VE 4000 - LJUBLJANA BEŽIGRAD,VO 4010 - DOMŽALE 1,23,"Večnamenski objekt, Češnjice 8, Blagovica",52,33,0.6346,33,33,0,1.0,20,0.606061,13,0.393939
1708,VE 4000 - LJUBLJANA BEŽIGRAD,VO 4010 - DOMŽALE 1,24,"ZADRUŽNI DOM TROJANE, Trojane 6",472,206,0.4364,206,206,0,1.0,101,0.490291,105,0.509709
1709,VE 4000 - LJUBLJANA BEŽIGRAD,VO 4010 - DOMŽALE 1,25,"Kulturni dom Moravče, Vegova ul.9",797,506,0.6349,506,502,4,1.0,244,0.486056,258,0.513944
1710,VE 4000 - LJUBLJANA BEŽIGRAD,VO 4010 - DOMŽALE 1,26,"Gost. lokal nad Logom,C. heroja Vasje 13, Moravče",621,404,0.6506,404,399,5,1.0,234,0.586466,165,0.413534
1711,VE 4000 - LJUBLJANA BEŽIGRAD,VO 4010 - DOMŽALE 1,27,"Pri Urankarju, Gabrje pod Limbarsko goro 6",321,184,0.5732,184,181,3,1.0,108,0.596685,73,0.403315
1712,VE 4000 - LJUBLJANA BEŽIGRAD,VO 4010 - DOMŽALE 1,28,"Pri Francu Majdiču, Negastrn 8",300,207,0.69,207,203,4,1.0,151,0.743842,52,0.256158
1713,VE 4000 - LJUBLJANA BEŽIGRAD,VO 4010 - DOMŽALE 1,29,"PGD KRAŠCE, Krašce 4",624,400,0.641,400,396,4,1.0,230,0.580808,166,0.419192
1714,VE 4000 - LJUBLJANA BEŽIGRAD,VO 4010 - DOMŽALE 1,30,"Gasilski dom Peče, Peče 50",455,290,0.6374,290,288,2,1.0,213,0.739583,75,0.260417
1715,VE 4000 - LJUBLJANA BEŽIGRAD,VO 4010 - DOMŽALE 1,31,"Dom krajanov Hrib, Hrib nad Ribčami 7",313,183,0.5847,183,182,1,1.0,107,0.587912,75,0.412088
1716,VE 4000 - LJUBLJANA BEŽIGRAD,VO 4010 - DOMŽALE 1,32,"KS Vrhpolje,Vrhpolje pri Moravčah 14",860,510,0.593,510,500,10,1.0,267,0.534,233,0.466
1717,VE 4000 - LJUBLJANA BEŽIGRAD,VO 4010 - DOMŽALE 1,901,Predčasno glasovanje,0,1067,0.0,1067,1063,4,1.0,360,0.338664,703,0.661336
1718,VE 4000 - LJUBLJANA BEŽIGRAD,VO 4010 - DOMŽALE 1,970,OMNIA od: 4010,0,179,0.0,179,177,2,1.0,76,0.429379,101,0.570621
1719,VE 4000 - LJUBLJANA BEŽIGRAD,VO 4010 - DOMŽALE 1,997,Pošta doma OVK,0,30,0.0,29,28,1,1.0,18,0.642857,10,0.357143
1720,VE 4000 - LJUBLJANA BEŽIGRAD,VO 4010 - DOMŽALE 1,9974000,Pošta doma VKVE,0,0,0.0,0,0,0,,0,0.0,0,0.0
1721,VE 4000 - LJUBLJANA BEŽIGRAD,VO 4010 - DOMŽALE 1,99799,Pošta doma DVK,0,0,0.0,0,0,0,,0,0.0,0,0.0
1722,VE 4000 - LJUBLJANA BEŽIGRAD,VO 4010 - DOMŽALE 1,998,Pošta tujina OVK,0,28,0.0,28,23,5,1.0,13,0.565217,10,0.434783
1723,VE 4000 - LJUBLJANA BEŽIGRAD,VO 4010 - DOMŽALE 1,9984000,Pošta tujina VKVE,0,0,0.0,0,0,0,,0,0.0,0,0.0
1724,VE 4000 - LJUBLJANA BEŽIGRAD,VO 4010 - DOMŽALE 1,99899,Pošta tujina DVK,0,0,0.0,0,0,0,,0,0.0,0,0.0
1725,VE 4000 - LJUBLJANA BEŽIGRAD,VO 4010 - DOMŽALE 1,999,Posebni volilni imenik,1007,0,0.0,0,0,0,,0,0.0,0,0.0
1726,VE 4000 - LJUBLJANA BEŽIGRAD,VO 4011 - DOMŽALE 2,1,"VRTEC BISTRA, Ul. Nikola Tesla 16, Domžale",1206,581,0.4818,581,567,14,1.0,206,0.363316,361,0.636684
1727,VE 4000 - LJUBLJANA BEŽIGRAD,VO 4011 - DOMŽALE 2,2,"Galerija Domžale, Mestni trg 1, Domžale",1368,630,0.4605,630,625,5,1.0,188,0.3008,437,0.6992
1728,VE 4000 - LJUBLJANA BEŽIGRAD,VO 4011 - DOMŽALE 2,3,"VRTEC ČEŠMIN, Murnova ulica 14, Domžale",797,440,0.5521,440,431,9,1.0,164,0.38051,267,0.61949
1729,VE 4000 - LJUBLJANA BEŽIGRAD,VO 4011 - DOMŽALE 2,4,"OSNOVNA ŠOLA ROJE, Kettejeva ulica 15, Domžale",545,309,0.567,309,308,1,1.0,122,0.396104,186,0.603896
1730,VE 4000 - LJUBLJANA BEŽIGRAD,VO 4011 - DOMŽALE 2,5,"Srednja šola Domžale - gimnazija, Cesta talcev 12",1471,669,0.4548,669,656,13,1.0,210,0.320122,446,0.679878
1731,VE 4000 - LJUBLJANA BEŽIGRAD,VO 4011 - DOMŽALE 2,6,"PEKARNA JURČEK, Depala vas 93a, Domžale",399,221,0.5539,221,218,3,1.0,113,0.518349,105,0.481651
1732,VE 4000 - LJUBLJANA BEŽIGRAD,VO 4011 - DOMŽALE 2,7,"PGD STOB-DEPALA VAS, Ljubljanska cesta 55, Domžale",567,285,0.5026,285,282,3,1.0,122,0.432624,160,0.567376
1733,VE 4000 - LJUBLJANA BEŽIGRAD,VO 4011 - DOMŽALE 2,8,"DOMŽALSKI DOM, Ljubljanska cesta 58, Domžale",989,422,0.4267,422,412,10,1.0,188,0.456311,224,0.543689
1734,VE 4000 - LJUBLJANA BEŽIGRAD,VO 4011 - DOMŽALE 2,9,"TIC DOMŽALE, Ljubljanska cesta 70, Domžale",968,316,0.3264,316,313,3,1.0,81,0.258786,232,0.741214
1735,VE 4000 - LJUBLJANA BEŽIGRAD,VO 4011 - DOMŽALE 2,10,"Osnovna šola Dragomelj, Dragomelj 180",1053,606,0.5755,606,596,10,1.0,284,0.47651,312,0.52349
1736,VE 4000 - LJUBLJANA BEŽIGRAD,VO 4011 - DOMŽALE 2,11,"OŠ Jarše, Šolska ul.1a, Spodnje Jarše",1210,670,0.5537,670,653,17,1.0,275,0.421133,378,0.578867
1737,VE 4000 - LJUBLJANA BEŽIGRAD,VO 4011 - DOMŽALE 2,12,"GASILSKI DOM SREDNJE JARŠE,Jarška c. 37,Zg. Jarše",852,482,0.5657,482,470,12,1.0,244,0.519149,226,0.480851
1738,VE 4000 - LJUBLJANA BEŽIGRAD,VO 4011 - DOMŽALE 2,13,"OŠ Preserje pri Radomljah, Pelechova c. 83",1579,896,0.5674,896,887,9,1.0,367,0.413754,520,0.586246
1739,VE 4000 - LJUBLJANA BEŽIGRAD,VO 4011 - DOMŽALE 2,14,"OŠ Trzin I, Mengeška cesta 7b, Trzin",1318,728,0.5524,728,716,12,1.0,290,0.405028,426,0.594972
1740,VE 4000 - LJUBLJANA BEŽIGRAD,VO 4011 - DOMŽALE 2,15,"OŠ Trzin II, Mengeška c. 7b, Trzin",900,581,0.6456,581,570,11,1.0,191,0.335088,379,0.664912
1741,VE 4000 - LJUBLJANA BEŽIGRAD,VO 4011 - DOMŽALE 2,16,"OŠ Trzin III, Mengeška cesta 7b, Trzin",734,412,0.5613,412,407,5,1.0,158,0.388206,249,0.611794
1742,VE 4000 - LJUBLJANA BEŽIGRAD,VO 4011 - DOMŽALE 2,17,"Gasilski dom Topole, Topole 21",162,106,0.6543,106,102,4,1.0,49,0.480392,53,0.519608
1743,VE 4000 - LJUBLJANA BEŽIGRAD,VO 4011 - DOMŽALE 2,18,"ŠPORTNA DVORANA MENGEŠ I, Šolska ulica 13, Mengeš",923,520,0.5634,520,512,8,1.0,254,0.496094,258,0.503906
1744,VE 4000 - LJUBLJANA BEŽIGRAD,VO 4011 - DOMŽALE 2,19,"ŠPORTNA DVORANA MENGEŠ II, Šolska ulica 13,Mengeš",973,527,0.5416,527,517,10,1.0,222,0.4294,295,0.5706
1745,VE 4000 - LJUBLJANA BEŽIGRAD,VO 4011 - DOMŽALE 2,20,"Dom počitka Mengeš, Glavni trg 13",780,352,0.4513,352,347,5,1.0,108,0.311239,239,0.688761
1746,VE 4000 - LJUBLJANA BEŽIGRAD,VO 4011 - DOMŽALE 2,21,"ŽUPNIJSKI DOM MENGEŠ I,Trdinov trg 9, Mengeš",529,306,0.5784,306,303,3,1.0,94,0.310231,209,0.689769
1747,VE 4000 - LJUBLJANA BEŽIGRAD,VO 4011 - DOMŽALE 2,22,"ŽUPNIJSKI DOM MENGEŠ II, Trdinov trg 9, Mengeš",1154,673,0.5832,673,666,7,1.0,273,0.40991,393,0.59009
1748,VE 4000 - LJUBLJANA BEŽIGRAD,VO 4011 - DOMŽALE 2,23,"Vrtec Sonček, Zoranina 5, Mengeš",587,364,0.6201,364,361,3,1.0,131,0.362881,230,0.637119
1749,VE 4000 - LJUBLJANA BEŽIGRAD,VO 4011 - DOMŽALE 2,24,"Gasilski dom Loka pri Mengšu, Gasilska c.46",671,380,0.5663,380,375,5,1.0,196,0.522667,179,0.477333
1750,VE 4000 - LJUBLJANA BEŽIGRAD,VO 4011 - DOMŽALE 2,25,"KMEČKI turizem BLAŽ, Dobeno 9",239,138,0.5774,138,136,2,1.0,59,0.433824,77,0.566176
1751,VE 4000 - LJUBLJANA BEŽIGRAD,VO 4011 - DOMŽALE 2,901,Predčasno glasovanje,0,1526,0.0,1524,1509,15,1.0,481,0.318754,1028,0.681246
1752,VE 4000 - LJUBLJANA BEŽIGRAD,VO 4011 - DOMŽALE 2,997,Pošta doma OVK,0,49,0.0,49,49,0,1.0,22,0.44898,27,0.55102
1753,VE 4000 - LJUBLJANA BEŽIGRAD,VO 4011 - DOMŽALE 2,9974000,Pošta doma VKVE,0,0,0.0,0,0,0,,0,0.0,0,0.0
1754,VE 4000 - LJUBLJANA BEŽIGRAD,VO 4011 - DOMŽALE 2,99799,Pošta doma DVK,0,0,0.0,0,0,0,,0,0.0,0,0.0
1755,VE 4000 - LJUBLJANA BEŽIGRAD,VO 4011 - DOMŽALE 2,998,Pošta tujina OVK,0,59,0.0,59,52,7,1.0,7,0.134615,45,0.865385
1756,VE 4000 - LJUBLJANA BEŽIGRAD,VO 4011 - DOMŽALE 2,9984000,Pošta tujina VKVE,0,0,0.0,0,0,0,,0,0.0,0,0.0
1757,VE 4000 - LJUBLJANA BEŽIGRAD,VO 4011 - DOMŽALE 2,99899,Pošta tujina DVK,0,0,0.0,0,0,0,,0,0.0,0,0.0
1758,VE 4000 - LJUBLJANA BEŽIGRAD,VO 4011 - DOMŽALE 2,999,Posebni volilni imenik,893,0,0.0,0,0,0,,0,0.0,0,0.0
1759,VE 5000 - CELJE,VO 5001 - ŠENTJUR,1,"OŠ Blagovna, Proseniško 22, Šentjur",779,373,0.4788,373,367,6,1.0,222,0.604905,145,0.395095
1760,VE 5000 - CELJE,VO 5001 - ŠENTJUR,2,"GD Lokarje, Dole 11, Šentjur",571,345,0.6042,345,344,1,1.0,236,0.686047,108,0.313953
1761,VE 5000 - CELJE,VO 5001 - ŠENTJUR,3,"OŠ Dramlje, Dramlje 7a, Dramlje",1405,713,0.5075,713,701,12,1.0,437,0.623395,264,0.376605
1762,VE 5000 - CELJE,VO 5001 - ŠENTJUR,4,"Bobnar, Pletovarje 3a, Dramlje",249,122,0.49,122,122,0,1.0,89,0.729508,33,0.270492
1763,VE 5000 - CELJE,VO 5001 - ŠENTJUR,6,"Lenič, Razbor 30a, Dramlje",153,101,0.6601,101,100,1,1.0,69,0.69,31,0.31
1764,VE 5000 - CELJE,VO 5001 - ŠENTJUR,7,"GD Dolga Gora, Dolga Gora 50b, Ponikva",224,134,0.5982,134,133,1,1.0,84,0.631579,49,0.368421
1765,VE 5000 - CELJE,VO 5001 - ŠENTJUR,8,"Prostori KS Grobelno,Tratna 46, Grobelno",772,409,0.5298,409,407,2,1.0,286,0.702703,121,0.297297
1766,VE 5000 - CELJE,VO 5001 - ŠENTJUR,9,"OŠ Kalobje, Kalobje 15, Kalobje",401,225,0.5611,225,223,2,1.0,164,0.735426,59,0.264574
1767,VE 5000 - CELJE,VO 5001 - ŠENTJUR,10,"Šuster, Osredek 3, Šentjur",120,63,0.525,63,63,0,1.0,49,0.777778,14,0.222222
1768,VE 5000 - CELJE,VO 5001 - ŠENTJUR,11,"GD Loka pri Žusmu, Loka 13, Loka pri Žusmu",318,144,0.4528,144,144,0,1.0,94,0.652778,50,0.347222
1769,VE 5000 - CELJE,VO 5001 - ŠENTJUR,12,"GD Dobrina, Dobrina 6b, Loka pri Žusmu",271,118,0.4354,118,118,0,1.0,91,0.771186,27,0.228814
1770,VE 5000 - CELJE,VO 5001 - ŠENTJUR,14,"OŠ Planina, Planina 69, Planina pri Sevnici",747,378,0.506,378,376,2,1.0,212,0.56383,164,0.43617
1771,VE 5000 - CELJE,VO 5001 - ŠENTJUR,17,"KD Šentvid, Šentvid 6, Planina pri Sevnici",496,260,0.5242,260,257,3,1.0,153,0.595331,104,0.404669
1772,VE 5000 - CELJE,VO 5001 - ŠENTJUR,18,"OŠ B. Kocena, Ponikva 29a, Ponikva",1323,666,0.5034,666,663,3,1.0,406,0.612368,257,0.387632
1773,VE 5000 - CELJE,VO 5001 - ŠENTJUR,20,"Lavbič, Lutrje 16, Ponikva",399,196,0.4912,196,196,0,1.0,120,0.612245,76,0.387755
1774,VE 5000 - CELJE,VO 5001 - ŠENTJUR,21,"Večnamenski p. Prevorje, Lopaca 10, Prevorje",375,172,0.4587,172,170,2,1.0,101,0.594118,69,0.405882
1775,VE 5000 - CELJE,VO 5001 - ŠENTJUR,22,"Gostišče Obrez Milan, Žegar 2, Prevorje",204,90,0.4412,90,90,0,1.0,57,0.633333,33,0.366667
1776,VE 5000 - CELJE,VO 5001 - ŠENTJUR,23,"KD Gorica, Gorica 98, Gorica pri Slivnici",701,365,0.5207,365,362,3,1.0,247,0.68232,115,0.31768
1777,VE 5000 - CELJE,VO 5001 - ŠENTJUR,24,"GVD Javorje, Javorje bš, Gorica pri Slivnici",201,112,0.5572,112,112,0,1.0,62,0.553571,50,0.446429
1778,VE 5000 - CELJE,VO 5001 - ŠENTJUR,25,"GD Paridol, Paridol bš, Gorica pri Slivnici",185,80,0.4324,80,80,0,1.0,40,0.5,40,0.5
1779,VE 5000 - CELJE,VO 5001 - ŠENTJUR,26,"Krajnc, Voduce 22a, Gorica pri Slivnici",144,55,0.3819,55,55,0,1.0,39,0.709091,16,0.290909
1780,VE 5000 - CELJE,VO 5001 - ŠENTJUR,27,"Dom Gabernica, Slivnica bš, Gorica pri Slivnici",112,58,0.5179,58,57,1,1.0,34,0.596491,23,0.403509
1781,VE 5000 - CELJE,VO 5001 - ŠENTJUR,28,"GD Bukovje, Bukovje bš, Gorica pri Slivnici",123,80,0.6504,80,80,0,1.0,70,0.875,10,0.125
1782,VE 5000 - CELJE,VO 5001 - ŠENTJUR,29,"SD Občine Šentjur, Mestni trg 10, Šentjur",1027,415,0.4041,415,412,3,1.0,192,0.466019,220,0.533981
1783,VE 5000 - CELJE,VO 5001 - ŠENTJUR,30,"GD Šentjur, Ul. A. M. Slomška 2, Šentjur",771,398,0.5162,398,393,5,1.0,188,0.478372,205,0.521628
1784,VE 5000 - CELJE,VO 5001 - ŠENTJUR,31,"OŠ Hruševec 1, Gajstova pot 2a, Šentjur",675,413,0.6119,413,408,5,1.0,212,0.519608,196,0.480392
1785,VE 5000 - CELJE,VO 5001 - ŠENTJUR,32,"Gostišče Zanzibar,C.Kozjanskega odr. 87a,Šentjur",921,518,0.5624,518,509,9,1.0,301,0.591356,208,0.408644
1786,VE 5000 - CELJE,VO 5001 - ŠENTJUR,33,"OŠ Hruševec 2, Gajstova pot 2a, Šentjur",784,376,0.4796,376,374,2,1.0,228,0.609626,146,0.390374
1787,VE 5000 - CELJE,VO 5001 - ŠENTJUR,34,"Kovač-Reberšak, Vrbno 16, Šentjur",535,271,0.5065,271,267,4,1.0,150,0.561798,117,0.438202
1788,VE 5000 - CELJE,VO 5001 - ŠENTJUR,36,"KD Dobje, Dobje 26, Dobje pri Planini",394,206,0.5228,206,205,1,1.0,123,0.6,82,0.4
1789,VE 5000 - CELJE,VO 5001 - ŠENTJUR,39,"OŠ F. Malgaja, Ul. skl. Ipavcev 2, Šentjur",670,289,0.4313,289,288,1,1.0,166,0.576389,122,0.423611
1790,VE 5000 - CELJE,VO 5001 - ŠENTJUR,40,"OŠ Dobje, Dobje 20a, Dobje pri Planini",396,208,0.5253,208,207,1,1.0,135,0.652174,72,0.347826
1791,VE 5000 - CELJE,VO 5001 - ŠENTJUR,901,Predčasno glasovanje,0,880,0.0,880,875,5,1.0,417,0.476571,458,0.523429
1792,VE 5000 - CELJE,VO 5001 - ŠENTJUR,970,OMNIA od: 5001,0,25,0.0,25,23,2,1.0,6,0.26087,17,0.73913
1793,VE 5000 - CELJE,VO 5001 - ŠENTJUR,997,Pošta doma OVK,0,57,0.0,57,57,0,1.0,34,0.596491,23,0.403509
1794,VE 5000 - CELJE,VO 5001 - ŠENTJUR,9975000,Pošta doma VKVE,0,0,0.0,0,0,0,,0,0.0,0,0.0
1795,VE 5000 - CELJE,VO 5001 - ŠENTJUR,99799,Pošta doma DVK,0,0,0.0,0,0,0,,0,0.0,0,0.0
1796,VE 5000 - CELJE,VO 5001 - ŠENTJUR,998,Pošta tujina OVK,0,11,0.0,11,11,0,1.0,6,0.545455,5,0.454545
1797,VE 5000 - CELJE,VO 5001 - ŠENTJUR,9985000,Pošta tujina VKVE,0,0,0.0,0,0,0,,0,0.0,0,0.0
1798,VE 5000 - CELJE,VO 5001 - ŠENTJUR,99899,Pošta tujina DVK,0,0,0.0,0,0,0,,0,0.0,0,0.0
1799,VE 5000 - CELJE,VO 5001 - ŠENTJUR,999,Posebni volilni imenik,596,0,0.0,0,0,0,,0,0.0,0,0.0
1800,VE 5000 - CELJE,VO 5002 - CELJE 1,1,"OŠ Hudinja, Mariborska c. 125, Celje",1273,586,0.4603,586,578,8,1.0,273,0.472318,305,0.527682
1801,VE 5000 - CELJE,VO 5002 - CELJE 1,3,"Sedež MČ Hudinja, Ul. F. žrtev 17/a, Celje",792,394,0.4975,394,390,4,1.0,153,0.392308,237,0.607692
1802,VE 5000 - CELJE,VO 5002 - CELJE 1,4,"Hrastnik Miroslav, Vrhe 42, Teharje",198,124,0.6263,124,124,0,1.0,82,0.66129,42,0.33871
1803,VE 5000 - CELJE,VO 5002 - CELJE 1,5,"Ostrožnik - Horvat Karina, Bukovžlak 51/a",280,130,0.4643,130,130,0,1.0,71,0.546154,59,0.453846
1804,VE 5000 - CELJE,VO 5002 - CELJE 1,6,"Dvorana KS Teharje, Teharje 14",271,127,0.4686,127,124,3,1.0,67,0.540323,57,0.459677
1805,VE 5000 - CELJE,VO 5002 - CELJE 1,7,"OŠ Lava, Pucova ul. 7, Celje",1151,586,0.5091,586,576,10,1.0,241,0.418403,335,0.581597
1806,VE 5000 - CELJE,VO 5002 - CELJE 1,8,"Sedež MČ Lava, Iršičeva ul. 2/a, Celje",933,445,0.477,445,435,10,1.0,205,0.471264,230,0.528736
1807,VE 5000 - CELJE,VO 5002 - CELJE 1,9,"GD Ostrožno, C. na Ostrožno 90, Celje",1541,909,0.5899,909,900,9,1.0,356,0.395556,544,0.604444
1808,VE 5000 - CELJE,VO 5002 - CELJE 1,10,"GD Lopata, Lopata 49, Celje",507,281,0.5542,281,280,1,1.0,149,0.532143,131,0.467857
1809,VE 5000 - CELJE,VO 5002 - CELJE 1,11,"GD Lokrovec, Lokrovec 57, Celje",283,152,0.5371,152,152,0,1.0,98,0.644737,54,0.355263
1810,VE 5000 - CELJE,VO 5002 - CELJE 1,12,"Klenovšek J., Dobrova 16, Celje",601,342,0.5691,342,335,7,1.0,161,0.480597,174,0.519403
1811,VE 5000 - CELJE,VO 5002 - CELJE 1,13,"Dom krajanov, Šmartno v Rožni dolini 5",1793,884,0.493,884,878,6,1.0,528,0.601367,350,0.398633
1812,VE 5000 - CELJE,VO 5002 - CELJE 1,14,"KD Škofja vas, Škofja vas 38",1428,723,0.5063,723,715,8,1.0,390,0.545455,325,0.454545
1813,VE 5000 - CELJE,VO 5002 - CELJE 1,15,"Gostilna Tepež, Runtole 3, Škofja vas",359,185,0.5153,185,182,3,1.0,96,0.527473,86,0.472527
1814,VE 5000 - CELJE,VO 5002 - CELJE 1,19,"Dom KS Ljubečna, Kocbekova c. 45, Ljubečna",1319,647,0.4905,647,642,5,1.0,364,0.566978,278,0.433022
1815,VE 5000 - CELJE,VO 5002 - CELJE 1,21,"Športno društvo Začret, Začret",298,173,0.5805,173,172,1,1.0,98,0.569767,74,0.430233
1816,VE 5000 - CELJE,VO 5002 - CELJE 1,23,"IV. OŠ,  Dečkova cesta 60, Celje",2753,1045,0.3796,1045,1042,3,1.0,403,0.386756,639,0.613244
1817,VE 5000 - CELJE,VO 5002 - CELJE 1,24,"GD Prožinska vas, Prožinska vas 33, Štore",457,252,0.5514,252,252,0,1.0,144,0.571429,108,0.428571
1818,VE 5000 - CELJE,VO 5002 - CELJE 1,25,"OŠ Kompole, Kompole 92, Štore",537,260,0.4842,260,255,5,1.0,119,0.466667,136,0.533333
1819,VE 5000 - CELJE,VO 5002 - CELJE 1,26,"Šuhel Pavel, Laška vas 41, Štore",184,102,0.5543,102,102,0,1.0,39,0.382353,63,0.617647
1820,VE 5000 - CELJE,VO 5002 - CELJE 1,27,"Zlatko Cmok, Pečovje 4/a, Štore",223,142,0.6368,142,142,0,1.0,74,0.521127,68,0.478873
1821,VE 5000 - CELJE,VO 5002 - CELJE 1,29,"KD Štore, C. XIV. divizije 29, Štore",266,97,0.3647,97,96,1,1.0,48,0.5,48,0.5
1822,VE 5000 - CELJE,VO 5002 - CELJE 1,30,"Gobec Drago, Šentjanž nad Štorami 26",180,88,0.4889,88,87,1,1.0,57,0.655172,30,0.344828
1823,VE 5000 - CELJE,VO 5002 - CELJE 1,31,"OŠ Štore, Ul. Cvetke Jerin 5, Štore",1011,486,0.4807,486,472,14,1.0,159,0.336864,313,0.663136
1824,VE 5000 - CELJE,VO 5002 - CELJE 1,32,"GD Svetina, Svetina 6, Štore",360,172,0.4778,172,170,2,1.0,104,0.611765,66,0.388235
1825,VE 5000 - CELJE,VO 5002 - CELJE 1,35,"OŠ A. Bezenška Frankolovo, Frankolovo 11 ",353,170,0.4816,170,170,0,1.0,105,0.617647,65,0.382353
1826,VE 5000 - CELJE,VO 5002 - CELJE 1,36,"Kračun Martin, Bezenškovo Bukovje 9/a",382,212,0.555,212,209,3,1.0,154,0.736842,55,0.263158
1827,VE 5000 - CELJE,VO 5002 - CELJE 1,38,"Karo Janez, Lindek 7, Frankolovo",110,52,0.4727,52,50,2,1.0,35,0.7,15,0.3
1828,VE 5000 - CELJE,VO 5002 - CELJE 1,40,"GD Frankolovo, Stražica 2, Frankolovo",574,314,0.547,314,308,6,1.0,191,0.62013,117,0.37987
1829,VE 5000 - CELJE,VO 5002 - CELJE 1,44,"Večnamenska dvorana, POŠ Nova Cerkev 41",1139,587,0.5154,587,582,5,1.0,401,0.689003,181,0.310997
1830,VE 5000 - CELJE,VO 5002 - CELJE 1,45,"Gasilski dom Socka, Socka 64",586,298,0.5085,298,296,2,1.0,209,0.706081,87,0.293919
1831,VE 5000 - CELJE,VO 5002 - CELJE 1,47,"GD Lemberg, Lemberg pri Novi Cerkvi  19",269,156,0.5799,156,155,1,1.0,116,0.748387,39,0.251613
1832,VE 5000 - CELJE,VO 5002 - CELJE 1,51,"OŠ Vojnik, Prušnikova ul. 14, Vojnik",1130,562,0.4973,562,562,0,1.0,309,0.549822,253,0.450178
1833,VE 5000 - CELJE,VO 5002 - CELJE 1,52,"OŠ Vojnik, Prušnikova ul. 14, Vojnik",915,502,0.5486,502,495,7,1.0,241,0.486869,254,0.513131
1834,VE 5000 - CELJE,VO 5002 - CELJE 1,53,"OSTRI, Ravnak Ivan, Celjska c. 2/b, Vojnik",455,266,0.5846,266,263,3,1.0,167,0.634981,96,0.365019
1835,VE 5000 - CELJE,VO 5002 - CELJE 1,54,"Vrbič Franc, Male Dole 44, Vojnik",416,230,0.5529,230,228,2,1.0,159,0.697368,69,0.302632
1836,VE 5000 - CELJE,VO 5002 - CELJE 1,55,"Majger Jakob, Pristava 14 a",541,256,0.4732,256,256,0,1.0,165,0.644531,91,0.355469
1837,VE 5000 - CELJE,VO 5002 - CELJE 1,56,"Avto Čepin, Pot v Lešje 1, Vojnik",419,262,0.6253,262,260,2,1.0,164,0.630769,96,0.369231
1838,VE 5000 - CELJE,VO 5002 - CELJE 1,58,"ZD Dobrna, Dobrna 1/b, Dobrna",441,234,0.5306,234,234,0,1.0,100,0.42735,134,0.57265
1839,VE 5000 - CELJE,VO 5002 - CELJE 1,59,"KD Dobrna, Dobrna 1/a, Dobrna",1166,642,0.5506,642,640,2,1.0,458,0.715625,182,0.284375
1840,VE 5000 - CELJE,VO 5002 - CELJE 1,64,"OŠ Dobrna, Dobrna 1, Dobrna",134,72,0.5373,72,72,0,1.0,47,0.652778,25,0.347222
1841,VE 5000 - CELJE,VO 5002 - CELJE 1,901,Predčasno glasovanje,0,942,0.0,942,936,6,1.0,486,0.519231,450,0.480769
1842,VE 5000 - CELJE,VO 5002 - CELJE 1,997,Pošta doma OVK,0,76,0.0,76,75,1,1.0,39,0.52,36,0.48
1843,VE 5000 - CELJE,VO 5002 - CELJE 1,9975000,Pošta doma VKVE,0,0,0.0,0,0,0,,0,0.0,0,0.0
1844,VE 5000 - CELJE,VO 5002 - CELJE 1,99799,Pošta doma DVK,0,0,0.0,0,0,0,,0,0.0,0,0.0
1845,VE 5000 - CELJE,VO 5002 - CELJE 1,998,Pošta tujina OVK,0,69,0.0,69,63,6,1.0,33,0.52381,30,0.47619
1846,VE 5000 - CELJE,VO 5002 - CELJE 1,9985000,Pošta tujina VKVE,0,0,0.0,0,0,0,,0,0.0,0,0.0
1847,VE 5000 - CELJE,VO 5002 - CELJE 1,99899,Pošta tujina DVK,0,0,0.0,0,0,0,,0,0.0,0,0.0
1848,VE 5000 - CELJE,VO 5002 - CELJE 1,999,Posebni volilni imenik,1340,0,0.0,0,0,0,,0,0.0,0,0.0
1849,VE 5000 - CELJE,VO 5003 - CELJE 2,2,"Sedež KS, Velika dvorana, Teharska cesta 2a,Celje",1478,648,0.4384,648,643,5,1.0,294,0.457232,349,0.542768
1850,VE 5000 - CELJE,VO 5003 - CELJE 2,4,"Franc Draksler, Tremerje 13, Tremerje",653,314,0.4809,314,313,1,1.0,184,0.587859,129,0.412141
1851,VE 5000 - CELJE,VO 5003 - CELJE 2,7,"Župnija Celje; Sv. Cecilija, Breg 18, Celje",324,146,0.4506,146,145,1,1.0,67,0.462069,78,0.537931
1852,VE 5000 - CELJE,VO 5003 - CELJE 2,8,"Dom krajanov, Zagrad 90, Celje",1510,734,0.4861,734,725,9,1.0,361,0.497931,364,0.502069
1853,VE 5000 - CELJE,VO 5003 - CELJE 2,10,"III.OŠ Celje - telovadnica, Vodnikova  4, Celje",985,357,0.3624,357,354,3,1.0,137,0.387006,217,0.612994
1854,VE 5000 - CELJE,VO 5003 - CELJE 2,11,"III.OŠ Celje - telovadnica, Vodnikova 4, Celje",1143,340,0.2975,340,335,5,1.0,127,0.379104,208,0.620896
1855,VE 5000 - CELJE,VO 5003 - CELJE 2,14,"Rdeči križ; OZ Celje, Delavska ulica 21, Celje",753,220,0.2922,220,218,2,1.0,90,0.412844,128,0.587156
1856,VE 5000 - CELJE,VO 5003 - CELJE 2,15,"Don Boskov center, Don Boskov trg 1, Celje",1487,608,0.4089,608,601,7,1.0,227,0.377704,374,0.622296
1857,VE 5000 - CELJE,VO 5003 - CELJE 2,16,"Sedež KS Medlog, Babno 3a, Celje",553,316,0.5714,316,314,2,1.0,170,0.541401,144,0.458599
1858,VE 5000 - CELJE,VO 5003 - CELJE 2,17,"Plava laguna, Ljubljanska  cesta 58, Celje",823,453,0.5504,453,437,16,1.0,153,0.350114,284,0.649886
1859,VE 5000 - CELJE,VO 5003 - CELJE 2,18,"Zarja Trnovlje, Kulturniška ulica 4, Celje",420,221,0.5262,221,220,1,1.0,106,0.481818,114,0.518182
1860,VE 5000 - CELJE,VO 5003 - CELJE 2,19,"KS Trnovlje pri Celju, Trnoveljska  82, Celje",563,315,0.5595,315,314,1,1.0,171,0.544586,143,0.455414
1861,VE 5000 - CELJE,VO 5003 - CELJE 2,21,"Dijaški dom, Ljubljanska cesta 21, Celje",1537,590,0.3839,590,581,9,1.0,245,0.421687,336,0.578313
1862,VE 5000 - CELJE,VO 5003 - CELJE 2,23,"AMZS d.d., PE Celje,  Ljubljanska cesta 35, Celje",1021,417,0.4084,417,415,2,1.0,159,0.383133,256,0.616867
1863,VE 5000 - CELJE,VO 5003 - CELJE 2,25,"Šolski center Celje, Pot na Lavo 22, Celje",1210,532,0.4397,532,520,12,1.0,187,0.359615,333,0.640385
1864,VE 5000 - CELJE,VO 5003 - CELJE 2,26,"Družbeni prostori, Ul.V.prekomor.brigade 4, Celje",759,357,0.4704,357,352,5,1.0,143,0.40625,209,0.59375
1865,VE 5000 - CELJE,VO 5003 - CELJE 2,27,"I.OŠ Celje, Disloc.enota, Kosovelova 14, Celje",568,267,0.4701,267,264,3,1.0,102,0.386364,162,0.613636
1866,VE 5000 - CELJE,VO 5003 - CELJE 2,28,"Vrtec Zarja, Enota Ringa raja, Nušičeva 2c, Celje",1470,645,0.4388,645,641,4,1.0,232,0.361934,409,0.638066
1867,VE 5000 - CELJE,VO 5003 - CELJE 2,31,"Sedež MČ, Ulica bratov Vošnjakov 1, Celje",1519,621,0.4088,621,617,4,1.0,220,0.356564,397,0.643436
1868,VE 5000 - CELJE,VO 5003 - CELJE 2,32,"Sedež MČ, Ulica bratov Vošnjakov 1, Celje",1440,622,0.4319,622,608,14,1.0,269,0.442434,339,0.557566
1869,VE 5000 - CELJE,VO 5003 - CELJE 2,901,Predčasno glasovanje,0,1538,0.0,1538,1523,15,1.0,557,0.365726,966,0.634274
1870,VE 5000 - CELJE,VO 5003 - CELJE 2,970,OMNIA od: 5003,0,120,0.0,120,119,1,1.0,40,0.336134,79,0.663866
1871,VE 5000 - CELJE,VO 5003 - CELJE 2,997,Pošta doma OVK,0,120,0.0,120,118,2,1.0,47,0.398305,71,0.601695
1872,VE 5000 - CELJE,VO 5003 - CELJE 2,9975000,Pošta doma VKVE,0,0,0.0,0,0,0,,0,0.0,0,0.0
1873,VE 5000 - CELJE,VO 5003 - CELJE 2,99799,Pošta doma DVK,0,0,0.0,0,0,0,,0,0.0,0,0.0
1874,VE 5000 - CELJE,VO 5003 - CELJE 2,998,Pošta tujina OVK,0,39,0.0,39,37,2,1.0,6,0.162162,31,0.837838
1875,VE 5000 - CELJE,VO 5003 - CELJE 2,9985000,Pošta tujina VKVE,0,0,0.0,0,0,0,,0,0.0,0,0.0
1876,VE 5000 - CELJE,VO 5003 - CELJE 2,99899,Pošta tujina DVK,0,0,0.0,0,0,0,,0,0.0,0,0.0
1877,VE 5000 - CELJE,VO 5003 - CELJE 2,999,Posebni volilni imenik,1487,0,0.0,0,0,0,,0,0.0,0,0.0
1878,VE 5000 - CELJE,VO 5004 - ŽALEC 1,1,"Dom KS Vinska Gora, Vinska Gora 31b",1539,894,0.5809,893,885,8,1.0,550,0.621469,335,0.378531
1879,VE 5000 - CELJE,VO 5004 - ŽALEC 1,2,"POŠ Trje I, Galicija 18e",789,408,0.5171,408,405,3,1.0,240,0.592593,165,0.407407
1880,VE 5000 - CELJE,VO 5004 - ŽALEC 1,3,"POŠ Trje II, Galicija 18e",882,451,0.5113,451,448,3,1.0,265,0.591518,183,0.408482
1881,VE 5000 - CELJE,VO 5004 - ŽALEC 1,4,"POŠ Ponikva, Ponikva pri Žalcu 17",1016,559,0.5502,559,554,5,1.0,380,0.685921,174,0.314079
1882,VE 5000 - CELJE,VO 5004 - ŽALEC 1,5,"Prostori KS Gotovlje, Gotovlje 40",1187,640,0.5392,640,631,9,1.0,307,0.486529,324,0.513471
1883,VE 5000 - CELJE,VO 5004 - ŽALEC 1,6,"OŠ Šempeter Volišče I, Šolska 2, Šempeter v S.d.",1019,577,0.5662,577,571,6,1.0,280,0.490368,291,0.509632
1884,VE 5000 - CELJE,VO 5004 - ŽALEC 1,7,"OŠ Šempeter, Volišče II, Šolska 2, Šempeter v S.d",1073,591,0.5508,591,587,4,1.0,335,0.570698,252,0.429302
1885,VE 5000 - CELJE,VO 5004 - ŽALEC 1,8,"Tavčar Alojz, Zg. Grušovlje 18",248,128,0.5161,128,127,1,1.0,69,0.543307,58,0.456693
1886,VE 5000 - CELJE,VO 5004 - ŽALEC 1,9,"Martin Štorman, Kale 17a",203,99,0.4877,99,99,0,1.0,67,0.676768,32,0.323232
1887,VE 5000 - CELJE,VO 5004 - ŽALEC 1,10,"OŠ Polzela, Volišče I, Šolska ul. 3, Polzela",1166,616,0.5283,616,611,5,1.0,313,0.512275,298,0.487725
1888,VE 5000 - CELJE,VO 5004 - ŽALEC 1,11,"Šola Polzela, Volišče II, Šolska ul. 3, Polzela",1341,700,0.522,700,694,6,1.0,394,0.567723,300,0.432277
1889,VE 5000 - CELJE,VO 5004 - ŽALEC 1,12,"Šola Polzela, Volišče III, Šolska ul. 3, Polzela",829,408,0.4922,408,402,6,1.0,204,0.507463,198,0.492537
1890,VE 5000 - CELJE,VO 5004 - ŽALEC 1,13,"Avtohiša Kos, Ločiška c. 10, Polzela",769,456,0.593,456,448,8,1.0,206,0.459821,242,0.540179
1891,VE 5000 - CELJE,VO 5004 - ŽALEC 1,14,"Zadružni dom Andraž, Andraž nad Polzelo 9",814,553,0.6794,553,550,3,1.0,368,0.669091,182,0.330909
1892,VE 5000 - CELJE,VO 5004 - ŽALEC 1,15,"Savinov salon Žalec, Šlandrov trg 25,  Žalec",1284,571,0.4447,571,567,4,1.0,213,0.375661,354,0.624339
1893,VE 5000 - CELJE,VO 5004 - ŽALEC 1,16,"KD Žalec, Volišče I, Aškerčeva 9a, Žalec",920,334,0.363,334,327,7,1.0,123,0.376147,204,0.623853
1894,VE 5000 - CELJE,VO 5004 - ŽALEC 1,17,"KD Žalec, Volišče II, Aškerčeva 9a, Žalec",1363,613,0.4497,613,608,5,1.0,261,0.429276,347,0.570724
1895,VE 5000 - CELJE,VO 5004 - ŽALEC 1,18,"GD Ložnica, Ložnica pri Žalcu 24",447,261,0.5839,261,259,2,1.0,116,0.447876,143,0.552124
1896,VE 5000 - CELJE,VO 5004 - ŽALEC 1,19,"DK Vrbje, Vrbje 68",469,243,0.5181,243,241,2,1.0,102,0.423237,139,0.576763
1897,VE 5000 - CELJE,VO 5004 - ŽALEC 1,901,Predčasno glasovanje,0,749,0.0,749,748,1,1.0,283,0.378342,465,0.621658
1898,VE 5000 - CELJE,VO 5004 - ŽALEC 1,970,OMNIA od: 5004,0,49,0.0,49,49,0,1.0,18,0.367347,31,0.632653
1899,VE 5000 - CELJE,VO 5004 - ŽALEC 1,997,Pošta doma OVK,0,67,0.0,67,66,1,1.0,25,0.378788,41,0.621212
1900,VE 5000 - CELJE,VO 5004 - ŽALEC 1,9975000,Pošta doma VKVE,0,0,0.0,0,0,0,,0,0.0,0,0.0
1901,VE 5000 - CELJE,VO 5004 - ŽALEC 1,99799,Pošta doma DVK,0,0,0.0,0,0,0,,0,0.0,0,0.0
1902,VE 5000 - CELJE,VO 5004 - ŽALEC 1,998,Pošta tujina OVK,0,29,0.0,29,26,3,1.0,7,0.269231,19,0.730769
1903,VE 5000 - CELJE,VO 5004 - ŽALEC 1,9985000,Pošta tujina VKVE,0,0,0.0,0,0,0,,0,0.0,0,0.0
1904,VE 5000 - CELJE,VO 5004 - ŽALEC 1,99899,Pošta tujina DVK,0,0,0.0,0,0,0,,0,0.0,0,0.0
1905,VE 5000 - CELJE,VO 5004 - ŽALEC 1,999,Posebni volilni imenik,711,0,0.0,0,0,0,,0,0.0,0,0.0
1906,VE 5000 - CELJE,VO 5005 - ŽALEC 2,1,"OŠ Liboje, Liboje 122",634,308,0.4858,308,302,6,1.0,148,0.490066,154,0.509934
1907,VE 5000 - CELJE,VO 5005 - ŽALEC 2,2,"KS Liboje, Kasaze 110",652,327,0.5015,327,325,2,1.0,109,0.335385,216,0.664615
1908,VE 5000 - CELJE,VO 5005 - ŽALEC 2,3,"OŠ Petrovče, Petrovče 32",1145,659,0.5755,659,646,13,1.0,296,0.458204,350,0.541796
1909,VE 5000 - CELJE,VO 5005 - ŽALEC 2,4,"GD Arja vas, Arja vas 62a",398,225,0.5653,225,222,3,1.0,109,0.490991,113,0.509009
1910,VE 5000 - CELJE,VO 5005 - ŽALEC 2,5,"DK Mala Pirešica, Mala Pirešica bš",161,84,0.5217,84,81,3,1.0,57,0.703704,24,0.296296
1911,VE 5000 - CELJE,VO 5005 - ŽALEC 2,6,"GD Drešinja vas, Drešinja vas 4a",202,132,0.6535,132,129,3,1.0,77,0.596899,52,0.403101
1912,VE 5000 - CELJE,VO 5005 - ŽALEC 2,7,"Vrtec Levec, Levec 46a",380,225,0.5921,225,223,2,1.0,98,0.439462,125,0.560538
1913,VE 5000 - CELJE,VO 5005 - ŽALEC 2,8,"OŠ Griže I, Griže 1a",726,387,0.5331,387,386,1,1.0,181,0.468912,205,0.531088
1914,VE 5000 - CELJE,VO 5005 - ŽALEC 2,9,"GD Zabukovica, Zabukovica 59b",611,312,0.5106,312,309,3,1.0,145,0.469256,164,0.530744
1915,VE 5000 - CELJE,VO 5005 - ŽALEC 2,10,"Vrtec Pongrac, Pongrac 95b",341,140,0.4106,140,140,0,1.0,79,0.564286,61,0.435714
1916,VE 5000 - CELJE,VO 5005 - ŽALEC 2,11,"Dom kulture Šešče, Šešče pri Preboldu 51",382,222,0.5812,222,218,4,1.0,94,0.431193,124,0.568807
1917,VE 5000 - CELJE,VO 5005 - ŽALEC 2,12,"GD Matke, Matke 76a",298,204,0.6846,204,204,0,1.0,115,0.563725,89,0.436275
1918,VE 5000 - CELJE,VO 5005 - ŽALEC 2,13,"OŠ Prebold, Graščinska c. 7, Prebold",781,457,0.5851,457,453,4,1.0,177,0.390728,276,0.609272
1919,VE 5000 - CELJE,VO 5005 - ŽALEC 2,14,"DC Marof (Režajeva domačija), Dolenja vas 47",893,462,0.5174,462,452,10,1.0,168,0.371681,284,0.628319
1920,VE 5000 - CELJE,VO 5005 - ŽALEC 2,15,"GD Latkova vas, Latkova vas 41 ",809,473,0.5847,473,467,6,1.0,196,0.4197,271,0.5803
1921,VE 5000 - CELJE,VO 5005 - ŽALEC 2,16,"GD Kaplja vas, Kaplja vas 55",246,157,0.6382,157,156,1,1.0,79,0.50641,77,0.49359
1922,VE 5000 - CELJE,VO 5005 - ŽALEC 2,17,"GD Sv. Lovrenc, Sv. Lovrenc 25",327,200,0.6116,200,198,2,1.0,106,0.535354,92,0.464646
1923,VE 5000 - CELJE,VO 5005 - ŽALEC 2,18,"PD Marija Reka, Marija Reka 35",242,111,0.4587,111,109,2,1.0,50,0.458716,59,0.541284
1924,VE 5000 - CELJE,VO 5005 - ŽALEC 2,19,"GD Trnava, Trnava 9",516,306,0.593,306,301,5,1.0,140,0.465116,161,0.534884
1925,VE 5000 - CELJE,VO 5005 - ŽALEC 2,20,"Dom kulture Braslovče I, Braslovče 2a",743,419,0.5639,419,416,3,1.0,216,0.519231,200,0.480769
1926,VE 5000 - CELJE,VO 5005 - ŽALEC 2,21,"GD Parižlje, Parižlje 13",703,436,0.6202,436,432,4,1.0,230,0.532407,202,0.467593
1927,VE 5000 - CELJE,VO 5005 - ŽALEC 2,22,"GD Dobrovlje, Dobrovlje 8a",109,78,0.7156,78,78,0,1.0,67,0.858974,11,0.141026
1928,VE 5000 - CELJE,VO 5005 - ŽALEC 2,23,"DK Gomilsko, Gomilsko 22a",312,181,0.5801,181,181,0,1.0,145,0.801105,36,0.198895
1929,VE 5000 - CELJE,VO 5005 - ŽALEC 2,24,"ŠD Šmatevž, Šmatevž 29b",154,82,0.5325,82,81,1,1.0,42,0.518519,39,0.481481
1930,VE 5000 - CELJE,VO 5005 - ŽALEC 2,25,"GD Grajska vas, Grajska vas 15",281,182,0.6477,182,179,3,1.0,88,0.49162,91,0.50838
1931,VE 5000 - CELJE,VO 5005 - ŽALEC 2,26,"KD Letuš, Letuš 67a",814,501,0.6155,501,496,5,1.0,245,0.493952,251,0.506048
1932,VE 5000 - CELJE,VO 5005 - ŽALEC 2,27,"DK Tabor, Tabor 25",780,527,0.6756,527,520,7,1.0,281,0.540385,239,0.459615
1933,VE 5000 - CELJE,VO 5005 - ŽALEC 2,28,"GD Kapla, Kapla 45a",358,209,0.5838,209,208,1,1.0,132,0.634615,76,0.365385
1934,VE 5000 - CELJE,VO 5005 - ŽALEC 2,29,"GD Loke, Loke 21",254,160,0.6299,160,160,0,1.0,118,0.7375,42,0.2625
1935,VE 5000 - CELJE,VO 5005 - ŽALEC 2,30,"KD Vransko, Vransko 134",871,492,0.5649,492,488,4,1.0,293,0.60041,195,0.39959
1936,VE 5000 - CELJE,VO 5005 - ŽALEC 2,31,"GD Tešova, Tešova 14b",194,107,0.5515,107,106,1,1.0,77,0.726415,29,0.273585
1937,VE 5000 - CELJE,VO 5005 - ŽALEC 2,32,"GD Ločica, Ločica pri Vranskem 49",234,119,0.5085,119,118,1,1.0,81,0.686441,37,0.313559
1938,VE 5000 - CELJE,VO 5005 - ŽALEC 2,33,"Kos Marija, Prapreče 15",245,145,0.5918,145,143,2,1.0,90,0.629371,53,0.370629
1939,VE 5000 - CELJE,VO 5005 - ŽALEC 2,34,"Alojz Ferme, Limovce 3",83,61,0.7349,61,61,0,1.0,44,0.721311,17,0.278689
1940,VE 5000 - CELJE,VO 5005 - ŽALEC 2,35,"GD Prekopa, Prekopa 9",331,211,0.6375,211,209,2,1.0,127,0.607656,82,0.392344
1941,VE 5000 - CELJE,VO 5005 - ŽALEC 2,36,"DK Čeplje, Čeplje 13b",148,89,0.6014,89,87,2,1.0,56,0.643678,31,0.356322
1942,VE 5000 - CELJE,VO 5005 - ŽALEC 2,37,"Dom kulture Braslovče II, Braslovče 2a",1015,569,0.5606,569,561,8,1.0,300,0.534759,261,0.465241
1943,VE 5000 - CELJE,VO 5005 - ŽALEC 2,38,"OŠ Griže II, Griže 1a",667,347,0.5202,347,345,2,1.0,150,0.434783,195,0.565217
1944,VE 5000 - CELJE,VO 5005 - ŽALEC 2,901,Predčasno glasovanje,0,479,0.0,479,476,3,1.0,180,0.378151,296,0.621849
1945,VE 5000 - CELJE,VO 5005 - ŽALEC 2,997,Pošta doma OVK,0,62,0.0,62,62,0,1.0,28,0.451613,34,0.548387
1946,VE 5000 - CELJE,VO 5005 - ŽALEC 2,9975000,Pošta doma VKVE,0,0,0.0,0,0,0,,0,0.0,0,0.0
1947,VE 5000 - CELJE,VO 5005 - ŽALEC 2,99799,Pošta doma DVK,0,0,0.0,0,0,0,,0,0.0,0,0.0
1948,VE 5000 - CELJE,VO 5005 - ŽALEC 2,998,Pošta tujina OVK,0,15,0.0,15,15,0,1.0,5,0.333333,10,0.666667
1949,VE 5000 - CELJE,VO 5005 - ŽALEC 2,9985000,Pošta tujina VKVE,0,0,0.0,0,0,0,,0,0.0,0,0.0
1950,VE 5000 - CELJE,VO 5005 - ŽALEC 2,99899,Pošta tujina DVK,0,0,0.0,0,0,0,,0,0.0,0,0.0
1951,VE 5000 - CELJE,VO 5005 - ŽALEC 2,999,Posebni volilni imenik,637,0,0.0,0,0,0,,0,0.0,0,0.0
1952,VE 5000 - CELJE,VO 5006 - MOZIRJE,1,"KD Bočna, Bočna, Bočna 63",503,286,0.5686,286,282,4,1.0,113,0.400709,169,0.599291
1953,VE 5000 - CELJE,VO 5006 - MOZIRJE,2,"Avla KD Gornji Grad, Gornji Grad, Attemsov trg 3",996,581,0.5833,581,580,1,1.0,392,0.675862,188,0.324138
1954,VE 5000 - CELJE,VO 5006 - MOZIRJE,3,"KD Šmiklavž, Nova Štifta, Šmiklavž 3",496,277,0.5585,277,276,1,1.0,209,0.757246,67,0.242754
1955,VE 5000 - CELJE,VO 5006 - MOZIRJE,4,"OŠ Ljubno, Ljubno ob Savinji, Cesta v Rastke 10",1386,751,0.5418,751,747,4,1.0,438,0.586345,309,0.413655
1956,VE 5000 - CELJE,VO 5006 - MOZIRJE,5,"KD Radmirje, Radmirje 43",456,270,0.5921,270,267,3,1.0,165,0.617978,102,0.382022
1957,VE 5000 - CELJE,VO 5006 - MOZIRJE,6,"GD Okonina, Okonina 21",204,119,0.5833,119,115,4,1.0,72,0.626087,43,0.373913
1958,VE 5000 - CELJE,VO 5006 - MOZIRJE,7,"OŠ Luče, Luče 77",825,500,0.6061,500,497,3,1.0,383,0.770624,114,0.229376
1959,VE 5000 - CELJE,VO 5006 - MOZIRJE,8,"Gostilna Struge, Raduha 1",203,119,0.5862,119,119,0,1.0,107,0.89916,12,0.10084
1960,VE 5000 - CELJE,VO 5006 - MOZIRJE,9,"Gostilna Polanšek, Podvolovljek 35",187,135,0.7219,135,134,1,1.0,117,0.873134,17,0.126866
1961,VE 5000 - CELJE,VO 5006 - MOZIRJE,10,"Center Rinka, Sejna soba, Solčava 29",425,272,0.64,272,271,1,1.0,202,0.745387,69,0.254613
1962,VE 5000 - CELJE,VO 5006 - MOZIRJE,11,"OŠ Mozirje, Mozirje, Šolska ul. 23",1060,522,0.4925,522,518,4,1.0,215,0.415058,303,0.584942
1963,VE 5000 - CELJE,VO 5006 - MOZIRJE,12,"Kmetija Levc, Loke pri Mozirju 19",438,262,0.5982,262,259,3,1.0,137,0.528958,122,0.471042
1964,VE 5000 - CELJE,VO 5006 - MOZIRJE,13,"Upravni center Mozirje, Mozirje, Šmihelska c. 2",1351,649,0.4804,649,641,8,1.0,407,0.634945,234,0.365055
1965,VE 5000 - CELJE,VO 5006 - MOZIRJE,14,"Šola Lepa Njiva, Lepa Njiva 87",410,234,0.5707,234,233,1,1.0,197,0.845494,36,0.154506
1966,VE 5000 - CELJE,VO 5006 - MOZIRJE,15,"Šola Šmihel, Šmihel nad Mozirjem 28",173,136,0.7861,136,136,0,1.0,118,0.867647,18,0.132353
1967,VE 5000 - CELJE,VO 5006 - MOZIRJE,16,"Kmetija Žagar, Dobrovlje pri Mozirju 17",57,29,0.5088,29,29,0,1.0,22,0.758621,7,0.241379
1968,VE 5000 - CELJE,VO 5006 - MOZIRJE,17,"Medgeneracijski center, Rečica ob Savinji 61",974,558,0.5729,558,552,6,1.0,353,0.639493,199,0.360507
1969,VE 5000 - CELJE,VO 5006 - MOZIRJE,18,"Gostilna Markelj, Spodnja Rečica 63",206,112,0.5437,112,112,0,1.0,55,0.491071,57,0.508929
1970,VE 5000 - CELJE,VO 5006 - MOZIRJE,19,"Tehnično pregledni center A.M. Miklavc, Nizka 21",401,232,0.5786,232,227,5,1.0,111,0.488987,116,0.511013
1971,VE 5000 - CELJE,VO 5006 - MOZIRJE,20,"GD Spodnje Pobrežje, Sp. Pobrežje 2",228,145,0.636,145,144,1,1.0,88,0.611111,56,0.388889
1972,VE 5000 - CELJE,VO 5006 - MOZIRJE,21,"GD Lačja vas, Lačja vas 8",418,214,0.512,214,210,4,1.0,116,0.552381,94,0.447619
1973,VE 5000 - CELJE,VO 5006 - MOZIRJE,22,"Šola Šmartno ob Dreti, Šmartno ob Dreti 27",577,345,0.5979,345,341,4,1.0,189,0.554252,152,0.445748
1974,VE 5000 - CELJE,VO 5006 - MOZIRJE,23,"DK Nazarje, Nazarje, Savinjska c. 2",1128,570,0.5053,570,563,7,1.0,296,0.525755,267,0.474245
1975,VE 5000 - CELJE,VO 5006 - MOZIRJE,901,Predčasno glasovanje,0,539,0.0,539,539,0,1.0,257,0.476809,282,0.523191
1976,VE 5000 - CELJE,VO 5006 - MOZIRJE,970,OMNIA od: 5006,0,19,0.0,19,19,0,1.0,5,0.263158,14,0.736842
1977,VE 5000 - CELJE,VO 5006 - MOZIRJE,997,Pošta doma OVK,0,25,0.0,25,25,0,1.0,16,0.64,9,0.36
1978,VE 5000 - CELJE,VO 5006 - MOZIRJE,9975000,Pošta doma VKVE,0,0,0.0,0,0,0,,0,0.0,0,0.0
1979,VE 5000 - CELJE,VO 5006 - MOZIRJE,99799,Pošta doma DVK,0,0,0.0,0,0,0,,0,0.0,0,0.0
1980,VE 5000 - CELJE,VO 5006 - MOZIRJE,998,Pošta tujina OVK,0,34,0.0,34,27,7,1.0,11,0.407407,16,0.592593
1981,VE 5000 - CELJE,VO 5006 - MOZIRJE,9985000,Pošta tujina VKVE,0,0,0.0,0,0,0,,0,0.0,0,0.0
1982,VE 5000 - CELJE,VO 5006 - MOZIRJE,99899,Pošta tujina DVK,0,0,0.0,0,0,0,,0,0.0,0,0.0
1983,VE 5000 - CELJE,VO 5006 - MOZIRJE,999,Posebni volilni imenik,569,0,0.0,0,0,0,,0,0.0,0,0.0
1984,VE 5000 - CELJE,VO 5007 - VELENJE 1,1,"DK Bevče, Bevče 24",289,166,0.5744,166,166,0,1.0,106,0.638554,60,0.361446
1985,VE 5000 - CELJE,VO 5007 - VELENJE 1,2,"OŠ Cirkovce, Škalske Cirkovce 11",199,121,0.608,121,120,1,1.0,57,0.475,63,0.525
1986,VE 5000 - CELJE,VO 5007 - VELENJE 1,3,"DK Paka, Paka pri Velenju 68",632,311,0.4921,311,311,0,1.0,185,0.594855,126,0.405145
1987,VE 5000 - CELJE,VO 5007 - VELENJE 1,4,"DK Šentilj, Arnače 21",915,619,0.6765,619,615,4,1.0,396,0.643902,219,0.356098
1988,VE 5000 - CELJE,VO 5007 - VELENJE 1,5,"GD Škale, Škale 85",987,547,0.5542,547,543,4,1.0,316,0.581952,227,0.418048
1989,VE 5000 - CELJE,VO 5007 - VELENJE 1,7,"Sejna dvorana MO Velenje, Titov trg 1",1119,419,0.3744,419,416,3,1.0,186,0.447115,230,0.552885
1990,VE 5000 - CELJE,VO 5007 - VELENJE 1,8,"Prostori MČ LBZ, Cesta F. Foita 2",1226,462,0.3768,462,458,4,1.0,156,0.340611,302,0.659389
1991,VE 5000 - CELJE,VO 5007 - VELENJE 1,10,"DK Konovo, Konovska c. 21",811,478,0.5894,478,477,1,1.0,244,0.51153,233,0.48847
1992,VE 5000 - CELJE,VO 5007 - VELENJE 1,11,"Selo, PE Jakopec, Kosovelova 16",820,363,0.4427,363,358,5,1.0,162,0.452514,196,0.547486
1993,VE 5000 - CELJE,VO 5007 - VELENJE 1,12,"Stara vas - Kom. podj. Velenje, Koroška 37b",739,383,0.5183,383,376,7,1.0,151,0.401596,225,0.598404
1994,VE 5000 - CELJE,VO 5007 - VELENJE 1,13,"OŠ Gorica I, Goriška c. 48",848,405,0.4776,405,396,9,1.0,134,0.338384,262,0.661616
1995,VE 5000 - CELJE,VO 5007 - VELENJE 1,14,"OŠ Gorica II, Goriška c. 48",980,363,0.3704,363,360,3,1.0,132,0.366667,228,0.633333
1996,VE 5000 - CELJE,VO 5007 - VELENJE 1,15,"KS Gorica, Goriška c. 46",1407,712,0.506,712,702,10,1.0,240,0.34188,462,0.65812
1997,VE 5000 - CELJE,VO 5007 - VELENJE 1,17,"DK Šmartno, Šmarska c. 24 a",1127,546,0.4845,546,540,6,1.0,231,0.427778,309,0.572222
1998,VE 5000 - CELJE,VO 5007 - VELENJE 1,18,"Prostor MČ LBV I, Kardeljev trg 7",797,320,0.4015,320,319,1,1.0,117,0.366771,202,0.633229
1999,VE 5000 - CELJE,VO 5007 - VELENJE 1,20,"Prostor MČ LBV II, Kardeljev trg 5",971,336,0.346,336,334,2,1.0,102,0.305389,232,0.694611
2000,VE 5000 - CELJE,VO 5007 - VELENJE 1,21,"OŠ Šalek, Šalek 87",1376,557,0.4048,557,553,4,1.0,246,0.444846,307,0.555154
2001,VE 5000 - CELJE,VO 5007 - VELENJE 1,901,Predčasno glasovanje,0,1067,0.0,1067,1064,3,1.0,417,0.391917,647,0.608083
2002,VE 5000 - CELJE,VO 5007 - VELENJE 1,970,OMNIA od: 5007,1,41,0.0,41,40,1,1.0,17,0.425,23,0.575
2003,VE 5000 - CELJE,VO 5007 - VELENJE 1,997,Pošta doma OVK,0,36,0.0,36,36,0,1.0,16,0.444444,20,0.555556
2004,VE 5000 - CELJE,VO 5007 - VELENJE 1,9975000,Pošta doma VKVE,0,0,0.0,0,0,0,,0,0.0,0,0.0
2005,VE 5000 - CELJE,VO 5007 - VELENJE 1,99799,Pošta doma DVK,0,0,0.0,0,0,0,,0,0.0,0,0.0
2006,VE 5000 - CELJE,VO 5007 - VELENJE 1,998,Pošta tujina OVK,0,23,0.0,23,21,2,1.0,7,0.333333,14,0.666667
2007,VE 5000 - CELJE,VO 5007 - VELENJE 1,9985000,Pošta tujina VKVE,0,0,0.0,0,0,0,,0,0.0,0,0.0
2008,VE 5000 - CELJE,VO 5007 - VELENJE 1,99899,Pošta tujina DVK,0,0,0.0,0,0,0,,0,0.0,0,0.0
2009,VE 5000 - CELJE,VO 5007 - VELENJE 1,999,Posebni volilni imenik,969,0,0.0,0,0,0,,0,0.0,0,0.0
2010,VE 5000 - CELJE,VO 5008 - VELENJE 2,1,"OŠ Bele Vode, Bele Vode 18a",207,129,0.6232,129,128,1,1.0,103,0.804688,25,0.195312
2011,VE 5000 - CELJE,VO 5008 - VELENJE 2,2,"GD Gaberke, Gaberke 100",580,364,0.6276,364,360,4,1.0,234,0.65,126,0.35
2012,VE 5000 - CELJE,VO 5008 - VELENJE 2,3,"GD Paška vas, Paška vas 9b",618,381,0.6165,381,380,1,1.0,235,0.618421,145,0.381579
2013,VE 5000 - CELJE,VO 5008 - VELENJE 2,4,"KD Gorenje, Gorenje 2",356,227,0.6376,227,224,3,1.0,147,0.65625,77,0.34375
2014,VE 5000 - CELJE,VO 5008 - VELENJE 2,5,"DKS Lokovica, Lokovica 144",773,467,0.6041,467,464,3,1.0,316,0.681034,148,0.318966
2015,VE 5000 - CELJE,VO 5008 - VELENJE 2,6,"OŠ Plešivec, Plešivec 32",339,205,0.6047,205,204,1,1.0,136,0.666667,68,0.333333
2016,VE 5000 - CELJE,VO 5008 - VELENJE 2,7,"Avto Korelc, Podkraj pri Velenju 10r",714,423,0.5924,423,418,5,1.0,223,0.533493,195,0.466507
2017,VE 5000 - CELJE,VO 5008 - VELENJE 2,8,"KS Kavče, Kavče 15",418,239,0.5718,239,236,3,1.0,99,0.419492,137,0.580508
2018,VE 5000 - CELJE,VO 5008 - VELENJE 2,10,"ND REKS, Ravne 82",845,568,0.6722,568,565,3,1.0,423,0.748673,142,0.251327
2019,VE 5000 - CELJE,VO 5008 - VELENJE 2,11,"KS Skorno-Florjan, Skorno pri Š. 11",340,165,0.4853,165,165,0,1.0,120,0.727273,45,0.272727
2020,VE 5000 - CELJE,VO 5008 - VELENJE 2,12,"Gostišče Acman, Skorno pri Š. 62a",631,392,0.6212,392,389,3,1.0,259,0.66581,130,0.33419
2021,VE 5000 - CELJE,VO 5008 - VELENJE 2,13,"KD Šmartno ob Paki, Šmartno ob P. 69",664,414,0.6235,414,407,7,1.0,209,0.513514,198,0.486486
2022,VE 5000 - CELJE,VO 5008 - VELENJE 2,14,"MC Šmartno ob Paki, Šmartno ob P. 13",547,338,0.6179,338,334,4,1.0,181,0.541916,153,0.458084
2023,VE 5000 - CELJE,VO 5008 - VELENJE 2,15,"OŠ Bratov Letonja, Šmartno ob P. 117",524,317,0.605,317,315,2,1.0,186,0.590476,129,0.409524
2024,VE 5000 - CELJE,VO 5008 - VELENJE 2,16,"OŠ Šoštanj I., Koroška c. 7",986,488,0.4949,488,476,12,1.0,276,0.579832,200,0.420168
2025,VE 5000 - CELJE,VO 5008 - VELENJE 2,17,"OŠ Šoštanj II., Koroška c. 7",923,385,0.4171,385,379,6,1.0,182,0.480211,197,0.519789
2026,VE 5000 - CELJE,VO 5008 - VELENJE 2,18,"DK Topolšica, Topolšica 81a",780,414,0.5308,414,410,4,1.0,276,0.673171,134,0.326829
2027,VE 5000 - CELJE,VO 5008 - VELENJE 2,19,"Letališče Lajše, Topolšica 207d",229,141,0.6157,141,141,0,1.0,101,0.716312,40,0.283688
2028,VE 5000 - CELJE,VO 5008 - VELENJE 2,20,"OŠ MPT I., Kidričeva c. 21",1513,636,0.4204,636,624,12,1.0,243,0.389423,381,0.610577
2029,VE 5000 - CELJE,VO 5008 - VELENJE 2,21,"OŠ MPT II., Kidričeva c. 21",825,263,0.3188,263,261,2,1.0,81,0.310345,180,0.689655
2030,VE 5000 - CELJE,VO 5008 - VELENJE 2,22,"Prostori MČ DB I., Kersnikova 1",890,333,0.3742,333,331,2,1.0,104,0.314199,227,0.685801
2031,VE 5000 - CELJE,VO 5008 - VELENJE 2,23,"Prostori MČ DB II, Kersnikova 1",857,378,0.4411,378,375,3,1.0,144,0.384,231,0.616
2032,VE 5000 - CELJE,VO 5008 - VELENJE 2,24,"DK Pesje, Podgorska c. 1",924,527,0.5703,527,522,5,1.0,292,0.559387,230,0.440613
2033,VE 5000 - CELJE,VO 5008 - VELENJE 2,25,"Vila Bianca, Stari trg 3",864,367,0.4248,367,359,8,1.0,182,0.506964,177,0.493036
2034,VE 5000 - CELJE,VO 5008 - VELENJE 2,26,"VD Zavodnje, Zavodnje 27a",284,172,0.6056,172,172,0,1.0,143,0.831395,29,0.168605
2035,VE 5000 - CELJE,VO 5008 - VELENJE 2,901,Predčasno glasovanje,0,609,0.0,609,603,6,1.0,222,0.368159,381,0.631841
2036,VE 5000 - CELJE,VO 5008 - VELENJE 2,997,Pošta doma OVK,0,37,0.0,37,37,0,1.0,10,0.27027,27,0.72973
2037,VE 5000 - CELJE,VO 5008 - VELENJE 2,9975000,Pošta doma VKVE,0,0,0.0,0,0,0,,0,0.0,0,0.0
2038,VE 5000 - CELJE,VO 5008 - VELENJE 2,99799,Pošta doma DVK,0,0,0.0,0,0,0,,0,0.0,0,0.0
2039,VE 5000 - CELJE,VO 5008 - VELENJE 2,998,Pošta tujina OVK,0,17,0.0,17,14,3,1.0,2,0.142857,12,0.857143
2040,VE 5000 - CELJE,VO 5008 - VELENJE 2,9985000,Pošta tujina VKVE,0,0,0.0,0,0,0,,0,0.0,0,0.0
2041,VE 5000 - CELJE,VO 5008 - VELENJE 2,99899,Pošta tujina DVK,0,0,0.0,0,0,0,,0,0.0,0,0.0
2042,VE 5000 - CELJE,VO 5008 - VELENJE 2,999,Posebni volilni imenik,781,0,0.0,0,0,0,,0,0.0,0,0.0
2043,VE 5000 - CELJE,VO 5009 - SLOVENJ GRADEC,1,"PGD Dovže, Dovže 50",427,261,0.6112,261,259,2,1.0,155,0.598456,104,0.401544
2044,VE 5000 - CELJE,VO 5009 - SLOVENJ GRADEC,2,"PC Lopan, Šolska c. 55",1414,802,0.5672,802,794,8,1.0,397,0.5,397,0.5
2045,VE 5000 - CELJE,VO 5009 - SLOVENJ GRADEC,3,"KD Šentilj, Šentilj pod Turjakom 45",594,351,0.5909,351,349,2,1.0,201,0.575931,148,0.424069
2046,VE 5000 - CELJE,VO 5009 - SLOVENJ GRADEC,4,"OŠ Završe, Završe 55",278,151,0.5432,151,151,0,1.0,110,0.728477,41,0.271523
2047,VE 5000 - CELJE,VO 5009 - SLOVENJ GRADEC,5,"ŠD Dolič, Gornji Dolič 42A",448,260,0.5804,260,257,3,1.0,161,0.626459,96,0.373541
2048,VE 5000 - CELJE,VO 5009 - SLOVENJ GRADEC,6,"OŠ Dolič, Srednji Dolič 4",644,381,0.5916,381,381,0,1.0,257,0.674541,124,0.325459
2049,VE 5000 - CELJE,VO 5009 - SLOVENJ GRADEC,7,"Bivši MKC, Celjska c. 22",974,423,0.4343,423,422,1,1.0,163,0.386256,259,0.613744
2050,VE 5000 - CELJE,VO 5009 - SLOVENJ GRADEC,8,"DU Slovenj Gradec, Šolska ul. 10",1373,545,0.3969,544,540,4,1.0,205,0.37963,335,0.62037
2051,VE 5000 - CELJE,VO 5009 - SLOVENJ GRADEC,9,"VDC Slovenj Gradec, Prešernova ul. 3B",849,479,0.5642,479,472,7,1.0,201,0.425847,271,0.574153
2052,VE 5000 - CELJE,VO 5009 - SLOVENJ GRADEC,10,"Prva OŠ, Šercerjeva ul. 7",1123,644,0.5735,644,643,1,1.0,246,0.382582,397,0.617418
2053,VE 5000 - CELJE,VO 5009 - SLOVENJ GRADEC,11,"KD Stari Trg, Stari trg 32",1142,598,0.5236,597,594,3,1.0,250,0.420875,344,0.579125
2054,VE 5000 - CELJE,VO 5009 - SLOVENJ GRADEC,12,"OŠ Pameče, Pameče 134",1369,697,0.5091,697,691,6,1.0,368,0.532562,323,0.467438
2055,VE 5000 - CELJE,VO 5009 - SLOVENJ GRADEC,13,"Gradišče Prošt, Gradišče 38",262,125,0.4771,125,125,0,1.0,88,0.704,37,0.296
2056,VE 5000 - CELJE,VO 5009 - SLOVENJ GRADEC,14,"OŠ Sele Vrhe, Sele 1",502,278,0.5538,278,277,1,1.0,154,0.555957,123,0.444043
2057,VE 5000 - CELJE,VO 5009 - SLOVENJ GRADEC,15,"Klančnik Sele, Sele 21",143,89,0.6224,89,88,1,1.0,46,0.522727,42,0.477273
2058,VE 5000 - CELJE,VO 5009 - SLOVENJ GRADEC,16,"OŠ Podgorje, Podgorje 172",809,429,0.5303,429,427,2,1.0,216,0.505855,211,0.494145
2059,VE 5000 - CELJE,VO 5009 - SLOVENJ GRADEC,17,"OŠ Razbor, Zgornji Razbor 8",212,94,0.4434,94,94,0,1.0,65,0.691489,29,0.308511
2060,VE 5000 - CELJE,VO 5009 - SLOVENJ GRADEC,18,"Praprotnik Rihter, Spodnji Razbor 48",46,36,0.7826,36,36,0,1.0,22,0.611111,14,0.388889
2061,VE 5000 - CELJE,VO 5009 - SLOVENJ GRADEC,19,"Bučinek Šmiklavž, Vodriž 6",287,159,0.554,159,158,1,1.0,80,0.506329,78,0.493671
2062,VE 5000 - CELJE,VO 5009 - SLOVENJ GRADEC,20,"PGD Šmartno, Šmartno pri Slov. Gradcu 70",1269,740,0.5831,740,736,4,1.0,316,0.429348,420,0.570652
2063,VE 5000 - CELJE,VO 5009 - SLOVENJ GRADEC,21,"PGD Turiška vas, Turiška vas 19B",995,531,0.5337,531,530,1,1.0,262,0.49434,268,0.50566
2064,VE 5000 - CELJE,VO 5009 - SLOVENJ GRADEC,22,"PGD Golavabuka, Tomaška vas 7",183,117,0.6393,117,117,0,1.0,61,0.521368,56,0.478632
2065,VE 5000 - CELJE,VO 5009 - SLOVENJ GRADEC,23,"PGD Legen, Legen 126",789,403,0.5108,403,398,5,1.0,180,0.452261,218,0.547739
2066,VE 5000 - CELJE,VO 5009 - SLOVENJ GRADEC,24,"Vornšek Raduše, Raduše 36",191,89,0.466,89,89,0,1.0,44,0.494382,45,0.505618
2067,VE 5000 - CELJE,VO 5009 - SLOVENJ GRADEC,25,"Vrtec Slovenj Gradec, Maistrova ul. 2A",996,480,0.4819,480,477,3,1.0,155,0.324948,322,0.675052
2068,VE 5000 - CELJE,VO 5009 - SLOVENJ GRADEC,901,Predčasno glasovanje,0,886,0.0,886,883,3,1.0,279,0.315968,604,0.684032
2069,VE 5000 - CELJE,VO 5009 - SLOVENJ GRADEC,970,OMNIA od: 5009,0,42,0.0,42,41,1,1.0,15,0.365854,26,0.634146
2070,VE 5000 - CELJE,VO 5009 - SLOVENJ GRADEC,997,Pošta doma OVK,0,43,0.0,41,40,1,1.0,17,0.425,23,0.575
2071,VE 5000 - CELJE,VO 5009 - SLOVENJ GRADEC,9975000,Pošta doma VKVE,0,0,0.0,0,0,0,,0,0.0,0,0.0
2072,VE 5000 - CELJE,VO 5009 - SLOVENJ GRADEC,99799,Pošta doma DVK,0,0,0.0,0,0,0,,0,0.0,0,0.0
2073,VE 5000 - CELJE,VO 5009 - SLOVENJ GRADEC,998,Pošta tujina OVK,0,46,0.0,46,42,4,1.0,14,0.333333,28,0.666667
2074,VE 5000 - CELJE,VO 5009 - SLOVENJ GRADEC,9985000,Pošta tujina VKVE,0,0,0.0,0,0,0,,0,0.0,0,0.0
2075,VE 5000 - CELJE,VO 5009 - SLOVENJ GRADEC,99899,Pošta tujina DVK,0,0,0.0,0,0,0,,0,0.0,0,0.0
2076,VE 5000 - CELJE,VO 5009 - SLOVENJ GRADEC,999,Posebni volilni imenik,664,0,0.0,0,0,0,,0,0.0,0,0.0
2077,VE 5000 - CELJE,VO 5010 - RAVNE NA KOROŠKEM,1,"Občina Črna na Koroškem, Center 101",1078,632,0.5863,632,629,3,1.0,282,0.448331,347,0.551669
2078,VE 5000 - CELJE,VO 5010 - RAVNE NA KOROŠKEM,2,"Koroška kmetijska zadruga, Rudarjevo 5a, Črna ",695,407,0.5856,407,404,3,1.0,176,0.435644,228,0.564356
2079,VE 5000 - CELJE,VO 5010 - RAVNE NA KOROŠKEM,3,"Pri Plazniku V Bistri, Bistra 14, Črna na Koroškem",68,44,0.6471,44,44,0,1.0,20,0.454545,24,0.545455
2080,VE 5000 - CELJE,VO 5010 - RAVNE NA KOROŠKEM,4,"OŠ Koprivna, Koprivna 10, Črna na Koroškem",117,73,0.6239,73,73,0,1.0,53,0.726027,20,0.273973
2081,VE 5000 - CELJE,VO 5010 - RAVNE NA KOROŠKEM,5,"Prhanija-Ludranski Vrh, Ludranski vrh 13a, Črna ",54,35,0.6481,35,35,0,1.0,26,0.742857,9,0.257143
2082,VE 5000 - CELJE,VO 5010 - RAVNE NA KOROŠKEM,6,"Helena-Pisarna Vaške Skupnosti, Podpeca 21, Črna",77,38,0.4935,38,37,1,1.0,13,0.351351,24,0.648649
2083,VE 5000 - CELJE,VO 5010 - RAVNE NA KOROŠKEM,7,"TIC Topla, Podpeca 78, Črna na Koroškem",73,54,0.7397,54,54,0,1.0,36,0.666667,18,0.333333
2084,VE 5000 - CELJE,VO 5010 - RAVNE NA KOROŠKEM,8,"Gostilna ""Podkržnik"" Javorje, Javorje 18, Črna",69,36,0.5217,36,36,0,1.0,24,0.666667,12,0.333333
2085,VE 5000 - CELJE,VO 5010 - RAVNE NA KOROŠKEM,9,"Knjižnica Žerjav, Žerjav 21, Črna na Koroškem",297,156,0.5253,156,154,2,1.0,42,0.272727,112,0.727273
2086,VE 5000 - CELJE,VO 5010 - RAVNE NA KOROŠKEM,10,"Pri Karničniku v Jazbini, Jazbina 13, Črna na K.",32,15,0.4688,15,15,0,1.0,13,0.866667,2,0.133333
2087,VE 5000 - CELJE,VO 5010 - RAVNE NA KOROŠKEM,11,"Občina Mežica, Trg svobode 1, Mežica",1466,839,0.5723,839,835,4,1.0,396,0.474251,439,0.525749
2088,VE 5000 - CELJE,VO 5010 - RAVNE NA KOROŠKEM,12,"Narodni dom Mežica , Trg 4.aprila 4, Mežica",1287,667,0.5183,667,664,3,1.0,322,0.48494,342,0.51506
2089,VE 5000 - CELJE,VO 5010 - RAVNE NA KOROŠKEM,13,"Večnamenska dvorana Kotlje, Kotlje 7k, Kotlje",953,544,0.5708,544,542,2,1.0,216,0.398524,326,0.601476
2090,VE 5000 - CELJE,VO 5010 - RAVNE NA KOROŠKEM,14,"Brdinje-Podvratnik, Brdinje 78, Ravne na Koroškem",414,242,0.5845,242,237,5,1.0,115,0.485232,122,0.514768
2091,VE 5000 - CELJE,VO 5010 - RAVNE NA KOROŠKEM,15,"Oš Koroški jeklarji 1, Javornik 35, Ravne na K.",1091,479,0.439,479,478,1,1.0,224,0.468619,254,0.531381
2092,VE 5000 - CELJE,VO 5010 - RAVNE NA KOROŠKEM,16,"Oš Koroški jeklarji 2, Javornik 35, Ravne na K.",1043,463,0.4439,463,456,7,1.0,216,0.473684,240,0.526316
2093,VE 5000 - CELJE,VO 5010 - RAVNE NA KOROŠKEM,17,"OŠ Prežihovega Voranca 1, Gozdarska pot 11, Ravne",827,305,0.3688,305,302,3,1.0,135,0.44702,167,0.55298
2094,VE 5000 - CELJE,VO 5010 - RAVNE NA KOROŠKEM,18,"OŠ Prežihovega Voranca 2, Gozdarska pot 11, Ravne",820,382,0.4659,382,377,5,1.0,157,0.416446,220,0.583554
2095,VE 5000 - CELJE,VO 5010 - RAVNE NA KOROŠKEM,19,"Kulturni dom Ravne, Gledališka pot 1, Ravne na K.",955,392,0.4105,392,388,4,1.0,164,0.42268,224,0.57732
2096,VE 5000 - CELJE,VO 5010 - RAVNE NA KOROŠKEM,20,"Občina Ravne na Koroškem, Gačnikova pot 5, Ravne",254,83,0.3268,83,83,0,1.0,37,0.445783,46,0.554217
2097,VE 5000 - CELJE,VO 5010 - RAVNE NA KOROŠKEM,21,"Čistilna naprava Ravne, Dobrije 9a, Ravne na Kor.",341,188,0.5513,188,186,2,1.0,105,0.564516,81,0.435484
2098,VE 5000 - CELJE,VO 5010 - RAVNE NA KOROŠKEM,22,"Strojnska Reka - Mladinski dom, Stražišče 15",689,347,0.5036,347,344,3,1.0,173,0.502907,171,0.497093
2099,VE 5000 - CELJE,VO 5010 - RAVNE NA KOROŠKEM,23,"""KMETIJA LIZI"",  Zelen breg 8, Ravne na Koroškem",153,86,0.5621,86,85,1,1.0,65,0.764706,20,0.235294
2100,VE 5000 - CELJE,VO 5010 - RAVNE NA KOROŠKEM,24,"OŠ Strojna, Strojna 22, Ravne na Koroškem",99,62,0.6263,62,62,0,1.0,52,0.83871,10,0.16129
2101,VE 5000 - CELJE,VO 5010 - RAVNE NA KOROŠKEM,25,"Dobja vas - MPIK1, Dobja vas 185, Ravne na Kor.",658,322,0.4894,322,320,2,1.0,118,0.36875,202,0.63125
2102,VE 5000 - CELJE,VO 5010 - RAVNE NA KOROŠKEM,26,"Oš Prevalje 1, Polje 4, Prevalje",591,325,0.5499,325,321,4,1.0,150,0.46729,171,0.53271
2103,VE 5000 - CELJE,VO 5010 - RAVNE NA KOROŠKEM,27,"Oš Prevalje 2, Polje 4, Prevalje",975,566,0.5805,566,566,0,1.0,290,0.512367,276,0.487633
2104,VE 5000 - CELJE,VO 5010 - RAVNE NA KOROŠKEM,28,"Družbeni dom Prevalje 1, Trg 2a, Prevalje",581,300,0.5164,300,296,4,1.0,101,0.341216,195,0.658784
2105,VE 5000 - CELJE,VO 5010 - RAVNE NA KOROŠKEM,29,"Družbeni dom Prevalje 2, Trg 2a, Prevalje",554,285,0.5144,285,285,0,1.0,129,0.452632,156,0.547368
2106,VE 5000 - CELJE,VO 5010 - RAVNE NA KOROŠKEM,30,"Družbeni dom Prevalje 3, Trg 2a, Prevalje",793,367,0.4628,367,364,3,1.0,163,0.447802,201,0.552198
2107,VE 5000 - CELJE,VO 5010 - RAVNE NA KOROŠKEM,31,"Družbeni dom Prevalje 4, Trg 2a, Prevalje",440,213,0.4841,213,210,3,1.0,76,0.361905,134,0.638095
2108,VE 5000 - CELJE,VO 5010 - RAVNE NA KOROŠKEM,32,"Poljana - Bistro kocka, Poljana 20a, Prevalje",151,90,0.596,90,90,0,1.0,52,0.577778,38,0.422222
2109,VE 5000 - CELJE,VO 5010 - RAVNE NA KOROŠKEM,33,"OŠ Šentanel, Šentanel 13, Prevalje",282,172,0.6099,172,172,0,1.0,123,0.715116,49,0.284884
2110,VE 5000 - CELJE,VO 5010 - RAVNE NA KOROŠKEM,34,"OŠ Leše, Leše 30, Prevalje",454,244,0.5374,244,243,1,1.0,126,0.518519,117,0.481481
2111,VE 5000 - CELJE,VO 5010 - RAVNE NA KOROŠKEM,35,"OŠ Holmec, Dolga brda 37a, Prevalje",362,210,0.5801,210,209,1,1.0,108,0.516746,101,0.483254
2112,VE 5000 - CELJE,VO 5010 - RAVNE NA KOROŠKEM,36,"Gasilski dom Kotlje, Kotlje 4a, Kotlje",606,340,0.5611,340,338,2,1.0,146,0.431953,192,0.568047
2113,VE 5000 - CELJE,VO 5010 - RAVNE NA KOROŠKEM,901,Predčasno glasovanje,0,1116,0.0,1116,1108,8,1.0,410,0.370036,698,0.629964
2114,VE 5000 - CELJE,VO 5010 - RAVNE NA KOROŠKEM,970,OMNIA od: 5010,0,29,0.0,29,29,0,1.0,9,0.310345,20,0.689655
2115,VE 5000 - CELJE,VO 5010 - RAVNE NA KOROŠKEM,997,Pošta doma OVK,0,49,0.0,49,49,0,1.0,17,0.346939,32,0.653061
2116,VE 5000 - CELJE,VO 5010 - RAVNE NA KOROŠKEM,9975000,Pošta doma VKVE,0,0,0.0,0,0,0,,0,0.0,0,0.0
2117,VE 5000 - CELJE,VO 5010 - RAVNE NA KOROŠKEM,99799,Pošta doma DVK,0,0,0.0,0,0,0,,0,0.0,0,0.0
2118,VE 5000 - CELJE,VO 5010 - RAVNE NA KOROŠKEM,998,Pošta tujina OVK,0,42,0.0,42,42,0,1.0,27,0.642857,15,0.357143
2119,VE 5000 - CELJE,VO 5010 - RAVNE NA KOROŠKEM,9985000,Pošta tujina VKVE,0,0,0.0,0,0,0,,0,0.0,0,0.0
2120,VE 5000 - CELJE,VO 5010 - RAVNE NA KOROŠKEM,99899,Pošta tujina DVK,0,0,0.0,0,0,0,,0,0.0,0,0.0
2121,VE 5000 - CELJE,VO 5010 - RAVNE NA KOROŠKEM,999,Posebni volilni imenik,1436,0,0.0,0,0,0,,0,0.0,0,0.0
2122,VE 5000 - CELJE,VO 5011 - RADLJE,1,"Občina Dravograd, Trg 4. julija 7, Dravograd",490,222,0.4531,222,222,0,1.0,104,0.468468,118,0.531532
2123,VE 5000 - CELJE,VO 5011 - RADLJE,2,"OŠ Dravograd, Trg 4. julija 64, Dravograd",527,258,0.4896,258,257,1,1.0,83,0.322957,174,0.677043
2124,VE 5000 - CELJE,VO 5011 - RADLJE,3,"UE Dravograd, Meža 10, Dravograd",582,236,0.4055,236,235,1,1.0,108,0.459574,127,0.540426
2125,VE 5000 - CELJE,VO 5011 - RADLJE,4,"FURS urad Dravograd, Mariborska c. 3, Dravograd",612,296,0.4837,296,288,8,1.0,125,0.434028,163,0.565972
2126,VE 5000 - CELJE,VO 5011 - RADLJE,5,"Vrtec Robindvor, Robindvor 60, Dravograd",610,332,0.5443,332,330,2,1.0,147,0.445455,183,0.554545
2127,VE 5000 - CELJE,VO 5011 - RADLJE,6,"TK Vrajenk, Vič 16, Dravograd",306,192,0.6275,192,192,0,1.0,106,0.552083,86,0.447917
2128,VE 5000 - CELJE,VO 5011 - RADLJE,7,"Podružnična šola Ojstrica, Ojstrica 27, Dravograd",222,92,0.4144,92,92,0,1.0,50,0.543478,42,0.456522
2129,VE 5000 - CELJE,VO 5011 - RADLJE,8,"Jamnik Otiški Vrh, Otiški Vrh 56, Šentjanž pri Dr",224,120,0.5357,120,120,0,1.0,43,0.358333,77,0.641667
2130,VE 5000 - CELJE,VO 5011 - RADLJE,9,"Župnišče Šempeter, Otiški Vrh 92, Šentjanž pri Dr",251,114,0.4542,114,114,0,1.0,66,0.578947,48,0.421053
2131,VE 5000 - CELJE,VO 5011 - RADLJE,10,"OŠ Šentjanž pri Dravogradu, Šentjanž 88",1208,582,0.4818,582,578,4,1.0,295,0.510381,283,0.489619
2132,VE 5000 - CELJE,VO 5011 - RADLJE,11,"Podružnična šola Trbonje, Trbonje 26, Trbonje",580,305,0.5259,305,305,0,1.0,169,0.554098,136,0.445902
2133,VE 5000 - CELJE,VO 5011 - RADLJE,12,"Bečivnjek, Libeliče bš, Libeliče",461,281,0.6095,281,281,0,1.0,148,0.52669,133,0.47331
2134,VE 5000 - CELJE,VO 5011 - RADLJE,13,"GD Črneče, Črneče 145, Dravograd",749,393,0.5247,393,390,3,1.0,190,0.487179,200,0.512821
2135,VE 5000 - CELJE,VO 5011 - RADLJE,14,"OŠ Muta, Šolska ul. 6, Muta",1146,659,0.575,659,654,5,1.0,328,0.501529,326,0.498471
2136,VE 5000 - CELJE,VO 5011 - RADLJE,15,"Godbeni dom Muta, Livarska ul. 4, Muta",879,531,0.6041,531,530,1,1.0,290,0.54717,240,0.45283
2137,VE 5000 - CELJE,VO 5011 - RADLJE,16,"DD Gortina, Gortina 78, Muta",545,296,0.5431,296,295,1,1.0,149,0.505085,146,0.494915
2138,VE 5000 - CELJE,VO 5011 - RADLJE,17,"Glasbeni dom Bistriški jarek, Pernice 10a, Muta",232,116,0.5,116,115,1,1.0,67,0.582609,48,0.417391
2139,VE 5000 - CELJE,VO 5011 - RADLJE,18,"KD Podvelka, Podvelka 55, Podvelka",361,193,0.5346,193,193,0,1.0,79,0.409326,114,0.590674
2140,VE 5000 - CELJE,VO 5011 - RADLJE,19,"OŠ Brezno-Podvelka, Brezno 78, Podvelka",485,288,0.5938,288,287,1,1.0,105,0.365854,182,0.634146
2141,VE 5000 - CELJE,VO 5011 - RADLJE,20,"Dvorana Ožbalt, Ožbalt 3, Ožbalt",371,204,0.5499,204,204,0,1.0,106,0.519608,98,0.480392
2142,VE 5000 - CELJE,VO 5011 - RADLJE,21,"Podružnična šola Kapla, Sp. Kapla 2, Kapla",423,200,0.4728,200,197,3,1.0,111,0.563452,86,0.436548
2143,VE 5000 - CELJE,VO 5011 - RADLJE,22,"Podružnična šola Lehen, Lehen na Poh. 49, Podvelka",298,146,0.4899,146,146,0,1.0,57,0.390411,89,0.609589
2144,VE 5000 - CELJE,VO 5011 - RADLJE,23,"OŠ Ribnica na Pohorju, Ribnica na Poh. 29",624,359,0.5753,359,358,1,1.0,214,0.597765,144,0.402235
2145,VE 5000 - CELJE,VO 5011 - RADLJE,24,"KD Josipdol, Josipdol 29, Ribnica na Pohorju",325,182,0.56,182,182,0,1.0,90,0.494505,92,0.505495
2146,VE 5000 - CELJE,VO 5011 - RADLJE,25,"ZD Radlje ob Dravi, Mariborska c. 37",731,358,0.4897,358,356,2,1.0,167,0.469101,189,0.530899
2147,VE 5000 - CELJE,VO 5011 - RADLJE,26,"DRU Radlje ob Dravi, Mariborska c. 26",1350,687,0.5089,687,682,5,1.0,335,0.491202,347,0.508798
2148,VE 5000 - CELJE,VO 5011 - RADLJE,27,"OŠ Radlje ob Dravi, Koroška c. 17, Radlje ob Dravi",691,364,0.5268,364,360,4,1.0,143,0.397222,217,0.602778
2149,VE 5000 - CELJE,VO 5011 - RADLJE,28,"Ribiški dom Radlje ob Dravi, Zg. Vižinga 1",381,177,0.4646,177,176,1,1.0,99,0.5625,77,0.4375
2150,VE 5000 - CELJE,VO 5011 - RADLJE,29,"Bar Vas, Vas 32, Radlje ob Dravi",360,193,0.5361,193,191,2,1.0,82,0.429319,109,0.570681
2151,VE 5000 - CELJE,VO 5011 - RADLJE,30,"KS Sv. Anton na Pohorju, Sv. Anton na Poh. 59",150,65,0.4333,65,65,0,1.0,36,0.553846,29,0.446154
2152,VE 5000 - CELJE,VO 5011 - RADLJE,31,"VD Vuhred, Vuhred 1, Vuhred",670,378,0.5642,378,377,1,1.0,223,0.591512,154,0.408488
2153,VE 5000 - CELJE,VO 5011 - RADLJE,32,"Dvorana KS Remšnik, Remšnik 5, Podvelka",441,214,0.4853,214,213,1,1.0,116,0.544601,97,0.455399
2154,VE 5000 - CELJE,VO 5011 - RADLJE,33,"OŠ Vuzenica, Mladinska ul. 3, Vuzenica",706,414,0.5864,414,409,5,1.0,171,0.418093,238,0.581907
2155,VE 5000 - CELJE,VO 5011 - RADLJE,34,"Kulturno upravni center, Sejmarska ul. 2, Vuzenica",745,384,0.5154,384,383,1,1.0,149,0.389034,234,0.610966
2156,VE 5000 - CELJE,VO 5011 - RADLJE,35,"Društveni prostori Sv. Vid, Sv. Vid bš, Vuzenica",336,198,0.5893,198,198,0,1.0,86,0.434343,112,0.565657
2157,VE 5000 - CELJE,VO 5011 - RADLJE,36,"DK Sv. Primož na Pohorju, Sv.Primož na Poh. 22",189,88,0.4656,88,87,1,1.0,49,0.563218,38,0.436782
2158,VE 5000 - CELJE,VO 5011 - RADLJE,37,"Gostišče Prodnar, Sv. Primož na Poh. 1, Vuzenica",227,106,0.467,106,106,0,1.0,34,0.320755,72,0.679245
2159,VE 5000 - CELJE,VO 5011 - RADLJE,901,Predčasno glasovanje,0,412,0.0,412,406,6,1.0,150,0.369458,256,0.630542
2160,VE 5000 - CELJE,VO 5011 - RADLJE,902,"Predčasno glasovanje, UE Dravograd, Meža 10, Dravograd",0,328,0.0,328,324,4,1.0,118,0.364198,206,0.635802
2161,VE 5000 - CELJE,VO 5011 - RADLJE,970,OMNIA od: 5011,0,13,0.0,13,13,0,1.0,5,0.384615,8,0.615385
2162,VE 5000 - CELJE,VO 5011 - RADLJE,997,Pošta doma OVK,0,23,0.0,22,22,0,1.0,9,0.409091,13,0.590909
2163,VE 5000 - CELJE,VO 5011 - RADLJE,9975000,Pošta doma VKVE,0,0,0.0,0,0,0,,0,0.0,0,0.0
2164,VE 5000 - CELJE,VO 5011 - RADLJE,99799,Pošta doma DVK,0,0,0.0,0,0,0,,0,0.0,0,0.0
2165,VE 5000 - CELJE,VO 5011 - RADLJE,998,Pošta tujina OVK,0,31,0.0,31,26,5,1.0,12,0.461538,14,0.538462
2166,VE 5000 - CELJE,VO 5011 - RADLJE,9985000,Pošta tujina VKVE,0,0,0.0,0,0,0,,0,0.0,0,0.0
2167,VE 5000 - CELJE,VO 5011 - RADLJE,99899,Pošta tujina DVK,0,0,0.0,0,0,0,,0,0.0,0,0.0
2168,VE 5000 - CELJE,VO 5011 - RADLJE,999,Posebni volilni imenik,1091,0,0.0,0,0,0,,0,0.0,0,0.0
2169,VE 6000 - NOVO MESTO,VO 6001 - ČRNOMELJ,1,"OŠ Loka, Kidričeva ul. 18, 8340 Črnomelj",625,313,0.5008,313,311,2,1.0,134,0.430868,177,0.569132
2170,VE 6000 - NOVO MESTO,VO 6001 - ČRNOMELJ,2,"ŠDNŠ Bela krajina, Pri stadionu 2, 8340 Črnomelj",521,275,0.5278,275,272,3,1.0,110,0.404412,162,0.595588
2171,VE 6000 - NOVO MESTO,VO 6001 - ČRNOMELJ,4,"OŠ M. Jarca, Ul. O. Župančiča 8, 8340 Črnomelj",883,467,0.5289,467,464,3,1.0,217,0.467672,247,0.532328
2172,VE 6000 - NOVO MESTO,VO 6001 - ČRNOMELJ,6,"GD Vranoviči, Vranoviči 17, 8332 Gradac",105,68,0.6476,68,66,2,1.0,32,0.484848,34,0.515152
2173,VE 6000 - NOVO MESTO,VO 6001 - ČRNOMELJ,7,"DO Črnomelj, Ulica 21.oktobra 10, 8340 Črnomelj",985,451,0.4579,451,444,7,1.0,173,0.38964,271,0.61036
2174,VE 6000 - NOVO MESTO,VO 6001 - ČRNOMELJ,10,"OV Čardak, Čardak 1, 8340 Črnomelj",996,466,0.4679,466,460,6,1.0,184,0.4,276,0.6
2175,VE 6000 - NOVO MESTO,VO 6001 - ČRNOMELJ,11,"KD Adlešiči, Adlešiči 13a, 8341 Adlešiči",585,275,0.4701,275,271,4,1.0,109,0.402214,162,0.597786
2176,VE 6000 - NOVO MESTO,VO 6001 - ČRNOMELJ,15,"GD Žuniči, Žuniči 1a, 8341 Adlešiči",77,49,0.6364,49,48,1,1.0,19,0.395833,29,0.604167
2177,VE 6000 - NOVO MESTO,VO 6001 - ČRNOMELJ,16,"GD Butoraj, Butoraj 29, 8340 Črnomelj",162,117,0.7222,117,115,2,1.0,45,0.391304,70,0.608696
2178,VE 6000 - NOVO MESTO,VO 6001 - ČRNOMELJ,17,"GD Dobliče, Dobliče 22, 8340 Črnomelj",397,221,0.5567,221,221,0,1.0,139,0.628959,82,0.371041
2179,VE 6000 - NOVO MESTO,VO 6001 - ČRNOMELJ,18,"Picerija PRI DELIČU, Kanižarica 15a, 8340 Črnomelj",546,204,0.3736,204,202,2,1.0,90,0.445545,112,0.554455
2180,VE 6000 - NOVO MESTO,VO 6001 - ČRNOMELJ,20,"OŠ Dragatuš, Dragatuš 48, 8343 Dragatuš",474,275,0.5802,275,273,2,1.0,143,0.52381,130,0.47619
2181,VE 6000 - NOVO MESTO,VO 6001 - ČRNOMELJ,22,"GD Tanča Gora, Tanča Gora 17b, 8343 Dragatuš",396,215,0.5429,215,212,3,1.0,108,0.509434,104,0.490566
2182,VE 6000 - NOVO MESTO,VO 6001 - ČRNOMELJ,23,"M.Nerajec pri F.Panjanu,M.Nerajec 8,8343 Dragatuš",275,127,0.4618,127,124,3,1.0,77,0.620968,47,0.379032
2183,VE 6000 - NOVO MESTO,VO 6001 - ČRNOMELJ,24,"OŠ Griblje, Griblje 38, 8332 Gradac",324,170,0.5247,170,169,1,1.0,104,0.615385,65,0.384615
2184,VE 6000 - NOVO MESTO,VO 6001 - ČRNOMELJ,26,"Lokve trgovina Vizir, Lokve 10b, 8340 Črnomelj",375,97,0.2587,97,97,0,1.0,43,0.443299,54,0.556701
2185,VE 6000 - NOVO MESTO,VO 6001 - ČRNOMELJ,27,"GD Petrova vas, Mihelja vas 4, 8340 Črnomelj",312,160,0.5128,160,159,1,1.0,92,0.578616,67,0.421384
2186,VE 6000 - NOVO MESTO,VO 6001 - ČRNOMELJ,29,"KS Sinji Vrh, Sinji Vrh 1a, 8344 Vinica",187,89,0.4759,89,88,1,1.0,40,0.454545,48,0.545455
2187,VE 6000 - NOVO MESTO,VO 6001 - ČRNOMELJ,31,"GD Radenci, G. Radenci 7a,8242 Stari trg ob Kolpi",70,55,0.7857,55,55,0,1.0,24,0.436364,31,0.563636
2188,VE 6000 - NOVO MESTO,VO 6001 - ČRNOMELJ,32,"OŠ Stari trg ob Kolpi, Stari trg ob Kolpi 7",165,98,0.5939,98,98,0,1.0,48,0.489796,50,0.510204
2189,VE 6000 - NOVO MESTO,VO 6001 - ČRNOMELJ,33,"OŠ Zagozdac, Zagozdac bš, 8342 Stari trg ob Kolpi",47,28,0.5957,28,28,0,1.0,16,0.571429,12,0.428571
2190,VE 6000 - NOVO MESTO,VO 6001 - ČRNOMELJ,34,"GD Rodine, Rodine 14a, 8340 Črnomelj",130,62,0.4769,62,61,1,1.0,22,0.360656,39,0.639344
2191,VE 6000 - NOVO MESTO,VO 6001 - ČRNOMELJ,35,"GD Otovec, Otovec 4a, 8340 Črnomelj",113,66,0.5841,66,62,4,1.0,37,0.596774,25,0.403226
2192,VE 6000 - NOVO MESTO,VO 6001 - ČRNOMELJ,36,"GD Mavrlen, Mavrlen 2a, 8340 Črnomelj",379,177,0.467,177,174,3,1.0,75,0.431034,99,0.568966
2193,VE 6000 - NOVO MESTO,VO 6001 - ČRNOMELJ,37,"GD Tribuče, Tribuče 34a, 8340 Črnomelj",253,155,0.6126,155,154,1,1.0,70,0.454545,84,0.545455
2194,VE 6000 - NOVO MESTO,VO 6001 - ČRNOMELJ,38,"Desinec pri S. Sedlarju, Desinec 1a,8340 Črnomelj",131,60,0.458,60,59,1,1.0,36,0.610169,23,0.389831
2195,VE 6000 - NOVO MESTO,VO 6001 - ČRNOMELJ,39,"GD Hrast pri Vinici, H. pri Vinici 18,8344 Vinica",167,70,0.4192,70,68,2,1.0,42,0.617647,26,0.382353
2196,VE 6000 - NOVO MESTO,VO 6001 - ČRNOMELJ,40,"GD Preloka, Preloka 17, 8344 Vinica",90,55,0.6111,55,55,0,1.0,36,0.654545,19,0.345455
2197,VE 6000 - NOVO MESTO,VO 6001 - ČRNOMELJ,41,"Stara Lipa pri J. Tomecu, S. Lipa 1a, 8344 Vinica",178,99,0.5562,99,99,0,1.0,72,0.727273,27,0.272727
2198,VE 6000 - NOVO MESTO,VO 6001 - ČRNOMELJ,43,"DK Vinica, Vinica 44, 8344 Vinica ",688,334,0.4855,334,332,2,1.0,166,0.5,166,0.5
2199,VE 6000 - NOVO MESTO,VO 6001 - ČRNOMELJ,44,"GD Zilje, Zilje 37, 8344 Vinica",149,103,0.6913,103,102,1,1.0,62,0.607843,40,0.392157
2200,VE 6000 - NOVO MESTO,VO 6001 - ČRNOMELJ,45,"GD Bojanci, Bojanci 1, 8344 Vinica",68,38,0.5588,38,36,2,1.0,6,0.166667,30,0.833333
2201,VE 6000 - NOVO MESTO,VO 6001 - ČRNOMELJ,47,"DK Božakovo, Božakovo 24, 8330 Metlika",179,103,0.5754,103,102,1,1.0,83,0.813725,19,0.186275
2202,VE 6000 - NOVO MESTO,VO 6001 - ČRNOMELJ,48,"GD Krivoglavice, Krivoglavice 10, 8332 Gradac",182,91,0.5,91,91,0,1.0,24,0.263736,67,0.736264
2203,VE 6000 - NOVO MESTO,VO 6001 - ČRNOMELJ,49,"GD Drašiči, Drašiči 35, 8330 Metlika",227,121,0.533,121,120,1,1.0,94,0.783333,26,0.216667
2204,VE 6000 - NOVO MESTO,VO 6001 - ČRNOMELJ,50,"GD Grabrovec, Grabrovec 3, 8330 Metlika",134,88,0.6567,88,88,0,1.0,44,0.5,44,0.5
2205,VE 6000 - NOVO MESTO,VO 6001 - ČRNOMELJ,51,"GD Gradac, Gradac 142, 8332 Gradac",373,201,0.5389,201,198,3,1.0,77,0.388889,121,0.611111
2206,VE 6000 - NOVO MESTO,VO 6001 - ČRNOMELJ,52,"GD Sela pri Jugorju, S. pri Jugorju 2, 8331 Suhor",95,49,0.5158,49,49,0,1.0,16,0.326531,33,0.673469
2207,VE 6000 - NOVO MESTO,VO 6001 - ČRNOMELJ,53,"GD Dolnja Lokvica, Do. Lokvica 2a, 8330 Metlika",315,184,0.5841,184,181,3,1.0,100,0.552486,81,0.447514
2208,VE 6000 - NOVO MESTO,VO 6001 - ČRNOMELJ,54,"MC Metlika, CBE 43, 8330  Metlika",516,262,0.5078,262,256,6,1.0,85,0.332031,171,0.667969
2209,VE 6000 - NOVO MESTO,VO 6001 - ČRNOMELJ,55,"GD Metlika, Črnomaljska c. 3, 8330 Metlika",339,144,0.4248,144,144,0,1.0,47,0.326389,97,0.673611
2210,VE 6000 - NOVO MESTO,VO 6001 - ČRNOMELJ,56,"Metlika STATUS doo, Ul.Bel.odreda 19, 8330 Metlika",696,308,0.4425,308,305,3,1.0,126,0.413115,179,0.586885
2211,VE 6000 - NOVO MESTO,VO 6001 - ČRNOMELJ,58,"OV Metlika, Župančičeva c. 1 , 8330 Metlika",483,226,0.4679,226,220,6,1.0,54,0.245455,166,0.754545
2212,VE 6000 - NOVO MESTO,VO 6001 - ČRNOMELJ,59,"OOZ Metlika, Partizanski trg 5, 8330 Metlika",503,259,0.5149,259,255,4,1.0,126,0.494118,129,0.505882
2213,VE 6000 - NOVO MESTO,VO 6001 - ČRNOMELJ,61,"GD Podzemelj, Podzemelj 16b, 8332 Gradac",530,288,0.5434,288,286,2,1.0,149,0.520979,137,0.479021
2214,VE 6000 - NOVO MESTO,VO 6001 - ČRNOMELJ,62,"GD Krasinec, Krasinec 3b, 8332 Gradac",150,107,0.7133,107,107,0,1.0,77,0.719626,30,0.280374
2215,VE 6000 - NOVO MESTO,VO 6001 - ČRNOMELJ,64,"OŠ Radovica, Radovica 23, 8330 Metlika",334,168,0.503,168,165,3,1.0,111,0.672727,54,0.327273
2216,VE 6000 - NOVO MESTO,VO 6001 - ČRNOMELJ,65,"GD Rosalnice, Rosalnice 80, 8330 Metlika",577,250,0.4333,250,250,0,1.0,115,0.46,135,0.54
2217,VE 6000 - NOVO MESTO,VO 6001 - ČRNOMELJ,66,"GD Slamna vas, Slamna vas 8a, 8330 Metlika",121,87,0.719,87,86,1,1.0,48,0.55814,38,0.44186
2218,VE 6000 - NOVO MESTO,VO 6001 - ČRNOMELJ,67,"GD D. Suhor pri Metliki, D. Suhor pri Metliki 25",748,373,0.4987,373,366,7,1.0,145,0.396175,221,0.603825
2219,VE 6000 - NOVO MESTO,VO 6001 - ČRNOMELJ,68,"GD Črmošnjice, Črmošnjice 24, 8333 Semič",232,95,0.4095,95,93,2,1.0,42,0.451613,51,0.548387
2220,VE 6000 - NOVO MESTO,VO 6001 - ČRNOMELJ,69,"GD Cerovec pri Črešnjevcu,Cerov. pri Črešnjevcu 4",209,120,0.5742,120,119,1,1.0,68,0.571429,51,0.428571
2221,VE 6000 - NOVO MESTO,VO 6001 - ČRNOMELJ,71,"GD Spodnje Gorenjce, Sp.Gorenjce 32, 8333 Semič",444,223,0.5023,223,221,2,1.0,100,0.452489,121,0.547511
2222,VE 6000 - NOVO MESTO,VO 6001 - ČRNOMELJ,72,"Nestoplja vas pri M.Pečavarju, Nestoplja vas 1",104,60,0.5769,60,60,0,1.0,28,0.466667,32,0.533333
2223,VE 6000 - NOVO MESTO,VO 6001 - ČRNOMELJ,73,"KC Semič, Prosvetna ul. 4, 8333 Semič",1238,625,0.5048,625,619,6,1.0,286,0.462036,333,0.537964
2224,VE 6000 - NOVO MESTO,VO 6001 - ČRNOMELJ,74,"Osojnik pri R.Kondi, Osojnik 15, 8333 Semič",141,84,0.5957,84,84,0,1.0,48,0.571429,36,0.428571
2225,VE 6000 - NOVO MESTO,VO 6001 - ČRNOMELJ,75,"GD Rožni Dol, Rožni Dol 5, 8333 Semič",112,64,0.5714,64,63,1,1.0,37,0.587302,26,0.412698
2226,VE 6000 - NOVO MESTO,VO 6001 - ČRNOMELJ,76,"GD Stranska vas pri Semiču,Praprot 15, 8333 Semič",222,147,0.6622,147,147,0,1.0,84,0.571429,63,0.428571
2227,VE 6000 - NOVO MESTO,VO 6001 - ČRNOMELJ,77,"GD Štrekljevec, Štrekljevec 1c, 8333 Semič",433,239,0.552,239,238,1,1.0,147,0.617647,91,0.382353
2228,VE 6000 - NOVO MESTO,VO 6001 - ČRNOMELJ,80,"Črnomelj trgovina NINA,Prečna ul.4, 8340 Črnomelj",332,192,0.5783,192,192,0,1.0,74,0.385417,118,0.614583
2229,VE 6000 - NOVO MESTO,VO 6001 - ČRNOMELJ,901,Predčasno glasovanje,0,468,0.0,468,463,5,1.0,151,0.326134,312,0.673866
2230,VE 6000 - NOVO MESTO,VO 6001 - ČRNOMELJ,902,Predčasno glasovanje Metlika,0,150,0.0,150,149,1,1.0,56,0.375839,93,0.624161
2231,VE 6000 - NOVO MESTO,VO 6001 - ČRNOMELJ,970,OMNIA od: 6001,0,44,0.0,44,44,0,1.0,26,0.590909,18,0.409091
2232,VE 6000 - NOVO MESTO,VO 6001 - ČRNOMELJ,997,Pošta doma OVK,0,43,0.0,43,43,0,1.0,24,0.55814,19,0.44186
2233,VE 6000 - NOVO MESTO,VO 6001 - ČRNOMELJ,9976000,Pošta doma VKVE,0,0,0.0,0,0,0,,0,0.0,0,0.0
2234,VE 6000 - NOVO MESTO,VO 6001 - ČRNOMELJ,99799,Pošta doma DVK,0,0,0.0,0,0,0,,0,0.0,0,0.0
2235,VE 6000 - NOVO MESTO,VO 6001 - ČRNOMELJ,998,Pošta tujina OVK,0,33,0.0,33,31,2,1.0,16,0.516129,15,0.483871
2236,VE 6000 - NOVO MESTO,VO 6001 - ČRNOMELJ,9986000,Pošta tujina VKVE,0,0,0.0,0,0,0,,0,0.0,0,0.0
2237,VE 6000 - NOVO MESTO,VO 6001 - ČRNOMELJ,99899,Pošta tujina DVK,0,0,0.0,0,0,0,,0,0.0,0,0.0
2238,VE 6000 - NOVO MESTO,VO 6001 - ČRNOMELJ,999,Posebni volilni imenik,1964,0,0.0,0,0,0,,0,0.0,0,0.0
2239,VE 6000 - NOVO MESTO,VO 6002 - NOVO MESTO 1,1,"OŠ Šmihel, Podr. šola Birčna vas, Birčna vas 1",396,192,0.4848,192,185,7,1.0,89,0.481081,96,0.518919
2240,VE 6000 - NOVO MESTO,VO 6002 - NOVO MESTO 1,2,"KC Dol.Toplice, Sokolski trg 4, 8350 Dol. Toplice",1095,643,0.5872,642,632,10,1.0,262,0.414557,370,0.585443
2241,VE 6000 - NOVO MESTO,VO 6002 - NOVO MESTO 1,3,"GD Dolž, Lipnica 5, 8000 Novo mesto",491,265,0.5397,265,265,0,1.0,193,0.728302,72,0.271698
2242,VE 6000 - NOVO MESTO,VO 6002 - NOVO MESTO 1,4,"Hiša žive dediščine - dvorana, Bela Cerkev 6",757,418,0.5522,418,415,3,1.0,218,0.525301,197,0.474699
2243,VE 6000 - NOVO MESTO,VO 6002 - NOVO MESTO 1,5,"KD Gomile, Gomile 10, 8321 Brusnice",549,277,0.5046,277,275,2,1.0,159,0.578182,116,0.421818
2244,VE 6000 - NOVO MESTO,VO 6002 - NOVO MESTO 1,6,"Vaški dom Dolenje Sušice, Dolenje. Sušice bš",416,194,0.4663,194,193,1,1.0,110,0.569948,83,0.430052
2245,VE 6000 - NOVO MESTO,VO 6002 - NOVO MESTO 1,7,"KS kletni prostori - Hrušica, Hrušica bš",195,96,0.4923,96,96,0,1.0,68,0.708333,28,0.291667
2246,VE 6000 - NOVO MESTO,VO 6002 - NOVO MESTO 1,8,"KD Šmarjeta-dvorana,Šmarjeta 66, 8220 Šm. Toplice",840,454,0.5405,454,450,4,1.0,293,0.651111,157,0.348889
2247,VE 6000 - NOVO MESTO,VO 6002 - NOVO MESTO 1,9,"GD Mali Podljuben,M. Podljuben 20,8000 Novo mesto",168,105,0.625,105,105,0,1.0,75,0.714286,30,0.285714
2248,VE 6000 - NOVO MESTO,VO 6002 - NOVO MESTO 1,10,"GD Orešje, Orešje 17, 8220 Šmarješke Toplice",211,124,0.5877,124,124,0,1.0,66,0.532258,58,0.467742
2249,VE 6000 - NOVO MESTO,VO 6002 - NOVO MESTO 1,11,"""Prinovec"" Šmarješke Toplice, Šmar. Toplice 116",596,297,0.4983,297,294,3,1.0,144,0.489796,150,0.510204
2250,VE 6000 - NOVO MESTO,VO 6002 - NOVO MESTO 1,12,"GD Zbure, Zbure 29a, 8220 Šmarješke Toplice",281,170,0.605,170,170,0,1.0,102,0.6,68,0.4
2251,VE 6000 - NOVO MESTO,VO 6002 - NOVO MESTO 1,13,"Muzej L. Slaka in T. Pavčka, Trg 8,8216 Mirna Peč",963,557,0.5784,557,553,4,1.0,346,0.625678,207,0.374322
2252,VE 6000 - NOVO MESTO,VO 6002 - NOVO MESTO 1,14,"OŠ T. Pavčka, Postaja 1, 8216 Mirna Peč",898,511,0.569,511,506,5,1.0,322,0.636364,184,0.363636
2253,VE 6000 - NOVO MESTO,VO 6002 - NOVO MESTO 1,15,"GD Jablan, Jablan 20, 8216 Mirna Peč",400,252,0.63,252,251,1,1.0,163,0.649402,88,0.350598
2254,VE 6000 - NOVO MESTO,VO 6002 - NOVO MESTO 1,16,"GD Gorenji Globodol,G. Globodol 38,8216 Mirna Peč",175,103,0.5886,103,103,0,1.0,81,0.786408,22,0.213592
2255,VE 6000 - NOVO MESTO,VO 6002 - NOVO MESTO 1,18,"GD Podgrad, Podgrad 38, 8000 Novo mesto",756,422,0.5582,422,417,5,1.0,295,0.707434,122,0.292566
2256,VE 6000 - NOVO MESTO,VO 6002 - NOVO MESTO 1,19,"Prosvetni dom Podhosta,Podhosta bš,8350 D.Toplice",587,367,0.6252,367,360,7,1.0,229,0.636111,131,0.363889
2257,VE 6000 - NOVO MESTO,VO 6002 - NOVO MESTO 1,20,"GD Podturn pri D.Toplicah,Podt. pri D.Toplicah 12",493,266,0.5396,266,265,1,1.0,136,0.513208,129,0.486792
2258,VE 6000 - NOVO MESTO,VO 6002 - NOVO MESTO 1,22,"GD Ratež, Ratež 47, 8321 Brusnice",433,233,0.5381,233,233,0,1.0,113,0.484979,120,0.515021
2259,VE 6000 - NOVO MESTO,VO 6002 - NOVO MESTO 1,24,"GD Soteska, Soteska 38,8351 Straža pri Novem mest",211,112,0.5308,112,110,2,1.0,49,0.445455,61,0.554545
2260,VE 6000 - NOVO MESTO,VO 6002 - NOVO MESTO 1,25,"GD Stopiče, Stopiče 3, 8322 Stopiče",1384,766,0.5535,766,760,6,1.0,482,0.634211,278,0.365789
2261,VE 6000 - NOVO MESTO,VO 6002 - NOVO MESTO 1,26,"GD Stranska vas, Stranska vas 70, 8000 Novo mesto",556,297,0.5342,297,295,2,1.0,183,0.620339,112,0.379661
2262,VE 6000 - NOVO MESTO,VO 6002 - NOVO MESTO 1,29," ZDD Uršna sela, Vaška c. 4 , 8323  Uršna sela",580,309,0.5328,309,309,0,1.0,119,0.385113,190,0.614887
2263,VE 6000 - NOVO MESTO,VO 6002 - NOVO MESTO 1,31,"OŠ Brusnice, Velike Brusnice 101, 8321 Brusnice",684,407,0.595,407,406,1,1.0,227,0.559113,179,0.440887
2264,VE 6000 - NOVO MESTO,VO 6002 - NOVO MESTO 1,32,"OŠ Žužemberk, Baragova c. 1, 8360 Žužemberk",1025,627,0.6117,627,623,4,1.0,386,0.619583,237,0.380417
2265,VE 6000 - NOVO MESTO,VO 6002 - NOVO MESTO 1,33,"Kartuzija Pleterje, Drča 1, 8310 Šentjernej",212,110,0.5189,110,110,0,1.0,73,0.663636,37,0.336364
2266,VE 6000 - NOVO MESTO,VO 6002 - NOVO MESTO 1,34,"GD Cerov Log, Cerov Log 1, 8310 Šentjernej",192,127,0.6615,127,127,0,1.0,66,0.519685,61,0.480315
2267,VE 6000 - NOVO MESTO,VO 6002 - NOVO MESTO 1,35,"Karlovček d.o.o.,Vrh pri Šentj. 5,8310 Šentjernej",485,329,0.6784,329,328,1,1.0,225,0.685976,103,0.314024
2268,VE 6000 - NOVO MESTO,VO 6002 - NOVO MESTO 1,36,"B. Gorišek-Dolenja Brezovica, Dolenja Brezovica 1",335,211,0.6299,211,210,1,1.0,109,0.519048,101,0.480952
2269,VE 6000 - NOVO MESTO,VO 6002 - NOVO MESTO 1,37,"GD Dolenja Stara vas, Dolenja Stara vas 43",348,213,0.6121,213,209,4,1.0,121,0.578947,88,0.421053
2270,VE 6000 - NOVO MESTO,VO 6002 - NOVO MESTO 1,38,"GD Dol. Mokro Polje, D.M.Polje 4, 8310 Šentjernej",300,195,0.65,195,192,3,1.0,132,0.6875,60,0.3125
2271,VE 6000 - NOVO MESTO,VO 6002 - NOVO MESTO 1,39,"GD Dol. Maharovec, D.Maharovec 19,8310 Šentjernej",337,219,0.6499,219,219,0,1.0,150,0.684932,69,0.315068
2272,VE 6000 - NOVO MESTO,VO 6002 - NOVO MESTO 1,40,"M. Tajčman-Gorenja Gomila, Gorenja Gomila 5",186,129,0.6935,129,128,1,1.0,75,0.585938,53,0.414062
2273,VE 6000 - NOVO MESTO,VO 6002 - NOVO MESTO 1,41,"GD Gorenja Stara vas,G.St. vas 21,8310 Šentjernej",156,87,0.5577,87,86,1,1.0,45,0.523256,41,0.476744
2274,VE 6000 - NOVO MESTO,VO 6002 - NOVO MESTO 1,42,"GD Gorenje Vrhpolje,G.Vrhpolje 86,8310 Šentjernej",512,299,0.584,299,297,2,1.0,152,0.511785,145,0.488215
2275,VE 6000 - NOVO MESTO,VO 6002 - NOVO MESTO 1,43,"GD Groblje pri Prekopi, Groblje pri Prekopi 36",459,268,0.5839,268,263,5,1.0,200,0.760456,63,0.239544
2276,VE 6000 - NOVO MESTO,VO 6002 - NOVO MESTO 1,44,"GD Orehovica, Orehovica 57, 8310 Šentjernej",462,264,0.5714,264,256,8,1.0,152,0.59375,104,0.40625
2277,VE 6000 - NOVO MESTO,VO 6002 - NOVO MESTO 1,45,"A. Turk - Roje, Roje 12, 8310 Šentjernej",281,130,0.4626,130,129,1,1.0,99,0.767442,30,0.232558
2278,VE 6000 - NOVO MESTO,VO 6002 - NOVO MESTO 1,46,"Mizarstvo Cvelbar, Mršeča vas 1, 8310 Šentjernej",173,96,0.5549,96,96,0,1.0,73,0.760417,23,0.239583
2279,VE 6000 - NOVO MESTO,VO 6002 - NOVO MESTO 1,48,"OŠ Šentjernej, Prvomajska c. 9, 8310 Šentjernej",634,404,0.6372,404,402,2,1.0,211,0.524876,191,0.475124
2280,VE 6000 - NOVO MESTO,VO 6002 - NOVO MESTO 1,49,"KC P. Trubarja Šentjernej, Trubarjeva c. 13",621,365,0.5878,365,359,6,1.0,179,0.498607,180,0.501393
2281,VE 6000 - NOVO MESTO,VO 6002 - NOVO MESTO 1,50,"GD Reber, Reber 16, 8360 Žužemberk",123,85,0.6911,85,85,0,1.0,62,0.729412,23,0.270588
2282,VE 6000 - NOVO MESTO,VO 6002 - NOVO MESTO 1,51,"GD Vrh pri Križu, Vrh pri Križu 17,8360 Žužemberk",109,78,0.7156,78,78,0,1.0,54,0.692308,24,0.307692
2283,VE 6000 - NOVO MESTO,VO 6002 - NOVO MESTO 1,52,"DK Veliko Lipje, Veliko Lipje 3, 8360 Žužemberk",125,77,0.616,77,77,0,1.0,52,0.675325,25,0.324675
2284,VE 6000 - NOVO MESTO,VO 6002 - NOVO MESTO 1,53,"GD Šmihel pri Žužemberku, Šm. pri  Žužemberku 38",379,218,0.5752,218,216,2,1.0,154,0.712963,62,0.287037
2285,VE 6000 - NOVO MESTO,VO 6002 - NOVO MESTO 1,54,"GD Dolnji Ajdovec, Dolnji Ajdovec 21, 8361 Dvor",444,250,0.5631,250,250,0,1.0,214,0.856,36,0.144
2286,VE 6000 - NOVO MESTO,VO 6002 - NOVO MESTO 1,55,"GD Hinje, Hinje 38, 8362 Hinje",156,88,0.5641,88,88,0,1.0,69,0.784091,19,0.215909
2287,VE 6000 - NOVO MESTO,VO 6002 - NOVO MESTO 1,56,"OŠ Prevole, Prevole 32, 8362 Hinje",98,54,0.551,54,54,0,1.0,44,0.814815,10,0.185185
2288,VE 6000 - NOVO MESTO,VO 6002 - NOVO MESTO 1,57,"E.Škufca-Sela pri Hinjah,S.pri Hinjah11,8362Hinje",154,67,0.4351,67,66,1,1.0,53,0.80303,13,0.19697
2289,VE 6000 - NOVO MESTO,VO 6002 - NOVO MESTO 1,58,"GD Žvirče, Žvirče bš, 8362 Hinje",102,65,0.6373,65,63,2,1.0,56,0.888889,7,0.111111
2290,VE 6000 - NOVO MESTO,VO 6002 - NOVO MESTO 1,59,"OŠ Žužemberk, Podr. šola Dvor, 23d, 8361 Dvor",1052,642,0.6103,642,636,6,1.0,447,0.70283,189,0.29717
2291,VE 6000 - NOVO MESTO,VO 6002 - NOVO MESTO 1,901,Predčasno glasovanje,0,221,0.0,221,220,1,1.0,106,0.481818,114,0.518182
2292,VE 6000 - NOVO MESTO,VO 6002 - NOVO MESTO 1,997,Pošta doma OVK,0,22,0.0,22,22,0,1.0,17,0.772727,5,0.227273
2293,VE 6000 - NOVO MESTO,VO 6002 - NOVO MESTO 1,9976000,Pošta doma VKVE,0,0,0.0,0,0,0,,0,0.0,0,0.0
2294,VE 6000 - NOVO MESTO,VO 6002 - NOVO MESTO 1,99799,Pošta doma DVK,0,0,0.0,0,0,0,,0,0.0,0,0.0
2295,VE 6000 - NOVO MESTO,VO 6002 - NOVO MESTO 1,998,Pošta tujina OVK,0,13,0.0,13,13,0,1.0,6,0.461538,7,0.538462
2296,VE 6000 - NOVO MESTO,VO 6002 - NOVO MESTO 1,9986000,Pošta tujina VKVE,0,0,0.0,0,0,0,,0,0.0,0,0.0
2297,VE 6000 - NOVO MESTO,VO 6002 - NOVO MESTO 1,99899,Pošta tujina DVK,0,0,0.0,0,0,0,,0,0.0,0,0.0
2298,VE 6000 - NOVO MESTO,VO 6002 - NOVO MESTO 1,999,Posebni volilni imenik,831,0,0.0,0,0,0,,0,0.0,0,0.0
2299,VE 6000 - NOVO MESTO,VO 6003 - NOVO MESTO 2,1,"RIC, Topliška c. 2, 8000 Novo mesto",927,518,0.5588,517,515,2,1.0,226,0.438835,289,0.561165
2300,VE 6000 - NOVO MESTO,VO 6003 - NOVO MESTO 2,2,"Stara OŠ, Dolenje Karteljevo 29, 8000 Novo mesto",228,144,0.6316,144,144,0,1.0,109,0.756944,35,0.243056
2301,VE 6000 - NOVO MESTO,VO 6003 - NOVO MESTO 2,4,"Vrtec Pedenjped, Šegova ul. 22, 8000 Novo mesto",1185,633,0.5342,633,627,6,1.0,203,0.323764,424,0.676236
2302,VE 6000 - NOVO MESTO,VO 6003 - NOVO MESTO 2,5,"Prostori KS, Ul. Slavka Gruma 9, 8000 Novo mesto",1386,637,0.4596,637,630,7,1.0,187,0.296825,443,0.703175
2303,VE 6000 - NOVO MESTO,VO 6003 - NOVO MESTO 2,6,"Janez Miklič, Gorenje Kamence 9, 8000 Novo mesto",254,159,0.626,159,159,0,1.0,103,0.647799,56,0.352201
2304,VE 6000 - NOVO MESTO,VO 6003 - NOVO MESTO 2,8,"DK KS Gotna vas, Jedinščica 58, 8000 Novo mesto",861,489,0.5679,489,484,5,1.0,219,0.452479,265,0.547521
2305,VE 6000 - NOVO MESTO,VO 6003 - NOVO MESTO 2,9,"OŠ Mali Slatnik, Mali Slatnik 7, 8000 Novo mesto",1148,678,0.5906,678,675,3,1.0,342,0.506667,333,0.493333
2306,VE 6000 - NOVO MESTO,VO 6003 - NOVO MESTO 2,10,"GD Križe, Križe 27, 8000 Novo mesto",379,206,0.5435,206,201,5,1.0,111,0.552239,90,0.447761
2307,VE 6000 - NOVO MESTO,VO 6003 - NOVO MESTO 2,11,"DK Regrča vas, Regrča vas 101, 8000 Novo  mesto",792,481,0.6073,481,474,7,1.0,206,0.434599,268,0.565401
2308,VE 6000 - NOVO MESTO,VO 6003 - NOVO MESTO 2,12,"GD Straža, Novomeška c. 1, 8351 Straža",583,329,0.5643,329,327,2,1.0,167,0.510703,160,0.489297
2309,VE 6000 - NOVO MESTO,VO 6003 - NOVO MESTO 2,13,"GD Dolenje Kamence,Dol. Kamence 3,8000 Novo mesto",1206,736,0.6103,734,730,4,1.0,432,0.591781,298,0.408219
2310,VE 6000 - NOVO MESTO,VO 6003 - NOVO MESTO 2,14,"KC J. Trdine, Novi trg 5, 8000 Novo mesto",597,264,0.4422,264,263,1,1.0,87,0.330798,176,0.669202
2311,VE 6000 - NOVO MESTO,VO 6003 - NOVO MESTO 2,15,"Vrtec Ciciban I, Ragovska ul. 18, 8000 Novo mesto",986,488,0.4949,488,481,7,1.0,166,0.345114,315,0.654886
2312,VE 6000 - NOVO MESTO,VO 6003 - NOVO MESTO 2,17,"OŠ Bršljin I, Kočevarjeva ul. 40, 8000 Novo mesto",1061,576,0.5429,576,573,3,1.0,220,0.383944,353,0.616056
2313,VE 6000 - NOVO MESTO,VO 6003 - NOVO MESTO 2,18,"Vrtec Ciciban II, Ragovska ul. 18,8000 Novo mesto",811,441,0.5438,441,431,10,1.0,141,0.327146,290,0.672854
2314,VE 6000 - NOVO MESTO,VO 6003 - NOVO MESTO 2,19,"DC, Seidlova c. 28, 8000 Novo mesto",1225,672,0.5486,672,665,7,1.0,297,0.446617,368,0.553383
2315,VE 6000 - NOVO MESTO,VO 6003 - NOVO MESTO 2,20,"Gimnazija Novo mesto,Seidlova c.9,8000 Novo mesto",827,438,0.5296,438,434,4,1.0,155,0.357143,279,0.642857
2316,VE 6000 - NOVO MESTO,VO 6003 - NOVO MESTO 2,22,"DK KS Žabja vas, Šentjernejska c. 10, 8000 NM",685,454,0.6628,454,447,7,1.0,202,0.451902,245,0.548098
2317,VE 6000 - NOVO MESTO,VO 6003 - NOVO MESTO 2,23,"OŠ Grm, Trdinova ul. 7, 8000 Novo mesto",1694,840,0.4959,840,825,15,1.0,281,0.340606,544,0.659394
2318,VE 6000 - NOVO MESTO,VO 6003 - NOVO MESTO 2,24,"OŠ Bršljin II, Kočevarjeva ul. 40,8000 Novo mesto",483,278,0.5756,278,276,2,1.0,118,0.427536,158,0.572464
2319,VE 6000 - NOVO MESTO,VO 6003 - NOVO MESTO 2,25,"Vrtec Žabjak, Brezje 8, 8000 Novo mesto",325,9,0.0277,9,9,0,1.0,5,0.555556,4,0.444444
2320,VE 6000 - NOVO MESTO,VO 6003 - NOVO MESTO 2,26,"MD Drganja sela, Drganja sela 3, 8351 Straža",218,126,0.578,126,123,3,1.0,61,0.495935,62,0.504065
2321,VE 6000 - NOVO MESTO,VO 6003 - NOVO MESTO 2,27,"GD Otočec, Šentpeter 1, 8222 Otočec",1495,878,0.5873,878,873,5,1.0,449,0.514318,424,0.485682
2322,VE 6000 - NOVO MESTO,VO 6003 - NOVO MESTO 2,28,"Matjaževa domačija, Paha 3, 8222 Otočec ",310,170,0.5484,170,167,3,1.0,102,0.610778,65,0.389222
2323,VE 6000 - NOVO MESTO,VO 6003 - NOVO MESTO 2,29,"KD Straža, Na žago 4, 8351 Straža",1092,592,0.5421,592,586,6,1.0,202,0.34471,384,0.65529
2324,VE 6000 - NOVO MESTO,VO 6003 - NOVO MESTO 2,30,"Stara OŠ, Prečna  8, 8000 Novo mesto",795,445,0.5597,445,441,4,1.0,231,0.52381,210,0.47619
2325,VE 6000 - NOVO MESTO,VO 6003 - NOVO MESTO 2,31,"MD Prapreče, Prapreče 22, 8351 Straža",318,195,0.6132,195,194,1,1.0,100,0.515464,94,0.484536
2326,VE 6000 - NOVO MESTO,VO 6003 - NOVO MESTO 2,32,"OŠ Vavta vas, Vavta vas 1, 8351 Straža",442,246,0.5566,246,239,7,1.0,117,0.48954,122,0.51046
2327,VE 6000 - NOVO MESTO,VO 6003 - NOVO MESTO 2,33,"MD Rumanja vas, Rumanja vas bš, 8351 Straža",203,142,0.6995,142,142,0,1.0,70,0.492958,72,0.507042
2328,VE 6000 - NOVO MESTO,VO 6003 - NOVO MESTO 2,34,"Inpro d.o.o. Novo mesto, Loke 4, 8351 Straža",182,93,0.511,93,91,2,1.0,39,0.428571,52,0.571429
2329,VE 6000 - NOVO MESTO,VO 6003 - NOVO MESTO 2,35,"OŠ Šmihel, Šmihel 2, 8000 Novo mesto",1248,696,0.5577,696,691,5,1.0,305,0.441389,386,0.558611
2330,VE 6000 - NOVO MESTO,VO 6003 - NOVO MESTO 2,36,"GD Ždinja vas, Ždinja vas 14, 8000 Novo mesto",308,173,0.5617,173,173,0,1.0,104,0.601156,69,0.398844
2331,VE 6000 - NOVO MESTO,VO 6003 - NOVO MESTO 2,901,Predčasno glasovanje,0,796,0.0,796,793,3,1.0,241,0.303909,552,0.696091
2332,VE 6000 - NOVO MESTO,VO 6003 - NOVO MESTO 2,970,OMNIA od: 6003,0,83,0.0,83,82,1,1.0,31,0.378049,51,0.621951
2333,VE 6000 - NOVO MESTO,VO 6003 - NOVO MESTO 2,997,Pošta doma OVK,0,34,0.0,34,34,0,1.0,13,0.382353,21,0.617647
2334,VE 6000 - NOVO MESTO,VO 6003 - NOVO MESTO 2,9976000,Pošta doma VKVE,0,0,0.0,0,0,0,,0,0.0,0,0.0
2335,VE 6000 - NOVO MESTO,VO 6003 - NOVO MESTO 2,99799,Pošta doma DVK,0,0,0.0,0,0,0,,0,0.0,0,0.0
2336,VE 6000 - NOVO MESTO,VO 6003 - NOVO MESTO 2,998,Pošta tujina OVK,0,45,0.0,45,42,3,1.0,18,0.428571,24,0.571429
2337,VE 6000 - NOVO MESTO,VO 6003 - NOVO MESTO 2,9986000,Pošta tujina VKVE,0,0,0.0,0,0,0,,0,0.0,0,0.0
2338,VE 6000 - NOVO MESTO,VO 6003 - NOVO MESTO 2,99899,Pošta tujina DVK,0,0,0.0,0,0,0,,0,0.0,0,0.0
2339,VE 6000 - NOVO MESTO,VO 6003 - NOVO MESTO 2,999,Posebni volilni imenik,1412,0,0.0,0,0,0,,0,0.0,0,0.0
2340,VE 6000 - NOVO MESTO,VO 6004 - TREBNJE,1,"GD ČATEŽ, Čatež 19, 8212 VELIKA LOKA",448,260,0.5804,260,257,3,1.0,159,0.618677,98,0.381323
2341,VE 6000 - NOVO MESTO,VO 6004 - TREBNJE,2,"Glivar Darko, Korita 6, 8211 Dobrnič",171,118,0.6901,118,118,0,1.0,95,0.805085,23,0.194915
2342,VE 6000 - NOVO MESTO,VO 6004 - TREBNJE,3,"Smolič Pavle, Dobrava 22, 8211 Dobrnič",191,109,0.5707,109,109,0,1.0,79,0.724771,30,0.275229
2343,VE 6000 - NOVO MESTO,VO 6004 - TREBNJE,4,"KD Dobrnič, Dobrnič 9, 8211 Dobrnič",342,230,0.6725,230,230,0,1.0,194,0.843478,36,0.156522
2344,VE 6000 - NOVO MESTO,VO 6004 - TREBNJE,5,"OŠ Dol. Nemška vas I.,Dol.Nem.vas 21,8210 Trebnje",390,206,0.5282,206,205,1,1.0,124,0.604878,81,0.395122
2345,VE 6000 - NOVO MESTO,VO 6004 - TREBNJE,6,"OŠ Dol.Nemška vas II.,Dol.Nem.vas 21, 8210Trebnje",420,227,0.5405,227,227,0,1.0,129,0.568282,98,0.431718
2346,VE 6000 - NOVO MESTO,VO 6004 - TREBNJE,7,"Novi GD Lukovek, Lukovek 52, 8210 Trebnje",478,261,0.546,261,258,3,1.0,189,0.732558,69,0.267442
2347,VE 6000 - NOVO MESTO,VO 6004 - TREBNJE,8,"KS Knežja vas (vaško središče), Dol. Selce 21",337,192,0.5697,192,190,2,1.0,153,0.805263,37,0.194737
2348,VE 6000 - NOVO MESTO,VO 6004 - TREBNJE,9,"GD Ševnica, Ševnica 22, 8233 Mirna",191,124,0.6492,124,121,3,1.0,48,0.396694,73,0.603306
2349,VE 6000 - NOVO MESTO,VO 6004 - TREBNJE,11,"OŠ Mirna I., Cesta na Fužine 1, 8233 Mirna",626,347,0.5543,347,345,2,1.0,173,0.501449,172,0.498551
2350,VE 6000 - NOVO MESTO,VO 6004 - TREBNJE,12,"Dom Partizan Mirna, Sokolska ulica 2, 8233 Mirna",423,218,0.5154,218,212,6,1.0,81,0.382075,131,0.617925
2351,VE 6000 - NOVO MESTO,VO 6004 - TREBNJE,13,"OŠ Mirna II., Cesta na Fužine 1, 8233 Mirna",629,322,0.5119,322,315,7,1.0,140,0.444444,175,0.555556
2352,VE 6000 - NOVO MESTO,VO 6004 - TREBNJE,14,"GD Selo pri Mirni, Sajenice 12, 8233 Mirna",166,78,0.4699,78,78,0,1.0,43,0.551282,35,0.448718
2353,VE 6000 - NOVO MESTO,VO 6004 - TREBNJE,16,"GD MOKRONOG II., FLORIJANSKA C. 33, 8230 MOKRONOG",175,79,0.4514,79,79,0,1.0,38,0.481013,41,0.518987
2354,VE 6000 - NOVO MESTO,VO 6004 - TREBNJE,17,"KD Mokronog, Pod gradom 2, 8230 Mokronog",560,305,0.5446,305,301,4,1.0,143,0.475083,158,0.524917
2355,VE 6000 - NOVO MESTO,VO 6004 - TREBNJE,18,"GD Mokronog, Florijanska c. 33, 8230 Mokronog",353,216,0.6119,216,214,2,1.0,131,0.61215,83,0.38785
2356,VE 6000 - NOVO MESTO,VO 6004 - TREBNJE,19,"GD Beli Grič, Beli Grič 19, 8230 Mokronog",267,165,0.618,165,162,3,1.0,88,0.54321,74,0.45679
2357,VE 6000 - NOVO MESTO,VO 6004 - TREBNJE,20,"GD Račje selo, Račjo selo 20, 8210 Trebnje",447,158,0.3535,158,158,0,1.0,106,0.670886,52,0.329114
2358,VE 6000 - NOVO MESTO,VO 6004 - TREBNJE,21,"GD Sela Šumberk, Sela pri Šum. 32, 8360 Žužemberk",155,80,0.5161,80,78,2,1.0,58,0.74359,20,0.25641
2359,VE 6000 - NOVO MESTO,VO 6004 - TREBNJE,22,"GD Log, Log pri Žužemberku 6, 8360 Žužemberk",128,69,0.5391,69,68,1,1.0,56,0.823529,12,0.176471
2360,VE 6000 - NOVO MESTO,VO 6004 - TREBNJE,23,"Prost. PGD Vrhe(bivša šola),Gor.Vrh 1,8211Dobrnič",299,158,0.5284,158,155,3,1.0,86,0.554839,69,0.445161
2361,VE 6000 - NOVO MESTO,VO 6004 - TREBNJE,24,"KD Šentlovrenc, Šentlovrenc 15a, 8212 Velika Loka",581,327,0.5628,327,326,1,1.0,211,0.647239,115,0.352761
2362,VE 6000 - NOVO MESTO,VO 6004 - TREBNJE,25,"GD Dol. Jesenice, Dol.Jesenice 17,8232 Šentrupert",226,142,0.6283,142,140,2,1.0,78,0.557143,62,0.442857
2363,VE 6000 - NOVO MESTO,VO 6004 - TREBNJE,26,"INFOTOČKA DEŽELE KOZOLCEV, Šentrupert 5",388,218,0.5619,218,215,3,1.0,139,0.646512,76,0.353488
2364,VE 6000 - NOVO MESTO,VO 6004 - TREBNJE,27,"OŠ ŠENTRUPERT I., Šentrupert 57, 8232 Šentrupert",588,333,0.5663,333,330,3,1.0,209,0.633333,121,0.366667
2365,VE 6000 - NOVO MESTO,VO 6004 - TREBNJE,28,"OŠ ŠENTRUPERT II., Šentrupert 57, 8232 Šentrupert",683,383,0.5608,383,381,2,1.0,229,0.60105,152,0.39895
2366,VE 6000 - NOVO MESTO,VO 6004 - TREBNJE,29,"Gostilna Mišič,Štefan pri Trebnjem 10,8210Trebnje",538,313,0.5818,313,308,5,1.0,189,0.613636,119,0.386364
2367,VE 6000 - NOVO MESTO,VO 6004 - TREBNJE,30,"Večnamenski dom Trebelno,Trebelno 19,8231Trebelno",277,143,0.5162,143,141,2,1.0,78,0.553191,63,0.446809
2368,VE 6000 - NOVO MESTO,VO 6004 - TREBNJE,31,"Žagar Štefan, Češnjice 35, 8231 Trebelno",204,119,0.5833,119,119,0,1.0,91,0.764706,28,0.235294
2369,VE 6000 - NOVO MESTO,VO 6004 - TREBNJE,32,"GD Štatenberk, Ornuška vas 11, 8231 Trebelno",330,164,0.497,164,164,0,1.0,117,0.713415,47,0.286585
2370,VE 6000 - NOVO MESTO,VO 6004 - TREBNJE,33,"GD Velika Strmica,Velika Strmica 16,8231 Trebelno",247,140,0.5668,140,139,1,1.0,90,0.647482,49,0.352518
2371,VE 6000 - NOVO MESTO,VO 6004 - TREBNJE,34,"DVORANA STIK I., Goliev trg 1, 8210 Trebnje",818,483,0.5905,483,477,6,1.0,253,0.530398,224,0.469602
2372,VE 6000 - NOVO MESTO,VO 6004 - TREBNJE,35,"DVORANA STIK II., Goliev trg 1, 8210 Trebnje",753,345,0.4582,345,343,2,1.0,159,0.463557,184,0.536443
2373,VE 6000 - NOVO MESTO,VO 6004 - TREBNJE,36,"DSO Trebnje, Stari trg 63, 8210 Trebnje",680,399,0.5868,399,392,7,1.0,210,0.535714,182,0.464286
2374,VE 6000 - NOVO MESTO,VO 6004 - TREBNJE,37,"Gostilna Meglič, Obrtniška ul. 2, 8210 Trebnje",692,419,0.6055,419,412,7,1.0,232,0.563107,180,0.436893
2375,VE 6000 - NOVO MESTO,VO 6004 - TREBNJE,38,"GD Vrhtrebnje, Vrhtrebnje 24, 8210 Trebnje",170,85,0.5,85,84,1,1.0,55,0.654762,29,0.345238
2376,VE 6000 - NOVO MESTO,VO 6004 - TREBNJE,39,"KD Velika Loka, Velika Loka 6, 8212 Velika Loka",478,260,0.5439,260,260,0,1.0,165,0.634615,95,0.365385
2377,VE 6000 - NOVO MESTO,VO 6004 - TREBNJE,40,"Bregar Janez, Stehanja vas 14, 8213 Velik Gaber",119,61,0.5126,61,59,2,1.0,31,0.525424,28,0.474576
2378,VE 6000 - NOVO MESTO,VO 6004 - TREBNJE,41,"GD Zagorica, Zagorica pri V. Gabru 13",377,204,0.5411,204,204,0,1.0,157,0.769608,47,0.230392
2379,VE 6000 - NOVO MESTO,VO 6004 - TREBNJE,42,"KS Veliki Gaber, Veliki Gaber 90,8213Veliki Gaber",613,329,0.5367,329,322,7,1.0,188,0.583851,134,0.416149
2380,VE 6000 - NOVO MESTO,VO 6004 - TREBNJE,43,"Peter Žibert, Sv. Vrh 3, 8230 Mokronog",117,75,0.641,75,72,3,1.0,44,0.611111,28,0.388889
2381,VE 6000 - NOVO MESTO,VO 6004 - TREBNJE,44,"Končina Peter, Okrog 11a, 8232 Šentrupert",105,65,0.619,65,65,0,1.0,42,0.646154,23,0.353846
2382,VE 6000 - NOVO MESTO,VO 6004 - TREBNJE,901,Predčasno glasovanje,0,639,0.0,639,633,6,1.0,247,0.390205,386,0.609795
2383,VE 6000 - NOVO MESTO,VO 6004 - TREBNJE,970,OMNIA od: 6004,0,57,0.0,57,57,0,1.0,27,0.473684,30,0.526316
2384,VE 6000 - NOVO MESTO,VO 6004 - TREBNJE,997,Pošta doma OVK,0,14,0.0,14,14,0,1.0,8,0.571429,6,0.428571
2385,VE 6000 - NOVO MESTO,VO 6004 - TREBNJE,9976000,Pošta doma VKVE,0,0,0.0,0,0,0,,0,0.0,0,0.0
2386,VE 6000 - NOVO MESTO,VO 6004 - TREBNJE,99799,Pošta doma DVK,0,0,0.0,0,0,0,,0,0.0,0,0.0
2387,VE 6000 - NOVO MESTO,VO 6004 - TREBNJE,998,Pošta tujina OVK,0,27,0.0,27,20,7,1.0,10,0.5,10,0.5
2388,VE 6000 - NOVO MESTO,VO 6004 - TREBNJE,9986000,Pošta tujina VKVE,0,0,0.0,0,0,0,,0,0.0,0,0.0
2389,VE 6000 - NOVO MESTO,VO 6004 - TREBNJE,99899,Pošta tujina DVK,0,0,0.0,0,0,0,,0,0.0,0,0.0
2390,VE 6000 - NOVO MESTO,VO 6004 - TREBNJE,999,Posebni volilni imenik,737,0,0.0,0,0,0,,0,0.0,0,0.0
2391,VE 6000 - NOVO MESTO,VO 6005 - BREŽICE,1,"Občina Brežice, CPB 18, 8250 Brežice",618,234,0.3786,234,230,4,1.0,86,0.373913,144,0.626087
2392,VE 6000 - NOVO MESTO,VO 6005 - BREŽICE,2,"(I)MC Brežice, Gubčeva ul. 10a, 8250 Brežice",540,200,0.3704,200,199,1,1.0,65,0.326633,134,0.673367
2393,VE 6000 - NOVO MESTO,VO 6005 - BREŽICE,3,"OŠ Brežice, Levstikova ul.18, 8250 Brežice",327,140,0.4281,140,136,4,1.0,46,0.338235,90,0.661765
2394,VE 6000 - NOVO MESTO,VO 6005 - BREŽICE,4,"Vrtec Mavrica, vhod B, Šolska ul. 5, 8250 Brežice",304,149,0.4901,149,148,1,1.0,42,0.283784,106,0.716216
2395,VE 6000 - NOVO MESTO,VO 6005 - BREŽICE,5,"(II)MC Brežice, Gubčeva ul. 10a, 8250 Brežice",337,134,0.3976,134,132,2,1.0,42,0.318182,90,0.681818
2396,VE 6000 - NOVO MESTO,VO 6005 - BREŽICE,6,"GD Bukošek, Bukošek 28a, 8250 Brežice",254,145,0.5709,145,140,5,1.0,67,0.478571,73,0.521429
2397,VE 6000 - NOVO MESTO,VO 6005 - BREŽICE,7,"(I)ETrŠ Brežice, Bizeljska c. 45, 8250 Brežice",1002,487,0.486,487,486,1,1.0,209,0.430041,277,0.569959
2398,VE 6000 - NOVO MESTO,VO 6005 - BREŽICE,8,"(II)ETrŠ Brežice, Bizeljska c. 45, 8250 Brežice",562,231,0.411,231,225,6,1.0,80,0.355556,145,0.644444
2399,VE 6000 - NOVO MESTO,VO 6005 - BREŽICE,9,"Zavod za šport, C.b.Milavcev 18, 8250  Brežice",380,191,0.5026,191,187,4,1.0,83,0.44385,104,0.55615
2400,VE 6000 - NOVO MESTO,VO 6005 - BREŽICE,10,"(I)GD Šentlenart, C.b. Milavcev 105, 8250 Brežice",591,302,0.511,302,299,3,1.0,109,0.364548,190,0.635452
2401,VE 6000 - NOVO MESTO,VO 6005 - BREŽICE,11,"(II)GD Šentlenart, C.b.Milavcev 105, 8250 Brežice",598,301,0.5033,301,299,2,1.0,147,0.491639,152,0.508361
2402,VE 6000 - NOVO MESTO,VO 6005 - BREŽICE,12,"Prosvetni d. Artiče, Artiče 38, 8253 Artiče",677,352,0.5199,352,348,4,1.0,122,0.350575,226,0.649425
2403,VE 6000 - NOVO MESTO,VO 6005 - BREŽICE,13,"OŠ Artiče, Artiče 39, 8253 Artiče",760,426,0.5605,426,419,7,1.0,208,0.49642,211,0.50358
2404,VE 6000 - NOVO MESTO,VO 6005 - BREŽICE,14,"Nek. OŠ Pečice, Pečice 3, 3257 Podsreda",84,37,0.4405,37,37,0,1.0,22,0.594595,15,0.405405
2405,VE 6000 - NOVO MESTO,VO 6005 - BREŽICE,15,"DK Sromlje, Sromlje 10, 8256 Sromlje",473,207,0.4376,207,205,2,1.0,91,0.443902,114,0.556098
2406,VE 6000 - NOVO MESTO,VO 6005 - BREŽICE,16,"(I)Prosvetni d. Globoko, Globoko 5, 8254 Globoko",712,332,0.4663,332,328,4,1.0,129,0.393293,199,0.606707
2407,VE 6000 - NOVO MESTO,VO 6005 - BREŽICE,17,"(II)Prosvetni d. Globoko, Globoko 5, 8254 Globoko",229,104,0.4541,104,103,1,1.0,53,0.514563,50,0.485437
2408,VE 6000 - NOVO MESTO,VO 6005 - BREŽICE,18,"Večnamenski d. Pišece, Pišece 27a, 8255 Pišece",434,189,0.4355,189,189,0,1.0,98,0.518519,91,0.481481
2409,VE 6000 - NOVO MESTO,VO 6005 - BREŽICE,19,"OŠ Pišece, Pišece 34, 8255 Pišece",430,190,0.4419,190,188,2,1.0,106,0.56383,82,0.43617
2410,VE 6000 - NOVO MESTO,VO 6005 - BREŽICE,20,"GD Gabrje, Gabrje pri Dobovi 20, 8257 Dobova",197,108,0.5482,108,102,6,1.0,51,0.5,51,0.5
2411,VE 6000 - NOVO MESTO,VO 6005 - BREŽICE,21,"GD Mali Obrež, Mali Obrež 16a, 8257 Dobova",107,54,0.5047,54,54,0,1.0,36,0.666667,18,0.333333
2412,VE 6000 - NOVO MESTO,VO 6005 - BREŽICE,22,"GD Veliki Obrež, Veliki Obrež 13, 8257 Dobova",237,115,0.4852,115,115,0,1.0,45,0.391304,70,0.608696
2413,VE 6000 - NOVO MESTO,VO 6005 - BREŽICE,23,"Brodarska hišica Mostec, Mostec 51, 8257 Dobova",178,91,0.5112,91,87,4,1.0,47,0.54023,40,0.45977
2414,VE 6000 - NOVO MESTO,VO 6005 - BREŽICE,24,"GD Mihalovec, Mihalovec 17a, 8257 Dobova",233,119,0.5107,119,119,0,1.0,58,0.487395,61,0.512605
2415,VE 6000 - NOVO MESTO,VO 6005 - BREŽICE,25,"GD Loče, Loče 22, 8257 Dobova",160,86,0.5375,86,85,1,1.0,46,0.541176,39,0.458824
2416,VE 6000 - NOVO MESTO,VO 6005 - BREŽICE,26,"KS Dobova, Ul. b. Gerjovičev 48, 8257 Dobova",561,268,0.4777,268,266,2,1.0,96,0.360902,170,0.639098
2417,VE 6000 - NOVO MESTO,VO 6005 - BREŽICE,27,"GD Rigonce, Rigonce 29, 8257 Dobova",126,62,0.4921,62,62,0,1.0,39,0.629032,23,0.370968
2418,VE 6000 - NOVO MESTO,VO 6005 - BREŽICE,28,"GD Sela, Sela pri Dobovi 46b, 8257 Dobova",467,232,0.4968,232,232,0,1.0,102,0.439655,130,0.560345
2419,VE 6000 - NOVO MESTO,VO 6005 - BREŽICE,29,"GD Kapele, Kapele 13, 8258 Kapele",279,149,0.5341,149,149,0,1.0,75,0.503356,74,0.496644
2420,VE 6000 - NOVO MESTO,VO 6005 - BREŽICE,30,"GD Rakovec, Rakovec 15, 8258 Kapele",156,77,0.4936,77,77,0,1.0,24,0.311688,53,0.688312
2421,VE 6000 - NOVO MESTO,VO 6005 - BREŽICE,31,"GD Župelevec, Župelevec 53a, 8258 Kapele",456,182,0.3991,182,177,5,1.0,69,0.389831,108,0.610169
2422,VE 6000 - NOVO MESTO,VO 6005 - BREŽICE,32,"OŠ Bizeljsko, Bizeljska c. 78, 8259 Bizeljsko",882,452,0.5125,452,450,2,1.0,170,0.377778,280,0.622222
2423,VE 6000 - NOVO MESTO,VO 6005 - BREŽICE,33,"GD Orešje, Orešje na Biz. 59, 8259 Bizeljsko",199,77,0.3869,77,77,0,1.0,34,0.441558,43,0.558442
2424,VE 6000 - NOVO MESTO,VO 6005 - BREŽICE,34,"GD Stara vas, Stara vas 68a, 8259 Bizeljsko",281,122,0.4342,122,121,1,1.0,45,0.371901,76,0.628099
2425,VE 6000 - NOVO MESTO,VO 6005 - BREŽICE,35,"GD Cerklje, Cerklje ob K. 56, 8263 Cerklje ob K.",537,308,0.5736,308,306,2,1.0,165,0.539216,141,0.460784
2426,VE 6000 - NOVO MESTO,VO 6005 - BREŽICE,36,"OŠ Cerklje, Cerklje ob K. 3, 8263 Cerklje ob K.",465,231,0.4968,231,231,0,1.0,141,0.61039,90,0.38961
2427,VE 6000 - NOVO MESTO,VO 6005 - BREŽICE,37,"Nek. OŠ Bušeča v., Bušeča v.38,8263 Cerklje ob K.",266,128,0.4812,128,127,1,1.0,76,0.598425,51,0.401575
2428,VE 6000 - NOVO MESTO,VO 6005 - BREŽICE,38,"GD D.Pirošica, D.Pirošica 4a, 8263 Cerklje ob K.",292,161,0.5514,161,158,3,1.0,77,0.487342,81,0.512658
2429,VE 6000 - NOVO MESTO,VO 6005 - BREŽICE,39,"KS Čatež, Čateška ul. 3, 8250 Brežice",442,215,0.4864,215,214,1,1.0,94,0.439252,120,0.560748
2430,VE 6000 - NOVO MESTO,VO 6005 - BREŽICE,40,"GD Cerina, Cerina 14a, 8250 Brežice",379,212,0.5594,212,211,1,1.0,103,0.488152,108,0.511848
2431,VE 6000 - NOVO MESTO,VO 6005 - BREŽICE,41,"KS Krška vas (spodaj), Krška vas 2, 8262 Krška v.",437,226,0.5172,226,223,3,1.0,105,0.470852,118,0.529148
2432,VE 6000 - NOVO MESTO,VO 6005 - BREŽICE,42,"GD Skopice, G. Skopice 1, 8262 Krška vas",315,170,0.5397,170,167,3,1.0,76,0.45509,91,0.54491
2433,VE 6000 - NOVO MESTO,VO 6005 - BREŽICE,43,"DK V. Malence, V. Malence 18a, 8262 Krška vas",247,132,0.5344,132,131,1,1.0,54,0.412214,77,0.587786
2434,VE 6000 - NOVO MESTO,VO 6005 - BREŽICE,44,"Nek. OŠ Mrzlava vas, Mrzlava v. 21a,8262 Krška v.",227,140,0.6167,140,138,2,1.0,71,0.514493,67,0.485507
2435,VE 6000 - NOVO MESTO,VO 6005 - BREŽICE,45,"KS V. Dolina, V. Dolina 9, 8261 Jesenice na Dol.",340,152,0.4471,152,149,3,1.0,74,0.496644,75,0.503356
2436,VE 6000 - NOVO MESTO,VO 6005 - BREŽICE,46,"OŠ V. Dolina, V. Dolina 30, 8261 Jesenice na Dol.",366,111,0.3033,111,111,0,1.0,54,0.486486,57,0.513514
2437,VE 6000 - NOVO MESTO,VO 6005 - BREŽICE,47,"KS Jesenice, Jesenice 11a, 8261 Jesenice na Dol.",260,115,0.4423,115,113,2,1.0,58,0.513274,55,0.486726
2438,VE 6000 - NOVO MESTO,VO 6005 - BREŽICE,48,"GD Obrežje, Obrežje 32, 8261 Jesenice na Dol.",575,209,0.3635,209,208,1,1.0,79,0.379808,129,0.620192
2439,VE 6000 - NOVO MESTO,VO 6005 - BREŽICE,49,"KS Križe, Križe 21, 8282 Koprivnica",100,51,0.51,51,51,0,1.0,31,0.607843,20,0.392157
2440,VE 6000 - NOVO MESTO,VO 6005 - BREŽICE,901,Predčasno glasovanje,0,836,0.0,836,831,5,1.0,299,0.359807,532,0.640193
2441,VE 6000 - NOVO MESTO,VO 6005 - BREŽICE,970,OMNIA od: 6005,1,80,0.0,80,80,0,1.0,27,0.3375,53,0.6625
2442,VE 6000 - NOVO MESTO,VO 6005 - BREŽICE,997,Pošta doma OVK,0,36,0.0,36,35,1,1.0,13,0.371429,22,0.628571
2443,VE 6000 - NOVO MESTO,VO 6005 - BREŽICE,9976000,Pošta doma VKVE,0,0,0.0,0,0,0,,0,0.0,0,0.0
2444,VE 6000 - NOVO MESTO,VO 6005 - BREŽICE,99799,Pošta doma DVK,0,0,0.0,0,0,0,,0,0.0,0,0.0
2445,VE 6000 - NOVO MESTO,VO 6005 - BREŽICE,998,Pošta tujina OVK,0,21,0.0,21,21,0,1.0,5,0.238095,16,0.761905
2446,VE 6000 - NOVO MESTO,VO 6005 - BREŽICE,9986000,Pošta tujina VKVE,0,0,0.0,0,0,0,,0,0.0,0,0.0
2447,VE 6000 - NOVO MESTO,VO 6005 - BREŽICE,99899,Pošta tujina DVK,0,0,0.0,0,0,0,,0,0.0,0,0.0
2448,VE 6000 - NOVO MESTO,VO 6005 - BREŽICE,999,Posebni volilni imenik,2154,0,0.0,0,0,0,,0,0.0,0,0.0
2449,VE 6000 - NOVO MESTO,VO 6006 - KRŠKO,1,"OŠ Koprivnica, Koprivnica 2",227,131,0.5771,131,130,1,1.0,68,0.523077,62,0.476923
2450,VE 6000 - NOVO MESTO,VO 6006 - KRŠKO,3,"GD Veliki Kamen, Veliki Kamen 13a",322,156,0.4845,156,155,1,1.0,95,0.612903,60,0.387097
2451,VE 6000 - NOVO MESTO,VO 6006 - KRŠKO,4,"Dom XIV. divizije Senovo I, Trg XIV. divizije 1",542,255,0.4705,255,254,1,1.0,114,0.448819,140,0.551181
2452,VE 6000 - NOVO MESTO,VO 6006 - KRŠKO,5,"Dom XIV. divizije Senovo II, Trg XIV. divizije 1",529,242,0.4575,242,239,3,1.0,89,0.372385,150,0.627615
2453,VE 6000 - NOVO MESTO,VO 6006 - KRŠKO,6,"GD Senovo, Titova c. 95",523,203,0.3881,203,199,4,1.0,73,0.366834,126,0.633166
2454,VE 6000 - NOVO MESTO,VO 6006 - KRŠKO,7,"GD Mali Kamen, Mali Kamen 66a",227,121,0.533,121,120,1,1.0,49,0.408333,71,0.591667
2455,VE 6000 - NOVO MESTO,VO 6006 - KRŠKO,8,"Vaška soba strojnica Reštanj, Reštanj bš",158,66,0.4177,66,66,0,1.0,31,0.469697,35,0.530303
2456,VE 6000 - NOVO MESTO,VO 6006 - KRŠKO,9,"GD Stranje, Stranje 13",132,84,0.6364,84,84,0,1.0,62,0.738095,22,0.261905
2457,VE 6000 - NOVO MESTO,VO 6006 - KRŠKO,10,"LD Brezje pri Dovškem, Brezje pri Dovškem 33a",137,82,0.5985,82,82,0,1.0,53,0.646341,29,0.353659
2458,VE 6000 - NOVO MESTO,VO 6006 - KRŠKO,11,"Macur Marconato Jožefa, Dovško 10",483,235,0.4865,235,235,0,1.0,138,0.587234,97,0.412766
2459,VE 6000 - NOVO MESTO,VO 6006 - KRŠKO,12,"OŠ A.Bohoriča, Šolska cesta 29",936,477,0.5096,477,474,3,1.0,191,0.402954,283,0.597046
2460,VE 6000 - NOVO MESTO,VO 6006 - KRŠKO,15,"LK Dolenji Leskovec, Dolenji Leskovec 51a",250,134,0.536,134,134,0,1.0,60,0.447761,74,0.552239
2461,VE 6000 - NOVO MESTO,VO 6006 - KRŠKO,16,"Mirt Jože, Anže 12",129,67,0.5194,67,67,0,1.0,47,0.701493,20,0.298507
2462,VE 6000 - NOVO MESTO,VO 6006 - KRŠKO,17,"Ribiška družina Brestanica, Raztez 1a",230,96,0.4174,96,94,2,1.0,71,0.755319,23,0.244681
2463,VE 6000 - NOVO MESTO,VO 6006 - KRŠKO,18,"VD Dolenja vas, Dolenja vas pri Krškem 53",847,432,0.51,432,428,4,1.0,204,0.476636,224,0.523364
2464,VE 6000 - NOVO MESTO,VO 6006 - KRŠKO,19,"KS Rožno - Presladol, Rožno 62",322,153,0.4752,153,153,0,1.0,89,0.581699,64,0.418301
2465,VE 6000 - NOVO MESTO,VO 6006 - KRŠKO,20,"DK Zdole, Zdole 20",636,314,0.4937,314,306,8,1.0,153,0.5,153,0.5
2466,VE 6000 - NOVO MESTO,VO 6006 - KRŠKO,21,"Dular Bogdan, Kostanjek 20",102,66,0.6471,66,65,1,1.0,28,0.430769,37,0.569231
2467,VE 6000 - NOVO MESTO,VO 6006 - KRŠKO,22,"GD Gora, Gora 31",436,217,0.4977,217,217,0,1.0,129,0.59447,88,0.40553
2468,VE 6000 - NOVO MESTO,VO 6006 - KRŠKO,24,"GD Krško, Bohoričeva ul. 14",551,239,0.4338,239,236,3,1.0,82,0.347458,154,0.652542
2469,VE 6000 - NOVO MESTO,VO 6006 - KRŠKO,25,"MC Krško, C. krških žrtev 105",620,292,0.471,292,289,3,1.0,124,0.429066,165,0.570934
2470,VE 6000 - NOVO MESTO,VO 6006 - KRŠKO,26,"DSO Krško, Kovinarska ul. 13",784,390,0.4974,390,386,4,1.0,148,0.38342,238,0.61658
2471,VE 6000 - NOVO MESTO,VO 6006 - KRŠKO,27,"Radej Vida, Sremič 37",219,92,0.4201,92,92,0,1.0,50,0.543478,42,0.456522
2472,VE 6000 - NOVO MESTO,VO 6006 - KRŠKO,28,"OŠ Dr. M.Rostoharja, C.4. julija 33",499,232,0.4649,232,232,0,1.0,91,0.392241,141,0.607759
2473,VE 6000 - NOVO MESTO,VO 6006 - KRŠKO,29,"KD Krško I, Trg Matije Gubca 2",526,233,0.443,233,230,3,1.0,77,0.334783,153,0.665217
2474,VE 6000 - NOVO MESTO,VO 6006 - KRŠKO,30,"KD Krško II, Trg Matije Gubca 2",535,228,0.4262,228,226,2,1.0,81,0.358407,145,0.641593
2475,VE 6000 - NOVO MESTO,VO 6006 - KRŠKO,31,"KD Krško III, Trg Matije Gubca 2",846,402,0.4752,402,399,3,1.0,158,0.39599,241,0.60401
2476,VE 6000 - NOVO MESTO,VO 6006 - KRŠKO,32,"OŠ J.Dalmatina, Šolska ul. 1",769,395,0.5137,395,392,3,1.0,182,0.464286,210,0.535714
2477,VE 6000 - NOVO MESTO,VO 6006 - KRŠKO,34,"Slavko Božič, Gornje Pijavško 30",87,50,0.5747,50,50,0,1.0,27,0.54,23,0.46
2478,VE 6000 - NOVO MESTO,VO 6006 - KRŠKO,35,"GD Drnovo, Drnovo 29a",282,153,0.5426,153,153,0,1.0,88,0.575163,65,0.424837
2479,VE 6000 - NOVO MESTO,VO 6006 - KRŠKO,36,"GD Brege, Brege 16",161,79,0.4907,79,76,3,1.0,39,0.513158,37,0.486842
2480,VE 6000 - NOVO MESTO,VO 6006 - KRŠKO,37,"Mlekarna Mrtvice, Mrtvice bš",172,86,0.5,86,86,0,1.0,50,0.581395,36,0.418605
2481,VE 6000 - NOVO MESTO,VO 6006 - KRŠKO,38,"GD Vihre, Vihre 44",129,71,0.5504,71,71,0,1.0,42,0.591549,29,0.408451
2482,VE 6000 - NOVO MESTO,VO 6006 - KRŠKO,39,"Vaška soba na Gorici, Gorica bš",359,141,0.3928,141,138,3,1.0,80,0.57971,58,0.42029
2483,VE 6000 - NOVO MESTO,VO 6006 - KRŠKO,40,"Dvorana v Velikem Podlogu, Veliki Podlog 60",307,189,0.6156,189,189,0,1.0,92,0.486772,97,0.513228
2484,VE 6000 - NOVO MESTO,VO 6006 - KRŠKO,41,"Vaška soba v Gržeči vasi, Gržeča vas bš",161,107,0.6646,107,106,1,1.0,74,0.698113,32,0.301887
2485,VE 6000 - NOVO MESTO,VO 6006 - KRŠKO,42,"GD Senuše, Senuše 51",432,246,0.5694,246,246,0,1.0,143,0.581301,103,0.418699
2486,VE 6000 - NOVO MESTO,VO 6006 - KRŠKO,43,"OŠ Leskovec pri Krškem, Pionirska c.4",938,624,0.6652,624,621,3,1.0,281,0.452496,340,0.547504
2487,VE 6000 - NOVO MESTO,VO 6006 - KRŠKO,44,"Arh Zvone, Selce pri Leskovcu 6",224,114,0.5089,114,114,0,1.0,72,0.631579,42,0.368421
2488,VE 6000 - NOVO MESTO,VO 6006 - KRŠKO,45,"GD Velika vas, Gorenja vas pri Leskovcu 30",565,312,0.5522,312,308,4,1.0,165,0.535714,143,0.464286
2489,VE 6000 - NOVO MESTO,VO 6006 - KRŠKO,46,"KS Raka, Raka 40",953,508,0.5331,508,503,5,1.0,319,0.634195,184,0.365805
2490,VE 6000 - NOVO MESTO,VO 6006 - KRŠKO,47,"GD Smednik, Smednik 1b",561,319,0.5686,319,317,2,1.0,222,0.700315,95,0.299685
2491,VE 6000 - NOVO MESTO,VO 6006 - KRŠKO,48,"Prosvetna dvorana na Velikem Trnu, Veliki Trn 18",558,289,0.5179,289,289,0,1.0,203,0.702422,86,0.297578
2492,VE 6000 - NOVO MESTO,VO 6006 - KRŠKO,49,"Jarkovič Anton, Avguštine 11",249,143,0.5743,143,141,2,1.0,86,0.609929,55,0.390071
2493,VE 6000 - NOVO MESTO,VO 6006 - KRŠKO,50,"Bivša OŠ Črneča vas, Črneča vas bš",133,76,0.5714,76,75,1,1.0,36,0.48,39,0.52
2494,VE 6000 - NOVO MESTO,VO 6006 - KRŠKO,51,"GD Prekopa, Dolnja Prekopa 21b",322,181,0.5621,181,179,2,1.0,94,0.52514,85,0.47486
2495,VE 6000 - NOVO MESTO,VO 6006 - KRŠKO,52,"OŠ J.Gorjupa, Gorjanska c. 2",949,567,0.5975,567,562,5,1.0,270,0.480427,292,0.519573
2496,VE 6000 - NOVO MESTO,VO 6006 - KRŠKO,53,"Colarič Milan, Orehovec 37",222,113,0.509,113,113,0,1.0,65,0.575221,48,0.424779
2497,VE 6000 - NOVO MESTO,VO 6006 - KRŠKO,54,"Grubar Jože, Kočarija 14",172,101,0.5872,101,98,3,1.0,58,0.591837,40,0.408163
2498,VE 6000 - NOVO MESTO,VO 6006 - KRŠKO,55,"KD Podbočje, Podbočje 70",478,270,0.5649,270,266,4,1.0,163,0.612782,103,0.387218
2499,VE 6000 - NOVO MESTO,VO 6006 - KRŠKO,56,"GD Malo Mraševo, Malo Mraševo 35",312,184,0.5897,184,183,1,1.0,119,0.650273,64,0.349727
2500,VE 6000 - NOVO MESTO,VO 6006 - KRŠKO,57,"Vaški dom Veliko Mraševo, Veliko Mraševo bš",219,126,0.5753,126,125,1,1.0,66,0.528,59,0.472
2501,VE 6000 - NOVO MESTO,VO 6006 - KRŠKO,58,"Kodrič Jože, Brezje v Podbočju 2",175,84,0.48,84,84,0,1.0,46,0.547619,38,0.452381
2502,VE 6000 - NOVO MESTO,VO 6006 - KRŠKO,59,"Burja Boštjan, Šutna 26",177,88,0.4972,88,88,0,1.0,42,0.477273,46,0.522727
2503,VE 6000 - NOVO MESTO,VO 6006 - KRŠKO,901,Predčasno glasovanje,0,701,0.0,701,698,3,1.0,274,0.39255,424,0.60745
2504,VE 6000 - NOVO MESTO,VO 6006 - KRŠKO,970,OMNIA od: 6006,1,42,0.0,42,42,0,1.0,14,0.333333,28,0.666667
2505,VE 6000 - NOVO MESTO,VO 6006 - KRŠKO,997,Pošta doma OVK,0,35,0.0,35,34,1,1.0,13,0.382353,21,0.617647
2506,VE 6000 - NOVO MESTO,VO 6006 - KRŠKO,9976000,Pošta doma VKVE,0,0,0.0,0,0,0,,0,0.0,0,0.0
2507,VE 6000 - NOVO MESTO,VO 6006 - KRŠKO,99799,Pošta doma DVK,0,0,0.0,0,0,0,,0,0.0,0,0.0
2508,VE 6000 - NOVO MESTO,VO 6006 - KRŠKO,998,Pošta tujina OVK,0,27,0.0,27,25,2,1.0,14,0.56,11,0.44
2509,VE 6000 - NOVO MESTO,VO 6006 - KRŠKO,9986000,Pošta tujina VKVE,0,0,0.0,0,0,0,,0,0.0,0,0.0
2510,VE 6000 - NOVO MESTO,VO 6006 - KRŠKO,99899,Pošta tujina DVK,0,0,0.0,0,0,0,,0,0.0,0,0.0
2511,VE 6000 - NOVO MESTO,VO 6006 - KRŠKO,999,Posebni volilni imenik,1526,0,0.0,0,0,0,,0,0.0,0,0.0
2512,VE 6000 - NOVO MESTO,VO 6007 - SEVNICA,1,"KD Blanca, Blanca 24",641,337,0.5257,337,335,2,1.0,192,0.573134,143,0.426866
2513,VE 6000 - NOVO MESTO,VO 6007 - SEVNICA,2,"GD Poklek nad Blanco, Poklek nad Blanco 2 B",232,118,0.5086,118,116,2,1.0,82,0.706897,34,0.293103
2514,VE 6000 - NOVO MESTO,VO 6007 - SEVNICA,3,"TVD Partizan, Boštanj 31",871,500,0.5741,500,494,6,1.0,241,0.487854,253,0.512146
2515,VE 6000 - NOVO MESTO,VO 6007 - SEVNICA,4,"VD Kompolje, Kompolje bš",129,84,0.6512,84,84,0,1.0,47,0.559524,37,0.440476
2516,VE 6000 - NOVO MESTO,VO 6007 - SEVNICA,5,"VD Šmarčna, Šmarčna 4 B",78,52,0.6667,52,51,1,1.0,38,0.745098,13,0.254902
2517,VE 6000 - NOVO MESTO,VO 6007 - SEVNICA,6,"Gostišče Vrh pri Boštanju, Vrh pri Boštanju 23",195,97,0.4974,97,96,1,1.0,45,0.46875,51,0.53125
2518,VE 6000 - NOVO MESTO,VO 6007 - SEVNICA,7,"VO Log, Log 59",243,148,0.6091,148,147,1,1.0,81,0.55102,66,0.44898
2519,VE 6000 - NOVO MESTO,VO 6007 - SEVNICA,8,"Zavetišče pod Sv. Rokom, Taborniška ul. 14",350,205,0.5857,205,202,3,1.0,76,0.376238,126,0.623762
2520,VE 6000 - NOVO MESTO,VO 6007 - SEVNICA,9,"Pod vaškim kozolcem na Jablanici, Jablanica 24 A",190,72,0.3789,72,72,0,1.0,28,0.388889,44,0.611111
2521,VE 6000 - NOVO MESTO,VO 6007 - SEVNICA,10,"ŽP Jelovec, Jelovec 5",126,77,0.6111,77,77,0,1.0,61,0.792208,16,0.207792
2522,VE 6000 - NOVO MESTO,VO 6007 - SEVNICA,11,"Konjsko - Jože Mervič, Konjsko 10",89,70,0.7865,70,70,0,1.0,41,0.585714,29,0.414286
2523,VE 6000 - NOVO MESTO,VO 6007 - SEVNICA,12,"KD Lukovec, Lukovec 38",157,97,0.6178,97,97,0,1.0,57,0.587629,40,0.412371
2524,VE 6000 - NOVO MESTO,VO 6007 - SEVNICA,13,"Sejna soba Občine Sevnica, Glavni trg 19 A",782,355,0.454,355,352,3,1.0,167,0.474432,185,0.525568
2525,VE 6000 - NOVO MESTO,VO 6007 - SEVNICA,14,"OŠ Krmelj, Krmelj  25",751,428,0.5699,428,424,4,1.0,231,0.544811,193,0.455189
2526,VE 6000 - NOVO MESTO,VO 6007 - SEVNICA,15,"GD Breg, Šentjur na Polju 18 A",184,87,0.4728,87,87,0,1.0,59,0.678161,28,0.321839
2527,VE 6000 - NOVO MESTO,VO 6007 - SEVNICA,16,"GD Loka pri ZM, Loka pri Zidanem Mostu 40",569,277,0.4868,277,276,1,1.0,128,0.463768,148,0.536232
2528,VE 6000 - NOVO MESTO,VO 6007 - SEVNICA,17,"DK Razbor, Razbor 11 A",204,102,0.5,102,101,1,1.0,59,0.584158,42,0.415842
2529,VE 6000 - NOVO MESTO,VO 6007 - SEVNICA,18,"GD Primož, Primož 6",241,138,0.5726,138,138,0,1.0,109,0.789855,29,0.210145
2530,VE 6000 - NOVO MESTO,VO 6007 - SEVNICA,19,"Gostilna Kregl, Gornje Brezovo 3",595,264,0.4437,264,262,2,1.0,176,0.671756,86,0.328244
2531,VE 6000 - NOVO MESTO,VO 6007 - SEVNICA,20,"Ledina - Stanislav Možič, Ledina 80",174,83,0.477,83,82,1,1.0,44,0.536585,38,0.463415
2532,VE 6000 - NOVO MESTO,VO 6007 - SEVNICA,21,"Drožanje - Ivan Jazbec, Drožanje 13",211,89,0.4218,89,89,0,1.0,56,0.629213,33,0.370787
2533,VE 6000 - NOVO MESTO,VO 6007 - SEVNICA,22,"GD Orešje nad Sevnico, Orešje nad Sevnico 12 B",276,116,0.4203,116,112,4,1.0,47,0.419643,65,0.580357
2534,VE 6000 - NOVO MESTO,VO 6007 - SEVNICA,23,"GD Sevnica, Kvedrova c. 25",371,191,0.5148,191,190,1,1.0,88,0.463158,102,0.536842
2535,VE 6000 - NOVO MESTO,VO 6007 - SEVNICA,24,"VVO Ciciban Sevnica, Naselje heroja Maroka 22",702,311,0.443,311,309,2,1.0,128,0.414239,181,0.585761
2536,VE 6000 - NOVO MESTO,VO 6007 - SEVNICA,25,"OŠ Sava Kladnika, Trg svobode 42",430,210,0.4884,210,207,3,1.0,74,0.357488,133,0.642512
2537,VE 6000 - NOVO MESTO,VO 6007 - SEVNICA,26,"Komunala Sevnica, Naselje heroja Maroka 17",1019,488,0.4789,488,481,7,1.0,215,0.446985,266,0.553015
2538,VE 6000 - NOVO MESTO,VO 6007 - SEVNICA,27,"GD Studenec, Studenec 43",505,271,0.5366,271,270,1,1.0,161,0.596296,109,0.403704
2539,VE 6000 - NOVO MESTO,VO 6007 - SEVNICA,28,"Zavratec - Marko Rupar, Zavratec 10",127,56,0.4409,56,56,0,1.0,33,0.589286,23,0.410714
2540,VE 6000 - NOVO MESTO,VO 6007 - SEVNICA,29,"Kladje pri K.-Žan Bunderšek,Kladje pri Krmelju 10",105,51,0.4857,51,51,0,1.0,40,0.784314,11,0.215686
2541,VE 6000 - NOVO MESTO,VO 6007 - SEVNICA,30,"KD Šentjanž, Šentjanž 22",949,478,0.5037,478,473,5,1.0,256,0.541226,217,0.458774
2542,VE 6000 - NOVO MESTO,VO 6007 - SEVNICA,31,"GD Veliki Cirnik, Veliki Cirnik 1 A",99,59,0.596,59,59,0,1.0,37,0.627119,22,0.372881
2543,VE 6000 - NOVO MESTO,VO 6007 - SEVNICA,32,"LD Tržišče, Tržišče 23",435,237,0.5448,237,232,5,1.0,143,0.616379,89,0.383621
2544,VE 6000 - NOVO MESTO,VO 6007 - SEVNICA,33,"Pijavice - Henrik Hočevar, Pijavice 3",292,168,0.5753,168,167,1,1.0,111,0.664671,56,0.335329
2545,VE 6000 - NOVO MESTO,VO 6007 - SEVNICA,34,"Vinski dvor Malkovec, Malkovec 11",308,166,0.539,166,165,1,1.0,66,0.4,99,0.6
2546,VE 6000 - NOVO MESTO,VO 6007 - SEVNICA,35,"GD Telče, Telče 12 B",315,154,0.4889,154,153,1,1.0,106,0.69281,47,0.30719
2547,VE 6000 - NOVO MESTO,VO 6007 - SEVNICA,36,"GD Zabukovje nad Sevnico, Zabukovje nad S. 16 D",241,124,0.5145,124,124,0,1.0,84,0.677419,40,0.322581
2548,VE 6000 - NOVO MESTO,VO 6007 - SEVNICA,37,"GD Trnovec, Trnovec 3 A",338,136,0.4024,136,133,3,1.0,65,0.488722,68,0.511278
2549,VE 6000 - NOVO MESTO,VO 6007 - SEVNICA,38,"Podgorje - Janez Podlesnik, Podgorje ob S. 17 B",97,51,0.5258,51,50,1,1.0,32,0.64,18,0.36
2550,VE 6000 - NOVO MESTO,VO 6007 - SEVNICA,39,"OŠ Bučka, Bučka 27",493,243,0.4929,243,243,0,1.0,145,0.596708,98,0.403292
2551,VE 6000 - NOVO MESTO,VO 6007 - SEVNICA,40,"GD Zagrad, Zagrad 36",361,180,0.4986,180,178,2,1.0,121,0.679775,57,0.320225
2552,VE 6000 - NOVO MESTO,VO 6007 - SEVNICA,41,"GD Dolenje Dole, Dolenje Dole 24b",170,91,0.5353,91,90,1,1.0,77,0.855556,13,0.144444
2553,VE 6000 - NOVO MESTO,VO 6007 - SEVNICA,42,"Dvorana Metelkovega doma Škocjan, Škocjan 35",762,408,0.5354,408,400,8,1.0,261,0.6525,139,0.3475
2554,VE 6000 - NOVO MESTO,VO 6007 - SEVNICA,43,"GD Grmovlje, Grmovlje 28",499,213,0.4269,213,213,0,1.0,137,0.643192,76,0.356808
2555,VE 6000 - NOVO MESTO,VO 6007 - SEVNICA,44,"GD Dobrava pri Škocjanu, Dobrava pri Škocjanu 59",184,129,0.7011,129,128,1,1.0,79,0.617188,49,0.382812
2556,VE 6000 - NOVO MESTO,VO 6007 - SEVNICA,45,"GD Tomažja vas, Tomažja vas 35",160,92,0.575,92,87,5,1.0,44,0.505747,43,0.494253
2557,VE 6000 - NOVO MESTO,VO 6007 - SEVNICA,901,Predčasno glasovanje,0,743,0.0,743,736,7,1.0,290,0.394022,446,0.605978
2558,VE 6000 - NOVO MESTO,VO 6007 - SEVNICA,970,OMNIA od: 6007,0,31,0.0,31,31,0,1.0,8,0.258065,23,0.741935
2559,VE 6000 - NOVO MESTO,VO 6007 - SEVNICA,997,Pošta doma OVK,0,11,0.0,11,11,0,1.0,6,0.545455,5,0.454545
2560,VE 6000 - NOVO MESTO,VO 6007 - SEVNICA,9976000,Pošta doma VKVE,0,0,0.0,0,0,0,,0,0.0,0,0.0
2561,VE 6000 - NOVO MESTO,VO 6007 - SEVNICA,99799,Pošta doma DVK,0,0,0.0,0,0,0,,0,0.0,0,0.0
2562,VE 6000 - NOVO MESTO,VO 6007 - SEVNICA,998,Pošta tujina OVK,0,8,0.0,8,8,0,1.0,2,0.25,6,0.75
2563,VE 6000 - NOVO MESTO,VO 6007 - SEVNICA,9986000,Pošta tujina VKVE,0,0,0.0,0,0,0,,0,0.0,0,0.0
2564,VE 6000 - NOVO MESTO,VO 6007 - SEVNICA,99899,Pošta tujina DVK,0,0,0.0,0,0,0,,0,0.0,0,0.0
2565,VE 6000 - NOVO MESTO,VO 6007 - SEVNICA,999,Posebni volilni imenik,811,0,0.0,0,0,0,,0,0.0,0,0.0
2566,VE 6000 - NOVO MESTO,VO 6008 - LAŠKO,1,"Center starejših, Savinjsko nabrežje 6",1156,506,0.4377,506,499,7,1.0,207,0.41483,292,0.58517
2567,VE 6000 - NOVO MESTO,VO 6008 - LAŠKO,2,"Kulturni center, Trg svobode 6 ",921,357,0.3876,357,355,2,1.0,161,0.453521,194,0.546479
2568,VE 6000 - NOVO MESTO,VO 6008 - LAŠKO,3,"OŠ Debro, Poženelova ul. 26",1301,585,0.4497,585,580,5,1.0,286,0.493103,294,0.506897
2569,VE 6000 - NOVO MESTO,VO 6008 - LAŠKO,4,"ZASTOR d.o.o., Sp. Rečica 87 ",508,254,0.5,251,245,6,1.0,87,0.355102,158,0.644898
2570,VE 6000 - NOVO MESTO,VO 6008 - LAŠKO,5,"Sindikalni dom, Huda Jama 1",631,307,0.4865,307,307,0,1.0,147,0.478827,160,0.521173
2571,VE 6000 - NOVO MESTO,VO 6008 - LAŠKO,6,"Kulturni dom, Marija Gradec 29",747,361,0.4833,361,358,3,1.0,173,0.48324,185,0.51676
2572,VE 6000 - NOVO MESTO,VO 6008 - LAŠKO,7,"Turistična kmetija Pirc, Lahomšek 1 ",325,157,0.4831,157,154,3,1.0,75,0.487013,79,0.512987
2573,VE 6000 - NOVO MESTO,VO 6008 - LAŠKO,8,"Na Slogah, Tevče 2 ",547,236,0.4314,236,235,1,1.0,142,0.604255,93,0.395745
2574,VE 6000 - NOVO MESTO,VO 6008 - LAŠKO,9,"Gasilski dom, Vrh nad Laškim 9a ",631,291,0.4612,291,287,4,1.0,147,0.512195,140,0.487805
2575,VE 6000 - NOVO MESTO,VO 6008 - LAŠKO,10,"OŠ Šentrupert, Šentrupert 98",334,187,0.5599,187,185,2,1.0,148,0.8,37,0.2
2576,VE 6000 - NOVO MESTO,VO 6008 - LAŠKO,11,"Strelski dom, Mala Breza 37c ",170,81,0.4765,81,79,2,1.0,42,0.531646,37,0.468354
2577,VE 6000 - NOVO MESTO,VO 6008 - LAŠKO,12,"Kulturni dom, Trobni dol 38a",153,66,0.4314,66,63,3,1.0,37,0.587302,26,0.412698
2578,VE 6000 - NOVO MESTO,VO 6008 - LAŠKO,13,"OŠ A. Aškerc, Aškerčeva c. 1",990,542,0.5475,542,535,7,1.0,254,0.474766,281,0.525234
2579,VE 6000 - NOVO MESTO,VO 6008 - LAŠKO,14,"Šola Lažiše, Laziše 27 ",140,79,0.5643,79,79,0,1.0,56,0.708861,23,0.291139
2580,VE 6000 - NOVO MESTO,VO 6008 - LAŠKO,15,"Karel Veber, Brodnice 12 ",198,77,0.3889,77,77,0,1.0,54,0.701299,23,0.298701
2581,VE 6000 - NOVO MESTO,VO 6008 - LAŠKO,16,"Matevž Deželak, Lože 1 ",148,74,0.5,74,73,1,1.0,53,0.726027,20,0.273973
2582,VE 6000 - NOVO MESTO,VO 6008 - LAŠKO,17,"OŠ Jurklošter, Jurklošter 23",198,79,0.399,79,79,0,1.0,43,0.544304,36,0.455696
2583,VE 6000 - NOVO MESTO,VO 6008 - LAŠKO,18,"Bife Racman, Mrzlo Polje 8a ",200,97,0.485,97,97,0,1.0,60,0.618557,37,0.381443
2584,VE 6000 - NOVO MESTO,VO 6008 - LAŠKO,19,"Anton Vresk, Polana 21 ",237,103,0.4346,103,101,2,1.0,55,0.544554,46,0.455446
2585,VE 6000 - NOVO MESTO,VO 6008 - LAŠKO,20,"OŠ Sedraž, Sedraž 21 ",561,290,0.5169,290,290,0,1.0,129,0.444828,161,0.555172
2586,VE 6000 - NOVO MESTO,VO 6008 - LAŠKO,21,"OŠ Zidani Most, Zidani Most 34",321,145,0.4517,145,143,2,1.0,70,0.48951,73,0.51049
2587,VE 6000 - NOVO MESTO,VO 6008 - LAŠKO,22,"Gasilski dom, Zidani Most 12 ",223,100,0.4484,100,100,0,1.0,49,0.49,51,0.51
2588,VE 6000 - NOVO MESTO,VO 6008 - LAŠKO,23,"Dom kulture, Gledališka pot 2",404,182,0.4505,182,179,3,1.0,78,0.435754,101,0.564246
2589,VE 6000 - NOVO MESTO,VO 6008 - LAŠKO,24,"Knjižnica Radeče, Ul. OF 2",494,231,0.4676,231,226,5,1.0,71,0.314159,155,0.685841
2590,VE 6000 - NOVO MESTO,VO 6008 - LAŠKO,25,"Prostor društva inv., Titova ul. 107",545,295,0.5413,295,295,0,1.0,139,0.471186,156,0.528814
2591,VE 6000 - NOVO MESTO,VO 6008 - LAŠKO,26,"Vrtec Radeče, Kolenov graben 6 ",534,246,0.4607,246,242,4,1.0,88,0.363636,154,0.636364
2592,VE 6000 - NOVO MESTO,VO 6008 - LAŠKO,27,"Ribič Rado, Obrežje 21 ",121,46,0.3802,46,45,1,1.0,19,0.422222,26,0.577778
2593,VE 6000 - NOVO MESTO,VO 6008 - LAŠKO,28,"Gostilna Strnad, Hotemež 6 ",179,96,0.5363,96,93,3,1.0,38,0.408602,55,0.591398
2594,VE 6000 - NOVO MESTO,VO 6008 - LAŠKO,29,"Plaznik Leopold,  Jelovo 7 ",136,87,0.6397,87,86,1,1.0,61,0.709302,25,0.290698
2595,VE 6000 - NOVO MESTO,VO 6008 - LAŠKO,30,"Gasilski dom, Jagnjenica 14 ",348,217,0.6236,217,214,3,1.0,138,0.64486,76,0.35514
2596,VE 6000 - NOVO MESTO,VO 6008 - LAŠKO,31,"PGD Svibno, Svibno 18a",307,174,0.5668,174,173,1,1.0,103,0.595376,70,0.404624
2597,VE 6000 - NOVO MESTO,VO 6008 - LAŠKO,32," KS Vrhovo, Vrhovo 43a",423,244,0.5768,244,239,5,1.0,124,0.518828,115,0.481172
2598,VE 6000 - NOVO MESTO,VO 6008 - LAŠKO,901,Predčasno glasovanje,0,738,0.0,738,730,8,1.0,303,0.415068,427,0.584932
2599,VE 6000 - NOVO MESTO,VO 6008 - LAŠKO,902,"PREDČASNO RADEČE, Kulturni dom, Gledališka pot 2",0,281,0.0,281,279,2,1.0,85,0.304659,194,0.695341
2600,VE 6000 - NOVO MESTO,VO 6008 - LAŠKO,970,OMNIA od: 6008,0,39,0.0,39,39,0,1.0,7,0.179487,32,0.820513
2601,VE 6000 - NOVO MESTO,VO 6008 - LAŠKO,997,Pošta doma OVK,0,57,0.0,57,55,2,1.0,17,0.309091,38,0.690909
2602,VE 6000 - NOVO MESTO,VO 6008 - LAŠKO,9976000,Pošta doma VKVE,0,0,0.0,0,0,0,,0,0.0,0,0.0
2603,VE 6000 - NOVO MESTO,VO 6008 - LAŠKO,99799,Pošta doma DVK,0,0,0.0,0,0,0,,0,0.0,0,0.0
2604,VE 6000 - NOVO MESTO,VO 6008 - LAŠKO,998,Pošta tujina OVK,0,30,0.0,30,28,2,1.0,11,0.392857,17,0.607143
2605,VE 6000 - NOVO MESTO,VO 6008 - LAŠKO,9986000,Pošta tujina VKVE,0,0,0.0,0,0,0,,0,0.0,0,0.0
2606,VE 6000 - NOVO MESTO,VO 6008 - LAŠKO,99899,Pošta tujina DVK,0,0,0.0,0,0,0,,0,0.0,0,0.0
2607,VE 6000 - NOVO MESTO,VO 6008 - LAŠKO,999,Posebni volilni imenik,671,0,0.0,0,0,0,,0,0.0,0,0.0
2608,VE 6000 - NOVO MESTO,VO 6009 - LITIJA,1,"GD SOBRAČE, Sobrače 16",192,116,0.6042,116,116,0,1.0,97,0.836207,19,0.163793
2609,VE 6000 - NOVO MESTO,VO 6009 - LITIJA,2,"Pri Kovaču, Graška c. 64",804,456,0.5672,456,455,1,1.0,228,0.501099,227,0.498901
2610,VE 6000 - NOVO MESTO,VO 6009 - LITIJA,3,"OŠ Gradec, Bevkova ul.3",801,440,0.5493,440,431,9,1.0,137,0.317865,294,0.682135
2611,VE 6000 - NOVO MESTO,VO 6009 - LITIJA,4,"Dvorana TNS, Trg na Stavbah 8",700,264,0.3771,264,262,2,1.0,108,0.412214,154,0.587786
2612,VE 6000 - NOVO MESTO,VO 6009 - LITIJA,5,"Občina Litija, Jerebova  ul. 14",451,149,0.3304,149,144,5,1.0,56,0.388889,88,0.611111
2613,VE 6000 - NOVO MESTO,VO 6009 - LITIJA,6,"OŠ Litija, Ul. Mire Pregljeve 3",816,295,0.3615,295,292,3,1.0,106,0.363014,186,0.636986
2614,VE 6000 - NOVO MESTO,VO 6009 - LITIJA,7,"ŠD Litija, Ul. Mire Pregljeve 1",566,234,0.4134,234,232,2,1.0,83,0.357759,149,0.642241
2615,VE 6000 - NOVO MESTO,VO 6009 - LITIJA,8,"ZD Litija, Partizanska p. 8a",1068,567,0.5309,567,560,7,1.0,191,0.341071,369,0.658929
2616,VE 6000 - NOVO MESTO,VO 6009 - LITIJA,9,"GD Sp. Hotič, Sp. Hotič 26",305,146,0.4787,146,142,4,1.0,56,0.394366,86,0.605634
2617,VE 6000 - NOVO MESTO,VO 6009 - LITIJA,10,"OŠ Zg. Hotič, Zg. Hotič 6",385,233,0.6052,233,232,1,1.0,86,0.37069,146,0.62931
2618,VE 6000 - NOVO MESTO,VO 6009 - LITIJA,11,"OŠ Vače, Vače 24",798,419,0.5251,419,411,8,1.0,170,0.413625,241,0.586375
2619,VE 6000 - NOVO MESTO,VO 6009 - LITIJA,12,"ZDD Jevnica, Jevnica 36",879,488,0.5552,488,483,5,1.0,202,0.418219,281,0.581781
2620,VE 6000 - NOVO MESTO,VO 6009 - LITIJA,13,"OŠ Kresnice, Kresnice 26a",779,447,0.5738,447,445,2,1.0,183,0.411236,262,0.588764
2621,VE 6000 - NOVO MESTO,VO 6009 - LITIJA,14,"OŠ Sava, Sava 21",435,231,0.531,231,230,1,1.0,102,0.443478,128,0.556522
2622,VE 6000 - NOVO MESTO,VO 6009 - LITIJA,15,"Dvorana v OŠ Polšnik, Polšnik 25c",457,254,0.5558,254,251,3,1.0,118,0.47012,133,0.52988
2623,VE 6000 - NOVO MESTO,VO 6009 - LITIJA,16,"Verbajs Jože in Klara, Mamolj 20a",133,82,0.6165,82,81,1,1.0,48,0.592593,33,0.407407
2624,VE 6000 - NOVO MESTO,VO 6009 - LITIJA,17,"DK Konjšica, Konjšica - del 14",119,67,0.563,67,67,0,1.0,22,0.328358,45,0.671642
2625,VE 6000 - NOVO MESTO,VO 6009 - LITIJA,18,"GD Breg pri Litiji, Tenetiše 2",324,197,0.608,197,197,0,1.0,96,0.48731,101,0.51269
2626,VE 6000 - NOVO MESTO,VO 6009 - LITIJA,19,"GD Zg. Jablanica, Zg. Jablanica 1",591,385,0.6514,385,381,4,1.0,209,0.548556,172,0.451444
2627,VE 6000 - NOVO MESTO,VO 6009 - LITIJA,20,"KD Šmartno, Za povrtmi 4",544,340,0.625,339,339,0,1.0,161,0.474926,178,0.525074
2628,VE 6000 - NOVO MESTO,VO 6009 - LITIJA,21,"GD Zavrstnik, Zavrstnik 26",312,173,0.5545,173,170,3,1.0,87,0.511765,83,0.488235
2629,VE 6000 - NOVO MESTO,VO 6009 - LITIJA,22,"GD Štangarske Poljane, Štang. Poljane 1a",246,127,0.5163,127,125,2,1.0,78,0.624,47,0.376
2630,VE 6000 - NOVO MESTO,VO 6009 - LITIJA,23,"Dom Tisje, Črni potok 13",438,271,0.6187,271,270,1,1.0,182,0.674074,88,0.325926
2631,VE 6000 - NOVO MESTO,VO 6009 - LITIJA,24,"GD Javorje, Javorje 14a",150,85,0.5667,85,84,1,1.0,59,0.702381,25,0.297619
2632,VE 6000 - NOVO MESTO,VO 6009 - LITIJA,25,"GD Velika Kostrevnica, Velika Kostrevnica 38",551,348,0.6316,347,345,2,1.0,237,0.686957,108,0.313043
2633,VE 6000 - NOVO MESTO,VO 6009 - LITIJA,26,"GD Liberga, Liberga 10",222,143,0.6441,143,143,0,1.0,107,0.748252,36,0.251748
2634,VE 6000 - NOVO MESTO,VO 6009 - LITIJA,27,"Dom KS Ribče, Ribče 14",207,144,0.6957,144,142,2,1.0,82,0.577465,60,0.422535
2635,VE 6000 - NOVO MESTO,VO 6009 - LITIJA,28,"OŠ Primskovo, Gradišče 28",407,235,0.5774,235,233,2,1.0,138,0.592275,95,0.407725
2636,VE 6000 - NOVO MESTO,VO 6009 - LITIJA,29,"TIC-bivša pošta, Dole pri Litiji 8a",481,267,0.5551,267,266,1,1.0,155,0.582707,111,0.417293
2637,VE 6000 - NOVO MESTO,VO 6009 - LITIJA,30,"DK Gradišče, Gradišče-K. o. Št. Lovrenc 10",96,55,0.5729,55,55,0,1.0,45,0.818182,10,0.181818
2638,VE 6000 - NOVO MESTO,VO 6009 - LITIJA,31,"OŠ Gabrovka, Gabrovka 30",510,288,0.5647,288,285,3,1.0,138,0.484211,147,0.515789
2639,VE 6000 - NOVO MESTO,VO 6009 - LITIJA,32,"GD Tihaboj, Tihaboj 32",138,65,0.471,65,64,1,1.0,38,0.59375,26,0.40625
2640,VE 6000 - NOVO MESTO,VO 6009 - LITIJA,33,"Resnik D. - st. hiša, Moravče pri Gabrovki 16",522,255,0.4885,255,253,2,1.0,131,0.517787,122,0.482213
2641,VE 6000 - NOVO MESTO,VO 6009 - LITIJA,34,"DK Velika Štanga, Velika Štanga 9",178,114,0.6404,114,113,1,1.0,69,0.610619,44,0.389381
2642,VE 6000 - NOVO MESTO,VO 6009 - LITIJA,35,"Černe Franc, Gozd Reka 1",121,84,0.6942,84,84,0,1.0,75,0.892857,9,0.107143
2643,VE 6000 - NOVO MESTO,VO 6009 - LITIJA,36,"Sp. Log-brunarica pri igrišču, Sp. Log 16",188,120,0.6383,120,119,1,1.0,55,0.462185,64,0.537815
2644,VE 6000 - NOVO MESTO,VO 6009 - LITIJA,37,"OŠ Šmartno pri Litiji, Pungrt 9",637,408,0.6405,408,403,5,1.0,222,0.550868,181,0.449132
2645,VE 6000 - NOVO MESTO,VO 6009 - LITIJA,901,Predčasno glasovanje,0,889,0.0,889,881,8,1.0,302,0.342792,579,0.657208
2646,VE 6000 - NOVO MESTO,VO 6009 - LITIJA,970,OMNIA od: 6009,0,43,0.0,43,43,0,1.0,18,0.418605,25,0.581395
2647,VE 6000 - NOVO MESTO,VO 6009 - LITIJA,997,Pošta doma OVK,0,24,0.0,24,23,1,1.0,14,0.608696,9,0.391304
2648,VE 6000 - NOVO MESTO,VO 6009 - LITIJA,9976000,Pošta doma VKVE,0,0,0.0,0,0,0,,0,0.0,0,0.0
2649,VE 6000 - NOVO MESTO,VO 6009 - LITIJA,99799,Pošta doma DVK,0,0,0.0,0,0,0,,0,0.0,0,0.0
2650,VE 6000 - NOVO MESTO,VO 6009 - LITIJA,998,Pošta tujina OVK,0,25,0.0,25,22,3,1.0,8,0.363636,14,0.636364
2651,VE 6000 - NOVO MESTO,VO 6009 - LITIJA,9986000,Pošta tujina VKVE,0,0,0.0,0,0,0,,0,0.0,0,0.0
2652,VE 6000 - NOVO MESTO,VO 6009 - LITIJA,99899,Pošta tujina DVK,0,0,0.0,0,0,0,,0,0.0,0,0.0
2653,VE 6000 - NOVO MESTO,VO 6009 - LITIJA,999,Posebni volilni imenik,640,0,0.0,0,0,0,,0,0.0,0,0.0
2654,VE 6000 - NOVO MESTO,VO 6010 - HRASTNIK-TRBOVLJE,1,"KNJIŽNICA ANTONA SOVRETA , Trg Franca Kozarja 7",640,320,0.5,320,318,2,1.0,49,0.154088,269,0.845912
2655,VE 6000 - NOVO MESTO,VO 6010 - HRASTNIK-TRBOVLJE,2,"DRUŠTVO UPOKOJENCEV HRASTNIK, N.A. Kaple 6a",440,181,0.4114,181,174,7,1.0,38,0.218391,136,0.781609
2656,VE 6000 - NOVO MESTO,VO 6010 - HRASTNIK-TRBOVLJE,3,GALERIJA DELAVSKEGA DOMA HRASTNIK,513,217,0.423,217,213,4,1.0,43,0.201878,170,0.798122
2657,VE 6000 - NOVO MESTO,VO 6010 - HRASTNIK-TRBOVLJE,4,OSNOVNA ŠOLA NARODNEGA HEROJA RAJKA HRASTNIK,861,357,0.4146,357,354,3,1.0,85,0.240113,269,0.759887
2658,VE 6000 - NOVO MESTO,VO 6010 - HRASTNIK-TRBOVLJE,5,OSNOVNA ŠOLA NARODNEGA HEROJA RAJKA HRASTNIK,697,261,0.3745,261,255,6,1.0,52,0.203922,203,0.796078
2659,VE 6000 - NOVO MESTO,VO 6010 - HRASTNIK-TRBOVLJE,6,GLASBENA ŠOLA HRASTNIK,286,154,0.5385,154,154,0,1.0,38,0.246753,116,0.753247
2660,VE 6000 - NOVO MESTO,VO 6010 - HRASTNIK-TRBOVLJE,7,"ZB ZA VREDNOTE NOB HRASTNIK, Cesta 1. maja 52",219,71,0.3242,71,70,1,1.0,22,0.314286,48,0.685714
2661,VE 6000 - NOVO MESTO,VO 6010 - HRASTNIK-TRBOVLJE,8,VEČNAMENSKI OBJEKT PODKRAJ 91 A,412,174,0.4223,174,173,1,1.0,40,0.231214,133,0.768786
2662,VE 6000 - NOVO MESTO,VO 6010 - HRASTNIK-TRBOVLJE,9,"OŠ NH RAJKA HRASTNIK, PODRUŽNICA DOL PRI HRASTNIK",623,321,0.5152,321,319,2,1.0,81,0.253918,238,0.746082
2663,VE 6000 - NOVO MESTO,VO 6010 - HRASTNIK-TRBOVLJE,10,"OŠ NH RAJKA, PODRUŽNICA DOL PRI HRASTNIKU        ",715,370,0.5175,370,367,3,1.0,100,0.27248,267,0.72752
2664,VE 6000 - NOVO MESTO,VO 6010 - HRASTNIK-TRBOVLJE,11,prostori PLANINSKEGA DOMA NA KALU,34,22,0.6471,22,21,1,1.0,7,0.333333,14,0.666667
2665,VE 6000 - NOVO MESTO,VO 6010 - HRASTNIK-TRBOVLJE,12,"prostori KRAJEVNE SKUPNOSTI MARNO, MARNO 44 A",446,223,0.5,223,221,2,1.0,81,0.366516,140,0.633484
2666,VE 6000 - NOVO MESTO,VO 6010 - HRASTNIK-TRBOVLJE,13,BIVŠA OSNOVNA ŠOLA TURJE,371,237,0.6388,237,237,0,1.0,84,0.35443,153,0.64557
2667,VE 6000 - NOVO MESTO,VO 6010 - HRASTNIK-TRBOVLJE,14,KRAJEVNA SKUPNOST KOVK,98,43,0.4388,43,43,0,1.0,12,0.27907,31,0.72093
2668,VE 6000 - NOVO MESTO,VO 6010 - HRASTNIK-TRBOVLJE,15,"prostori DRUŽINE MEJAČ, ŠAVNA PEČ 5",72,41,0.5694,41,41,0,1.0,20,0.487805,21,0.512195
2669,VE 6000 - NOVO MESTO,VO 6010 - HRASTNIK-TRBOVLJE,16,"prostori STANOVANJSKE HIŠE KMETIČ, KRNICE 15b",111,40,0.3604,40,39,1,1.0,7,0.179487,32,0.820513
2670,VE 6000 - NOVO MESTO,VO 6010 - HRASTNIK-TRBOVLJE,17,BIVŠA OSNOVNA ŠOLA PODKRAJ,103,50,0.4854,50,50,0,1.0,29,0.58,21,0.42
2671,VE 6000 - NOVO MESTO,VO 6010 - HRASTNIK-TRBOVLJE,18,ZADRUŽNI DOM PRAPRETNO,190,123,0.6474,123,122,1,1.0,54,0.442623,68,0.557377
2672,VE 6000 - NOVO MESTO,VO 6010 - HRASTNIK-TRBOVLJE,19,ZADRUŽNI DOM ČEČE,420,220,0.5238,220,218,2,1.0,49,0.224771,169,0.775229
2673,VE 6000 - NOVO MESTO,VO 6010 - HRASTNIK-TRBOVLJE,20,"Osnovna šola Alojza Hohkrauta, Trg  revolucije 19",1052,439,0.4173,439,436,3,1.0,119,0.272936,317,0.727064
2674,VE 6000 - NOVO MESTO,VO 6010 - HRASTNIK-TRBOVLJE,21,"OŠ ALOJZA HOHKRAUTA, TRG REVOLUCIJE 19, TRBOVLJE",929,325,0.3498,325,319,6,1.0,76,0.238245,243,0.761755
2675,VE 6000 - NOVO MESTO,VO 6010 - HRASTNIK-TRBOVLJE,22,"Delavski Dom Trbovlje, Trg svobode 11a, avla doma",954,459,0.4811,459,457,2,1.0,106,0.231947,351,0.768053
2676,VE 6000 - NOVO MESTO,VO 6010 - HRASTNIK-TRBOVLJE,23,"DKD Svoboda Dobrna, Ribnik 17",261,105,0.4023,105,102,3,1.0,35,0.343137,67,0.656863
2677,VE 6000 - NOVO MESTO,VO 6010 - HRASTNIK-TRBOVLJE,24,"Srednja tehniška in poklicna šola, Šuštarjeva 7a",636,307,0.4827,307,301,6,1.0,104,0.345515,197,0.654485
2678,VE 6000 - NOVO MESTO,VO 6010 - HRASTNIK-TRBOVLJE,25,"Dom upokojencev Franc Salamon, Kol.1.maja 21",1065,379,0.3559,379,376,3,1.0,94,0.25,282,0.75
2679,VE 6000 - NOVO MESTO,VO 6010 - HRASTNIK-TRBOVLJE,26,"Osnovna šola Tončke Čeč, Keršičeva cesta 50",316,125,0.3956,125,121,4,1.0,92,0.760331,29,0.239669
2680,VE 6000 - NOVO MESTO,VO 6010 - HRASTNIK-TRBOVLJE,27,"Srednja tehniška in poklicna šola, Novi dom 60",811,370,0.4562,370,370,0,1.0,92,0.248649,278,0.751351
2681,VE 6000 - NOVO MESTO,VO 6010 - HRASTNIK-TRBOVLJE,28,"Sejna dvorana Občine Trbovlje, Mestni trg 4",935,354,0.3786,354,347,7,1.0,104,0.299712,243,0.700288
2682,VE 6000 - NOVO MESTO,VO 6010 - HRASTNIK-TRBOVLJE,29,"KD Svoboda Trbovlje, Trg Franca Fakina 4",685,328,0.4788,328,324,4,1.0,93,0.287037,231,0.712963
2683,VE 6000 - NOVO MESTO,VO 6010 - HRASTNIK-TRBOVLJE,30,"JP Komunala Trbovlje, Savinjska cesta 11a",629,340,0.5405,340,336,4,1.0,97,0.28869,239,0.71131
2684,VE 6000 - NOVO MESTO,VO 6010 - HRASTNIK-TRBOVLJE,31,"Gasilsko društvoTrbovlje, Savinjska cesta 35",527,237,0.4497,237,234,3,1.0,71,0.303419,163,0.696581
2685,VE 6000 - NOVO MESTO,VO 6010 - HRASTNIK-TRBOVLJE,32,"ŠD Rudar, Rudarska cesta 6, vhod spodaj",538,196,0.3643,196,190,6,1.0,31,0.163158,159,0.836842
2686,VE 6000 - NOVO MESTO,VO 6010 - HRASTNIK-TRBOVLJE,33,"Sejna dvorana Občine Trbovlje, Mestni trg 4",695,263,0.3784,263,262,1,1.0,73,0.278626,189,0.721374
2687,VE 6000 - NOVO MESTO,VO 6010 - HRASTNIK-TRBOVLJE,34,"Osnovna šola Trbovlje, Mestni trg 6, telovadnica",521,186,0.357,186,185,1,1.0,55,0.297297,130,0.702703
2688,VE 6000 - NOVO MESTO,VO 6010 - HRASTNIK-TRBOVLJE,35,"Sejna soba KS Franc Salamon, Gabrsko 40/a",478,262,0.5481,262,260,2,1.0,122,0.469231,138,0.530769
2689,VE 6000 - NOVO MESTO,VO 6010 - HRASTNIK-TRBOVLJE,36,"HIŠA ZARJA, BEVŠKO 19, TRBOVLJE",338,106,0.3136,106,104,2,1.0,26,0.25,78,0.75
2690,VE 6000 - NOVO MESTO,VO 6010 - HRASTNIK-TRBOVLJE,37,"Gasilski dom Čeče, Čeče 4/a",437,239,0.5469,239,234,5,1.0,91,0.388889,143,0.611111
2691,VE 6000 - NOVO MESTO,VO 6010 - HRASTNIK-TRBOVLJE,38,"Prostovoljno gasilsko društvo Dobovec, Dobovec 24",389,209,0.5373,209,209,0,1.0,104,0.497608,105,0.502392
2692,VE 6000 - NOVO MESTO,VO 6010 - HRASTNIK-TRBOVLJE,39,"Dom Tončke Čeč, Klek 32",387,202,0.522,202,201,1,1.0,66,0.328358,135,0.671642
2693,VE 6000 - NOVO MESTO,VO 6010 - HRASTNIK-TRBOVLJE,40,"Šola na Sveti Planini, Sveta Planina 28",107,64,0.5981,64,62,2,1.0,26,0.419355,36,0.580645
2694,VE 6000 - NOVO MESTO,VO 6010 - HRASTNIK-TRBOVLJE,901,Predčasno glasovanje,0,1324,0.0,1324,1317,7,1.0,300,0.22779,1017,0.77221
2695,VE 6000 - NOVO MESTO,VO 6010 - HRASTNIK-TRBOVLJE,902,Predčasno glasovanje - Hrastnik,0,453,0.0,453,452,1,1.0,94,0.207965,358,0.792035
2696,VE 6000 - NOVO MESTO,VO 6010 - HRASTNIK-TRBOVLJE,970,OMNIA od: 6010,0,23,0.0,23,23,0,1.0,5,0.217391,18,0.782609
2697,VE 6000 - NOVO MESTO,VO 6010 - HRASTNIK-TRBOVLJE,997,Pošta doma OVK,0,135,0.0,135,131,4,1.0,50,0.381679,81,0.618321
2698,VE 6000 - NOVO MESTO,VO 6010 - HRASTNIK-TRBOVLJE,9976000,Pošta doma VKVE,0,0,0.0,0,0,0,,0,0.0,0,0.0
2699,VE 6000 - NOVO MESTO,VO 6010 - HRASTNIK-TRBOVLJE,99799,Pošta doma DVK,0,0,0.0,0,0,0,,0,0.0,0,0.0
2700,VE 6000 - NOVO MESTO,VO 6010 - HRASTNIK-TRBOVLJE,998,Pošta tujina OVK,0,29,0.0,29,21,8,1.0,4,0.190476,17,0.809524
2701,VE 6000 - NOVO MESTO,VO 6010 - HRASTNIK-TRBOVLJE,9986000,Pošta tujina VKVE,0,0,0.0,0,0,0,,0,0.0,0,0.0
2702,VE 6000 - NOVO MESTO,VO 6010 - HRASTNIK-TRBOVLJE,99899,Pošta tujina DVK,0,0,0.0,0,0,0,,0,0.0,0,0.0
2703,VE 6000 - NOVO MESTO,VO 6010 - HRASTNIK-TRBOVLJE,999,Posebni volilni imenik,1140,0,0.0,0,0,0,,0,0.0,0,0.0
2704,VE 6000 - NOVO MESTO,VO 6011 - ZAGORJE,1,"Delavski dom I, Cesta 9. avgusta 1, Zagorje      ",844,344,0.4076,344,339,5,1.0,99,0.292035,240,0.707965
2705,VE 6000 - NOVO MESTO,VO 6011 - ZAGORJE,2,"Delavski dom II, Cesta 9. avgusta 1, Zagorje",1049,348,0.3317,348,345,3,1.0,80,0.231884,265,0.768116
2706,VE 6000 - NOVO MESTO,VO 6011 - ZAGORJE,3,"Glasbena šola Zagorje ob Savi I, Kolodvorska c. 2",805,358,0.4447,358,357,1,1.0,82,0.229692,275,0.770308
2707,VE 6000 - NOVO MESTO,VO 6011 - ZAGORJE,4,"Glasbena šola Zagorje ob Savi II,Kolodvorska c.2 ",1107,532,0.4806,532,523,9,1.0,180,0.344168,343,0.655832
2708,VE 6000 - NOVO MESTO,VO 6011 - ZAGORJE,6,"OŠ Toneta Okrogarja, Šolska ulica 1, Zagorje",827,311,0.3761,311,306,5,1.0,112,0.366013,194,0.633987
2709,VE 6000 - NOVO MESTO,VO 6011 - ZAGORJE,7,"PGD Ravenska Vas, Ravenska vas 3, Zagorje ob Savi",212,117,0.5519,117,115,2,1.0,48,0.417391,67,0.582609
2710,VE 6000 - NOVO MESTO,VO 6011 - ZAGORJE,8,"Okrepčevalnica Gasilček, Kotredež 12, Zagorje",529,243,0.4594,243,243,0,1.0,101,0.415638,142,0.584362
2711,VE 6000 - NOVO MESTO,VO 6011 - ZAGORJE,9,"VDC, Cesta 9.avgusta 59c, Zagorje ob Savi",871,425,0.4879,425,422,3,1.0,119,0.281991,303,0.718009
2712,VE 6000 - NOVO MESTO,VO 6011 - ZAGORJE,11,"PGD Loke, Loke pri Zagorju 37,Kisovec",301,189,0.6279,189,187,2,1.0,64,0.342246,123,0.657754
2713,VE 6000 - NOVO MESTO,VO 6011 - ZAGORJE,12,"Dom Kulture Kisovec,Trg Pohorskega bataljona 24",944,467,0.4947,467,455,12,1.0,88,0.193407,367,0.806593
2714,VE 6000 - NOVO MESTO,VO 6011 - ZAGORJE,13,"NK Svoboda Kisovec, Naselje na Šahtu 37, Kisovec",366,161,0.4399,161,161,0,1.0,46,0.285714,115,0.714286
2715,VE 6000 - NOVO MESTO,VO 6011 - ZAGORJE,14,"PGD Čolnišče, Čolnišče 12, Zagorje ob Savi",232,134,0.5776,134,132,2,1.0,32,0.242424,100,0.757576
2716,VE 6000 - NOVO MESTO,VO 6011 - ZAGORJE,15,"OŠ Ivana Kavčiča I, Izlake 4, Izlake",575,303,0.527,303,301,2,1.0,94,0.312292,207,0.687708
2717,VE 6000 - NOVO MESTO,VO 6011 - ZAGORJE,16,"Hiša Zorec Dejana, Smučidol 4, Izlake",181,120,0.663,120,116,4,1.0,66,0.568966,50,0.431034
2718,VE 6000 - NOVO MESTO,VO 6011 - ZAGORJE,17,"OŠ Ivana Kavčiča II, Izlake 4, Izlake",574,326,0.5679,326,325,1,1.0,116,0.356923,209,0.643077
2719,VE 6000 - NOVO MESTO,VO 6011 - ZAGORJE,18,"gostinski lokal Drašlar Marka, Orehovica 18",261,169,0.6475,169,166,3,1.0,74,0.445783,92,0.554217
2720,VE 6000 - NOVO MESTO,VO 6011 - ZAGORJE,19,"Gostišče Maček, Šentgotard 22, Trojane",231,120,0.5195,120,119,1,1.0,69,0.579832,50,0.420168
2721,VE 6000 - NOVO MESTO,VO 6011 - ZAGORJE,20,"PGD Čemšenik, Čemšenik 16, Čemšenik",482,257,0.5332,257,253,4,1.0,140,0.55336,113,0.44664
2722,VE 6000 - NOVO MESTO,VO 6011 - ZAGORJE,21,"Gostilna Zaloka, Jesenovo 31, Čemšenik",196,113,0.5765,113,110,3,1.0,78,0.709091,32,0.290909
2723,VE 6000 - NOVO MESTO,VO 6011 - ZAGORJE,22,"Hiša Mažgon Hilde, Jesenovo 38c, Čemšenik",151,84,0.5563,84,84,0,1.0,41,0.488095,43,0.511905
2724,VE 6000 - NOVO MESTO,VO 6011 - ZAGORJE,23,"OŠ Mlinše, Mlinše 14, Izlake",342,212,0.6199,212,210,2,1.0,85,0.404762,125,0.595238
2725,VE 6000 - NOVO MESTO,VO 6011 - ZAGORJE,25,"hiša Hribar Zorana, Breznik 1, Izlake",138,82,0.5942,82,79,3,1.0,42,0.531646,37,0.468354
2726,VE 6000 - NOVO MESTO,VO 6011 - ZAGORJE,26,"PGD Kandrše, Kandrše - del 6, Vače",303,170,0.5611,170,167,3,1.0,83,0.497006,84,0.502994
2727,VE 6000 - NOVO MESTO,VO 6011 - ZAGORJE,27,"PGD Kolovrat, Kolovrat 19, Izlake",235,126,0.5362,126,126,0,1.0,73,0.579365,53,0.420635
2728,VE 6000 - NOVO MESTO,VO 6011 - ZAGORJE,28,"hiša Rome Janeza, Briše 17, Izlake",85,55,0.6471,55,55,0,1.0,26,0.472727,29,0.527273
2729,VE 6000 - NOVO MESTO,VO 6011 - ZAGORJE,29,"PGD Šentlambert, Šentlambert 9, Zagorje ob Savi",282,134,0.4752,134,132,2,1.0,44,0.333333,88,0.666667
2730,VE 6000 - NOVO MESTO,VO 6011 - ZAGORJE,30,"Hiša Vozelj Rada, Kal 3, Zagorje ob Savi",173,85,0.4913,85,85,0,1.0,16,0.188235,69,0.811765
2731,VE 6000 - NOVO MESTO,VO 6011 - ZAGORJE,31,"PGD Tirna, Tirna 16, Sava",193,122,0.6321,122,122,0,1.0,39,0.319672,83,0.680328
2732,VE 6000 - NOVO MESTO,VO 6011 - ZAGORJE,33,"PGD Podkum, Podkum 16, Podkum",244,156,0.6393,156,156,0,1.0,73,0.467949,83,0.532051
2733,VE 6000 - NOVO MESTO,VO 6011 - ZAGORJE,34,"hiša Zupanc Frančiške, Borovak pri Podkumu 7",121,78,0.6446,78,78,0,1.0,32,0.410256,46,0.589744
2734,VE 6000 - NOVO MESTO,VO 6011 - ZAGORJE,35,"PGD Padež, Padež 1, Podkum",75,44,0.5867,44,44,0,1.0,15,0.340909,29,0.659091
2735,VE 6000 - NOVO MESTO,VO 6011 - ZAGORJE,36,"Športno društvo Šklendrovec, ID 1889-1019, Podkum",210,112,0.5333,112,111,1,1.0,36,0.324324,75,0.675676
2736,VE 6000 - NOVO MESTO,VO 6011 - ZAGORJE,901,Predčasno glasovanje,0,971,0.0,971,967,4,1.0,236,0.244054,731,0.755946
2737,VE 6000 - NOVO MESTO,VO 6011 - ZAGORJE,970,OMNIA od: 6011,0,24,0.0,24,23,1,1.0,5,0.217391,18,0.782609
2738,VE 6000 - NOVO MESTO,VO 6011 - ZAGORJE,997,Pošta doma OVK,0,50,0.0,50,50,0,1.0,17,0.34,33,0.66
2739,VE 6000 - NOVO MESTO,VO 6011 - ZAGORJE,9976000,Pošta doma VKVE,0,0,0.0,0,0,0,,0,0.0,0,0.0
2740,VE 6000 - NOVO MESTO,VO 6011 - ZAGORJE,99799,Pošta doma DVK,0,0,0.0,0,0,0,,0,0.0,0,0.0
2741,VE 6000 - NOVO MESTO,VO 6011 - ZAGORJE,998,Pošta tujina OVK,0,15,0.0,15,14,1,1.0,3,0.214286,11,0.785714
2742,VE 6000 - NOVO MESTO,VO 6011 - ZAGORJE,9986000,Pošta tujina VKVE,0,0,0.0,0,0,0,,0,0.0,0,0.0
2743,VE 6000 - NOVO MESTO,VO 6011 - ZAGORJE,99899,Pošta tujina DVK,0,0,0.0,0,0,0,,0,0.0,0,0.0
2744,VE 6000 - NOVO MESTO,VO 6011 - ZAGORJE,999,Posebni volilni imenik,543,0,0.0,0,0,0,,0,0.0,0,0.0
2745,VE 7000 - MARIBOR,VO 7001 - ŠMARJE PRI JELŠAH,1,"KD B.ob Sotli, B. ob Sotli 9, 3256 B. ob Sotli",1145,571,0.4987,571,570,1,1.0,329,0.577193,241,0.422807
2746,VE 7000 - MARIBOR,VO 7001 - ŠMARJE PRI JELŠAH,2,"GD Buče, Vr. Gorca 4a, 3255 Buče",345,178,0.5159,178,178,0,1.0,114,0.640449,64,0.359551
2747,VE 7000 - MARIBOR,VO 7001 - ŠMARJE PRI JELŠAH,3,"Sejna soba Občine Kozje, Kozje 37, 3260 Kozje",863,410,0.4751,410,406,4,1.0,237,0.583744,169,0.416256
2748,VE 7000 - MARIBOR,VO 7001 - ŠMARJE PRI JELŠAH,4,"KD Lesično, Lesično 5c, 3261 Lesično",630,320,0.5079,320,319,1,1.0,184,0.576803,135,0.423197
2749,VE 7000 - MARIBOR,VO 7001 - ŠMARJE PRI JELŠAH,5,"DK Osredek, Osr./Podsredi 19a, 3257 Podsreda",53,30,0.566,30,30,0,1.0,13,0.433333,17,0.566667
2750,VE 7000 - MARIBOR,VO 7001 - ŠMARJE PRI JELŠAH,6,"DK Podsreda, Podsreda 31, 3257 Podsreda",463,220,0.4752,220,217,3,1.0,123,0.56682,94,0.43318
2751,VE 7000 - MARIBOR,VO 7001 - ŠMARJE PRI JELŠAH,7,"Pisarna KS Zagorje, Zagorje 47, 3261 Lesično ",234,105,0.4487,105,105,0,1.0,74,0.704762,31,0.295238
2752,VE 7000 - MARIBOR,VO 7001 - ŠMARJE PRI JELŠAH,8,"GD Podčetrtek, Slake 3, 3254 Podčetrtek",672,334,0.497,334,330,4,1.0,189,0.572727,141,0.427273
2753,VE 7000 - MARIBOR,VO 7001 - ŠMARJE PRI JELŠAH,9,"GD Imeno, Imeno 38a, 3254 Podčetrtek",423,208,0.4917,208,208,0,1.0,144,0.692308,64,0.307692
2754,VE 7000 - MARIBOR,VO 7001 - ŠMARJE PRI JELŠAH,10,"DKG Polje ob Sotli,  Polje ob Sotli 4, 3255 Buče",375,194,0.5173,194,194,0,1.0,121,0.623711,73,0.376289
2755,VE 7000 - MARIBOR,VO 7001 - ŠMARJE PRI JELŠAH,11,"TPOŠ Pristava, Pr./Mestinju 27, 3253 Pr./Mestinju",877,411,0.4686,411,408,3,1.0,214,0.52451,194,0.47549
2756,VE 7000 - MARIBOR,VO 7001 - ŠMARJE PRI JELŠAH,12,"KD Virštanj, Virštanj 11, 3254 Podčetrtek",499,251,0.503,251,251,0,1.0,166,0.661355,85,0.338645
2757,VE 7000 - MARIBOR,VO 7001 - ŠMARJE PRI JELŠAH,13,"GD Kostrivnica, Zg. Kostrivnica 10a, 3241 Podplat",814,384,0.4717,384,384,0,1.0,271,0.705729,113,0.294271
2758,VE 7000 - MARIBOR,VO 7001 - ŠMARJE PRI JELŠAH,14,"Aleš Tadina PP, Sp. Gabernik 35, 3241 Podplat",354,194,0.548,194,191,3,1.0,130,0.680628,61,0.319372
2759,VE 7000 - MARIBOR,VO 7001 - ŠMARJE PRI JELŠAH,15,"Rusl Jožef, Brestovec 1, 3250 Rog. Slatina",1099,489,0.4449,489,484,5,1.0,316,0.652893,168,0.347107
2760,VE 7000 - MARIBOR,VO 7001 - ŠMARJE PRI JELŠAH,17,"Kovačič Marija, Kamence 24, 3250 Rog. Slatina",258,84,0.3256,84,84,0,1.0,57,0.678571,27,0.321429
2761,VE 7000 - MARIBOR,VO 7001 - ŠMARJE PRI JELŠAH,18,"GD, Prvomajska ul.15a, 3250 Rog. Slatina ",771,374,0.4851,374,371,3,1.0,172,0.463612,199,0.536388
2762,VE 7000 - MARIBOR,VO 7001 - ŠMARJE PRI JELŠAH,19,"II.OŠ Rog. Sl., Ul. Kozj. odr. 4,3250 Rog.Slatina",1172,556,0.4744,556,554,2,1.0,262,0.472924,292,0.527076
2763,VE 7000 - MARIBOR,VO 7001 - ŠMARJE PRI JELŠAH,20,"Golub Zvonimir, Sp. Negonje 18, 3250 Rog. Slatina",596,254,0.4262,254,251,3,1.0,153,0.609562,98,0.390438
2764,VE 7000 - MARIBOR,VO 7001 - ŠMARJE PRI JELŠAH,21,"I.OŠ Rog. Sl., Kidričeva ul. 24,3250 Rog. Slatina",593,300,0.5059,300,298,2,1.0,148,0.496644,150,0.503356
2765,VE 7000 - MARIBOR,VO 7001 - ŠMARJE PRI JELŠAH,22,"Gaberšek Vinko, Sp. Sečovo 26, 3250 Rog. Slatina",508,209,0.4114,209,208,1,1.0,158,0.759615,50,0.240385
2766,VE 7000 - MARIBOR,VO 7001 - ŠMARJE PRI JELŠAH,23,"Vrtni center, Cer. p. Bočem 22a,3250 Rog. Slatina",506,257,0.5079,257,257,0,1.0,181,0.70428,76,0.29572
2767,VE 7000 - MARIBOR,VO 7001 - ŠMARJE PRI JELŠAH,24,"Jagodič Boštjan s.p.,Steklar. ul 1b, 3250 Rog. Sl",1158,546,0.4715,546,544,2,1.0,290,0.533088,254,0.466912
2768,VE 7000 - MARIBOR,VO 7001 - ŠMARJE PRI JELŠAH,25,"KC Rog. Slatina, Celjska c. 3a, 3250 Rog. Slatina",478,226,0.4728,226,226,0,1.0,122,0.539823,104,0.460177
2769,VE 7000 - MARIBOR,VO 7001 - ŠMARJE PRI JELŠAH,26,"OŠ Sv. Florijan, Sv Florijan 60,3250 Rog. Slatina",419,190,0.4535,190,190,0,1.0,137,0.721053,53,0.278947
2770,VE 7000 - MARIBOR,VO 7001 - ŠMARJE PRI JELŠAH,27,"VGD Dobovec, Dob./Rogatcu 35d, 3252 Rogatec",462,168,0.3636,168,168,0,1.0,113,0.672619,55,0.327381
2771,VE 7000 - MARIBOR,VO 7001 - ŠMARJE PRI JELŠAH,28,"VGD Donačka Gora, Donačka Gora 4c, 3252 Rogatec",742,328,0.442,328,328,0,1.0,248,0.756098,80,0.243902
2772,VE 7000 - MARIBOR,VO 7001 - ŠMARJE PRI JELŠAH,29,"Dvorana KD Rogatec,Strmolska ul. 6, 3252 Rogatec",1186,534,0.4503,534,530,4,1.0,264,0.498113,266,0.501887
2773,VE 7000 - MARIBOR,VO 7001 - ŠMARJE PRI JELŠAH,30,"Marjan Petauer, Dol/Pristavi 2b,3253 Pr./Mestinju",78,57,0.7308,57,57,0,1.0,43,0.754386,14,0.245614
2774,VE 7000 - MARIBOR,VO 7001 - ŠMARJE PRI JELŠAH,31,"GKD Kristan vrh, Kristan Vrh 53a, 3241 Podplat",747,360,0.4819,360,355,5,1.0,234,0.659155,121,0.340845
2775,VE 7000 - MARIBOR,VO 7001 - ŠMARJE PRI JELŠAH,32,"OŠ Lemberg, Lemberg/Šmarju 13, 3241 Podplat",118,64,0.5424,64,64,0,1.0,29,0.453125,35,0.546875
2776,VE 7000 - MARIBOR,VO 7001 - ŠMARJE PRI JELŠAH,33,"GD Mestinje, Mestinje 19, 3241 Podplat",581,276,0.475,276,274,2,1.0,163,0.594891,111,0.405109
2777,VE 7000 - MARIBOR,VO 7001 - ŠMARJE PRI JELŠAH,34,"DKG Sl. Gora, Sl. Gora 3c, 3240 Šm./Jelšah",489,248,0.5072,248,244,4,1.0,151,0.618852,93,0.381148
2778,VE 7000 - MARIBOR,VO 7001 - ŠMARJE PRI JELŠAH,35,"GD Sv. Štefan, Sv. Štefan 51, 3264 Sv. Štefan",735,323,0.4395,323,323,0,1.0,212,0.656347,111,0.343653
2779,VE 7000 - MARIBOR,VO 7001 - ŠMARJE PRI JELŠAH,36,"Golež Stanislav, Rakovec 8, 3231 Grobelno",86,40,0.4651,40,40,0,1.0,32,0.8,8,0.2
2780,VE 7000 - MARIBOR,VO 7001 - ŠMARJE PRI JELŠAH,37,"GKD Šentvid, Šentvid 30, 3231 Grobelno",677,344,0.5081,344,339,5,1.0,189,0.557522,150,0.442478
2781,VE 7000 - MARIBOR,VO 7001 - ŠMARJE PRI JELŠAH,38,"Kincel Marija, bife,Grobelno-del 21,3231 Grobelno",449,241,0.5367,241,239,2,1.0,138,0.577406,101,0.422594
2782,VE 7000 - MARIBOR,VO 7001 - ŠMARJE PRI JELŠAH,39,"KD Šm./Jelšah, Aškerčev trg 20, 3240 Šm./Jelšah",1810,667,0.3685,667,660,7,1.0,345,0.522727,315,0.477273
2783,VE 7000 - MARIBOR,VO 7001 - ŠMARJE PRI JELŠAH,40,"VD na Tinskem, bš, 3223 Loka/Žusmu",187,61,0.3262,61,60,1,1.0,48,0.8,12,0.2
2784,VE 7000 - MARIBOR,VO 7001 - ŠMARJE PRI JELŠAH,41,"GD Zibika, Zibika 4a, 3253 Prist/Mestinju",619,301,0.4863,301,300,1,1.0,218,0.726667,82,0.273333
2785,VE 7000 - MARIBOR,VO 7001 - ŠMARJE PRI JELŠAH,42,"GD Šm./Jelšah, Obrtniška ul. 4, 3240 Šm./Jelšah",1753,758,0.4324,758,754,4,1.0,546,0.724138,208,0.275862
2786,VE 7000 - MARIBOR,VO 7001 - ŠMARJE PRI JELŠAH,901,Predčasno glasovanje,0,783,0.0,783,781,2,1.0,344,0.440461,437,0.559539
2787,VE 7000 - MARIBOR,VO 7001 - ŠMARJE PRI JELŠAH,970,OMNIA od: 7001,0,30,0.0,30,30,0,1.0,14,0.466667,16,0.533333
2788,VE 7000 - MARIBOR,VO 7001 - ŠMARJE PRI JELŠAH,997,Pošta doma OVK,0,71,0.0,71,71,0,1.0,42,0.591549,29,0.408451
2789,VE 7000 - MARIBOR,VO 7001 - ŠMARJE PRI JELŠAH,9977000,Pošta doma VKVE,0,0,0.0,0,0,0,,0,0.0,0,0.0
2790,VE 7000 - MARIBOR,VO 7001 - ŠMARJE PRI JELŠAH,99799,Pošta doma DVK,0,0,0.0,0,0,0,,0,0.0,0,0.0
2791,VE 7000 - MARIBOR,VO 7001 - ŠMARJE PRI JELŠAH,998,Pošta tujina OVK,0,29,0.0,29,29,0,1.0,19,0.655172,10,0.344828
2792,VE 7000 - MARIBOR,VO 7001 - ŠMARJE PRI JELŠAH,9987000,Pošta tujina VKVE,0,0,0.0,0,0,0,,0,0.0,0,0.0
2793,VE 7000 - MARIBOR,VO 7001 - ŠMARJE PRI JELŠAH,99899,Pošta tujina DVK,0,0,0.0,0,0,0,,0,0.0,0,0.0
2794,VE 7000 - MARIBOR,VO 7001 - ŠMARJE PRI JELŠAH,999,Posebni volilni imenik,1746,0,0.0,0,0,0,,0,0.0,0,0.0
2795,VE 7000 - MARIBOR,VO 7002 - SLOVENSKA BISTRICA,1,"Slomškov dom Slov. Bistrica, Trg Alfonza Šarha 2",683,388,0.5681,388,384,4,1.0,180,0.46875,204,0.53125
2796,VE 7000 - MARIBOR,VO 7002 - SLOVENSKA BISTRICA,2,"Dom vaščanov Devina, Devina 36a",451,238,0.5277,238,235,3,1.0,134,0.570213,101,0.429787
2797,VE 7000 - MARIBOR,VO 7002 - SLOVENSKA BISTRICA,3,"Klopce - Bar ""Grega"", Klopce 19",140,91,0.65,91,91,0,1.0,50,0.549451,41,0.450549
2798,VE 7000 - MARIBOR,VO 7002 - SLOVENSKA BISTRICA,4,"Tirgot, KS Impol, Levstikova ul. 2",627,387,0.6172,387,376,11,1.0,117,0.31117,259,0.68883
2799,VE 7000 - MARIBOR,VO 7002 - SLOVENSKA BISTRICA,5,"Jelen Franc, Visole 116",479,221,0.4614,221,219,2,1.0,107,0.488584,112,0.511416
2800,VE 7000 - MARIBOR,VO 7002 - SLOVENSKA BISTRICA,6,"Repnik Franc, Nova Gora nad Slovensko Bistrico 75",124,71,0.5726,71,70,1,1.0,35,0.5,35,0.5
2801,VE 7000 - MARIBOR,VO 7002 - SLOVENSKA BISTRICA,7,"Stopar Janez, Kovača vas 135",426,214,0.5023,214,212,2,1.0,98,0.462264,114,0.537736
2802,VE 7000 - MARIBOR,VO 7002 - SLOVENSKA BISTRICA,8,"GD Zgornja Bistrica, Kajuhova ul. 87",518,261,0.5039,261,261,0,1.0,101,0.386973,160,0.613027
2803,VE 7000 - MARIBOR,VO 7002 - SLOVENSKA BISTRICA,9,"Srednja šola, Ul. Dr. Jožeta Pučnika 21",1337,697,0.5213,697,692,5,1.0,349,0.504335,343,0.495665
2804,VE 7000 - MARIBOR,VO 7002 - SLOVENSKA BISTRICA,11,"OŠ Pohorski odred Slovenska Bistrica, Kopališka 1",883,389,0.4405,389,381,8,1.0,143,0.375328,238,0.624672
2805,VE 7000 - MARIBOR,VO 7002 - SLOVENSKA BISTRICA,12,"OŠ Pohorski odred Slovenska Bistrica, Kopališka 1",807,340,0.4213,340,336,4,1.0,145,0.431548,191,0.568452
2806,VE 7000 - MARIBOR,VO 7002 - SLOVENSKA BISTRICA,13,"Pušnik Olga, Spodnja Ložnica 35",126,56,0.4444,56,55,1,1.0,36,0.654545,19,0.345455
2807,VE 7000 - MARIBOR,VO 7002 - SLOVENSKA BISTRICA,14,"Avtohiša Jurič Slovenska Bistrica,  Lackova ul. 3",389,210,0.5398,210,206,4,1.0,109,0.529126,97,0.470874
2808,VE 7000 - MARIBOR,VO 7002 - SLOVENSKA BISTRICA,15,"Center za starejše, Leskovarjeva ul. 16",991,409,0.4127,409,403,6,1.0,155,0.384615,248,0.615385
2809,VE 7000 - MARIBOR,VO 7002 - SLOVENSKA BISTRICA,16,"Vaški dom Sp. Nova vas, Spodnja Nova vas 35a",224,131,0.5848,131,131,0,1.0,79,0.603053,52,0.396947
2810,VE 7000 - MARIBOR,VO 7002 - SLOVENSKA BISTRICA,17,"DK Cigonca, Cigonca 12a",308,154,0.5,154,153,1,1.0,83,0.542484,70,0.457516
2811,VE 7000 - MARIBOR,VO 7002 - SLOVENSKA BISTRICA,19,"Furman Vida, Preloge 10a",265,166,0.6264,166,164,2,1.0,98,0.597561,66,0.402439
2812,VE 7000 - MARIBOR,VO 7002 - SLOVENSKA BISTRICA,20,"KS Vrhole-Preloge, Vrhole pri Slov. Konjicah 29",387,213,0.5504,213,211,2,1.0,140,0.663507,71,0.336493
2813,VE 7000 - MARIBOR,VO 7002 - SLOVENSKA BISTRICA,21,"OŠ Zgornja Ložnica, Zgornja Ložnica 43",699,353,0.505,353,351,2,1.0,220,0.626781,131,0.373219
2814,VE 7000 - MARIBOR,VO 7002 - SLOVENSKA BISTRICA,22,"Košir Janez, Gladomes 77",344,180,0.5233,180,178,2,1.0,122,0.685393,56,0.314607
2815,VE 7000 - MARIBOR,VO 7002 - SLOVENSKA BISTRICA,23,"DK in GD, Veliko Tinje 33",579,310,0.5354,310,304,6,1.0,173,0.569079,131,0.430921
2816,VE 7000 - MARIBOR,VO 7002 - SLOVENSKA BISTRICA,24,"Avguštin Zdenka, Tinjska Gora 10",171,80,0.4678,80,79,1,1.0,43,0.544304,36,0.455696
2817,VE 7000 - MARIBOR,VO 7002 - SLOVENSKA BISTRICA,25,"Tič Peter, Planina pod Šumikom 19",69,39,0.5652,39,39,0,1.0,30,0.769231,9,0.230769
2818,VE 7000 - MARIBOR,VO 7002 - SLOVENSKA BISTRICA,26,"KS Šmartno na Pohorju, Šmartno na Pohorju 19",418,213,0.5096,213,211,2,1.0,163,0.772512,48,0.227488
2819,VE 7000 - MARIBOR,VO 7002 - SLOVENSKA BISTRICA,27,"Pečovnik Janko, Spodnje Prebukovje 11",189,94,0.4974,94,93,1,1.0,62,0.666667,31,0.333333
2820,VE 7000 - MARIBOR,VO 7002 - SLOVENSKA BISTRICA,28,"Furman Vilibald, Ošelj 1",212,80,0.3774,80,79,1,1.0,48,0.607595,31,0.392405
2821,VE 7000 - MARIBOR,VO 7002 - SLOVENSKA BISTRICA,38,"Večnamenska dvorana KS, Leskovec 65",725,370,0.5103,370,367,3,1.0,183,0.498638,184,0.501362
2822,VE 7000 - MARIBOR,VO 7002 - SLOVENSKA BISTRICA,39,"KD Črešnjevec, Črešnjevec 41",524,312,0.5954,312,310,2,1.0,184,0.593548,126,0.406452
2823,VE 7000 - MARIBOR,VO 7002 - SLOVENSKA BISTRICA,40,"Ilić Ivana, Vrhloga 29",288,164,0.5694,164,163,1,1.0,80,0.490798,83,0.509202
2824,VE 7000 - MARIBOR,VO 7002 - SLOVENSKA BISTRICA,41,"Polajžer Matej, Pretrež 15b",188,106,0.5638,106,104,2,1.0,64,0.615385,40,0.384615
2825,VE 7000 - MARIBOR,VO 7002 - SLOVENSKA BISTRICA,42,"GD Laporje, Laporje 30",340,190,0.5588,190,188,2,1.0,119,0.632979,69,0.367021
2826,VE 7000 - MARIBOR,VO 7002 - SLOVENSKA BISTRICA,43,"Potisk Ivan, Kočno ob Ložnici 17",326,170,0.5215,170,170,0,1.0,127,0.747059,43,0.252941
2827,VE 7000 - MARIBOR,VO 7002 - SLOVENSKA BISTRICA,44,"Čebular Branko, Hošnica 52",170,92,0.5412,92,91,1,1.0,52,0.571429,39,0.428571
2828,VE 7000 - MARIBOR,VO 7002 - SLOVENSKA BISTRICA,45,"Prostori društva za šport Žabljek, Žabljek b.š.",317,165,0.5205,165,164,1,1.0,91,0.554878,73,0.445122
2829,VE 7000 - MARIBOR,VO 7002 - SLOVENSKA BISTRICA,46,"Košič Anton, Križni Vrh 96",363,197,0.5427,197,196,1,1.0,110,0.561224,86,0.438776
2830,VE 7000 - MARIBOR,VO 7002 - SLOVENSKA BISTRICA,47,"Občina Poljčane, Bistriška c. 65",1102,606,0.5499,606,601,5,1.0,353,0.587354,248,0.412646
2831,VE 7000 - MARIBOR,VO 7002 - SLOVENSKA BISTRICA,48,"Dom Dr. Jožeta Potrča Poljčane, Potrčeva ul. 1",550,300,0.5455,300,297,3,1.0,186,0.626263,111,0.373737
2832,VE 7000 - MARIBOR,VO 7002 - SLOVENSKA BISTRICA,49,"DK Poljčane, Bistriška c. 91",559,276,0.4937,276,276,0,1.0,162,0.586957,114,0.413043
2833,VE 7000 - MARIBOR,VO 7002 - SLOVENSKA BISTRICA,50,"OŠ Sp. Poljčane, Dravinjska c. 26",491,298,0.6069,298,296,2,1.0,142,0.47973,154,0.52027
2834,VE 7000 - MARIBOR,VO 7002 - SLOVENSKA BISTRICA,51,"KUD Andreja Stefancioza, Studenice 52",757,384,0.5073,384,384,0,1.0,200,0.520833,184,0.479167
2835,VE 7000 - MARIBOR,VO 7002 - SLOVENSKA BISTRICA,52,"OŠ Anice Černejeve Makole, Makole 24",668,360,0.5389,360,358,2,1.0,232,0.648045,126,0.351955
2836,VE 7000 - MARIBOR,VO 7002 - SLOVENSKA BISTRICA,54,"Koren Branko, Ložnica 28",113,68,0.6018,68,67,1,1.0,48,0.716418,19,0.283582
2837,VE 7000 - MARIBOR,VO 7002 - SLOVENSKA BISTRICA,57,"Vrabič Gabrijel, Varoš 34",163,73,0.4479,73,73,0,1.0,56,0.767123,17,0.232877
2838,VE 7000 - MARIBOR,VO 7002 - SLOVENSKA BISTRICA,58,"Gril Jakob, Pečke 23",232,136,0.5862,136,135,1,1.0,82,0.607407,53,0.392593
2839,VE 7000 - MARIBOR,VO 7002 - SLOVENSKA BISTRICA,59,"Berglez Jožef, Mostečno 4",154,95,0.6169,95,93,2,1.0,71,0.763441,22,0.236559
2840,VE 7000 - MARIBOR,VO 7002 - SLOVENSKA BISTRICA,60,"ŠD Stopno, Stopno b.š.",210,130,0.619,130,130,0,1.0,75,0.576923,55,0.423077
2841,VE 7000 - MARIBOR,VO 7002 - SLOVENSKA BISTRICA,61,"Skledar Štefka, Štatenberg 66a",181,74,0.4088,74,72,2,1.0,34,0.472222,38,0.527778
2842,VE 7000 - MARIBOR,VO 7002 - SLOVENSKA BISTRICA,62,"Športna dvorana Milenij, Ul. Poh. bataljona 19",711,407,0.5724,407,407,0,1.0,258,0.633907,149,0.366093
2843,VE 7000 - MARIBOR,VO 7002 - SLOVENSKA BISTRICA,63,"Občina Oplotnica - KTC, Goriška c. 4",915,532,0.5814,532,530,2,1.0,328,0.618868,202,0.381132
2844,VE 7000 - MARIBOR,VO 7002 - SLOVENSKA BISTRICA,64,"Trgovina Jurič Leopold, Čadram 48",347,198,0.5706,198,197,1,1.0,123,0.624365,74,0.375635
2845,VE 7000 - MARIBOR,VO 7002 - SLOVENSKA BISTRICA,65,"Dečar Marjan, Koritno 7",143,69,0.4825,69,69,0,1.0,57,0.826087,12,0.173913
2846,VE 7000 - MARIBOR,VO 7002 - SLOVENSKA BISTRICA,66,"Hohler Zalka, Božje 19a",96,63,0.6562,63,63,0,1.0,43,0.68254,20,0.31746
2847,VE 7000 - MARIBOR,VO 7002 - SLOVENSKA BISTRICA,67,"Pišotek Janez, Ugovec 5a",357,175,0.4902,175,173,2,1.0,101,0.583815,72,0.416185
2848,VE 7000 - MARIBOR,VO 7002 - SLOVENSKA BISTRICA,68,"Rakovnik Anton, Malahorna 7",322,194,0.6025,194,193,1,1.0,115,0.595855,78,0.404145
2849,VE 7000 - MARIBOR,VO 7002 - SLOVENSKA BISTRICA,71,"Večnamenska dvorana Prihova, Prihova b.š.",427,254,0.5948,254,254,0,1.0,163,0.641732,91,0.358268
2850,VE 7000 - MARIBOR,VO 7002 - SLOVENSKA BISTRICA,73,"KS Kebelj, Kebelj 26a",259,142,0.5483,142,140,2,1.0,100,0.714286,40,0.285714
2851,VE 7000 - MARIBOR,VO 7002 - SLOVENSKA BISTRICA,74,"Smogavc Marija, Kot na Pohorju 30",31,20,0.6452,20,20,0,1.0,18,0.9,2,0.1
2852,VE 7000 - MARIBOR,VO 7002 - SLOVENSKA BISTRICA,75,"Fridrih Mihael, Kot na Pohorju 9",96,52,0.5417,52,52,0,1.0,33,0.634615,19,0.365385
2853,VE 7000 - MARIBOR,VO 7002 - SLOVENSKA BISTRICA,76,"Ribič Janez, Modrič 24",105,65,0.619,65,65,0,1.0,50,0.769231,15,0.230769
2854,VE 7000 - MARIBOR,VO 7002 - SLOVENSKA BISTRICA,77,"Podgrajšek Jože, Zlakova 12",136,80,0.5882,80,80,0,1.0,65,0.8125,15,0.1875
2855,VE 7000 - MARIBOR,VO 7002 - SLOVENSKA BISTRICA,901,Predčasno glasovanje,0,834,0.0,834,831,3,1.0,363,0.436823,468,0.563177
2856,VE 7000 - MARIBOR,VO 7002 - SLOVENSKA BISTRICA,970,OMNIA od: 7002,0,50,0.0,50,48,2,1.0,16,0.333333,32,0.666667
2857,VE 7000 - MARIBOR,VO 7002 - SLOVENSKA BISTRICA,997,Pošta doma OVK,0,92,0.0,92,92,0,1.0,45,0.48913,47,0.51087
2858,VE 7000 - MARIBOR,VO 7002 - SLOVENSKA BISTRICA,9977000,Pošta doma VKVE,0,0,0.0,0,0,0,,0,0.0,0,0.0
2859,VE 7000 - MARIBOR,VO 7002 - SLOVENSKA BISTRICA,99799,Pošta doma DVK,0,0,0.0,0,0,0,,0,0.0,0,0.0
2860,VE 7000 - MARIBOR,VO 7002 - SLOVENSKA BISTRICA,998,Pošta tujina OVK,0,29,0.0,29,27,2,1.0,13,0.481481,14,0.518519
2861,VE 7000 - MARIBOR,VO 7002 - SLOVENSKA BISTRICA,9987000,Pošta tujina VKVE,0,0,0.0,0,0,0,,0,0.0,0,0.0
2862,VE 7000 - MARIBOR,VO 7002 - SLOVENSKA BISTRICA,99899,Pošta tujina DVK,0,0,0.0,0,0,0,,0,0.0,0,0.0
2863,VE 7000 - MARIBOR,VO 7002 - SLOVENSKA BISTRICA,999,Posebni volilni imenik,1054,0,0.0,0,0,0,,0,0.0,0,0.0
2864,VE 7000 - MARIBOR,VO 7003 - SLOVENSKE KONJICE,1,"Dom krajanov Bezina, Slov. Konjice",697,371,0.5323,371,371,0,1.0,221,0.595687,150,0.404313
2865,VE 7000 - MARIBOR,VO 7003 - SLOVENSKE KONJICE,2,"Dom krajanov v Gaju, Vešenik, Slov. Konjice",516,285,0.5523,285,285,0,1.0,176,0.617544,109,0.382456
2866,VE 7000 - MARIBOR,VO 7003 - SLOVENSKE KONJICE,3,"ZZ Vertačnik,Dobrava pri Konjicah 3b,Slov.Konjice",118,68,0.5763,68,68,0,1.0,40,0.588235,28,0.411765
2867,VE 7000 - MARIBOR,VO 7003 - SLOVENSKE KONJICE,4,"Pisarna KS Konjiška vas, Slov. Konjice",393,232,0.5903,232,232,0,1.0,163,0.702586,69,0.297414
2868,VE 7000 - MARIBOR,VO 7003 - SLOVENSKE KONJICE,5,"Dom krajanov Polene, Slov. Konjice",180,116,0.6444,116,116,0,1.0,74,0.637931,42,0.362069
2869,VE 7000 - MARIBOR,VO 7003 - SLOVENSKE KONJICE,6,"Pri Pohorcu, Sojek 1, Slov. Konjice",177,68,0.3842,68,68,0,1.0,52,0.764706,16,0.235294
2870,VE 7000 - MARIBOR,VO 7003 - SLOVENSKE KONJICE,7,"OŠ Špitalič, Slov. Konjice",291,152,0.5223,152,152,0,1.0,102,0.671053,50,0.328947
2871,VE 7000 - MARIBOR,VO 7003 - SLOVENSKE KONJICE,8,"OŠ Pod goro-U, Šolska ul. 3, Slov. Konjice",652,293,0.4494,293,290,3,1.0,164,0.565517,126,0.434483
2872,VE 7000 - MARIBOR,VO 7003 - SLOVENSKE KONJICE,9,"Dom krajanov Draža vas, Loče",393,242,0.6158,242,239,3,1.0,158,0.661088,81,0.338912
2873,VE 7000 - MARIBOR,VO 7003 - SLOVENSKE KONJICE,10,"Dom krajanov Žiče, Loče",455,276,0.6066,276,274,2,1.0,153,0.558394,121,0.441606
2874,VE 7000 - MARIBOR,VO 7003 - SLOVENSKE KONJICE,11,"Dom krajanov Jernej, Loče",486,262,0.5391,262,258,4,1.0,149,0.577519,109,0.422481
2875,VE 7000 - MARIBOR,VO 7003 - SLOVENSKE KONJICE,12,"Čonč Neža, Ličenca 30, Loče",196,121,0.6173,121,117,4,1.0,85,0.726496,32,0.273504
2876,VE 7000 - MARIBOR,VO 7003 - SLOVENSKE KONJICE,13,"Dom krajanov Zbelovo, Loče",638,348,0.5455,348,348,0,1.0,245,0.704023,103,0.295977
2877,VE 7000 - MARIBOR,VO 7003 - SLOVENSKE KONJICE,14,"Dom krajanov, Sp. Grušovje 30, Slov. Konjice",158,103,0.6519,103,100,3,1.0,66,0.66,34,0.34
2878,VE 7000 - MARIBOR,VO 7003 - SLOVENSKE KONJICE,15,"Dom krajanov Tepanje, Slov. Konjice",740,420,0.5676,420,419,1,1.0,277,0.661098,142,0.338902
2879,VE 7000 - MARIBOR,VO 7003 - SLOVENSKE KONJICE,16,"Dvorana Konjičanka, Stari trg 41, Slov. Konjice",1114,545,0.4892,545,540,5,1.0,252,0.466667,288,0.533333
2880,VE 7000 - MARIBOR,VO 7003 - SLOVENSKE KONJICE,17,"OŠ Pod goro, Šolska ul. 3, Slov. Konjice",456,207,0.4539,207,205,2,1.0,107,0.521951,98,0.478049
2881,VE 7000 - MARIBOR,VO 7003 - SLOVENSKE KONJICE,18,"Kulturni dom, Mestni trg 4, Slov. Konjice",1237,580,0.4689,580,569,11,1.0,255,0.448155,314,0.551845
2882,VE 7000 - MARIBOR,VO 7003 - SLOVENSKE KONJICE,20,"OŠ ob Dravinji I.,Ul.Dušana Jereba 1,Slov.Konjice",821,439,0.5347,439,433,6,1.0,182,0.420323,251,0.579677
2883,VE 7000 - MARIBOR,VO 7003 - SLOVENSKE KONJICE,22,"OŠ ob Dravinji II,Ul.Dušana Jereba 1,Slov.Konjice",372,227,0.6102,227,223,4,1.0,126,0.565022,97,0.434978
2884,VE 7000 - MARIBOR,VO 7003 - SLOVENSKE KONJICE,23,"Osnovna šola Loče I., Šolska ul. 5, Loče",929,443,0.4769,443,439,4,1.0,232,0.528474,207,0.471526
2885,VE 7000 - MARIBOR,VO 7003 - SLOVENSKE KONJICE,24,"Osnovna šola Loče II., Šolska ul. 5, Loče",158,84,0.5316,84,84,0,1.0,57,0.678571,27,0.321429
2886,VE 7000 - MARIBOR,VO 7003 - SLOVENSKE KONJICE,25,"Hiša dediščine, Mlače, Loče",230,139,0.6043,139,138,1,1.0,67,0.485507,71,0.514493
2887,VE 7000 - MARIBOR,VO 7003 - SLOVENSKE KONJICE,27,"Občina Vitanje, Grajski trg 1, Vitanje",800,452,0.565,452,451,1,1.0,255,0.56541,196,0.43459
2888,VE 7000 - MARIBOR,VO 7003 - SLOVENSKE KONJICE,28,"Kušar Zdenko, Stenica 44, Vitanje",398,233,0.5854,233,231,2,1.0,179,0.774892,52,0.225108
2889,VE 7000 - MARIBOR,VO 7003 - SLOVENSKE KONJICE,29,"Hrovat Milan, Hudinja 23, Vitanje",146,78,0.5342,78,78,0,1.0,65,0.833333,13,0.166667
2890,VE 7000 - MARIBOR,VO 7003 - SLOVENSKE KONJICE,30,"Brodej Jože, Brezen 55, Vitanje",136,73,0.5368,73,73,0,1.0,64,0.876712,9,0.123288
2891,VE 7000 - MARIBOR,VO 7003 - SLOVENSKE KONJICE,31,"Slatinek Marjetka ""Pri Volavcu"", Paka 40, Vitanje",161,95,0.5901,95,95,0,1.0,85,0.894737,10,0.105263
2892,VE 7000 - MARIBOR,VO 7003 - SLOVENSKE KONJICE,32,"Center Noordung, Na vasi 18, Vitanje",142,72,0.507,72,72,0,1.0,58,0.805556,14,0.194444
2893,VE 7000 - MARIBOR,VO 7003 - SLOVENSKE KONJICE,33,"Zeleni apartma, Loška gora pri Zrečah 39, Zreče",310,160,0.5161,160,160,0,1.0,96,0.6,64,0.4
2894,VE 7000 - MARIBOR,VO 7003 - SLOVENSKE KONJICE,34,"Hotel Dobrava, Bela dvorana, C.na Roglo 15,Zreče",769,429,0.5579,429,423,6,1.0,236,0.55792,187,0.44208
2895,VE 7000 - MARIBOR,VO 7003 - SLOVENSKE KONJICE,35,"Hotel Dobrava, Rumena dvorana,C.na Roglo 15,Zreče",850,425,0.5,425,422,3,1.0,189,0.447867,233,0.552133
2896,VE 7000 - MARIBOR,VO 7003 - SLOVENSKE KONJICE,37,"Osnovna šola Zreče, Šolska c. 3, Zreče",998,590,0.5912,590,585,5,1.0,367,0.62735,218,0.37265
2897,VE 7000 - MARIBOR,VO 7003 - SLOVENSKE KONJICE,39,"CŠOD Gorenje, Zreče",593,331,0.5582,331,328,3,1.0,243,0.740854,85,0.259146
2898,VE 7000 - MARIBOR,VO 7003 - SLOVENSKE KONJICE,40,"Dom krajanov Resnik, Zreče",103,70,0.6796,70,70,0,1.0,42,0.6,28,0.4
2899,VE 7000 - MARIBOR,VO 7003 - SLOVENSKE KONJICE,41,"Taborniški dom, Skomarje 32, Zreče",131,93,0.7099,93,93,0,1.0,71,0.763441,22,0.236559
2900,VE 7000 - MARIBOR,VO 7003 - SLOVENSKE KONJICE,42,"Dom krajanov Stranice, Zreče",941,548,0.5824,548,546,2,1.0,388,0.710623,158,0.289377
2901,VE 7000 - MARIBOR,VO 7003 - SLOVENSKE KONJICE,43,"Dom krajanov Dobrovlje, Dobrava 78, Zreče",309,189,0.6117,189,187,2,1.0,109,0.582888,78,0.417112
2902,VE 7000 - MARIBOR,VO 7003 - SLOVENSKE KONJICE,901,Predčasno glasovanje,0,721,0.0,721,719,2,1.0,330,0.458971,389,0.541029
2903,VE 7000 - MARIBOR,VO 7003 - SLOVENSKE KONJICE,970,OMNIA od: 7003,0,28,0.0,28,28,0,1.0,12,0.428571,16,0.571429
2904,VE 7000 - MARIBOR,VO 7003 - SLOVENSKE KONJICE,997,Pošta doma OVK,0,48,0.0,48,48,0,1.0,26,0.541667,22,0.458333
2905,VE 7000 - MARIBOR,VO 7003 - SLOVENSKE KONJICE,9977000,Pošta doma VKVE,0,0,0.0,0,0,0,,0,0.0,0,0.0
2906,VE 7000 - MARIBOR,VO 7003 - SLOVENSKE KONJICE,99799,Pošta doma DVK,0,0,0.0,0,0,0,,0,0.0,0,0.0
2907,VE 7000 - MARIBOR,VO 7003 - SLOVENSKE KONJICE,998,Pošta tujina OVK,0,23,0.0,23,20,3,1.0,10,0.5,10,0.5
2908,VE 7000 - MARIBOR,VO 7003 - SLOVENSKE KONJICE,9987000,Pošta tujina VKVE,0,0,0.0,0,0,0,,0,0.0,0,0.0
2909,VE 7000 - MARIBOR,VO 7003 - SLOVENSKE KONJICE,99899,Pošta tujina DVK,0,0,0.0,0,0,0,,0,0.0,0,0.0
2910,VE 7000 - MARIBOR,VO 7003 - SLOVENSKE KONJICE,999,Posebni volilni imenik,846,0,0.0,0,0,0,,0,0.0,0,0.0
2911,VE 7000 - MARIBOR,VO 7004 - RUŠE,1,"DK Bistrica ob Dravi, Ul. 27.decembra 2",1160,569,0.4905,569,566,3,1.0,239,0.422261,327,0.577739
2912,VE 7000 - MARIBOR,VO 7004 - RUŠE,3,"Gostilna Koper, Log 84",323,164,0.5077,164,164,0,1.0,77,0.469512,87,0.530488
2913,VE 7000 - MARIBOR,VO 7004 - RUŠE,5,"Občina Lovrenc, Sp. trg 8",958,443,0.4624,443,439,4,1.0,172,0.3918,267,0.6082
2914,VE 7000 - MARIBOR,VO 7004 - RUŠE,7,"OŠ Lovrenc, Šolska ul. 6",466,223,0.4785,223,223,0,1.0,66,0.295964,157,0.704036
2915,VE 7000 - MARIBOR,VO 7004 - RUŠE,8,"PC Lovrenc, Gornji trg 62",707,394,0.5573,394,389,5,1.0,161,0.413882,228,0.586118
2916,VE 7000 - MARIBOR,VO 7004 - RUŠE,10,"Pošta Činžat, Činžat 28",353,171,0.4844,171,171,0,1.0,89,0.520468,82,0.479532
2917,VE 7000 - MARIBOR,VO 7004 - RUŠE,11,"DK Bezena, Bezena 17",485,246,0.5072,246,244,2,1.0,91,0.372951,153,0.627049
2918,VE 7000 - MARIBOR,VO 7004 - RUŠE,12,"LD Lobnica, Lobnica 20 c",120,45,0.375,45,45,0,1.0,20,0.444444,25,0.555556
2919,VE 7000 - MARIBOR,VO 7004 - RUŠE,14,"RO Ruše, Mariborska c. 5",1402,557,0.3973,557,549,8,1.0,219,0.398907,330,0.601093
2920,VE 7000 - MARIBOR,VO 7004 - RUŠE,16,"Knjižnica J.G. Ruše, Falska c. 18",1033,533,0.516,533,524,9,1.0,211,0.402672,313,0.597328
2921,VE 7000 - MARIBOR,VO 7004 - RUŠE,17,"GD Slemen, Sp. Slemen 27",519,239,0.4605,239,238,1,1.0,115,0.483193,123,0.516807
2922,VE 7000 - MARIBOR,VO 7004 - RUŠE,18,"KZ Zadružnik, Sp.Selnica 5",596,298,0.5,298,296,2,1.0,158,0.533784,138,0.466216
2923,VE 7000 - MARIBOR,VO 7004 - RUŠE,19,"OŠ Selnica, Mariborska c.30",1240,581,0.4685,581,578,3,1.0,249,0.430796,329,0.569204
2924,VE 7000 - MARIBOR,VO 7004 - RUŠE,20,"Gostilna Hojnik, Janževa gora 26",1057,473,0.4475,473,468,5,1.0,194,0.41453,274,0.58547
2925,VE 7000 - MARIBOR,VO 7004 - RUŠE,21,"OŠ Gradišče, Gradišče na Kozjaku 39",140,85,0.6071,85,85,0,1.0,44,0.517647,41,0.482353
2926,VE 7000 - MARIBOR,VO 7004 - RUŠE,22,"DLO Duh, Sv. Duh na Ostr. vrhu 47",179,68,0.3799,68,68,0,1.0,58,0.852941,10,0.147059
2927,VE 7000 - MARIBOR,VO 7004 - RUŠE,23,"GD Smolnik, Gasilska ul. 7",690,324,0.4696,324,321,3,1.0,129,0.401869,192,0.598131
2928,VE 7000 - MARIBOR,VO 7004 - RUŠE,24,"DK Smolnik, Glazerjeva ul. 29",528,258,0.4886,258,256,2,1.0,104,0.40625,152,0.59375
2929,VE 7000 - MARIBOR,VO 7004 - RUŠE,26,"Gostilna Drozg, Fala 18",60,24,0.4,24,24,0,1.0,10,0.416667,14,0.583333
2930,VE 7000 - MARIBOR,VO 7004 - RUŠE,901,Predčasno glasovanje,0,331,0.0,331,330,1,1.0,114,0.345455,216,0.654545
2931,VE 7000 - MARIBOR,VO 7004 - RUŠE,902,Predčasno glasovanje Selnica ob Dravi,0,260,0.0,260,259,1,1.0,131,0.505792,128,0.494208
2932,VE 7000 - MARIBOR,VO 7004 - RUŠE,970,OMNIA od: 7004,0,13,0.0,13,13,0,1.0,5,0.384615,8,0.615385
2933,VE 7000 - MARIBOR,VO 7004 - RUŠE,997,Pošta doma OVK,0,14,0.0,14,14,0,1.0,6,0.428571,8,0.571429
2934,VE 7000 - MARIBOR,VO 7004 - RUŠE,9977000,Pošta doma VKVE,0,0,0.0,0,0,0,,0,0.0,0,0.0
2935,VE 7000 - MARIBOR,VO 7004 - RUŠE,99799,Pošta doma DVK,0,0,0.0,0,0,0,,0,0.0,0,0.0
2936,VE 7000 - MARIBOR,VO 7004 - RUŠE,998,Pošta tujina OVK,0,21,0.0,21,21,0,1.0,6,0.285714,15,0.714286
2937,VE 7000 - MARIBOR,VO 7004 - RUŠE,9987000,Pošta tujina VKVE,0,0,0.0,0,0,0,,0,0.0,0,0.0
2938,VE 7000 - MARIBOR,VO 7004 - RUŠE,99899,Pošta tujina DVK,0,0,0.0,0,0,0,,0,0.0,0,0.0
2939,VE 7000 - MARIBOR,VO 7004 - RUŠE,999,Posebni volilni imenik,678,0,0.0,0,0,0,,0,0.0,0,0.0
2940,VE 7000 - MARIBOR,VO 7005 - MARIBOR 1,1,"OŠ Reka Pohorje, Hočko Pohorje 1",1075,544,0.506,544,543,1,1.0,220,0.405157,323,0.594843
2941,VE 7000 - MARIBOR,VO 7005 - MARIBOR 1,2,"Hotel Tisa, Hočko Pohorje 40",255,114,0.4471,114,114,0,1.0,61,0.535088,53,0.464912
2942,VE 7000 - MARIBOR,VO 7005 - MARIBOR 1,3,"DK Bresternica, Na gaj 2",1267,625,0.4933,625,623,2,1.0,269,0.431782,354,0.568218
2943,VE 7000 - MARIBOR,VO 7005 - MARIBOR 1,5,"Šolska zgradba, Šober 1",334,148,0.4431,148,148,0,1.0,93,0.628378,55,0.371622
2944,VE 7000 - MARIBOR,VO 7005 - MARIBOR 1,6,"OŠ R. Robiča, Limbuška c. 62",1119,538,0.4808,538,533,5,1.0,198,0.371482,335,0.628518
2945,VE 7000 - MARIBOR,VO 7005 - MARIBOR 1,8,"Vrtec Studenci, enota Pekre, Bezjakova ul. 2",1003,511,0.5095,511,508,3,1.0,202,0.397638,306,0.602362
2946,VE 7000 - MARIBOR,VO 7005 - MARIBOR 1,9,"Vrtec Studenci, enota Pekre, Bezjakova ul. 2",697,417,0.5983,417,416,1,1.0,155,0.372596,261,0.627404
2947,VE 7000 - MARIBOR,VO 7005 - MARIBOR 1,10,"KD Kamnica, Vrbanska c. 97",1307,584,0.4468,584,577,7,1.0,257,0.445407,320,0.554593
2948,VE 7000 - MARIBOR,VO 7005 - MARIBOR 1,11,"KD Kamnica, Vrbanska c. 97",1148,537,0.4678,537,533,4,1.0,240,0.450281,293,0.549719
2949,VE 7000 - MARIBOR,VO 7005 - MARIBOR 1,13,"Center za sluh in govor MB,Vinarska ul. 6",889,498,0.5602,498,496,2,1.0,169,0.340726,327,0.659274
2950,VE 7000 - MARIBOR,VO 7005 - MARIBOR 1,14,"OŠ P. Voranca MB, Gosposvetska c. 10",962,481,0.5,481,476,5,1.0,172,0.361345,304,0.638655
2951,VE 7000 - MARIBOR,VO 7005 - MARIBOR 1,15,"OŠ P. Voranca MB, Gosposvetska c. 10",508,289,0.5689,289,286,3,1.0,104,0.363636,182,0.636364
2952,VE 7000 - MARIBOR,VO 7005 - MARIBOR 1,18,"GD Fram,Turnerjeva ul. 105",1243,652,0.5245,652,648,4,1.0,284,0.438272,364,0.561728
2953,VE 7000 - MARIBOR,VO 7005 - MARIBOR 1,20,"Vaški dom Požeg, Požeg 17",516,267,0.5174,267,266,1,1.0,100,0.37594,166,0.62406
2954,VE 7000 - MARIBOR,VO 7005 - MARIBOR 1,21,"Vaški dom Morje, Priolova c. 54",742,424,0.5714,424,418,6,1.0,181,0.433014,237,0.566986
2955,VE 7000 - MARIBOR,VO 7005 - MARIBOR 1,22,"Vaški dom Loka, Loka pri Framu 13",113,50,0.4425,50,50,0,1.0,39,0.78,11,0.22
2956,VE 7000 - MARIBOR,VO 7005 - MARIBOR 1,23,"Vaški dom Kopivnik, Kopivnik 4 a",200,101,0.505,101,100,1,1.0,52,0.52,48,0.48
2957,VE 7000 - MARIBOR,VO 7005 - MARIBOR 1,24,"Vaški dom Ranče, Ranče 174",219,114,0.5205,114,113,1,1.0,67,0.59292,46,0.40708
2958,VE 7000 - MARIBOR,VO 7005 - MARIBOR 1,25,"Vaški dom Planica, Planica 17c",107,58,0.5421,58,58,0,1.0,37,0.637931,21,0.362069
2959,VE 7000 - MARIBOR,VO 7005 - MARIBOR 1,26,"OŠ Rače, Grajski trg 1",1524,710,0.4659,710,706,4,1.0,362,0.512748,344,0.487252
2960,VE 7000 - MARIBOR,VO 7005 - MARIBOR 1,27,"OŠ Rače, Grajski trg 1",865,382,0.4416,382,379,3,1.0,150,0.395778,229,0.604222
2961,VE 7000 - MARIBOR,VO 7005 - MARIBOR 1,28,"GD Podova, Podova 26",428,231,0.5397,231,229,2,1.0,106,0.462882,123,0.537118
2962,VE 7000 - MARIBOR,VO 7005 - MARIBOR 1,29,"GD Gorica, Sp. Gorica 55a",328,178,0.5427,178,178,0,1.0,107,0.601124,71,0.398876
2963,VE 7000 - MARIBOR,VO 7005 - MARIBOR 1,31,"OŠ R. Robiča, Limbuška c. 62",875,457,0.5223,457,454,3,1.0,182,0.400881,272,0.599119
2964,VE 7000 - MARIBOR,VO 7005 - MARIBOR 1,32,"KD Zg. Polskava, Mladinska ul. 12",954,531,0.5566,531,529,2,1.0,209,0.395085,320,0.604915
2965,VE 7000 - MARIBOR,VO 7005 - MARIBOR 1,33,"Cveček Mateja, Gabernik 80",235,95,0.4043,95,93,2,1.0,40,0.430108,53,0.569892
2966,VE 7000 - MARIBOR,VO 7005 - MARIBOR 1,34,"LD Polskava, Bukovec 2",749,396,0.5287,396,393,3,1.0,147,0.374046,246,0.625954
2967,VE 7000 - MARIBOR,VO 7005 - MARIBOR 1,35,"Kalan Jožef, Ogljenšak 10",235,125,0.5319,125,125,0,1.0,64,0.512,61,0.488
2968,VE 7000 - MARIBOR,VO 7005 - MARIBOR 1,36,"Amon Rudolf, Sele pri Polskavi 35",150,70,0.4667,70,68,2,1.0,37,0.544118,31,0.455882
2969,VE 7000 - MARIBOR,VO 7005 - MARIBOR 1,37,"KS Sp. Polskava, Sp. Polskava 270",747,408,0.5462,408,403,5,1.0,221,0.548387,182,0.451613
2970,VE 7000 - MARIBOR,VO 7005 - MARIBOR 1,38,"MD Pokoše, Pokoše 25d",171,105,0.614,105,105,0,1.0,55,0.52381,50,0.47619
2971,VE 7000 - MARIBOR,VO 7005 - MARIBOR 1,39,"Društvo KKS Pragersko, Kolodvorska ul. 9",898,445,0.4955,445,441,4,1.0,195,0.442177,246,0.557823
2972,VE 7000 - MARIBOR,VO 7005 - MARIBOR 1,40,"Doberšek Franc, Šarhova ul. 14",530,282,0.5321,282,279,3,1.0,127,0.455197,152,0.544803
2973,VE 7000 - MARIBOR,VO 7005 - MARIBOR 1,901,Predčasno glasovanje,0,598,0.0,598,595,3,1.0,195,0.327731,400,0.672269
2974,VE 7000 - MARIBOR,VO 7005 - MARIBOR 1,997,Pošta doma OVK,0,60,0.0,60,60,0,1.0,18,0.3,42,0.7
2975,VE 7000 - MARIBOR,VO 7005 - MARIBOR 1,9977000,Pošta doma VKVE,0,0,0.0,0,0,0,,0,0.0,0,0.0
2976,VE 7000 - MARIBOR,VO 7005 - MARIBOR 1,99799,Pošta doma DVK,0,0,0.0,0,0,0,,0,0.0,0,0.0
2977,VE 7000 - MARIBOR,VO 7005 - MARIBOR 1,998,Pošta tujina OVK,0,57,0.0,57,50,7,1.0,26,0.52,24,0.48
2978,VE 7000 - MARIBOR,VO 7005 - MARIBOR 1,9987000,Pošta tujina VKVE,0,0,0.0,0,0,0,,0,0.0,0,0.0
2979,VE 7000 - MARIBOR,VO 7005 - MARIBOR 1,99899,Pošta tujina DVK,0,0,0.0,0,0,0,,0,0.0,0,0.0
2980,VE 7000 - MARIBOR,VO 7005 - MARIBOR 1,999,Posebni volilni imenik,1140,0,0.0,0,0,0,,0,0.0,0,0.0
2981,VE 7000 - MARIBOR,VO 7006 - MARIBOR 2,1,"OŠ M. Konšak, Prekmurska ul. 67",1086,578,0.5322,578,573,5,1.0,238,0.415358,335,0.584642
2982,VE 7000 - MARIBOR,VO 7006 - MARIBOR 2,2,"MČ Tezno, Panonska ul. 12",773,357,0.4618,357,348,9,1.0,151,0.433908,197,0.566092
2983,VE 7000 - MARIBOR,VO 7006 - MARIBOR 2,3,"MČ Tezno, Panonska ul. 12",887,475,0.5355,475,472,3,1.0,182,0.385593,290,0.614407
2984,VE 7000 - MARIBOR,VO 7006 - MARIBOR 2,4,"DCA Marjeta, Marjeta 3a",377,175,0.4642,175,171,4,1.0,101,0.590643,70,0.409357
2985,VE 7000 - MARIBOR,VO 7006 - MARIBOR 2,5,"GD Trniče, Trniče 30",377,228,0.6048,228,225,3,1.0,143,0.635556,82,0.364444
2986,VE 7000 - MARIBOR,VO 7006 - MARIBOR 2,6,"ŠD Loka Rošnja, Loka 23a",233,126,0.5408,126,125,1,1.0,66,0.528,59,0.472
2987,VE 7000 - MARIBOR,VO 7006 - MARIBOR 2,7,"KD Rošnja, Rošnja 40a",320,182,0.5688,182,177,5,1.0,108,0.610169,69,0.389831
2988,VE 7000 - MARIBOR,VO 7006 - MARIBOR 2,8,"GD Zlatoličje, Zlatoličje 10",612,312,0.5098,312,307,5,1.0,158,0.514658,149,0.485342
2989,VE 7000 - MARIBOR,VO 7006 - MARIBOR 2,9,"ZP Starše, Starše 78c",652,388,0.5951,388,382,6,1.0,213,0.557592,169,0.442408
2990,VE 7000 - MARIBOR,VO 7006 - MARIBOR 2,10,"KS Prepolje, Prepolje 62",449,237,0.5278,237,237,0,1.0,122,0.514768,115,0.485232
2991,VE 7000 - MARIBOR,VO 7006 - MARIBOR 2,11,"OŠ Slivnica, Mariborska c. 4",786,354,0.4504,354,353,1,1.0,119,0.33711,234,0.66289
2992,VE 7000 - MARIBOR,VO 7006 - MARIBOR 2,12,"OŠ Slivnica, Mariborska c. 4",1495,761,0.509,761,754,7,1.0,297,0.393899,457,0.606101
2993,VE 7000 - MARIBOR,VO 7006 - MARIBOR 2,13,"AMD Orehova vas, Orehova c. 26",363,205,0.5647,205,204,1,1.0,111,0.544118,93,0.455882
2994,VE 7000 - MARIBOR,VO 7006 - MARIBOR 2,14,"KC Hotinja vas, Hotinjska c. 127",1128,537,0.4761,536,533,3,1.0,249,0.467167,284,0.532833
2995,VE 7000 - MARIBOR,VO 7006 - MARIBOR 2,15,"Knjižnica Hoče, Sršakova ul. 2",964,526,0.5456,526,522,4,1.0,230,0.440613,292,0.559387
2996,VE 7000 - MARIBOR,VO 7006 - MARIBOR 2,16,"KD Hoče, Pohorska c. 15",954,480,0.5031,480,477,3,1.0,192,0.402516,285,0.597484
2997,VE 7000 - MARIBOR,VO 7006 - MARIBOR 2,17,"FKBV Pivola, Pivola 10",351,154,0.4387,154,153,1,1.0,72,0.470588,81,0.529412
2998,VE 7000 - MARIBOR,VO 7006 - MARIBOR 2,18,"VeGeC Rogoza, Rogoška c. 60",1182,567,0.4797,567,559,8,1.0,234,0.418605,325,0.581395
2999,VE 7000 - MARIBOR,VO 7006 - MARIBOR 2,19,"VO Bohova, Bohova 2a",215,114,0.5302,114,114,0,1.0,49,0.429825,65,0.570175
3000,VE 7000 - MARIBOR,VO 7006 - MARIBOR 2,20,"Truck-stop, Miklavška c. 82",292,165,0.5651,165,165,0,1.0,71,0.430303,94,0.569697
3001,VE 7000 - MARIBOR,VO 7006 - MARIBOR 2,21,"KS Dravski Dvor, Kidričeva c. 9",560,282,0.5036,282,278,4,1.0,135,0.485612,143,0.514388
3002,VE 7000 - MARIBOR,VO 7006 - MARIBOR 2,22,"OŠ Miklavž-Dobrovce, Šolska ul. 1",651,363,0.5576,363,360,3,1.0,196,0.544444,164,0.455556
3003,VE 7000 - MARIBOR,VO 7006 - MARIBOR 2,23,"KS Skoke, Uskoška ul. 58",880,470,0.5341,470,468,2,1.0,234,0.5,234,0.5
3004,VE 7000 - MARIBOR,VO 7006 - MARIBOR 2,24,"KD Miklavž, Cesta v Rogozo 11",1221,582,0.4767,582,582,0,1.0,251,0.431271,331,0.568729
3005,VE 7000 - MARIBOR,VO 7006 - MARIBOR 2,25,"KD Miklavž, Cesta v Rogozo 11",968,544,0.562,544,540,4,1.0,240,0.444444,300,0.555556
3006,VE 7000 - MARIBOR,VO 7006 - MARIBOR 2,26,"Bell Center, Ptujska c. 13",1105,557,0.5041,557,552,5,1.0,229,0.414855,323,0.585145
3007,VE 7000 - MARIBOR,VO 7006 - MARIBOR 2,27,"MČ Tezno, Panonska ul. 12",931,407,0.4372,407,406,1,1.0,150,0.369458,256,0.630542
3008,VE 7000 - MARIBOR,VO 7006 - MARIBOR 2,30,"DK Brunšvik, Brunšvik 49b",353,160,0.4533,160,159,1,1.0,86,0.540881,73,0.459119
3009,VE 7000 - MARIBOR,VO 7006 - MARIBOR 2,901,Predčasno glasovanje,0,478,0.0,478,476,2,1.0,186,0.390756,290,0.609244
3010,VE 7000 - MARIBOR,VO 7006 - MARIBOR 2,997,Pošta doma OVK,0,36,0.0,36,36,0,1.0,14,0.388889,22,0.611111
3011,VE 7000 - MARIBOR,VO 7006 - MARIBOR 2,9977000,Pošta doma VKVE,0,0,0.0,0,0,0,,0,0.0,0,0.0
3012,VE 7000 - MARIBOR,VO 7006 - MARIBOR 2,99799,Pošta doma DVK,0,0,0.0,0,0,0,,0,0.0,0,0.0
3013,VE 7000 - MARIBOR,VO 7006 - MARIBOR 2,998,Pošta tujina OVK,0,33,0.0,33,33,0,1.0,12,0.363636,21,0.636364
3014,VE 7000 - MARIBOR,VO 7006 - MARIBOR 2,9987000,Pošta tujina VKVE,0,0,0.0,0,0,0,,0,0.0,0,0.0
3015,VE 7000 - MARIBOR,VO 7006 - MARIBOR 2,99899,Pošta tujina DVK,0,0,0.0,0,0,0,,0,0.0,0,0.0
3016,VE 7000 - MARIBOR,VO 7006 - MARIBOR 2,999,Posebni volilni imenik,1056,0,0.0,0,0,0,,0,0.0,0,0.0
3017,VE 7000 - MARIBOR,VO 7007 - MARIBOR 3,1,"OŠ Žitečka vas, Zg. Duplek 98",1473,712,0.4834,711,709,2,1.0,373,0.526093,336,0.473907
3018,VE 7000 - MARIBOR,VO 7007 - MARIBOR 3,2,"Občina Duplek, Trg slovenske osamosvojitve 1",1396,662,0.4742,662,658,4,1.0,371,0.56383,287,0.43617
3019,VE 7000 - MARIBOR,VO 7007 - MARIBOR 3,3,"OŠ Dvorjane, Dvorjane 15",797,392,0.4918,392,391,1,1.0,204,0.521739,187,0.478261
3020,VE 7000 - MARIBOR,VO 7007 - MARIBOR 3,4,"KD Vurberk, Vurberk 94",330,182,0.5515,182,179,3,1.0,93,0.519553,86,0.480447
3021,VE 7000 - MARIBOR,VO 7007 - MARIBOR 3,5,Večnamenski prostor pri igrišču Zimica 46c,485,212,0.4371,212,211,1,1.0,132,0.625592,79,0.374408
3022,VE 7000 - MARIBOR,VO 7007 - MARIBOR 3,6,"KD Korena, Zg.Korena 38",1139,501,0.4399,501,496,5,1.0,294,0.592742,202,0.407258
3023,VE 7000 - MARIBOR,VO 7007 - MARIBOR 3,7,"GD Brezje, Dupleška 35",910,430,0.4725,430,426,4,1.0,199,0.467136,227,0.532864
3024,VE 7000 - MARIBOR,VO 7007 - MARIBOR 3,8,"MČ Brezje, Na trati 2",999,512,0.5125,512,507,5,1.0,237,0.467456,270,0.532544
3025,VE 7000 - MARIBOR,VO 7007 - MARIBOR 3,9,"GD Dogoše, Dupleška 237",593,303,0.511,301,301,0,1.0,206,0.684385,95,0.315615
3026,VE 7000 - MARIBOR,VO 7007 - MARIBOR 3,10,"KS Malečnik, Malečnik 51",729,380,0.5213,380,375,5,1.0,181,0.482667,194,0.517333
3027,VE 7000 - MARIBOR,VO 7007 - MARIBOR 3,11,"OŠ Malečnik, Malečnik 61",1018,487,0.4784,487,482,5,1.0,235,0.487552,247,0.512448
3028,VE 7000 - MARIBOR,VO 7007 - MARIBOR 3,12,"Bivša KS, Ruperče 1",554,253,0.4567,253,252,1,1.0,132,0.52381,120,0.47619
3029,VE 7000 - MARIBOR,VO 7007 - MARIBOR 3,13,"OŠ Tone Čufar, Zrkovska 67",928,437,0.4709,437,435,2,1.0,165,0.37931,270,0.62069
3030,VE 7000 - MARIBOR,VO 7007 - MARIBOR 3,14,"OŠ Tone Čufar, Zrkovska 67",880,431,0.4898,431,430,1,1.0,154,0.35814,276,0.64186
3031,VE 7000 - MARIBOR,VO 7007 - MARIBOR 3,15,"OŠ Tone Čufar, Zrkovska 67",979,406,0.4147,406,401,5,1.0,189,0.471322,212,0.528678
3032,VE 7000 - MARIBOR,VO 7007 - MARIBOR 3,16,"GD Zrkovci, Zrkovci 73",530,305,0.5755,305,302,3,1.0,162,0.536424,140,0.463576
3033,VE 7000 - MARIBOR,VO 7007 - MARIBOR 3,17,"OŠ Tone Čufar, Zrkovska 67",725,295,0.4069,295,295,0,1.0,130,0.440678,165,0.559322
3034,VE 7000 - MARIBOR,VO 7007 - MARIBOR 3,18,"Waldorfski vrtec, Wilsonova 18",1042,455,0.4367,455,442,13,1.0,186,0.420814,256,0.579186
3035,VE 7000 - MARIBOR,VO 7007 - MARIBOR 3,20,"Dom krajanov, Počehovska 19",824,416,0.5049,416,413,3,1.0,184,0.445521,229,0.554479
3036,VE 7000 - MARIBOR,VO 7007 - MARIBOR 3,901,Predčasno glasovanje,0,422,0.0,422,421,1,1.0,182,0.432304,239,0.567696
3037,VE 7000 - MARIBOR,VO 7007 - MARIBOR 3,997,Pošta doma OVK,0,43,0.0,43,43,0,1.0,19,0.44186,24,0.55814
3038,VE 7000 - MARIBOR,VO 7007 - MARIBOR 3,9977000,Pošta doma VKVE,0,0,0.0,0,0,0,,0,0.0,0,0.0
3039,VE 7000 - MARIBOR,VO 7007 - MARIBOR 3,99799,Pošta doma DVK,0,0,0.0,0,0,0,,0,0.0,0,0.0
3040,VE 7000 - MARIBOR,VO 7007 - MARIBOR 3,998,Pošta tujina OVK,0,15,0.0,15,15,0,1.0,9,0.6,6,0.4
3041,VE 7000 - MARIBOR,VO 7007 - MARIBOR 3,9987000,Pošta tujina VKVE,0,0,0.0,0,0,0,,0,0.0,0,0.0
3042,VE 7000 - MARIBOR,VO 7007 - MARIBOR 3,99899,Pošta tujina DVK,0,0,0.0,0,0,0,,0,0.0,0,0.0
3043,VE 7000 - MARIBOR,VO 7007 - MARIBOR 3,999,Posebni volilni imenik,1058,0,0.0,0,0,0,,0,0.0,0,0.0
3044,VE 7000 - MARIBOR,VO 7008 - MARIBOR 4,2,"Razstavni salon, Grajska ul. 7",1529,494,0.3231,494,487,7,1.0,161,0.330595,326,0.669405
3045,VE 7000 - MARIBOR,VO 7008 - MARIBOR 4,3,"Razstavni salon, Grajska ul.7",1046,402,0.3843,402,395,7,1.0,140,0.35443,255,0.64557
3046,VE 7000 - MARIBOR,VO 7008 - MARIBOR 4,4,"Sr.gradbena šola,Smetanova 35",565,186,0.3292,186,185,1,1.0,63,0.340541,122,0.659459
3047,VE 7000 - MARIBOR,VO 7008 - MARIBOR 4,6,"DK Krčevina, Šubičeva ul. 11",734,413,0.5627,413,405,8,1.0,174,0.42963,231,0.57037
3048,VE 7000 - MARIBOR,VO 7008 - MARIBOR 4,7,"OŠ B. Polančič, Prešernova 19",730,356,0.4877,356,352,4,1.0,113,0.321023,239,0.678977
3049,VE 7000 - MARIBOR,VO 7008 - MARIBOR 4,8,"OŠ F.R. Stane, Kersnikova 10",1017,509,0.5005,509,503,6,1.0,127,0.252485,376,0.747515
3050,VE 7000 - MARIBOR,VO 7008 - MARIBOR 4,10,"OŠ F.R. Stane, Kersnikova 10",719,325,0.452,325,324,1,1.0,118,0.364198,206,0.635802
3051,VE 7000 - MARIBOR,VO 7008 - MARIBOR 4,11,"OŠ B. Polančič, Prešernova 19",542,247,0.4557,247,242,5,1.0,76,0.31405,166,0.68595
3052,VE 7000 - MARIBOR,VO 7008 - MARIBOR 4,12,"DK , V zavoju 40 b",994,442,0.4447,442,437,5,1.0,186,0.425629,251,0.574371
3053,VE 7000 - MARIBOR,VO 7008 - MARIBOR 4,15,"Prostori MČ Center, Kacova 1",1052,381,0.3622,381,377,4,1.0,135,0.35809,242,0.64191
3054,VE 7000 - MARIBOR,VO 7008 - MARIBOR 4,17,"Sr.gradbena šola,Smetanova 35",545,230,0.422,230,226,4,1.0,78,0.345133,148,0.654867
3055,VE 7000 - MARIBOR,VO 7008 - MARIBOR 4,18,"Sr.gradbena šola,Smetanova 35",1063,430,0.4045,430,418,12,1.0,130,0.311005,288,0.688995
3056,VE 7000 - MARIBOR,VO 7008 - MARIBOR 4,19,"Sr.gradbena šola,Smetanova 35",664,301,0.4533,301,300,1,1.0,90,0.3,210,0.7
3057,VE 7000 - MARIBOR,VO 7008 - MARIBOR 4,20,"Sr.gradbena šola,Smetanova 35",818,376,0.4597,376,374,2,1.0,128,0.342246,246,0.657754
3058,VE 7000 - MARIBOR,VO 7008 - MARIBOR 4,901,Predčasno glasovanje,0,1233,0.0,1233,1224,9,1.0,361,0.294935,863,0.705065
3059,VE 7000 - MARIBOR,VO 7008 - MARIBOR 4,970,OMNIA od: 7008,1,301,0.0,301,297,4,1.0,100,0.3367,197,0.6633
3060,VE 7000 - MARIBOR,VO 7008 - MARIBOR 4,997,Pošta doma OVK,0,38,0.0,38,37,1,1.0,14,0.378378,23,0.621622
3061,VE 7000 - MARIBOR,VO 7008 - MARIBOR 4,9977000,Pošta doma VKVE,0,0,0.0,0,0,0,,0,0.0,0,0.0
3062,VE 7000 - MARIBOR,VO 7008 - MARIBOR 4,99799,Pošta doma DVK,0,0,0.0,0,0,0,,0,0.0,0,0.0
3063,VE 7000 - MARIBOR,VO 7008 - MARIBOR 4,998,Pošta tujina OVK,0,78,0.0,78,72,6,1.0,26,0.361111,46,0.638889
3064,VE 7000 - MARIBOR,VO 7008 - MARIBOR 4,9987000,Pošta tujina VKVE,0,0,0.0,0,0,0,,0,0.0,0,0.0
3065,VE 7000 - MARIBOR,VO 7008 - MARIBOR 4,99899,Pošta tujina DVK,0,0,0.0,0,0,0,,0,0.0,0,0.0
3066,VE 7000 - MARIBOR,VO 7008 - MARIBOR 4,999,Posebni volilni imenik,2026,0,0.0,0,0,0,,0,0.0,0,0.0
3067,VE 7000 - MARIBOR,VO 7009 - MARIBOR 5,1,"OŠ Janko Padežnik, Iztokova ul.6",725,251,0.3462,251,249,2,1.0,110,0.441767,139,0.558233
3068,VE 7000 - MARIBOR,VO 7009 - MARIBOR 5,2,"OŠ Janko Padežnik, Iztokova ul.6",932,440,0.4721,440,437,3,1.0,172,0.393593,265,0.606407
3069,VE 7000 - MARIBOR,VO 7009 - MARIBOR 5,3,"Prometna šola, Preradovičeva ul.33",1136,557,0.4903,557,553,4,1.0,200,0.361664,353,0.638336
3070,VE 7000 - MARIBOR,VO 7009 - MARIBOR 5,4,"Prometna šola, Preradovičeva ul.33",702,343,0.4886,343,340,3,1.0,119,0.35,221,0.65
3071,VE 7000 - MARIBOR,VO 7009 - MARIBOR 5,5,"Prometna šola, Preradovičeva ul.33",666,306,0.4595,306,304,2,1.0,113,0.371711,191,0.628289
3072,VE 7000 - MARIBOR,VO 7009 - MARIBOR 5,6,"Prometna šola, Preradovičeva ul.33",1106,497,0.4494,497,493,4,1.0,168,0.340771,325,0.659229
3073,VE 7000 - MARIBOR,VO 7009 - MARIBOR 5,7,"Prometna šola, Preradovičeva ul.33",806,308,0.3821,308,306,2,1.0,115,0.375817,191,0.624183
3074,VE 7000 - MARIBOR,VO 7009 - MARIBOR 5,8,"MČ Magdalena, Preradovičeva ul. 1",603,267,0.4428,267,265,2,1.0,100,0.377358,165,0.622642
3075,VE 7000 - MARIBOR,VO 7009 - MARIBOR 5,9,"AMD Boris Kidrič, Ul. heroja Zidanška 8",1006,408,0.4056,408,398,10,1.0,141,0.354271,257,0.645729
3076,VE 7000 - MARIBOR,VO 7009 - MARIBOR 5,10,"Dom Lizike Jančar, Titova c. 24a",1264,496,0.3924,496,488,8,1.0,162,0.331967,326,0.668033
3077,VE 7000 - MARIBOR,VO 7009 - MARIBOR 5,11,"Dom Lizike Jančar, Titova c. 24a",959,414,0.4317,414,412,2,1.0,127,0.308252,285,0.691748
3078,VE 7000 - MARIBOR,VO 7009 - MARIBOR 5,12,"Dom Lizike Jančar, Titova c. 24a",765,227,0.2967,227,222,5,1.0,90,0.405405,132,0.594595
3079,VE 7000 - MARIBOR,VO 7009 - MARIBOR 5,13,"OŠ borcev za severno mejo, Borcev za sev.mejo 16",1172,547,0.4667,547,539,8,1.0,208,0.3859,331,0.6141
3080,VE 7000 - MARIBOR,VO 7009 - MARIBOR 5,14,"OŠ Draga Kobala, Tolstojeva ul.3",988,365,0.3694,364,361,3,1.0,150,0.415512,211,0.584488
3081,VE 7000 - MARIBOR,VO 7009 - MARIBOR 5,15,"OŠ Draga Kobala, Tolstojeva ul. 3",952,475,0.4989,475,466,9,1.0,173,0.371245,293,0.628755
3082,VE 7000 - MARIBOR,VO 7009 - MARIBOR 5,16,"OŠ Draga Kobala, Tolstojeva ul. 3",1011,497,0.4916,497,496,1,1.0,217,0.4375,279,0.5625
3083,VE 7000 - MARIBOR,VO 7009 - MARIBOR 5,17,"OŠ Draga Kobala, Tolstojeva ul.3",526,186,0.3536,186,184,2,1.0,63,0.342391,121,0.657609
3084,VE 7000 - MARIBOR,VO 7009 - MARIBOR 5,901,Predčasno glasovanje,0,614,0.0,614,610,4,1.0,184,0.301639,426,0.698361
3085,VE 7000 - MARIBOR,VO 7009 - MARIBOR 5,997,Pošta doma OVK,0,36,0.0,36,35,1,1.0,12,0.342857,23,0.657143
3086,VE 7000 - MARIBOR,VO 7009 - MARIBOR 5,9977000,Pošta doma VKVE,0,0,0.0,0,0,0,,0,0.0,0,0.0
3087,VE 7000 - MARIBOR,VO 7009 - MARIBOR 5,99799,Pošta doma DVK,0,0,0.0,0,0,0,,0,0.0,0,0.0
3088,VE 7000 - MARIBOR,VO 7009 - MARIBOR 5,998,Pošta tujina OVK,0,31,0.0,31,29,2,1.0,8,0.275862,21,0.724138
3089,VE 7000 - MARIBOR,VO 7009 - MARIBOR 5,9987000,Pošta tujina VKVE,0,0,0.0,0,0,0,,0,0.0,0,0.0
3090,VE 7000 - MARIBOR,VO 7009 - MARIBOR 5,99899,Pošta tujina DVK,0,0,0.0,0,0,0,,0,0.0,0,0.0
3091,VE 7000 - MARIBOR,VO 7009 - MARIBOR 5,999,Posebni volilni imenik,1440,0,0.0,0,0,0,,0,0.0,0,0.0
3092,VE 7000 - MARIBOR,VO 7010 - MARIBOR 6,1,"OŠ L. Pliberška, Lackova c. 4",1402,717,0.5114,717,708,9,1.0,253,0.357345,455,0.642655
3093,VE 7000 - MARIBOR,VO 7010 - MARIBOR 6,2,"Hišni svet, Borova vas 24",1338,642,0.4798,642,631,11,1.0,215,0.340729,416,0.659271
3094,VE 7000 - MARIBOR,VO 7010 - MARIBOR 6,3,"MČ Radvanje, Lackova c. 43",1122,547,0.4875,547,543,4,1.0,228,0.41989,315,0.58011
3095,VE 7000 - MARIBOR,VO 7010 - MARIBOR 6,4,"Vrtec Radvanje, Grizoldova ul. 1",838,452,0.5394,452,444,8,1.0,190,0.427928,254,0.572072
3096,VE 7000 - MARIBOR,VO 7010 - MARIBOR 6,5,"DRAŠ Center, Pohorska ul. 57",843,409,0.4852,409,405,4,1.0,200,0.493827,205,0.506173
3097,VE 7000 - MARIBOR,VO 7010 - MARIBOR 6,8,"MČ Nova vas, Radvanjska c. 65",829,417,0.503,417,409,8,1.0,157,0.383863,252,0.616137
3098,VE 7000 - MARIBOR,VO 7010 - MARIBOR 6,9,"OŠ Tabor I, Ul. A. Tovornika 21",1376,726,0.5276,726,717,9,1.0,255,0.355649,462,0.644351
3099,VE 7000 - MARIBOR,VO 7010 - MARIBOR 6,10,"ZD Nova vas, C. prol. brigad 71",710,362,0.5099,362,356,6,1.0,106,0.297753,250,0.702247
3100,VE 7000 - MARIBOR,VO 7010 - MARIBOR 6,11,"OŠ L. Štuklja, Klinetova ul. 18",769,399,0.5189,398,394,4,1.0,107,0.271574,287,0.728426
3101,VE 7000 - MARIBOR,VO 7010 - MARIBOR 6,12,"OŠ L. Štuklja, Klinetova ul. 18",822,469,0.5706,469,466,3,1.0,150,0.321888,316,0.678112
3102,VE 7000 - MARIBOR,VO 7010 - MARIBOR 6,14,"OŠ Tabor I, Ul. A. Tovornika 21",774,377,0.4871,377,374,3,1.0,128,0.342246,246,0.657754
3103,VE 7000 - MARIBOR,VO 7010 - MARIBOR 6,15,"Hišni svet, Knafelčeva ul. 28",1359,696,0.5121,696,692,4,1.0,241,0.348266,451,0.651734
3104,VE 7000 - MARIBOR,VO 7010 - MARIBOR 6,16,"JZ Gasilska brigada, C. prol. brigad 21",588,236,0.4014,236,233,3,1.0,79,0.339056,154,0.660944
3105,VE 7000 - MARIBOR,VO 7010 - MARIBOR 6,17,"JZ Gasilska brigada, C. prol. brigad 21",1170,476,0.4068,476,464,12,1.0,188,0.405172,276,0.594828
3106,VE 7000 - MARIBOR,VO 7010 - MARIBOR 6,19,"Dom krajanov, Razvanjska c. 22",1108,612,0.5523,612,609,3,1.0,232,0.380952,377,0.619048
3107,VE 7000 - MARIBOR,VO 7010 - MARIBOR 6,901,Predčasno glasovanje,0,654,0.0,654,653,1,1.0,190,0.290965,463,0.709035
3108,VE 7000 - MARIBOR,VO 7010 - MARIBOR 6,997,Pošta doma OVK,0,37,0.0,37,34,3,1.0,18,0.529412,16,0.470588
3109,VE 7000 - MARIBOR,VO 7010 - MARIBOR 6,9977000,Pošta doma VKVE,0,0,0.0,0,0,0,,0,0.0,0,0.0
3110,VE 7000 - MARIBOR,VO 7010 - MARIBOR 6,99799,Pošta doma DVK,0,0,0.0,0,0,0,,0,0.0,0,0.0
3111,VE 7000 - MARIBOR,VO 7010 - MARIBOR 6,998,Pošta tujina OVK,0,41,0.0,41,39,2,1.0,10,0.25641,29,0.74359
3112,VE 7000 - MARIBOR,VO 7010 - MARIBOR 6,9987000,Pošta tujina VKVE,0,0,0.0,0,0,0,,0,0.0,0,0.0
3113,VE 7000 - MARIBOR,VO 7010 - MARIBOR 6,99899,Pošta tujina DVK,0,0,0.0,0,0,0,,0,0.0,0,0.0
3114,VE 7000 - MARIBOR,VO 7010 - MARIBOR 6,999,Posebni volilni imenik,1066,0,0.0,0,0,0,,0,0.0,0,0.0
3115,VE 7000 - MARIBOR,VO 7011 - MARIBOR 7,1,"Vrtec Jadvige Golež, Betnavska c.100",786,358,0.4555,358,356,2,1.0,108,0.303371,248,0.696629
3116,VE 7000 - MARIBOR,VO 7011 - MARIBOR 7,2,"HS, Radvanjska c. 61",520,207,0.3981,207,203,4,1.0,65,0.320197,138,0.679803
3117,VE 7000 - MARIBOR,VO 7011 - MARIBOR 7,3,"HS, Radvanjska c. 61",976,508,0.5205,508,506,2,1.0,172,0.339921,334,0.660079
3118,VE 7000 - MARIBOR,VO 7011 - MARIBOR 7,5,"Vrtec Jadvige Golež, Betnavska c. 100",810,352,0.4346,352,347,5,1.0,113,0.325648,234,0.674352
3119,VE 7000 - MARIBOR,VO 7011 - MARIBOR 7,6,"DRU, Gorkega ul. 48",734,348,0.4741,348,344,4,1.0,132,0.383721,212,0.616279
3120,VE 7000 - MARIBOR,VO 7011 - MARIBOR 7,7,"OŠ A. Besednjak, Celjska ul. 11",668,313,0.4686,313,310,3,1.0,114,0.367742,196,0.632258
3121,VE 7000 - MARIBOR,VO 7011 - MARIBOR 7,8,"OŠ A. Besednjak, Celjska ul. 11",1080,476,0.4407,476,473,3,1.0,178,0.376321,295,0.623679
3122,VE 7000 - MARIBOR,VO 7011 - MARIBOR 7,10,"OŠ A. Besednjak, Celjska ul. 11",823,224,0.2722,224,219,5,1.0,74,0.3379,145,0.6621
3123,VE 7000 - MARIBOR,VO 7011 - MARIBOR 7,11,"MČ Tabor, Metelkova 63",773,315,0.4075,315,308,7,1.0,114,0.37013,194,0.62987
3124,VE 7000 - MARIBOR,VO 7011 - MARIBOR 7,13,"OŠ borcev za sev. mejo, Borcev za sev. mejo 16",1558,738,0.4737,738,733,5,1.0,285,0.388813,448,0.611187
3125,VE 7000 - MARIBOR,VO 7011 - MARIBOR 7,15,"OŠ S. Klavore, Štrekljeva ul. 31",1032,397,0.3847,397,394,3,1.0,166,0.42132,228,0.57868
3126,VE 7000 - MARIBOR,VO 7011 - MARIBOR 7,17,"OŠ S. Klavore, Štrekljeva ul. 31",1311,641,0.4889,641,638,3,1.0,285,0.446708,353,0.553292
3127,VE 7000 - MARIBOR,VO 7011 - MARIBOR 7,19,"OŠ M. Konšak, Prekmurska ul. 67",740,285,0.3851,285,282,3,1.0,118,0.41844,164,0.58156
3128,VE 7000 - MARIBOR,VO 7011 - MARIBOR 7,20,"OŠ M. Konšak, Prekmurska ul. 67",1027,369,0.3593,369,368,1,1.0,159,0.432065,209,0.567935
3129,VE 7000 - MARIBOR,VO 7011 - MARIBOR 7,901,Predčasno glasovanje,0,592,0.0,592,590,2,1.0,198,0.335593,392,0.664407
3130,VE 7000 - MARIBOR,VO 7011 - MARIBOR 7,997,Pošta doma OVK,0,32,0.0,31,31,0,1.0,10,0.322581,21,0.677419
3131,VE 7000 - MARIBOR,VO 7011 - MARIBOR 7,9977000,Pošta doma VKVE,0,0,0.0,0,0,0,,0,0.0,0,0.0
3132,VE 7000 - MARIBOR,VO 7011 - MARIBOR 7,99799,Pošta doma DVK,0,0,0.0,0,0,0,,0,0.0,0,0.0
3133,VE 7000 - MARIBOR,VO 7011 - MARIBOR 7,998,Pošta tujina OVK,0,28,0.0,28,23,5,1.0,8,0.347826,15,0.652174
3134,VE 7000 - MARIBOR,VO 7011 - MARIBOR 7,9987000,Pošta tujina VKVE,0,0,0.0,0,0,0,,0,0.0,0,0.0
3135,VE 7000 - MARIBOR,VO 7011 - MARIBOR 7,99899,Pošta tujina DVK,0,0,0.0,0,0,0,,0,0.0,0,0.0
3136,VE 7000 - MARIBOR,VO 7011 - MARIBOR 7,999,Posebni volilni imenik,1202,0,0.0,0,0,0,,0,0.0,0,0.0
3137,VE 8000 - PTUJ,VO 8001 - LENDAVA,1,"Center za zaščito in reševanje,Velika Polana 109a",718,359,0.5,359,358,1,1.0,205,0.572626,153,0.427374
3138,VE 8000 - PTUJ,VO 8001 - LENDAVA,2,"Medgeneracijski center (Bukovje),Mala Polana 42",281,156,0.5552,156,155,1,1.0,113,0.729032,42,0.270968
3139,VE 8000 - PTUJ,VO 8001 - LENDAVA,3,"Medgeneracijski center, Brezovica 47a",171,94,0.5497,94,94,0,1.0,64,0.680851,30,0.319149
3140,VE 8000 - PTUJ,VO 8001 - LENDAVA,4,"Črenšovci I,Kulturna dvorana, Ul. Prekm. čete 23",403,207,0.5136,207,206,1,1.0,127,0.616505,79,0.383495
3141,VE 8000 - PTUJ,VO 8001 - LENDAVA,5,"Vaški dom Trnje, Trnje 46",470,234,0.4979,234,234,0,1.0,162,0.692308,72,0.307692
3142,VE 8000 - PTUJ,VO 8001 - LENDAVA,6,"Vaški dom Žižki, Žižki 48b",449,248,0.5523,248,246,2,1.0,132,0.536585,114,0.463415
3143,VE 8000 - PTUJ,VO 8001 - LENDAVA,7,"Vaško gasilski dom Dol.Bistrica, Dol.Bistrica 76",466,260,0.5579,260,260,0,1.0,124,0.476923,136,0.523077
3144,VE 8000 - PTUJ,VO 8001 - LENDAVA,8,"Gasilski dom Sred.Bistrica, Sred.Bistrica 52a",370,195,0.527,195,195,0,1.0,110,0.564103,85,0.435897
3145,VE 8000 - PTUJ,VO 8001 - LENDAVA,9,"Gasilski dom Gor.Bistrica, Gor.Bistica 116a",603,303,0.5025,303,303,0,1.0,158,0.521452,145,0.478548
3146,VE 8000 - PTUJ,VO 8001 - LENDAVA,10,"Športno medgeneracijski center, Kobilje 16a",450,276,0.6133,276,275,1,1.0,148,0.538182,127,0.461818
3147,VE 8000 - PTUJ,VO 8001 - LENDAVA,11,"Zadružni dom Pince-Marof, Pince-Marof 30",58,30,0.5172,30,30,0,1.0,9,0.3,21,0.7
3148,VE 8000 - PTUJ,VO 8001 - LENDAVA,12,"Gasilski dom Pince, Pince, Lendavska c.45",161,65,0.4037,65,65,0,1.0,51,0.784615,14,0.215385
3149,VE 8000 - PTUJ,VO 8001 - LENDAVA,13,"Vaško-gasilski dom Dolina, Dolina,Glavna ul.29",284,110,0.3873,110,110,0,1.0,80,0.727273,30,0.272727
3150,VE 8000 - PTUJ,VO 8001 - LENDAVA,14,"Vaški dom Čentiba, Čentiba, Glavna ul.92",656,288,0.439,288,286,2,1.0,168,0.587413,118,0.412587
3151,VE 8000 - PTUJ,VO 8001 - LENDAVA,15,"Petišovci I, Gasilski dom, Rudarska ul.24",480,172,0.3583,172,171,1,1.0,85,0.497076,86,0.502924
3152,VE 8000 - PTUJ,VO 8001 - LENDAVA,16,"Petišovci II, Vaški dom, Ulica 22. junija 29",158,48,0.3038,48,47,1,1.0,17,0.361702,30,0.638298
3153,VE 8000 - PTUJ,VO 8001 - LENDAVA,17,"Večnamenski objekt, Lendavske Gorice 222",542,223,0.4114,223,218,5,1.0,79,0.362385,139,0.637615
3154,VE 8000 - PTUJ,VO 8001 - LENDAVA,18,"Večnam. objekt v Lendav.Goricah,Lend. Gorice 222",246,75,0.3049,75,75,0,1.0,43,0.573333,32,0.426667
3155,VE 8000 - PTUJ,VO 8001 - LENDAVA,19,"Vaški dom Dolga vas, Opekarniška c.2",505,208,0.4119,208,207,1,1.0,128,0.618357,79,0.381643
3156,VE 8000 - PTUJ,VO 8001 - LENDAVA,20,"Vaški dom Trimlini, Trimlini 33",253,146,0.5771,146,144,2,1.0,49,0.340278,95,0.659722
3157,VE 8000 - PTUJ,VO 8001 - LENDAVA,21,"Lendava I - DOŠ I Lendava, Kranjčeva ulica 44",686,288,0.4198,288,287,1,1.0,113,0.393728,174,0.606272
3158,VE 8000 - PTUJ,VO 8001 - LENDAVA,22,"Lendava II-Center za zaš.in reševanje,Glavna u.96",667,264,0.3958,264,261,3,1.0,135,0.517241,126,0.482759
3159,VE 8000 - PTUJ,VO 8001 - LENDAVA,23,"Lendava III-DOŠ II Lendava, Ul. Heroja Mohorja 1",818,307,0.3753,307,303,4,1.0,132,0.435644,171,0.564356
3160,VE 8000 - PTUJ,VO 8001 - LENDAVA,24,"Mostje - NK Mostje, Mostje bš",334,137,0.4102,137,137,0,1.0,57,0.416058,80,0.583942
3161,VE 8000 - PTUJ,VO 8001 - LENDAVA,25,"DOŠ Genterovci, Genterovci, Šolska ul.2",148,59,0.3986,59,59,0,1.0,28,0.474576,31,0.525424
3162,VE 8000 - PTUJ,VO 8001 - LENDAVA,26,"Vaški dom Kamovci, Kamovci 53",85,38,0.4471,38,37,1,1.0,13,0.351351,24,0.648649
3163,VE 8000 - PTUJ,VO 8001 - LENDAVA,27,"Vaško gasilski dom Žitkovci, Žitkovci 32",89,48,0.5393,48,48,0,1.0,31,0.645833,17,0.354167
3164,VE 8000 - PTUJ,VO 8001 - LENDAVA,28,"Gasilski dom Radmožanci, Radmožanci 39a",176,68,0.3864,68,68,0,1.0,55,0.808824,13,0.191176
3165,VE 8000 - PTUJ,VO 8001 - LENDAVA,29,"Vaško gasilski dom Strehovci, Strehovci 29",193,117,0.6062,117,115,2,1.0,51,0.443478,64,0.556522
3166,VE 8000 - PTUJ,VO 8001 - LENDAVA,30,"Dobrovnik I - kulturni dom, Dobrovnik 297",263,109,0.4144,109,109,0,1.0,65,0.59633,44,0.40367
3167,VE 8000 - PTUJ,VO 8001 - LENDAVA,31,"Stara šola Gornji Lakoš, G.Lakoš,Glavna ul.61",308,144,0.4675,144,141,3,1.0,75,0.531915,66,0.468085
3168,VE 8000 - PTUJ,VO 8001 - LENDAVA,32,"Vaški dom Dolnji Lakoš, D.Lakoš, Gasilska ul.1",187,110,0.5882,110,110,0,1.0,68,0.618182,42,0.381818
3169,VE 8000 - PTUJ,VO 8001 - LENDAVA,33,"Vaški dom Gaberje, Gaberje, Glavna ul.52",419,190,0.4535,190,189,1,1.0,107,0.566138,82,0.433862
3170,VE 8000 - PTUJ,VO 8001 - LENDAVA,34,"Stara šola Kapca, Kapca, Glavna ul.6",351,168,0.4786,168,167,1,1.0,120,0.718563,47,0.281437
3171,VE 8000 - PTUJ,VO 8001 - LENDAVA,35,"Vaški dom Kot, Kot, Mlinska ulica 21",95,65,0.6842,65,64,1,1.0,48,0.75,16,0.25
3172,VE 8000 - PTUJ,VO 8001 - LENDAVA,36,"Zadružni dom Hotiza, Hotiza, Petrova ul. 30",641,343,0.5351,343,342,1,1.0,207,0.605263,135,0.394737
3173,VE 8000 - PTUJ,VO 8001 - LENDAVA,37,"Odranci I, Vaški dom Odranci, Panonska ul.33",450,238,0.5289,238,236,2,1.0,137,0.580508,99,0.419492
3174,VE 8000 - PTUJ,VO 8001 - LENDAVA,38,"Odranci II, Vaški dom Odranci, Panonska ul.33",420,232,0.5524,232,231,1,1.0,140,0.606061,91,0.393939
3175,VE 8000 - PTUJ,VO 8001 - LENDAVA,39,"Odranci III, Vaški dom Odranci, Panonska ul.33",458,226,0.4934,226,222,4,1.0,145,0.653153,77,0.346847
3176,VE 8000 - PTUJ,VO 8001 - LENDAVA,40,"Vaški,kulturni in gasil.dom Gomilica, Gomilica 49",512,239,0.4668,239,238,1,1.0,149,0.62605,89,0.37395
3177,VE 8000 - PTUJ,VO 8001 - LENDAVA,41,"Vaško gasilski dom Nedelica, Nedelica 132",458,234,0.5109,234,234,0,1.0,147,0.628205,87,0.371795
3178,VE 8000 - PTUJ,VO 8001 - LENDAVA,42,"Vaško gasilski dom Renkovci, Renkovci 68",511,306,0.5988,306,302,4,1.0,166,0.549669,136,0.450331
3179,VE 8000 - PTUJ,VO 8001 - LENDAVA,43,"Turnišče I, Vaški dom,Turnišče, Ul.Št. Kovača 73",618,332,0.5372,332,330,2,1.0,180,0.545455,150,0.454545
3180,VE 8000 - PTUJ,VO 8001 - LENDAVA,44,"Dobrovnik II, DOŠ Dobrovnik,Dobrovnik 266j",528,224,0.4242,224,221,3,1.0,117,0.529412,104,0.470588
3181,VE 8000 - PTUJ,VO 8001 - LENDAVA,45,"Benica,zadružni dom v Pince Marofu,Pince Marof 30",59,29,0.4915,29,29,0,1.0,12,0.413793,17,0.586207
3182,VE 8000 - PTUJ,VO 8001 - LENDAVA,46,"Črenšovci II,Kulturna dvorana, Ul. Prekm. čete 23",515,221,0.4291,221,219,2,1.0,117,0.534247,102,0.465753
3183,VE 8000 - PTUJ,VO 8001 - LENDAVA,47,"Turnišče II,OŠ Turnišče,Turnišče,Prešernova ul.2",584,317,0.5428,317,315,2,1.0,139,0.44127,176,0.55873
3184,VE 8000 - PTUJ,VO 8001 - LENDAVA,901,Predčasno glasovanje,0,373,0.0,373,370,3,1.0,132,0.356757,238,0.643243
3185,VE 8000 - PTUJ,VO 8001 - LENDAVA,970,OMNIA od: 8001,0,30,0.0,30,30,0,1.0,11,0.366667,19,0.633333
3186,VE 8000 - PTUJ,VO 8001 - LENDAVA,997,Pošta doma OVK,0,16,0.0,16,16,0,1.0,9,0.5625,7,0.4375
3187,VE 8000 - PTUJ,VO 8001 - LENDAVA,9978000,Pošta doma VKVE,0,0,0.0,0,0,0,,0,0.0,0,0.0
3188,VE 8000 - PTUJ,VO 8001 - LENDAVA,99799,Pošta doma DVK,0,0,0.0,0,0,0,,0,0.0,0,0.0
3189,VE 8000 - PTUJ,VO 8001 - LENDAVA,998,Pošta tujina OVK,0,36,0.0,36,31,5,1.0,14,0.451613,17,0.548387
3190,VE 8000 - PTUJ,VO 8001 - LENDAVA,9988000,Pošta tujina VKVE,0,0,0.0,0,0,0,,0,0.0,0,0.0
3191,VE 8000 - PTUJ,VO 8001 - LENDAVA,99899,Pošta tujina DVK,0,0,0.0,0,0,0,,0,0.0,0,0.0
3192,VE 8000 - PTUJ,VO 8001 - LENDAVA,999,Posebni volilni imenik,3058,0,0.0,0,0,0,,0,0.0,0,0.0
3193,VE 8000 - PTUJ,VO 8002 - ORMOŽ,1,"Šola Runeč, Runeč 26",206,103,0.5,103,102,1,1.0,73,0.715686,29,0.284314
3194,VE 8000 - PTUJ,VO 8002 - ORMOŽ,3,"Mlakar Franc, Pavlovski Vrh 1",174,91,0.523,91,91,0,1.0,64,0.703297,27,0.296703
3195,VE 8000 - PTUJ,VO 8002 - ORMOŽ,4,"KS Ivanjkovci, Ivanjkovci 1",601,327,0.5441,327,321,6,1.0,159,0.495327,162,0.504673
3196,VE 8000 - PTUJ,VO 8002 - ORMOŽ,5,"Petek Nives, Cerovec Stanka Vraza 31",103,71,0.6893,71,70,1,1.0,33,0.471429,37,0.528571
3197,VE 8000 - PTUJ,VO 8002 - ORMOŽ,6,"GD Žerovinci, Žerovinci 7",256,129,0.5039,129,129,0,1.0,60,0.465116,69,0.534884
3198,VE 8000 - PTUJ,VO 8002 - ORMOŽ,7,"Trstenjak Marija, Lahonci 1",268,128,0.4776,128,128,0,1.0,65,0.507812,63,0.492188
3199,VE 8000 - PTUJ,VO 8002 - ORMOŽ,8,"Gorjak Zorica, Stanovno 47",182,104,0.5714,104,104,0,1.0,57,0.548077,47,0.451923
3200,VE 8000 - PTUJ,VO 8002 - ORMOŽ,9,"GD Trnovci, Trnovci 4",384,204,0.5312,204,204,0,1.0,148,0.72549,56,0.27451
3201,VE 8000 - PTUJ,VO 8002 - ORMOŽ,10,"GD Ključarovci, Spodnji Ključarovci 13",273,161,0.5897,161,160,1,1.0,120,0.75,40,0.25
3202,VE 8000 - PTUJ,VO 8002 - ORMOŽ,11,"GD Pršetinci, Pršetinci 23",136,89,0.6544,89,89,0,1.0,47,0.52809,42,0.47191
3203,VE 8000 - PTUJ,VO 8002 - ORMOŽ,12,"GD Koračice, Koračice 15",146,82,0.5616,82,82,0,1.0,51,0.621951,31,0.378049
3204,VE 8000 - PTUJ,VO 8002 - ORMOŽ,13,"DK Sveti Tomaž, Sveti Tomaž 44",610,323,0.5295,323,319,4,1.0,202,0.633229,117,0.366771
3205,VE 8000 - PTUJ,VO 8002 - ORMOŽ,14,"GD Savci, Savci 68",249,142,0.5703,142,142,0,1.0,108,0.760563,34,0.239437
3206,VE 8000 - PTUJ,VO 8002 - ORMOŽ,15,"GD Vitan, Vitan 4",187,92,0.492,92,89,3,1.0,57,0.640449,32,0.359551
3207,VE 8000 - PTUJ,VO 8002 - ORMOŽ,16,"KS Kog, Kog 7",425,205,0.4824,205,203,2,1.0,118,0.581281,85,0.418719
3208,VE 8000 - PTUJ,VO 8002 - ORMOŽ,17,"Balažic Marijana, Gomila pri Kogu 25",120,62,0.5167,62,62,0,1.0,41,0.66129,21,0.33871
3209,VE 8000 - PTUJ,VO 8002 - ORMOŽ,18,"Janežič Avgust, Veliki Brebrovnik 41",167,89,0.5329,89,87,2,1.0,42,0.482759,45,0.517241
3210,VE 8000 - PTUJ,VO 8002 - ORMOŽ,19,"GVD Hermanci, Hermanci 54",216,107,0.4954,107,107,0,1.0,62,0.579439,45,0.420561
3211,VE 8000 - PTUJ,VO 8002 - ORMOŽ,20,"DK Miklavž pri Ormožu, Miklavž pri Ormožu 35",611,318,0.5205,318,317,1,1.0,191,0.602524,126,0.397476
3212,VE 8000 - PTUJ,VO 8002 - ORMOŽ,22,"OŠ Središče ob Dravi, Slovenska c. 22",815,445,0.546,445,440,5,1.0,223,0.506818,217,0.493182
3213,VE 8000 - PTUJ,VO 8002 - ORMOŽ,23,"ČD Grabe, Grabe 23",112,68,0.6071,68,68,0,1.0,34,0.5,34,0.5
3214,VE 8000 - PTUJ,VO 8002 - ORMOŽ,24,"Brunarica RD Godeninci, Godeninci bš",117,59,0.5043,59,58,1,1.0,39,0.672414,19,0.327586
3215,VE 8000 - PTUJ,VO 8002 - ORMOŽ,25,"DK Obrež, Obrež 85",400,236,0.59,236,234,2,1.0,141,0.602564,93,0.397436
3216,VE 8000 - PTUJ,VO 8002 - ORMOŽ,26,"Zajc Jože, Šalovci 12",150,93,0.62,93,93,0,1.0,83,0.892473,10,0.107527
3217,VE 8000 - PTUJ,VO 8002 - ORMOŽ,27,"VD Lešnica, Lešnica 20a",196,99,0.5051,99,99,0,1.0,62,0.626263,37,0.373737
3218,VE 8000 - PTUJ,VO 8002 - ORMOŽ,28,"Bogša Ivan, Litmerk 15b",130,56,0.4308,56,56,0,1.0,35,0.625,21,0.375
3219,VE 8000 - PTUJ,VO 8002 - ORMOŽ,29,"VD Dobrava, Dobrava 17b",105,65,0.619,65,65,0,1.0,34,0.523077,31,0.476923
3220,VE 8000 - PTUJ,VO 8002 - ORMOŽ,30,"GD Hardek, Hardek 17",218,131,0.6009,131,130,1,1.0,55,0.423077,75,0.576923
3221,VE 8000 - PTUJ,VO 8002 - ORMOŽ,31,"Kralj Ludvik, Pavlovci 28",174,92,0.5287,92,92,0,1.0,52,0.565217,40,0.434783
3222,VE 8000 - PTUJ,VO 8002 - ORMOŽ,32,"Stara šola Hum, Hum pri Ormožu 1",259,119,0.4595,119,119,0,1.0,74,0.621849,45,0.378151
3223,VE 8000 - PTUJ,VO 8002 - ORMOŽ,33,"GD Loperšice, Loperšice 3",146,68,0.4658,68,67,1,1.0,52,0.776119,15,0.223881
3224,VE 8000 - PTUJ,VO 8002 - ORMOŽ,34,"VD Frankovci, Frankovci 26a",138,88,0.6377,88,88,0,1.0,55,0.625,33,0.375
3225,VE 8000 - PTUJ,VO 8002 - ORMOŽ,35,"VD Pušenci, Pušenci 27a",198,112,0.5657,112,112,0,1.0,63,0.5625,49,0.4375
3226,VE 8000 - PTUJ,VO 8002 - ORMOŽ,36,"DD Ormož, Ljutomerska c. 30",493,286,0.5801,286,284,2,1.0,140,0.492958,144,0.507042
3227,VE 8000 - PTUJ,VO 8002 - ORMOŽ,37,"DK Ormož, Skolibrova ul. 17",634,271,0.4274,271,271,0,1.0,103,0.380074,168,0.619926
3228,VE 8000 - PTUJ,VO 8002 - ORMOŽ,38,"Dom MZU Ormož, Ul. dr. Hrovata 8",424,206,0.4858,206,204,2,1.0,87,0.426471,117,0.573529
3229,VE 8000 - PTUJ,VO 8002 - ORMOŽ,39,"Leben Miran, Hajndl 1",116,71,0.6121,71,70,1,1.0,31,0.442857,39,0.557143
3230,VE 8000 - PTUJ,VO 8002 - ORMOŽ,40,"GD Velika Nedelja, Velika Nedelja 8a",443,266,0.6005,266,265,1,1.0,157,0.592453,108,0.407547
3231,VE 8000 - PTUJ,VO 8002 - ORMOŽ,41,"GD Senešci, Senešci 9",419,230,0.5489,230,228,2,1.0,175,0.767544,53,0.232456
3232,VE 8000 - PTUJ,VO 8002 - ORMOŽ,42,"Cimerman Janko, Šardinje 54a",210,106,0.5048,106,106,0,1.0,69,0.650943,37,0.349057
3233,VE 8000 - PTUJ,VO 8002 - ORMOŽ,43,"GD Trgovišče, Trgovišče 31",163,109,0.6687,109,109,0,1.0,73,0.669725,36,0.330275
3234,VE 8000 - PTUJ,VO 8002 - ORMOŽ,44,"Bombekova hiša, Velika Nedelja 10",283,138,0.4876,138,138,0,1.0,77,0.557971,61,0.442029
3235,VE 8000 - PTUJ,VO 8002 - ORMOŽ,45,"Vesenjak Mihaela, Vičanci 10",212,76,0.3585,76,76,0,1.0,51,0.671053,25,0.328947
3236,VE 8000 - PTUJ,VO 8002 - ORMOŽ,46,"GD Cvetkovci, Cvetkovci 10c",383,247,0.6449,247,247,0,1.0,182,0.736842,65,0.263158
3237,VE 8000 - PTUJ,VO 8002 - ORMOŽ,47,"VD Osluševci, Osluševci 20",172,106,0.6163,106,104,2,1.0,73,0.701923,31,0.298077
3238,VE 8000 - PTUJ,VO 8002 - ORMOŽ,48,"KS Podgorci, Podgorci 23b",419,218,0.5203,218,217,1,1.0,132,0.608295,85,0.391705
3239,VE 8000 - PTUJ,VO 8002 - ORMOŽ,49,"GD Bresnica, Bresnica 19",240,118,0.4917,118,118,0,1.0,83,0.70339,35,0.29661
3240,VE 8000 - PTUJ,VO 8002 - ORMOŽ,50,"Megla Albin, Strjanci 19",114,65,0.5702,65,64,1,1.0,52,0.8125,12,0.1875
3241,VE 8000 - PTUJ,VO 8002 - ORMOŽ,901,Predčasno glasovanje,0,280,0.0,280,280,0,1.0,149,0.532143,131,0.467857
3242,VE 8000 - PTUJ,VO 8002 - ORMOŽ,970,OMNIA od: 8002,0,33,0.0,33,33,0,1.0,12,0.363636,21,0.636364
3243,VE 8000 - PTUJ,VO 8002 - ORMOŽ,997,Pošta doma OVK,0,29,0.0,29,27,2,1.0,10,0.37037,17,0.62963
3244,VE 8000 - PTUJ,VO 8002 - ORMOŽ,9978000,Pošta doma VKVE,0,0,0.0,0,0,0,,0,0.0,0,0.0
3245,VE 8000 - PTUJ,VO 8002 - ORMOŽ,99799,Pošta doma DVK,0,0,0.0,0,0,0,,0,0.0,0,0.0
3246,VE 8000 - PTUJ,VO 8002 - ORMOŽ,998,Pošta tujina OVK,0,12,0.0,12,12,0,1.0,7,0.583333,5,0.416667
3247,VE 8000 - PTUJ,VO 8002 - ORMOŽ,9988000,Pošta tujina VKVE,0,0,0.0,0,0,0,,0,0.0,0,0.0
3248,VE 8000 - PTUJ,VO 8002 - ORMOŽ,99899,Pošta tujina DVK,0,0,0.0,0,0,0,,0,0.0,0,0.0
3249,VE 8000 - PTUJ,VO 8002 - ORMOŽ,999,Posebni volilni imenik,1022,0,0.0,0,0,0,,0,0.0,0,0.0
3250,VE 8000 - PTUJ,VO 8003 - LJUTOMER,1,"Cezanjevci-Gasilski dom, Cezanjevci 46a",323,185,0.5728,185,181,4,1.0,77,0.425414,104,0.574586
3251,VE 8000 - PTUJ,VO 8003 - LJUTOMER,2,"Vogričevci-Gasilski dom,Vogričevci 13a",263,104,0.3954,104,103,1,1.0,57,0.553398,46,0.446602
3252,VE 8000 - PTUJ,VO 8003 - LJUTOMER,3,"Cven-Gasilski dom, Cven 49a",495,288,0.5818,288,287,1,1.0,116,0.404181,171,0.595819
3253,VE 8000 - PTUJ,VO 8003 - LJUTOMER,4,"Mota-Gasilski dom, Mota 16b",274,152,0.5547,152,151,1,1.0,82,0.543046,69,0.456954
3254,VE 8000 - PTUJ,VO 8003 - LJUTOMER,5,"Krapje-Gasilski dom Sp. Krapje, Krapje 43",232,96,0.4138,96,96,0,1.0,64,0.666667,32,0.333333
3255,VE 8000 - PTUJ,VO 8003 - LJUTOMER,6,"Šalinci-Gasilski dom, Šalinci 29",295,178,0.6034,178,175,3,1.0,92,0.525714,83,0.474286
3256,VE 8000 - PTUJ,VO 8003 - LJUTOMER,7,Kulturni dom Križevci pri Ljutomeru 11,849,425,0.5006,425,418,7,1.0,181,0.433014,237,0.566986
3257,VE 8000 - PTUJ,VO 8003 - LJUTOMER,8,"Stara Nova vas-Gasilski dom, Stara Nova vas 27a",318,180,0.566,180,179,1,1.0,94,0.52514,85,0.47486
3258,VE 8000 - PTUJ,VO 8003 - LJUTOMER,9,"Bučečovci-Gasilski dom, Bučečovci 19",258,113,0.438,113,113,0,1.0,55,0.486726,58,0.513274
3259,VE 8000 - PTUJ,VO 8003 - LJUTOMER,10,"Vučja vas-Gasilski dom, Vučja vas 2",180,99,0.55,99,99,0,1.0,44,0.444444,55,0.555556
3260,VE 8000 - PTUJ,VO 8003 - LJUTOMER,11,"SKZ Ljutomer-Križevci,Ključarovci pri Ljutomeru 6",386,184,0.4767,184,182,2,1.0,103,0.565934,79,0.434066
3261,VE 8000 - PTUJ,VO 8003 - LJUTOMER,12,"Lukavci-Gasilski dom, Lukavci 8",321,156,0.486,156,155,1,1.0,81,0.522581,74,0.477419
3262,VE 8000 - PTUJ,VO 8003 - LJUTOMER,13,"Ljutomer-Dom kulture, Prešernova ulica 20",948,374,0.3945,374,372,2,1.0,158,0.424731,214,0.575269
3263,VE 8000 - PTUJ,VO 8003 - LJUTOMER,14,"Ljutomer-Gimnazija F.Miklošiča, Prešernova ul. 34",536,244,0.4552,244,236,8,1.0,96,0.40678,140,0.59322
3264,VE 8000 - PTUJ,VO 8003 - LJUTOMER,15,"Ljutomer-Dom upokojencev, Ormoška cesta 33",1083,465,0.4294,465,464,1,1.0,195,0.420259,269,0.579741
3265,VE 8000 - PTUJ,VO 8003 - LJUTOMER,16,"Babinci/Noršinci-Gasilski dom Babinci, Babinci 20",411,233,0.5669,233,233,0,1.0,106,0.454936,127,0.545064
3266,VE 8000 - PTUJ,VO 8003 - LJUTOMER,17,"Sp. Kamenščak-Gasillski dom, Sp. Kamenščak 35f",314,177,0.5637,177,173,4,1.0,74,0.427746,99,0.572254
3267,VE 8000 - PTUJ,VO 8003 - LJUTOMER,18,"Logarovci-bivša KS, Logarovci 22",493,230,0.4665,230,228,2,1.0,136,0.596491,92,0.403509
3268,VE 8000 - PTUJ,VO 8003 - LJUTOMER,19,"Mala Nedelja-Kulturni dom, Mala Nedelja 21",628,268,0.4268,268,267,1,1.0,134,0.501873,133,0.498127
3269,VE 8000 - PTUJ,VO 8003 - LJUTOMER,20,"Moravci v Sl.gor.-Bioterme, Moravci v Sl. gor.34b",298,112,0.3758,112,112,0,1.0,57,0.508929,55,0.491071
3270,VE 8000 - PTUJ,VO 8003 - LJUTOMER,21,"Radoslavci-Gasilski dom, Radoslavci 15c",456,231,0.5066,231,230,1,1.0,112,0.486957,118,0.513043
3271,VE 8000 - PTUJ,VO 8003 - LJUTOMER,22,"Radomerje-Gasilski dom, Radomerje 2",562,266,0.4733,266,262,4,1.0,97,0.370229,165,0.629771
3272,VE 8000 - PTUJ,VO 8003 - LJUTOMER,23,"Šafarsko-Dom kulture, Šafarsko 42",608,278,0.4572,278,275,3,1.0,139,0.505455,136,0.494545
3273,VE 8000 - PTUJ,VO 8003 - LJUTOMER,24,"Veščica-Gostilna Marinka,Veščica 5",388,185,0.4768,185,185,0,1.0,106,0.572973,79,0.427027
3274,VE 8000 - PTUJ,VO 8003 - LJUTOMER,25,"Stara cesta-Gasilski dom Mekotnjak, Mekotnjak 29",519,272,0.5241,272,270,2,1.0,130,0.481481,140,0.518519
3275,VE 8000 - PTUJ,VO 8003 - LJUTOMER,26,"Stročja vas-Osnovna šola, Stročja vas 101",791,364,0.4602,364,360,4,1.0,140,0.388889,220,0.611111
3276,VE 8000 - PTUJ,VO 8003 - LJUTOMER,27,"Pristava-Gasilski dom, Pristava 30d",193,118,0.6114,118,118,0,1.0,48,0.40678,70,0.59322
3277,VE 8000 - PTUJ,VO 8003 - LJUTOMER,28,"Podgradje-Gasilski dom, Podgradje 17",514,241,0.4689,241,241,0,1.0,126,0.522822,115,0.477178
3278,VE 8000 - PTUJ,VO 8003 - LJUTOMER,29,"Veržej-Občina Veržej, Ul. bratstva in enotnosti 8",1127,680,0.6034,680,672,8,1.0,317,0.471726,355,0.528274
3279,VE 8000 - PTUJ,VO 8003 - LJUTOMER,901,Predčasno glasovanje,0,420,0.0,420,420,0,1.0,182,0.433333,238,0.566667
3280,VE 8000 - PTUJ,VO 8003 - LJUTOMER,970,OMNIA od: 8003,0,31,0.0,31,31,0,1.0,11,0.354839,20,0.645161
3281,VE 8000 - PTUJ,VO 8003 - LJUTOMER,997,Pošta doma OVK,0,29,0.0,29,29,0,1.0,13,0.448276,16,0.551724
3282,VE 8000 - PTUJ,VO 8003 - LJUTOMER,9978000,Pošta doma VKVE,0,0,0.0,0,0,0,,0,0.0,0,0.0
3283,VE 8000 - PTUJ,VO 8003 - LJUTOMER,99799,Pošta doma DVK,0,0,0.0,0,0,0,,0,0.0,0,0.0
3284,VE 8000 - PTUJ,VO 8003 - LJUTOMER,998,Pošta tujina OVK,0,33,0.0,33,29,4,1.0,17,0.586207,12,0.413793
3285,VE 8000 - PTUJ,VO 8003 - LJUTOMER,9988000,Pošta tujina VKVE,0,0,0.0,0,0,0,,0,0.0,0,0.0
3286,VE 8000 - PTUJ,VO 8003 - LJUTOMER,99899,Pošta tujina DVK,0,0,0.0,0,0,0,,0,0.0,0,0.0
3287,VE 8000 - PTUJ,VO 8003 - LJUTOMER,999,Posebni volilni imenik,1150,0,0.0,0,0,0,,0,0.0,0,0.0
3288,VE 8000 - PTUJ,VO 8004 - MURSKA SOBOTA 1,1,"Vaško-gasilski dom Cankova, Cankova 30a",385,227,0.5896,227,227,0,1.0,113,0.497797,114,0.502203
3289,VE 8000 - PTUJ,VO 8004 - MURSKA SOBOTA 1,2,"Vaško-gasilski dom Domajinci, Domajinci 19a",179,90,0.5028,90,89,1,1.0,57,0.640449,32,0.359551
3290,VE 8000 - PTUJ,VO 8004 - MURSKA SOBOTA 1,3,"Vaško-gasilski dom Gerlinci, Gerlinci 26",265,152,0.5736,152,151,1,1.0,90,0.596026,61,0.403974
3291,VE 8000 - PTUJ,VO 8004 - MURSKA SOBOTA 1,4,"Vaško-gasilski dom Korovci, Korovci 25",161,88,0.5466,88,87,1,1.0,32,0.367816,55,0.632184
3292,VE 8000 - PTUJ,VO 8004 - MURSKA SOBOTA 1,5,"Gasilsko-vaški dom Krašči, Krašči 69",216,82,0.3796,82,81,1,1.0,48,0.592593,33,0.407407
3293,VE 8000 - PTUJ,VO 8004 - MURSKA SOBOTA 1,6,"Vaško-gasilski dom Gornji Črnci, Gornji Črnci 11",106,50,0.4717,50,49,1,1.0,29,0.591837,20,0.408163
3294,VE 8000 - PTUJ,VO 8004 - MURSKA SOBOTA 1,7,"Gasilsko-vaški dom Skakovci, Skakovci 47",174,89,0.5115,89,89,0,1.0,57,0.640449,32,0.359551
3295,VE 8000 - PTUJ,VO 8004 - MURSKA SOBOTA 1,8,"Vaško-kulturni dom Topolovci, Topolovci b.š.",47,29,0.617,29,29,0,1.0,23,0.793103,6,0.206897
3296,VE 8000 - PTUJ,VO 8004 - MURSKA SOBOTA 1,9,"Vaško-gasilski dom Tišina, Tišina 47",348,217,0.6236,217,216,1,1.0,106,0.490741,110,0.509259
3297,VE 8000 - PTUJ,VO 8004 - MURSKA SOBOTA 1,10,"Vaško-gasilski dom Borejci, Borejci 49",193,108,0.5596,108,108,0,1.0,44,0.407407,64,0.592593
3298,VE 8000 - PTUJ,VO 8004 - MURSKA SOBOTA 1,11,"Športno rekreacijski center Gradišče,Gradišče 62b",264,169,0.6402,169,169,0,1.0,58,0.343195,111,0.656805
3299,VE 8000 - PTUJ,VO 8004 - MURSKA SOBOTA 1,12,"Vaško-gasilski dom Murski Črnci, Murski Črnci 43",375,238,0.6347,238,238,0,1.0,89,0.37395,149,0.62605
3300,VE 8000 - PTUJ,VO 8004 - MURSKA SOBOTA 1,13,"Vaško-gasilski dom Petanjci, Petanjci 65",543,290,0.5341,290,290,0,1.0,131,0.451724,159,0.548276
3301,VE 8000 - PTUJ,VO 8004 - MURSKA SOBOTA 1,14,"Vaško-gasilski dom Rankovci, Rankovci 33",206,121,0.5874,121,121,0,1.0,68,0.561983,53,0.438017
3302,VE 8000 - PTUJ,VO 8004 - MURSKA SOBOTA 1,15,"Vaško-gasilski dom Tropovci, Kolesarska ulica 64",393,220,0.5598,220,218,2,1.0,90,0.412844,128,0.587156
3303,VE 8000 - PTUJ,VO 8004 - MURSKA SOBOTA 1,16,"Vaško-gasilski dom Vanča vas, Vanča vas 43b",391,144,0.3683,144,143,1,1.0,54,0.377622,89,0.622378
3304,VE 8000 - PTUJ,VO 8004 - MURSKA SOBOTA 1,17,"Vaško-gasilski dom Gederovci, Gederovci b.š.",142,71,0.5,71,70,1,1.0,27,0.385714,43,0.614286
3305,VE 8000 - PTUJ,VO 8004 - MURSKA SOBOTA 1,18,"Vaško-gasilski dom Krajna, Krajna 25",234,126,0.5385,126,124,2,1.0,59,0.475806,65,0.524194
3306,VE 8000 - PTUJ,VO 8004 - MURSKA SOBOTA 1,19,"Vaško-gasilski dom Mur.Petrovci, Mur. Petrovci 24",113,61,0.5398,61,60,1,1.0,32,0.533333,28,0.466667
3307,VE 8000 - PTUJ,VO 8004 - MURSKA SOBOTA 1,20,"Vaško-gasilski dom Sodišinci, Sodišinci b.š.",183,107,0.5847,107,105,2,1.0,50,0.47619,55,0.52381
3308,VE 8000 - PTUJ,VO 8004 - MURSKA SOBOTA 1,21,"Vaško-gasilski dom Križevci, Križevci 153b",314,140,0.4459,140,140,0,1.0,51,0.364286,89,0.635714
3309,VE 8000 - PTUJ,VO 8004 - MURSKA SOBOTA 1,22,"Športni center Košarovci, Košarovci b.š.",53,30,0.566,30,30,0,1.0,14,0.466667,16,0.533333
3310,VE 8000 - PTUJ,VO 8004 - MURSKA SOBOTA 1,23,"Vaško-gasilski dom Kukeč, Kukeč 21",47,27,0.5745,27,27,0,1.0,2,0.074074,25,0.925926
3311,VE 8000 - PTUJ,VO 8004 - MURSKA SOBOTA 1,24,"Vaško-gasilski dom Panovci, Panovci 31",32,16,0.5,16,15,1,1.0,5,0.333333,10,0.666667
3312,VE 8000 - PTUJ,VO 8004 - MURSKA SOBOTA 1,25,"Vaška dvorana Gornji Petrovci, Gornji Petrovci 32",336,183,0.5446,183,181,2,1.0,75,0.414365,106,0.585635
3313,VE 8000 - PTUJ,VO 8004 - MURSKA SOBOTA 1,26,"Vaško gasilski dom Peskovci, Peskovci 30",59,32,0.5424,32,32,0,1.0,11,0.34375,21,0.65625
3314,VE 8000 - PTUJ,VO 8004 - MURSKA SOBOTA 1,27,"Vaško-gasilski dom Šulinci, Šulinci 44",144,92,0.6389,92,91,1,1.0,29,0.318681,62,0.681319
3315,VE 8000 - PTUJ,VO 8004 - MURSKA SOBOTA 1,28,"Vaško-gasilski dom Adrijanci, Adrijanci 53",113,73,0.646,73,73,0,1.0,26,0.356164,47,0.643836
3316,VE 8000 - PTUJ,VO 8004 - MURSKA SOBOTA 1,29,"Vaško-gasilski dom Boreča, Boreča 31",73,48,0.6575,48,48,0,1.0,31,0.645833,17,0.354167
3317,VE 8000 - PTUJ,VO 8004 - MURSKA SOBOTA 1,30,"Vaško-gasilski dom Lucova, Lucova 44",107,53,0.4953,53,53,0,1.0,22,0.415094,31,0.584906
3318,VE 8000 - PTUJ,VO 8004 - MURSKA SOBOTA 1,31,"Vaško-gasilski dom Martinje, Martinje 25",82,47,0.5732,47,47,0,1.0,32,0.680851,15,0.319149
3319,VE 8000 - PTUJ,VO 8004 - MURSKA SOBOTA 1,32,"Vaško-gasilski dom Neradnovci, Neradnovci 63a",124,67,0.5403,67,66,1,1.0,14,0.212121,52,0.787879
3320,VE 8000 - PTUJ,VO 8004 - MURSKA SOBOTA 1,33,"Vaško-gasilski dom Stanjevci, Stanjevci 36a",153,93,0.6078,93,93,0,1.0,50,0.537634,43,0.462366
3321,VE 8000 - PTUJ,VO 8004 - MURSKA SOBOTA 1,34,"Zadružni dom Ženavlje, Ženavlje 14",85,41,0.4824,41,41,0,1.0,23,0.560976,18,0.439024
3322,VE 8000 - PTUJ,VO 8004 - MURSKA SOBOTA 1,35,"Vaško-gasilski dom Domanjševci, Domanjševci 67",218,110,0.5046,110,109,1,1.0,59,0.541284,50,0.458716
3323,VE 8000 - PTUJ,VO 8004 - MURSKA SOBOTA 1,36,"Zadružni dom Šalovci, Šalovci 162",331,181,0.5468,181,181,0,1.0,70,0.38674,111,0.61326
3324,VE 8000 - PTUJ,VO 8004 - MURSKA SOBOTA 1,38,"Vaški dom Dolenci, Dolenci 31",145,76,0.5241,76,76,0,1.0,41,0.539474,35,0.460526
3325,VE 8000 - PTUJ,VO 8004 - MURSKA SOBOTA 1,39,"Zadružni dom Čepinci, Čepinci 10",219,117,0.5342,117,117,0,1.0,58,0.495726,59,0.504274
3326,VE 8000 - PTUJ,VO 8004 - MURSKA SOBOTA 1,40,"Vaški dom Budinci, Budinci 21",90,39,0.4333,39,39,0,1.0,19,0.487179,20,0.512821
3327,VE 8000 - PTUJ,VO 8004 - MURSKA SOBOTA 1,41,"Vaško-gasilski dom Markovci, Markovci 11a",208,106,0.5096,106,106,0,1.0,47,0.443396,59,0.556604
3328,VE 8000 - PTUJ,VO 8004 - MURSKA SOBOTA 1,42,"Vaško-kulturni dom Hodoš, Hodoš-Hodos 52",180,85,0.4722,85,85,0,1.0,49,0.576471,36,0.423529
3329,VE 8000 - PTUJ,VO 8004 - MURSKA SOBOTA 1,43,"Vaško-gasilski dom Krplivnik, Krplivnik 30",70,27,0.3857,27,26,1,1.0,13,0.5,13,0.5
3330,VE 8000 - PTUJ,VO 8004 - MURSKA SOBOTA 1,44,"Gasilski dom Grad, Grad 170",516,278,0.5388,278,278,0,1.0,140,0.503597,138,0.496403
3331,VE 8000 - PTUJ,VO 8004 - MURSKA SOBOTA 1,45,"Vaško gasilski dom Dol.Slaveči, Dol. Slaveči 50",339,150,0.4425,150,149,1,1.0,88,0.590604,61,0.409396
3332,VE 8000 - PTUJ,VO 8004 - MURSKA SOBOTA 1,46,"Vaško-gasilski dom Kovačevci, Kovačevci 6a",83,31,0.3735,31,31,0,1.0,13,0.419355,18,0.580645
3333,VE 8000 - PTUJ,VO 8004 - MURSKA SOBOTA 1,47,"Vaško-gasilski dom Kruplivnik, Kruplivnik 10",158,75,0.4747,75,74,1,1.0,31,0.418919,43,0.581081
3334,VE 8000 - PTUJ,VO 8004 - MURSKA SOBOTA 1,48,"Gasilsko-vaški dom Motovilci, Motovilci 38",235,127,0.5404,127,127,0,1.0,69,0.543307,58,0.456693
3335,VE 8000 - PTUJ,VO 8004 - MURSKA SOBOTA 1,49,"Gasilski dom Radovci, Radovci 27",156,100,0.641,100,99,1,1.0,37,0.373737,62,0.626263
3336,VE 8000 - PTUJ,VO 8004 - MURSKA SOBOTA 1,50,"Vaško-gasilski dom Vidonci, Vidonci 82",258,137,0.531,137,137,0,1.0,76,0.554745,61,0.445255
3337,VE 8000 - PTUJ,VO 8004 - MURSKA SOBOTA 1,51,"Krajevna dvorana Kuzma, Kuzma 24",322,159,0.4938,159,158,1,1.0,90,0.56962,68,0.43038
3338,VE 8000 - PTUJ,VO 8004 - MURSKA SOBOTA 1,52,"Zadružni dom Dolič, Dolič 22",293,140,0.4778,140,138,2,1.0,65,0.471014,73,0.528986
3339,VE 8000 - PTUJ,VO 8004 - MURSKA SOBOTA 1,53,"Gasilski dom Gornji Slaveči, Gornji Slaveči 18",365,200,0.5479,200,198,2,1.0,117,0.590909,81,0.409091
3340,VE 8000 - PTUJ,VO 8004 - MURSKA SOBOTA 1,54,"Gasilski dom Matjaševci, Matjaševci 6",141,81,0.5745,81,80,1,1.0,43,0.5375,37,0.4625
3341,VE 8000 - PTUJ,VO 8004 - MURSKA SOBOTA 1,55,"Gasilski dom Trdkova, Trdkova 22",156,98,0.6282,98,98,0,1.0,67,0.683673,31,0.316327
3342,VE 8000 - PTUJ,VO 8004 - MURSKA SOBOTA 1,56,"Vaški dom Martjanci, Martjanci 19",430,250,0.5814,250,249,1,1.0,108,0.433735,141,0.566265
3343,VE 8000 - PTUJ,VO 8004 - MURSKA SOBOTA 1,57,"Vaško-gasilski dom Andrejci, Andrejci 17",173,114,0.659,114,114,0,1.0,30,0.263158,84,0.736842
3344,VE 8000 - PTUJ,VO 8004 - MURSKA SOBOTA 1,58,"Vaško-gasilski dom Krnci, Krnci 20a",51,31,0.6078,31,31,0,1.0,24,0.774194,7,0.225806
3345,VE 8000 - PTUJ,VO 8004 - MURSKA SOBOTA 1,59,"Vaško-gasilski dom Noršinci, Noršinci 3b",200,122,0.61,122,122,0,1.0,51,0.418033,71,0.581967
3346,VE 8000 - PTUJ,VO 8004 - MURSKA SOBOTA 1,60,"Vaško-gasilski dom Sebeborci, Sebeborci 45",419,206,0.4916,206,203,3,1.0,68,0.334975,135,0.665025
3347,VE 8000 - PTUJ,VO 8004 - MURSKA SOBOTA 1,61,"Stari gasilski dom Prosenjakovci,Prosenjakovci 21",136,73,0.5368,73,72,1,1.0,29,0.402778,43,0.597222
3348,VE 8000 - PTUJ,VO 8004 - MURSKA SOBOTA 1,62,"Vaško-gasilski dom Berkovci, Berkovci 13",38,32,0.8421,32,32,0,1.0,15,0.46875,17,0.53125
3349,VE 8000 - PTUJ,VO 8004 - MURSKA SOBOTA 1,63,"Vaško-gasilski dom Čikečka vas,Čikečka vas 20",77,36,0.4675,36,35,1,1.0,16,0.457143,19,0.542857
3350,VE 8000 - PTUJ,VO 8004 - MURSKA SOBOTA 1,64,"Vaško-gasilski dom Ivanjševci, Ivanjševci 12",36,21,0.5833,21,20,1,1.0,4,0.2,16,0.8
3351,VE 8000 - PTUJ,VO 8004 - MURSKA SOBOTA 1,65,"Vaški dom Motvarjevci, Motvarjevci 47",124,67,0.5403,67,67,0,1.0,51,0.761194,16,0.238806
3352,VE 8000 - PTUJ,VO 8004 - MURSKA SOBOTA 1,66,"Vaški dom Pordašinci, Pordašinci 10",36,24,0.6667,24,24,0,1.0,11,0.458333,13,0.541667
3353,VE 8000 - PTUJ,VO 8004 - MURSKA SOBOTA 1,67,"Gasilski dom Središče, Središče 11",35,30,0.8571,30,30,0,1.0,25,0.833333,5,0.166667
3354,VE 8000 - PTUJ,VO 8004 - MURSKA SOBOTA 1,68,"Vaško-gasilski dom Ratkovci, Ratkovci 20a",47,28,0.5957,28,27,1,1.0,10,0.37037,17,0.62963
3355,VE 8000 - PTUJ,VO 8004 - MURSKA SOBOTA 1,69,"Vaško-gasilski dom Ivanovci, Ivanovci 26a",121,55,0.4545,55,55,0,1.0,14,0.254545,41,0.745455
3356,VE 8000 - PTUJ,VO 8004 - MURSKA SOBOTA 1,70,"Vaško-gasilski dom Kančevci, Kančevci 8a",56,41,0.7321,41,41,0,1.0,8,0.195122,33,0.804878
3357,VE 8000 - PTUJ,VO 8004 - MURSKA SOBOTA 1,71,"Vaško-gasilski dom Lončarovci,Lončarovci 39a",44,34,0.7727,34,34,0,1.0,5,0.147059,29,0.852941
3358,VE 8000 - PTUJ,VO 8004 - MURSKA SOBOTA 1,72,"Vaško-gasilski dom Selo, Selo 32b",232,109,0.4698,109,109,0,1.0,38,0.348624,71,0.651376
3359,VE 8000 - PTUJ,VO 8004 - MURSKA SOBOTA 1,73,"Osnovna šola Fokovci, Fokovci 32",165,94,0.5697,94,94,0,1.0,28,0.297872,66,0.702128
3360,VE 8000 - PTUJ,VO 8004 - MURSKA SOBOTA 1,74,"Podružnična šola Krog, Trubarjeva ul. 77",977,520,0.5322,520,517,3,1.0,289,0.558994,228,0.441006
3361,VE 8000 - PTUJ,VO 8004 - MURSKA SOBOTA 1,75,"Gasilski dom Satahovci, Satahovci 26",236,121,0.5127,121,119,2,1.0,77,0.647059,42,0.352941
3362,VE 8000 - PTUJ,VO 8004 - MURSKA SOBOTA 1,76,"Vaško-gasilski dom Nemčavci, Nemčavci 39d",215,148,0.6884,148,148,0,1.0,46,0.310811,102,0.689189
3363,VE 8000 - PTUJ,VO 8004 - MURSKA SOBOTA 1,77,"Gasilski dom Markišavci, Markišavci 18a",167,107,0.6407,107,106,1,1.0,36,0.339623,70,0.660377
3364,VE 8000 - PTUJ,VO 8004 - MURSKA SOBOTA 1,78,"Gasilski dom Mačkovci, Mačkovci 48",179,85,0.4749,85,82,3,1.0,36,0.439024,46,0.560976
3365,VE 8000 - PTUJ,VO 8004 - MURSKA SOBOTA 1,79,"Gasilski dom Dankovci, Dankovci 24",122,67,0.5492,67,67,0,1.0,26,0.38806,41,0.61194
3366,VE 8000 - PTUJ,VO 8004 - MURSKA SOBOTA 1,80,"Gasilski dom Kuštanovci, Kuštanovci 10",137,64,0.4672,64,64,0,1.0,22,0.34375,42,0.65625
3367,VE 8000 - PTUJ,VO 8004 - MURSKA SOBOTA 1,81,"Gasilski dom Moščanci, Moščanci 36a",217,122,0.5622,122,121,1,1.0,42,0.347107,79,0.652893
3368,VE 8000 - PTUJ,VO 8004 - MURSKA SOBOTA 1,82,"Gasilski dom Otovci, Otovci 59",190,108,0.5684,108,108,0,1.0,42,0.388889,66,0.611111
3369,VE 8000 - PTUJ,VO 8004 - MURSKA SOBOTA 1,83,"Gasilski dom Pečarovci, Pečarovci 91a",329,186,0.5653,186,185,1,1.0,74,0.4,111,0.6
3370,VE 8000 - PTUJ,VO 8004 - MURSKA SOBOTA 1,84,"Gasilski dom Poznanovci, Poznanovci 19",139,66,0.4748,66,64,2,1.0,16,0.25,48,0.75
3371,VE 8000 - PTUJ,VO 8004 - MURSKA SOBOTA 1,85,"Gasilski dom Prosečka vas, Prosečka vas 15",97,58,0.5979,58,56,2,1.0,26,0.464286,30,0.535714
3372,VE 8000 - PTUJ,VO 8004 - MURSKA SOBOTA 1,86,"Osnovna šola Puconci, Puconci 178",517,323,0.6248,323,319,4,1.0,82,0.257053,237,0.742947
3373,VE 8000 - PTUJ,VO 8004 - MURSKA SOBOTA 1,87,"Gasilski dom Bokrači, Bokrači 13a",60,29,0.4833,29,29,0,1.0,10,0.344828,19,0.655172
3374,VE 8000 - PTUJ,VO 8004 - MURSKA SOBOTA 1,88,"Gasilski dom Dolina, Dolina 22",156,57,0.3654,57,57,0,1.0,23,0.403509,34,0.596491
3375,VE 8000 - PTUJ,VO 8004 - MURSKA SOBOTA 1,89,"Večnamenski objekt pri igrišču, Gorica b.š.",236,121,0.5127,121,121,0,1.0,41,0.338843,80,0.661157
3376,VE 8000 - PTUJ,VO 8004 - MURSKA SOBOTA 1,90,"Gasilski dom Šalamenci, Šalamenci 34",243,124,0.5103,124,122,2,1.0,48,0.393443,74,0.606557
3377,VE 8000 - PTUJ,VO 8004 - MURSKA SOBOTA 1,91,"Gasilski dom Vaneča, Vaneča 58",423,236,0.5579,236,235,1,1.0,77,0.32766,158,0.67234
3378,VE 8000 - PTUJ,VO 8004 - MURSKA SOBOTA 1,92,"Gasilski dom Brezovci, Brezovci 50",205,121,0.5902,121,119,2,1.0,34,0.285714,85,0.714286
3379,VE 8000 - PTUJ,VO 8004 - MURSKA SOBOTA 1,93,"Gasilski dom Lemerje, Lemerje 56",216,116,0.537,116,115,1,1.0,33,0.286957,82,0.713043
3380,VE 8000 - PTUJ,VO 8004 - MURSKA SOBOTA 1,94,"Gasilski dom Predanovci, Predanovci 43",155,94,0.6065,94,94,0,1.0,50,0.531915,44,0.468085
3381,VE 8000 - PTUJ,VO 8004 - MURSKA SOBOTA 1,95,"Gasilski dom Bodonci, Bodonci 77",360,213,0.5917,213,211,2,1.0,81,0.383886,130,0.616114
3382,VE 8000 - PTUJ,VO 8004 - MURSKA SOBOTA 1,96,"Gasilski dom Vadarci, Vadarci 41",276,108,0.3913,108,107,1,1.0,61,0.570093,46,0.429907
3383,VE 8000 - PTUJ,VO 8004 - MURSKA SOBOTA 1,97,"Gasilski dom Zenkovci, Zenkovci 51a",266,101,0.3797,101,101,0,1.0,43,0.425743,58,0.574257
3384,VE 8000 - PTUJ,VO 8004 - MURSKA SOBOTA 1,98,"Gasilski dom Beznovci, Beznovci 8a",124,84,0.6774,84,84,0,1.0,45,0.535714,39,0.464286
3385,VE 8000 - PTUJ,VO 8004 - MURSKA SOBOTA 1,99,"Gasilski dom Puževci, Puževci 25",142,80,0.5634,80,80,0,1.0,25,0.3125,55,0.6875
3386,VE 8000 - PTUJ,VO 8004 - MURSKA SOBOTA 1,100,"Gasilski dom Strukovci, Strukovci 26b",145,96,0.6621,96,96,0,1.0,20,0.208333,76,0.791667
3387,VE 8000 - PTUJ,VO 8004 - MURSKA SOBOTA 1,101,"Vaško-gasilski dom Rogašovci,Rogašovci 14b",225,138,0.6133,138,138,0,1.0,48,0.347826,90,0.652174
3388,VE 8000 - PTUJ,VO 8004 - MURSKA SOBOTA 1,102,"Vaško-gasilski dom Sveti Jurij, Sveti Jurij 11",366,203,0.5546,203,199,4,1.0,87,0.437186,112,0.562814
3389,VE 8000 - PTUJ,VO 8004 - MURSKA SOBOTA 1,103,"Vaško-gasilski dom Kramarovci, Kramarovci 14a",28,16,0.5714,16,16,0,1.0,5,0.3125,11,0.6875
3390,VE 8000 - PTUJ,VO 8004 - MURSKA SOBOTA 1,104,"Vaško-gasilski dom Nuskova, Nuskova 1",238,148,0.6218,148,148,0,1.0,73,0.493243,75,0.506757
3391,VE 8000 - PTUJ,VO 8004 - MURSKA SOBOTA 1,105,"Vaški dom Ocinje, Ocinje 29",42,24,0.5714,24,23,1,1.0,11,0.478261,12,0.521739
3392,VE 8000 - PTUJ,VO 8004 - MURSKA SOBOTA 1,106,"Vaško-gasilski dom Serdica, Serdica 3",440,190,0.4318,190,189,1,1.0,117,0.619048,72,0.380952
3393,VE 8000 - PTUJ,VO 8004 - MURSKA SOBOTA 1,107,"Vaško-gasilski dom Sotina, Sotina 40",286,126,0.4406,126,126,0,1.0,65,0.515873,61,0.484127
3394,VE 8000 - PTUJ,VO 8004 - MURSKA SOBOTA 1,108,"Vaško-gasilski dom Pertoča, Pertoča 55",338,135,0.3994,135,135,0,1.0,79,0.585185,56,0.414815
3395,VE 8000 - PTUJ,VO 8004 - MURSKA SOBOTA 1,109,"Vaško-gasilski dom Fikšinci, Fikšinci 28",132,74,0.5606,74,74,0,1.0,38,0.513514,36,0.486486
3396,VE 8000 - PTUJ,VO 8004 - MURSKA SOBOTA 1,110,"Vaško-gasilski dom Ropoča, spodaj, Ropoča 5a",169,53,0.3136,53,53,0,1.0,32,0.603774,21,0.396226
3397,VE 8000 - PTUJ,VO 8004 - MURSKA SOBOTA 1,111,"Vaško-gasilski dom Večeslavci,Večeslavci 46",310,148,0.4774,148,146,2,1.0,84,0.575342,62,0.424658
3398,VE 8000 - PTUJ,VO 8004 - MURSKA SOBOTA 1,901,Predčasno glasovanje,0,204,0.0,204,203,1,1.0,69,0.339901,134,0.660099
3399,VE 8000 - PTUJ,VO 8004 - MURSKA SOBOTA 1,997,Pošta doma OVK,0,28,0.0,28,28,0,1.0,13,0.464286,15,0.535714
3400,VE 8000 - PTUJ,VO 8004 - MURSKA SOBOTA 1,9978000,Pošta doma VKVE,0,0,0.0,0,0,0,,0,0.0,0,0.0
3401,VE 8000 - PTUJ,VO 8004 - MURSKA SOBOTA 1,99799,Pošta doma DVK,0,0,0.0,0,0,0,,0,0.0,0,0.0
3402,VE 8000 - PTUJ,VO 8004 - MURSKA SOBOTA 1,998,Pošta tujina OVK,0,31,0.0,31,31,0,1.0,13,0.419355,18,0.580645
3403,VE 8000 - PTUJ,VO 8004 - MURSKA SOBOTA 1,9988000,Pošta tujina VKVE,0,0,0.0,0,0,0,,0,0.0,0,0.0
3404,VE 8000 - PTUJ,VO 8004 - MURSKA SOBOTA 1,99899,Pošta tujina DVK,0,0,0.0,0,0,0,,0,0.0,0,0.0
3405,VE 8000 - PTUJ,VO 8004 - MURSKA SOBOTA 1,999,Posebni volilni imenik,2017,0,0.0,0,0,0,,0,0.0,0,0.0
3406,VE 8000 - PTUJ,VO 8005 - MURSKA SOBOTA 2,1,"Beltinci I, KD Beltinci, Ul.Štefana Kovača 3",831,393,0.4729,393,390,3,1.0,167,0.428205,223,0.571795
3407,VE 8000 - PTUJ,VO 8005 - MURSKA SOBOTA 2,2,"Beltinci II, KD Belltinci, Ul. Štefana Kovača 3",1198,600,0.5008,600,597,3,1.0,298,0.499162,299,0.500838
3408,VE 8000 - PTUJ,VO 8005 - MURSKA SOBOTA 2,3,"Turistična hiša Žlica Bratonci, Bratonci 81a",569,334,0.587,334,334,0,1.0,196,0.586826,138,0.413174
3409,VE 8000 - PTUJ,VO 8005 - MURSKA SOBOTA 2,4,"Vaški dom Dokležovje, Glavna ulica 18",693,350,0.5051,350,350,0,1.0,218,0.622857,132,0.377143
3410,VE 8000 - PTUJ,VO 8005 - MURSKA SOBOTA 2,5,"ŠRC Gančani, Gančani b.š.",830,463,0.5578,463,460,3,1.0,276,0.6,184,0.4
3411,VE 8000 - PTUJ,VO 8005 - MURSKA SOBOTA 2,6,"Vaški dom Ižakovci, Ižakovci 72a",643,327,0.5086,327,324,3,1.0,159,0.490741,165,0.509259
3412,VE 8000 - PTUJ,VO 8005 - MURSKA SOBOTA 2,7,"Cimprana Iža Lipa, Lipa 78a",488,254,0.5205,254,254,0,1.0,123,0.484252,131,0.515748
3413,VE 8000 - PTUJ,VO 8005 - MURSKA SOBOTA 2,8,"Gasilski dom Lipovci, Lipovci 138",880,508,0.5773,508,504,4,1.0,282,0.559524,222,0.440476
3414,VE 8000 - PTUJ,VO 8005 - MURSKA SOBOTA 2,9,"Kulturni dom Melinci, Melinci 134",641,296,0.4618,296,293,3,1.0,176,0.600683,117,0.399317
3415,VE 8000 - PTUJ,VO 8005 - MURSKA SOBOTA 2,10,"Kulturna dvorana VGD Bogojina, Bogojina 10a",452,310,0.6858,310,310,0,1.0,222,0.716129,88,0.283871
3416,VE 8000 - PTUJ,VO 8005 - MURSKA SOBOTA 2,11,"Vaško gasilski dom Bukovnica, Bukovnica 10",37,24,0.6486,24,24,0,1.0,19,0.791667,5,0.208333
3417,VE 8000 - PTUJ,VO 8005 - MURSKA SOBOTA 2,12,"Vaško gasilski dom Filovci, Filovci 13",422,227,0.5379,227,226,1,1.0,124,0.548673,102,0.451327
3418,VE 8000 - PTUJ,VO 8005 - MURSKA SOBOTA 2,13,"Večnamenska dvorana Ivanci, Ivanci 88",203,134,0.6601,134,134,0,1.0,99,0.738806,35,0.261194
3419,VE 8000 - PTUJ,VO 8005 - MURSKA SOBOTA 2,14,"Moravske Toplice I, Gasilski dom, Dolga ulica 63",555,306,0.5514,306,304,2,1.0,115,0.378289,189,0.621711
3420,VE 8000 - PTUJ,VO 8005 - MURSKA SOBOTA 2,15,"Moravske Toplice II, Gasilski dom, Dolga ul. 223",123,78,0.6341,78,78,0,1.0,23,0.294872,55,0.705128
3421,VE 8000 - PTUJ,VO 8005 - MURSKA SOBOTA 2,16,"Vaško gasilski dom Tešanovci, Tešanovci 32b",294,177,0.602,177,174,3,1.0,69,0.396552,105,0.603448
3422,VE 8000 - PTUJ,VO 8005 - MURSKA SOBOTA 2,17,"Vaško gasilski dom Mlajtinci, Mlajtinci 35",210,150,0.7143,150,150,0,1.0,96,0.64,54,0.36
3423,VE 8000 - PTUJ,VO 8005 - MURSKA SOBOTA 2,18,"Vaško gasilski dom Suhi vrh, Suhi vrh 35",102,63,0.6176,63,63,0,1.0,18,0.285714,45,0.714286
3424,VE 8000 - PTUJ,VO 8005 - MURSKA SOBOTA 2,19,"Vaško gasilski dom Vučja gomila, Vučja Gomila 91",224,93,0.4152,93,93,0,1.0,38,0.408602,55,0.591398
3425,VE 8000 - PTUJ,VO 8005 - MURSKA SOBOTA 2,20,"Bakovci I, Vaški dom, Bakovci, Partizanska ul. 38",661,349,0.528,349,346,3,1.0,184,0.531792,162,0.468208
3426,VE 8000 - PTUJ,VO 8005 - MURSKA SOBOTA 2,21,"Bakovci II, Vaški dom,Bakovci,Partizanska ul. 38",592,291,0.4916,291,289,2,1.0,148,0.512111,141,0.487889
3427,VE 8000 - PTUJ,VO 8005 - MURSKA SOBOTA 2,22,"Zadružni dom Černelavci, Zadružna ul. 5",1061,617,0.5815,617,611,6,1.0,189,0.309329,422,0.690671
3428,VE 8000 - PTUJ,VO 8005 - MURSKA SOBOTA 2,23,"Večnamenska dvorana Pušča, Ulica ob kapelici 63",397,88,0.2217,88,87,1,1.0,28,0.321839,59,0.678161
3429,VE 8000 - PTUJ,VO 8005 - MURSKA SOBOTA 2,24,"Stara šola Kupšinci, Kupšinci 49",320,179,0.5594,179,179,0,1.0,58,0.324022,121,0.675978
3430,VE 8000 - PTUJ,VO 8005 - MURSKA SOBOTA 2,25,"Gasilski dom Polana, Polana 12a",165,102,0.6182,102,101,1,1.0,33,0.326733,68,0.673267
3431,VE 8000 - PTUJ,VO 8005 - MURSKA SOBOTA 2,26,"Gasilski dom Veščica, Veščica 25",352,217,0.6165,217,216,1,1.0,85,0.393519,131,0.606481
3432,VE 8000 - PTUJ,VO 8005 - MURSKA SOBOTA 2,27,"Vaški dom Rakičan, Rakičan, Zvezna ul. 4",1135,611,0.5383,611,607,4,1.0,287,0.472817,320,0.527183
3433,VE 8000 - PTUJ,VO 8005 - MURSKA SOBOTA 2,28,"MČ CENTER I, PIŠK M.Sobota, Zvezna ulica 10",1038,448,0.4316,448,442,6,1.0,164,0.371041,278,0.628959
3434,VE 8000 - PTUJ,VO 8005 - MURSKA SOBOTA 2,29,"MČ CENTER II, PIŠK M.Sobota, Zvezna ulica 10",1217,443,0.364,443,439,4,1.0,159,0.362187,280,0.637813
3435,VE 8000 - PTUJ,VO 8005 - MURSKA SOBOTA 2,30,"MČ CENTER III, LU M.Sobota, Slomškova ulica 33",1167,409,0.3505,409,404,5,1.0,156,0.386139,248,0.613861
3436,VE 8000 - PTUJ,VO 8005 - MURSKA SOBOTA 2,31,"MČ CENTER IV, LU M.Sobota, Slomškova ulica 33",281,126,0.4484,126,124,2,1.0,56,0.451613,68,0.548387
3437,VE 8000 - PTUJ,VO 8005 - MURSKA SOBOTA 2,32,"MČ Ledava I,Zavarovalnica Triglav,Lendavska ul.5 ",633,265,0.4186,265,264,1,1.0,81,0.306818,183,0.693182
3438,VE 8000 - PTUJ,VO 8005 - MURSKA SOBOTA 2,33,"MČ Ledava II,Zavarovalnica Triglav,Lendavska ul.5",562,247,0.4395,247,246,1,1.0,91,0.369919,155,0.630081
3439,VE 8000 - PTUJ,VO 8005 - MURSKA SOBOTA 2,34,"MČ PARK I, OŠ I M.Sobota, Ul. Štefana Kovača 32",838,369,0.4403,369,368,1,1.0,130,0.353261,238,0.646739
3440,VE 8000 - PTUJ,VO 8005 - MURSKA SOBOTA 2,35,"MČ PARK II, OŠ I M.Sobota, Ul. Štefana Kovača 32",836,421,0.5036,421,419,2,1.0,130,0.310263,289,0.689737
3441,VE 8000 - PTUJ,VO 8005 - MURSKA SOBOTA 2,36,"MČ PARTIZAN I,OŠ III M.Sobota,Trstenjakova u.73",785,454,0.5783,454,450,4,1.0,180,0.4,270,0.6
3442,VE 8000 - PTUJ,VO 8005 - MURSKA SOBOTA 2,37,"MČ PARTIZAN II, OŠ III,M.Sobota,Trstenjakova u.73",620,341,0.55,341,341,0,1.0,122,0.357771,219,0.642229
3443,VE 8000 - PTUJ,VO 8005 - MURSKA SOBOTA 2,38,"MČ TUROPOLJE I, OŠ II, M.Sobota,Cankarjeva ul. 91",532,292,0.5489,292,291,1,1.0,118,0.405498,173,0.594502
3444,VE 8000 - PTUJ,VO 8005 - MURSKA SOBOTA 2,39,"MČ TUROPOLJE II, OŠ II M.Sobota,Cankarjeva ul. 91",665,307,0.4617,307,306,1,1.0,120,0.392157,186,0.607843
3445,VE 8000 - PTUJ,VO 8005 - MURSKA SOBOTA 2,901,Predčasno glasovanje,0,1139,0.0,1139,1136,3,1.0,337,0.296655,799,0.703345
3446,VE 8000 - PTUJ,VO 8005 - MURSKA SOBOTA 2,970,OMNIA od: 8005,0,70,0.0,70,67,3,1.0,23,0.343284,44,0.656716
3447,VE 8000 - PTUJ,VO 8005 - MURSKA SOBOTA 2,997,Pošta doma OVK,0,49,0.0,49,49,0,1.0,24,0.489796,25,0.510204
3448,VE 8000 - PTUJ,VO 8005 - MURSKA SOBOTA 2,9978000,Pošta doma VKVE,0,0,0.0,0,0,0,,0,0.0,0,0.0
3449,VE 8000 - PTUJ,VO 8005 - MURSKA SOBOTA 2,99799,Pošta doma DVK,0,0,0.0,0,0,0,,0,0.0,0,0.0
3450,VE 8000 - PTUJ,VO 8005 - MURSKA SOBOTA 2,998,Pošta tujina OVK,0,38,0.0,38,36,2,1.0,14,0.388889,22,0.611111
3451,VE 8000 - PTUJ,VO 8005 - MURSKA SOBOTA 2,9988000,Pošta tujina VKVE,0,0,0.0,0,0,0,,0,0.0,0,0.0
3452,VE 8000 - PTUJ,VO 8005 - MURSKA SOBOTA 2,99899,Pošta tujina DVK,0,0,0.0,0,0,0,,0,0.0,0,0.0
3453,VE 8000 - PTUJ,VO 8005 - MURSKA SOBOTA 2,999,Posebni volilni imenik,1751,0,0.0,0,0,0,,0,0.0,0,0.0
3454,VE 8000 - PTUJ,VO 8006 - GORNJA RADGONA,1,"Gasilski dom PODGORJE, Podgorje 9b",428,211,0.493,211,211,0,1.0,70,0.331754,141,0.668246
3455,VE 8000 - PTUJ,VO 8006 - GORNJA RADGONA,2,"Osnovna šola STOGOVCI, Stogovci 33",499,224,0.4489,224,224,0,1.0,127,0.566964,97,0.433036
3456,VE 8000 - PTUJ,VO 8006 - GORNJA RADGONA,3,"Vaško gasilski dom ŽEPOVCI, Žepovci 82",636,298,0.4686,298,296,2,1.0,130,0.439189,166,0.560811
3457,VE 8000 - PTUJ,VO 8006 - GORNJA RADGONA,4,"Kulturni dom APAČE, Apače 36",697,354,0.5079,354,350,4,1.0,157,0.448571,193,0.551429
3458,VE 8000 - PTUJ,VO 8006 - GORNJA RADGONA,5,"Gasilski dom LEŠANE, Lešane 32a",301,158,0.5249,158,156,2,1.0,108,0.692308,48,0.307692
3459,VE 8000 - PTUJ,VO 8006 - GORNJA RADGONA,6,"Gasilski dom LUTVERCI, Lutverci 47",391,209,0.5345,209,204,5,1.0,90,0.441176,114,0.558824
3460,VE 8000 - PTUJ,VO 8006 - GORNJA RADGONA,7,"Dom občanov SPODNJA ŠČAVNICA, Sp.Ščavnica 19b",756,384,0.5079,384,382,2,1.0,223,0.58377,159,0.41623
3461,VE 8000 - PTUJ,VO 8006 - GORNJA RADGONA,8,"Gasilski dom ČREŠNJEVCI, Črešnjevci 116",879,426,0.4846,426,423,3,1.0,223,0.527187,200,0.472813
3462,VE 8000 - PTUJ,VO 8006 - GORNJA RADGONA,9,"Gasilski dom ZBIGOVCI, Zbigovci 26",318,163,0.5126,163,162,1,1.0,97,0.598765,65,0.401235
3463,VE 8000 - PTUJ,VO 8006 - GORNJA RADGONA,10,"Osnovna šola GORNJA RADGONA, Prežihova u.1",565,237,0.4195,237,234,3,1.0,91,0.388889,143,0.611111
3464,VE 8000 - PTUJ,VO 8006 - GORNJA RADGONA,11,"ANDY BAR GORNJA RADGONA, Ljutomerska c.6",867,475,0.5479,475,474,1,1.0,223,0.470464,251,0.529536
3465,VE 8000 - PTUJ,VO 8006 - GORNJA RADGONA,12,"Pomurski sejem GORNJA RADGONA, Cesta na stadion 2",752,328,0.4362,328,327,1,1.0,122,0.373089,205,0.626911
3466,VE 8000 - PTUJ,VO 8006 - GORNJA RADGONA,13,"Kulturni dom GORNJA RADGONA, Partizanska c.11",752,268,0.3564,268,264,4,1.0,113,0.42803,151,0.57197
3467,VE 8000 - PTUJ,VO 8006 - GORNJA RADGONA,14,"Gasilski dom GORNJA RADGONA, Gasilska c.2",596,282,0.4732,282,281,1,1.0,137,0.487544,144,0.512456
3468,VE 8000 - PTUJ,VO 8006 - GORNJA RADGONA,15,"Gasilski dom SPODNJI IVANJCI, Spodnji Ivanjci 17",502,230,0.4582,230,228,2,1.0,115,0.504386,113,0.495614
3469,VE 8000 - PTUJ,VO 8006 - GORNJA RADGONA,16,"Gasilski dom NEGOVA, Negova 9",711,314,0.4416,314,310,4,1.0,187,0.603226,123,0.396774
3470,VE 8000 - PTUJ,VO 8006 - GORNJA RADGONA,17,Gasilski dom IVANJŠEVCI OB ŠČ. Ivanjševci ob Šč.9,248,127,0.5121,127,127,0,1.0,78,0.614173,49,0.385827
3471,VE 8000 - PTUJ,VO 8006 - GORNJA RADGONA,18,"Vrtec RADENCI, Titova c. 1",894,523,0.585,523,520,3,1.0,183,0.351923,337,0.648077
3472,VE 8000 - PTUJ,VO 8006 - GORNJA RADGONA,19,"Osnovna šola RADENCI, Radgonska c. 10",986,498,0.5051,498,496,2,1.0,182,0.366935,314,0.633065
3473,VE 8000 - PTUJ,VO 8006 - GORNJA RADGONA,20,"OBČINA RADENCI, Radgonska cesta 9g",686,392,0.5714,392,391,1,1.0,135,0.345269,256,0.654731
3474,VE 8000 - PTUJ,VO 8006 - GORNJA RADGONA,21,"Gasilsko vaški dom HRASTJE MOTA, Hrastje Mota 36a",396,206,0.5202,206,206,0,1.0,105,0.509709,101,0.490291
3475,VE 8000 - PTUJ,VO 8006 - GORNJA RADGONA,22,"Gasilski dom HRAŠENSKI VRH, Hrašenski Vrh 10",368,171,0.4647,171,171,0,1.0,77,0.450292,94,0.549708
3476,VE 8000 - PTUJ,VO 8006 - GORNJA RADGONA,23,"Osnovna šola KAPELA, Kapelski Vrh 95",698,348,0.4986,348,346,2,1.0,148,0.427746,198,0.572254
3477,VE 8000 - PTUJ,VO 8006 - GORNJA RADGONA,24,"Gasilski dom OKOSLAVCI, Okoslavci 63a",227,126,0.5551,126,126,0,1.0,70,0.555556,56,0.444444
3478,VE 8000 - PTUJ,VO 8006 - GORNJA RADGONA,25,"PROSTORI OBČINE Sv.JURIJ OB ŠČ., Bratka Krefta 14",845,492,0.5822,492,490,2,1.0,300,0.612245,190,0.387755
3479,VE 8000 - PTUJ,VO 8006 - GORNJA RADGONA,26,"Gasilski dom ROŽIČKI VRH, Rožički Vrh 43",293,151,0.5154,151,151,0,1.0,55,0.364238,96,0.635762
3480,VE 8000 - PTUJ,VO 8006 - GORNJA RADGONA,27,"Gasilski dom SLAPTINCI, Slaptinci 15a",252,130,0.5159,130,129,1,1.0,89,0.689922,40,0.310078
3481,VE 8000 - PTUJ,VO 8006 - GORNJA RADGONA,28,"Gasilski dom STARA GORA, Stara Gora 12a",304,179,0.5888,179,179,0,1.0,80,0.446927,99,0.553073
3482,VE 8000 - PTUJ,VO 8006 - GORNJA RADGONA,29,"Gasilski dom SOVJAK, Sovjak 33a",480,233,0.4854,233,231,2,1.0,114,0.493506,117,0.506494
3483,VE 8000 - PTUJ,VO 8006 - GORNJA RADGONA,30,"Gasilski dom BOLEHNEČICI, Bolehnečici 4a",152,96,0.6316,96,94,2,1.0,71,0.755319,23,0.244681
3484,VE 8000 - PTUJ,VO 8006 - GORNJA RADGONA,901,Predčasno glasovanje,0,553,0.0,553,551,2,1.0,185,0.335753,366,0.664247
3485,VE 8000 - PTUJ,VO 8006 - GORNJA RADGONA,970,OMNIA od: 8006,0,38,0.0,38,38,0,1.0,15,0.394737,23,0.605263
3486,VE 8000 - PTUJ,VO 8006 - GORNJA RADGONA,997,Pošta doma OVK,0,51,0.0,51,51,0,1.0,23,0.45098,28,0.54902
3487,VE 8000 - PTUJ,VO 8006 - GORNJA RADGONA,9978000,Pošta doma VKVE,0,0,0.0,0,0,0,,0,0.0,0,0.0
3488,VE 8000 - PTUJ,VO 8006 - GORNJA RADGONA,99799,Pošta doma DVK,0,0,0.0,0,0,0,,0,0.0,0,0.0
3489,VE 8000 - PTUJ,VO 8006 - GORNJA RADGONA,998,Pošta tujina OVK,0,40,0.0,40,39,1,1.0,22,0.564103,17,0.435897
3490,VE 8000 - PTUJ,VO 8006 - GORNJA RADGONA,9988000,Pošta tujina VKVE,0,0,0.0,0,0,0,,0,0.0,0,0.0
3491,VE 8000 - PTUJ,VO 8006 - GORNJA RADGONA,99899,Pošta tujina DVK,0,0,0.0,0,0,0,,0,0.0,0,0.0
3492,VE 8000 - PTUJ,VO 8006 - GORNJA RADGONA,999,Posebni volilni imenik,1375,0,0.0,0,0,0,,0,0.0,0,0.0
3493,VE 8000 - PTUJ,VO 8007 - LENART,1,"OŠ Benedikt, Šolska ul. 2",847,421,0.497,421,420,1,1.0,230,0.547619,190,0.452381
3494,VE 8000 - PTUJ,VO 8007 - LENART,2,"OŠ Benedikt, Šolska ul. 2",573,261,0.4555,261,260,1,1.0,185,0.711538,75,0.288462
3495,VE 8000 - PTUJ,VO 8007 - LENART,3,"OŠ Benedikt, Šolska ul. 2",673,297,0.4413,297,296,1,1.0,170,0.574324,126,0.425676
3496,VE 8000 - PTUJ,VO 8007 - LENART,4,"OŠ Cerkvenjak, Cerkvenjak 24",604,325,0.5381,325,323,2,1.0,171,0.529412,152,0.470588
3497,VE 8000 - PTUJ,VO 8007 - LENART,5,"Dom DRU Cerkvenjak, Cerkvenjak 13 b",457,188,0.4114,188,187,1,1.0,114,0.609626,73,0.390374
3498,VE 8000 - PTUJ,VO 8007 - LENART,6,"KD Cerkvenjak, Cerkvenjak 25",360,177,0.4917,177,176,1,1.0,107,0.607955,69,0.392045
3499,VE 8000 - PTUJ,VO 8007 - LENART,7,"Ploj, Smolinci 88",248,114,0.4597,114,114,0,1.0,68,0.596491,46,0.403509
3500,VE 8000 - PTUJ,VO 8007 - LENART,8,"KD Jurovski Dol, Jurovski Dol 1",572,256,0.4476,256,255,1,1.0,180,0.705882,75,0.294118
3501,VE 8000 - PTUJ,VO 8007 - LENART,9,"KD Jurovski Dol, Jurovski Dol 1",547,258,0.4717,258,257,1,1.0,148,0.575875,109,0.424125
3502,VE 8000 - PTUJ,VO 8007 - LENART,10,"LD Jurovski Dol, Malna 10",430,191,0.4442,191,190,1,1.0,143,0.752632,47,0.247368
3503,VE 8000 - PTUJ,VO 8007 - LENART,11,"Senekovič, Žitence 23",90,50,0.5556,50,50,0,1.0,33,0.66,17,0.34
3504,VE 8000 - PTUJ,VO 8007 - LENART,12,"Lekežič, Žitence 65",120,62,0.5167,62,62,0,1.0,53,0.854839,9,0.145161
3505,VE 8000 - PTUJ,VO 8007 - LENART,13,"Avla Občine Lenart, Trg osvobod. 7",1429,543,0.38,543,537,6,1.0,275,0.512104,262,0.487896
3506,VE 8000 - PTUJ,VO 8007 - LENART,14,"Center Slovenskih goric, Trg osvobod. 9",1008,461,0.4573,461,454,7,1.0,188,0.414097,266,0.585903
3507,VE 8000 - PTUJ,VO 8007 - LENART,15,"OŠ Lenart, Ptujska c. 25",341,171,0.5015,171,169,2,1.0,117,0.692308,52,0.307692
3508,VE 8000 - PTUJ,VO 8007 - LENART,16,"LD Lenart, Sp. Porčič 22",684,331,0.4839,331,330,1,1.0,189,0.572727,141,0.427273
3509,VE 8000 - PTUJ,VO 8007 - LENART,17,"Trgovina, Zamarkova 20",625,278,0.4448,278,276,2,1.0,185,0.67029,91,0.32971
3510,VE 8000 - PTUJ,VO 8007 - LENART,18,"OŠ Lokavec, Lokavec 6",303,123,0.4059,123,122,1,1.0,85,0.696721,37,0.303279
3511,VE 8000 - PTUJ,VO 8007 - LENART,19,"OŠ Sv. Ana, Sv. Ana 14",504,233,0.4623,233,233,0,1.0,156,0.669528,77,0.330472
3512,VE 8000 - PTUJ,VO 8007 - LENART,20,"OŠ Sv. Ana, Sv. Ana 14",579,280,0.4836,280,279,1,1.0,161,0.577061,118,0.422939
3513,VE 8000 - PTUJ,VO 8007 - LENART,21,"Sejna soba občine, Sv. Ana 17",466,238,0.5107,238,236,2,1.0,140,0.59322,96,0.40678
3514,VE 8000 - PTUJ,VO 8007 - LENART,22,"OŠ Sv. Trojica, Meznaričeva ul. 1",683,381,0.5578,381,379,2,1.0,195,0.514512,184,0.485488
3515,VE 8000 - PTUJ,VO 8007 - LENART,23,"Prostori DRU Sv. Trojica, Trojiški trg 25",315,162,0.5143,162,158,4,1.0,97,0.613924,61,0.386076
3516,VE 8000 - PTUJ,VO 8007 - LENART,24,"GD Osek, Osek 48",307,179,0.5831,179,177,2,1.0,119,0.672316,58,0.327684
3517,VE 8000 - PTUJ,VO 8007 - LENART,25,"GD Gočova, Gočova 8a",201,107,0.5323,107,105,2,1.0,62,0.590476,43,0.409524
3518,VE 8000 - PTUJ,VO 8007 - LENART,26,"OŠ Sv. Trojica, Meznaričeva ul. 1",313,145,0.4633,145,145,0,1.0,109,0.751724,36,0.248276
3519,VE 8000 - PTUJ,VO 8007 - LENART,27,"KS Voličina, Sp. Voličina 81",1054,522,0.4953,522,519,3,1.0,286,0.55106,233,0.44894
3520,VE 8000 - PTUJ,VO 8007 - LENART,28,"KD Selce, Selce 11",559,273,0.4884,273,271,2,1.0,160,0.590406,111,0.409594
3521,VE 8000 - PTUJ,VO 8007 - LENART,29,"KD Zavrh, Zavrh 42",609,312,0.5123,312,309,3,1.0,172,0.556634,137,0.443366
3522,VE 8000 - PTUJ,VO 8007 - LENART,901,Predčasno glasovanje,0,610,0.0,610,609,1,1.0,279,0.458128,330,0.541872
3523,VE 8000 - PTUJ,VO 8007 - LENART,970,OMNIA od: 8007,0,22,0.0,22,22,0,1.0,8,0.363636,14,0.636364
3524,VE 8000 - PTUJ,VO 8007 - LENART,997,Pošta doma OVK,0,32,0.0,32,32,0,1.0,20,0.625,12,0.375
3525,VE 8000 - PTUJ,VO 8007 - LENART,9978000,Pošta doma VKVE,0,0,0.0,0,0,0,,0,0.0,0,0.0
3526,VE 8000 - PTUJ,VO 8007 - LENART,99799,Pošta doma DVK,0,0,0.0,0,0,0,,0,0.0,0,0.0
3527,VE 8000 - PTUJ,VO 8007 - LENART,998,Pošta tujina OVK,0,21,0.0,21,21,0,1.0,9,0.428571,12,0.571429
3528,VE 8000 - PTUJ,VO 8007 - LENART,9988000,Pošta tujina VKVE,0,0,0.0,0,0,0,,0,0.0,0,0.0
3529,VE 8000 - PTUJ,VO 8007 - LENART,99899,Pošta tujina DVK,0,0,0.0,0,0,0,,0,0.0,0,0.0
3530,VE 8000 - PTUJ,VO 8007 - LENART,999,Posebni volilni imenik,890,0,0.0,0,0,0,,0,0.0,0,0.0
3531,VE 8000 - PTUJ,VO 8008 - PESNICA,1,"Klub Svečina, Plač 7",730,340,0.4658,340,335,5,1.0,177,0.528358,158,0.471642
3532,VE 8000 - PTUJ,VO 8008 - PESNICA,3,"VS Zg. Kungota, Plintovec 1",680,334,0.4912,334,332,2,1.0,172,0.518072,160,0.481928
3533,VE 8000 - PTUJ,VO 8008 - PESNICA,4,"ŽU Sv. Jurij ob Pesnici, Jurski Vrh 5",486,224,0.4609,224,222,2,1.0,142,0.63964,80,0.36036
3534,VE 8000 - PTUJ,VO 8008 - PESNICA,5,"Podružnica OŠ Kungota, Gradiška 219",1436,699,0.4868,699,697,2,1.0,394,0.56528,303,0.43472
3535,VE 8000 - PTUJ,VO 8008 - PESNICA,6,"OŠ Jarenina, Jareninski Dol 26",879,357,0.4061,357,356,1,1.0,178,0.5,178,0.5
3536,VE 8000 - PTUJ,VO 8008 - PESNICA,7,"Dveri-pax, Polički Vrh 1",359,160,0.4457,160,159,1,1.0,74,0.465409,85,0.534591
3537,VE 8000 - PTUJ,VO 8008 - PESNICA,9,"KD Jakob, Sp. Jakobski Dol 2",1062,406,0.3823,406,405,1,1.0,229,0.565432,176,0.434568
3538,VE 8000 - PTUJ,VO 8008 - PESNICA,10,"VKTPC Pesnica, Pesnica pri Mariboru 41",1416,592,0.4181,592,588,4,1.0,271,0.460884,317,0.539116
3539,VE 8000 - PTUJ,VO 8008 - PESNICA,11,"VKTPC Pesnica, Pesnica pri Mariboru 41",805,307,0.3814,307,305,2,1.0,149,0.488525,156,0.511475
3540,VE 8000 - PTUJ,VO 8008 - PESNICA,12,"KS Ceršak, Ceršak 19",688,329,0.4782,329,327,2,1.0,153,0.46789,174,0.53211
3541,VE 8000 - PTUJ,VO 8008 - PESNICA,13,"Januš Jože, Selnica ob Muri 102 i",967,422,0.4364,422,422,0,1.0,240,0.56872,182,0.43128
3542,VE 8000 - PTUJ,VO 8008 - PESNICA,14,"Kulturni dom Sladki Vrh, Sladki Vrh 3",937,467,0.4984,467,466,1,1.0,241,0.517167,225,0.482833
3543,VE 8000 - PTUJ,VO 8008 - PESNICA,15,"LD Paloma Sladki Vrh, Vranji Vrh 7",274,123,0.4489,123,123,0,1.0,81,0.658537,42,0.341463
3544,VE 8000 - PTUJ,VO 8008 - PESNICA,17,"KPD Šentilj, Maistrova ul. 7",1870,933,0.4989,933,927,6,1.0,455,0.490831,472,0.509169
3545,VE 8000 - PTUJ,VO 8008 - PESNICA,18,"Kranvogel, Kaniža 24",263,104,0.3954,104,104,0,1.0,59,0.567308,45,0.432692
3546,VE 8000 - PTUJ,VO 8008 - PESNICA,19,"Polc, Kresnica 41",249,83,0.3333,83,83,0,1.0,42,0.506024,41,0.493976
3547,VE 8000 - PTUJ,VO 8008 - PESNICA,20,"OŠ Zg. Velka, Zg. Velka 41",948,454,0.4789,454,452,2,1.0,238,0.526549,214,0.473451
3548,VE 8000 - PTUJ,VO 8008 - PESNICA,21,"Farasin Branka, Trate 14",208,77,0.3702,77,76,1,1.0,26,0.342105,50,0.657895
3549,VE 8000 - PTUJ,VO 8008 - PESNICA,22,"Rajšp Franc, Sp. Velka 61",392,117,0.2985,117,116,1,1.0,70,0.603448,46,0.396552
3550,VE 8000 - PTUJ,VO 8008 - PESNICA,25,"VS Zg. Kungota, Plintovec 1",681,268,0.3935,268,264,4,1.0,128,0.484848,136,0.515152
3551,VE 8000 - PTUJ,VO 8008 - PESNICA,26,"Mulec, Ročica 40",294,151,0.5136,151,150,1,1.0,103,0.686667,47,0.313333
3552,VE 8000 - PTUJ,VO 8008 - PESNICA,27,"KS Pernica, Pernica 8",1257,651,0.5179,651,643,8,1.0,349,0.542768,294,0.457232
3553,VE 8000 - PTUJ,VO 8008 - PESNICA,901,Predčasno glasovanje,0,577,0.0,577,575,2,1.0,251,0.436522,324,0.563478
3554,VE 8000 - PTUJ,VO 8008 - PESNICA,970,OMNIA od: 8008,0,21,0.0,21,21,0,1.0,7,0.333333,14,0.666667
3555,VE 8000 - PTUJ,VO 8008 - PESNICA,997,Pošta doma OVK,0,40,0.0,40,39,1,1.0,18,0.461538,21,0.538462
3556,VE 8000 - PTUJ,VO 8008 - PESNICA,9978000,Pošta doma VKVE,0,0,0.0,0,0,0,,0,0.0,0,0.0
3557,VE 8000 - PTUJ,VO 8008 - PESNICA,99799,Pošta doma DVK,0,0,0.0,0,0,0,,0,0.0,0,0.0
3558,VE 8000 - PTUJ,VO 8008 - PESNICA,998,Pošta tujina OVK,0,33,0.0,33,33,0,1.0,16,0.484848,17,0.515152
3559,VE 8000 - PTUJ,VO 8008 - PESNICA,9988000,Pošta tujina VKVE,0,0,0.0,0,0,0,,0,0.0,0,0.0
3560,VE 8000 - PTUJ,VO 8008 - PESNICA,99899,Pošta tujina DVK,0,0,0.0,0,0,0,,0,0.0,0,0.0
3561,VE 8000 - PTUJ,VO 8008 - PESNICA,999,Posebni volilni imenik,1099,0,0.0,0,0,0,,0,0.0,0,0.0
3562,VE 8000 - PTUJ,VO 8009 - PTUJ 1,1,"VD Vitomarci, Vitomarci 48a",517,304,0.588,304,298,6,1.0,196,0.657718,102,0.342282
3563,VE 8000 - PTUJ,VO 8009 - PTUJ 1,2,"Kocuvan Marica, Rjavci 21",137,67,0.4891,67,66,1,1.0,45,0.681818,21,0.318182
3564,VE 8000 - PTUJ,VO 8009 - PTUJ 1,4,"Fras Stanko, Novinci 54 ",308,161,0.5227,161,159,2,1.0,112,0.704403,47,0.295597
3565,VE 8000 - PTUJ,VO 8009 - PTUJ 1,8,"Korent Roman, Črmlja 12",79,48,0.6076,48,47,1,1.0,35,0.744681,12,0.255319
3566,VE 8000 - PTUJ,VO 8009 - PTUJ 1,9,"Maguša Janez, Sovjak 1a",64,43,0.6719,43,41,2,1.0,32,0.780488,9,0.219512
3567,VE 8000 - PTUJ,VO 8009 - PTUJ 1,10,"GD Biš, Biš 20a",272,160,0.5882,160,159,1,1.0,93,0.584906,66,0.415094
3568,VE 8000 - PTUJ,VO 8009 - PTUJ 1,11,"Trinkaus Tatjana, Bišečki Vrh 41",161,88,0.5466,88,86,2,1.0,54,0.627907,32,0.372093
3569,VE 8000 - PTUJ,VO 8009 - PTUJ 1,12,"Benko Alojz, Ločič 23",113,75,0.6637,75,75,0,1.0,64,0.853333,11,0.146667
3570,VE 8000 - PTUJ,VO 8009 - PTUJ 1,13,"VD Trnovska vas, Trnovska vas 38",269,148,0.5502,148,148,0,1.0,86,0.581081,62,0.418919
3571,VE 8000 - PTUJ,VO 8009 - PTUJ 1,14,"Brumen Elizabeta, Trnovski Vrh 14",136,72,0.5294,72,71,1,1.0,52,0.732394,19,0.267606
3572,VE 8000 - PTUJ,VO 8009 - PTUJ 1,15,"GD Destrnik, Destrnik 9",142,73,0.5141,73,73,0,1.0,49,0.671233,24,0.328767
3573,VE 8000 - PTUJ,VO 8009 - PTUJ 1,16,"Nipič Janez, Dolič 17b",136,89,0.6544,89,89,0,1.0,60,0.674157,29,0.325843
3574,VE 8000 - PTUJ,VO 8009 - PTUJ 1,17,"Lacko Franc, Drstelja 21",187,108,0.5775,108,107,1,1.0,63,0.588785,44,0.411215
3575,VE 8000 - PTUJ,VO 8009 - PTUJ 1,18,"Caf Janez, Gomila 11",65,40,0.6154,40,40,0,1.0,23,0.575,17,0.425
3576,VE 8000 - PTUJ,VO 8009 - PTUJ 1,19,"Čuček Konrad, Gomilci 11a",46,33,0.7174,33,30,3,1.0,21,0.7,9,0.3
3577,VE 8000 - PTUJ,VO 8009 - PTUJ 1,20,"Kokol Franc, Janežovci 12b",80,52,0.65,52,51,1,1.0,35,0.686275,16,0.313725
3578,VE 8000 - PTUJ,VO 8009 - PTUJ 1,21,"OŠ Destrnik, Janežovski Vrh 45 ",201,116,0.5771,116,116,0,1.0,82,0.706897,34,0.293103
3579,VE 8000 - PTUJ,VO 8009 - PTUJ 1,22,"Koren Elizabeta, Jiršovci 55a",197,110,0.5584,110,109,1,1.0,78,0.715596,31,0.284404
3580,VE 8000 - PTUJ,VO 8009 - PTUJ 1,23,"Zelenik Stanislav, Levanjci 11",152,106,0.6974,106,106,0,1.0,83,0.783019,23,0.216981
3581,VE 8000 - PTUJ,VO 8009 - PTUJ 1,24,"Kos Branko, Ločki Vrh 60a",130,75,0.5769,75,75,0,1.0,47,0.626667,28,0.373333
3582,VE 8000 - PTUJ,VO 8009 - PTUJ 1,26,"Čuček Franc, Placar 39b",230,118,0.513,118,118,0,1.0,72,0.610169,46,0.389831
3583,VE 8000 - PTUJ,VO 8009 - PTUJ 1,27,"Kocmut Branko, Strmec pri Destrniku 3",36,20,0.5556,20,20,0,1.0,14,0.7,6,0.3
3584,VE 8000 - PTUJ,VO 8009 - PTUJ 1,28,"Hanželj Franc, Svetinci 12",110,73,0.6636,73,72,1,1.0,51,0.708333,21,0.291667
3585,VE 8000 - PTUJ,VO 8009 - PTUJ 1,29,"Kaučič Marta, Vintarovci 45d",321,196,0.6106,196,196,0,1.0,112,0.571429,84,0.428571
3586,VE 8000 - PTUJ,VO 8009 - PTUJ 1,30,"Slukan Ivan, Zgornji Velovlek 23a",80,47,0.5875,47,46,1,1.0,26,0.565217,20,0.434783
3587,VE 8000 - PTUJ,VO 8009 - PTUJ 1,31,"Potrč Anton, Zasadi 11",41,30,0.7317,30,30,0,1.0,17,0.566667,13,0.433333
3588,VE 8000 - PTUJ,VO 8009 - PTUJ 1,32,"GD Dornava, Dornava 65b",406,246,0.6059,246,244,2,1.0,145,0.594262,99,0.405738
3589,VE 8000 - PTUJ,VO 8009 - PTUJ 1,33,"GD Dornava, Dornava 65b",398,227,0.5704,227,225,2,1.0,132,0.586667,93,0.413333
3590,VE 8000 - PTUJ,VO 8009 - PTUJ 1,34,"GD Mezg. ob Pesnici, Mezgovci ob Pesnici 38",386,240,0.6218,240,238,2,1.0,170,0.714286,68,0.285714
3591,VE 8000 - PTUJ,VO 8009 - PTUJ 1,35,"VGD Žamenci, Žamenci 11",297,162,0.5455,162,162,0,1.0,109,0.67284,53,0.32716
3592,VE 8000 - PTUJ,VO 8009 - PTUJ 1,38,"GKD Polenšak, Polenci 42",686,343,0.5,343,341,2,1.0,209,0.612903,132,0.387097
3593,VE 8000 - PTUJ,VO 8009 - PTUJ 1,39,"GD Gorišnica, Gorišnica 70",698,417,0.5974,417,414,3,1.0,186,0.449275,228,0.550725
3594,VE 8000 - PTUJ,VO 8009 - PTUJ 1,40,"GD Gajevci, Gajevci 38a",356,211,0.5927,211,209,2,1.0,153,0.732057,56,0.267943
3595,VE 8000 - PTUJ,VO 8009 - PTUJ 1,41,"VD Cunkovci, Cunkovci bš",71,45,0.6338,45,45,0,1.0,28,0.622222,17,0.377778
3596,VE 8000 - PTUJ,VO 8009 - PTUJ 1,42,"GD Mala vas, Mala vas 16",211,130,0.6161,130,128,2,1.0,93,0.726562,35,0.273438
3597,VE 8000 - PTUJ,VO 8009 - PTUJ 1,43,"DV Moškanjci, Moškanjci 18a",565,344,0.6088,344,338,6,1.0,212,0.627219,126,0.372781
3598,VE 8000 - PTUJ,VO 8009 - PTUJ 1,44,"ZDD Muretinci, Muretinci 46",274,165,0.6022,165,163,2,1.0,110,0.674847,53,0.325153
3599,VE 8000 - PTUJ,VO 8009 - PTUJ 1,45,"GD Formin, Formin 44a",283,157,0.5548,157,155,2,1.0,99,0.63871,56,0.36129
3600,VE 8000 - PTUJ,VO 8009 - PTUJ 1,46,"DV Tibolci, Tibolci 23a",159,88,0.5535,88,88,0,1.0,55,0.625,33,0.375
3601,VE 8000 - PTUJ,VO 8009 - PTUJ 1,47,"GD Zagojiči, Zagojiči 2",149,96,0.6443,96,96,0,1.0,71,0.739583,25,0.260417
3602,VE 8000 - PTUJ,VO 8009 - PTUJ 1,48,"VGD Zamušani, Zamušani 31a",436,273,0.6261,273,271,2,1.0,182,0.671587,89,0.328413
3603,VE 8000 - PTUJ,VO 8009 - PTUJ 1,49,"VKC dr. A. Slodnjaka, Juršinci 10",267,128,0.4794,128,126,2,1.0,77,0.611111,49,0.388889
3604,VE 8000 - PTUJ,VO 8009 - PTUJ 1,50,"Novak Ivan, Dragovič 17b",133,53,0.3985,53,53,0,1.0,31,0.584906,22,0.415094
3605,VE 8000 - PTUJ,VO 8009 - PTUJ 1,51,"GD Gabrnik, Gabrnik 25a",264,164,0.6212,164,164,0,1.0,121,0.737805,43,0.262195
3606,VE 8000 - PTUJ,VO 8009 - PTUJ 1,53,"Kvar Milan, Grlinci 9",107,51,0.4766,51,50,1,1.0,35,0.7,15,0.3
3607,VE 8000 - PTUJ,VO 8009 - PTUJ 1,54,"VD Hlaponci, Hlaponci 58a",208,114,0.5481,114,114,0,1.0,80,0.701754,34,0.298246
3608,VE 8000 - PTUJ,VO 8009 - PTUJ 1,55,"Slodnjak Martin, Bodkovci 47",104,45,0.4327,45,45,0,1.0,37,0.822222,8,0.177778
3609,VE 8000 - PTUJ,VO 8009 - PTUJ 1,56,"VD Kukava, Kukava 46b",163,89,0.546,89,89,0,1.0,65,0.730337,24,0.269663
3610,VE 8000 - PTUJ,VO 8009 - PTUJ 1,57,"Novak Jožef, Rotman 39a",132,77,0.5833,77,77,0,1.0,54,0.701299,23,0.298701
3611,VE 8000 - PTUJ,VO 8009 - PTUJ 1,58,"Zidarič Anica, Sakušak 79",172,72,0.4186,72,71,1,1.0,47,0.661972,24,0.338028
3612,VE 8000 - PTUJ,VO 8009 - PTUJ 1,59,"TD Gomila, Senčak pri Juršincih 9c",92,50,0.5435,50,49,1,1.0,38,0.77551,11,0.22449
3613,VE 8000 - PTUJ,VO 8009 - PTUJ 1,60,"GD Zagorci, Zagorci 61c",233,138,0.5923,138,138,0,1.0,78,0.565217,60,0.434783
3614,VE 8000 - PTUJ,VO 8009 - PTUJ 1,61,"DK Rogoznica, Slovenskogoriška c.18",818,452,0.5526,452,451,1,1.0,211,0.467849,240,0.532151
3615,VE 8000 - PTUJ,VO 8009 - PTUJ 1,62,"DK Rogoznica, Slovenskogoriška c.18",344,181,0.5262,181,179,2,1.0,96,0.536313,83,0.463687
3616,VE 8000 - PTUJ,VO 8009 - PTUJ 1,63,"DK Rogoznica, Slovenskogoriška c.18",595,305,0.5126,305,301,4,1.0,141,0.468439,160,0.531561
3617,VE 8000 - PTUJ,VO 8009 - PTUJ 1,64,"GD Borovci, Borovci 13",248,148,0.5968,148,148,0,1.0,103,0.695946,45,0.304054
3618,VE 8000 - PTUJ,VO 8009 - PTUJ 1,65,"GD Bukovci, Bukovci 103c",795,454,0.5711,454,451,3,1.0,278,0.616408,173,0.383592
3619,VE 8000 - PTUJ,VO 8009 - PTUJ 1,66,"DK Grajena, Grajena 46",308,153,0.4968,153,153,0,1.0,92,0.601307,61,0.398693
3620,VE 8000 - PTUJ,VO 8009 - PTUJ 1,67,"DK Grajena, Grajena 46",410,185,0.4512,185,185,0,1.0,101,0.545946,84,0.454054
3621,VE 8000 - PTUJ,VO 8009 - PTUJ 1,68,"GD Kicar, Kicar 80a",693,358,0.5166,358,355,3,1.0,209,0.588732,146,0.411268
3622,VE 8000 - PTUJ,VO 8009 - PTUJ 1,69,"DK Grajena, Grajena 46",777,362,0.4659,362,358,4,1.0,184,0.513966,174,0.486034
3623,VE 8000 - PTUJ,VO 8009 - PTUJ 1,70,"Občina Markovci, Markovci 43",398,226,0.5678,226,226,0,1.0,131,0.579646,95,0.420354
3624,VE 8000 - PTUJ,VO 8009 - PTUJ 1,71,"DK Grajena,Grajena 46",248,103,0.4153,103,103,0,1.0,50,0.485437,53,0.514563
3625,VE 8000 - PTUJ,VO 8009 - PTUJ 1,72,"GD NV p. Markovcih, Nova vas pri Markovcih 47a",335,209,0.6239,209,209,0,1.0,140,0.669856,69,0.330144
3626,VE 8000 - PTUJ,VO 8009 - PTUJ 1,73,"Arnuš Danilo, Pacinje 2",186,115,0.6183,115,114,1,1.0,77,0.675439,37,0.324561
3627,VE 8000 - PTUJ,VO 8009 - PTUJ 1,74,"GD Podvinci, Podvinci 13a",735,424,0.5769,424,423,1,1.0,274,0.647754,149,0.352246
3628,VE 8000 - PTUJ,VO 8009 - PTUJ 1,75,"GD Prvenci, Prvenci 9a",193,139,0.7202,139,138,1,1.0,63,0.456522,75,0.543478
3629,VE 8000 - PTUJ,VO 8009 - PTUJ 1,76,"VGD Sobetinci,  Sobetinci 37",143,100,0.6993,100,100,0,1.0,72,0.72,28,0.28
3630,VE 8000 - PTUJ,VO 8009 - PTUJ 1,77,"VD na gmajni, Stojnci 34",682,386,0.566,386,385,1,1.0,238,0.618182,147,0.381818
3631,VE 8000 - PTUJ,VO 8009 - PTUJ 1,78,"GD Sp. Velovlek, Spodnji Velovlek 30a",183,104,0.5683,104,104,0,1.0,65,0.625,39,0.375
3632,VE 8000 - PTUJ,VO 8009 - PTUJ 1,79,"GD Zabovci, Zabovci 30",373,238,0.6381,238,237,1,1.0,176,0.742616,61,0.257384
3633,VE 8000 - PTUJ,VO 8009 - PTUJ 1,80,"VO - brunarica, Strelci bš",89,64,0.7191,64,64,0,1.0,44,0.6875,20,0.3125
3634,VE 8000 - PTUJ,VO 8009 - PTUJ 1,81,"DK Grajena, Grajena 46",308,127,0.4123,127,125,2,1.0,66,0.528,59,0.472
3635,VE 8000 - PTUJ,VO 8009 - PTUJ 1,901,Predčasno glasovanje,0,319,0.0,319,315,4,1.0,159,0.504762,156,0.495238
3636,VE 8000 - PTUJ,VO 8009 - PTUJ 1,997,Pošta doma OVK,0,12,0.0,12,12,0,1.0,5,0.416667,7,0.583333
3637,VE 8000 - PTUJ,VO 8009 - PTUJ 1,9978000,Pošta doma VKVE,0,0,0.0,0,0,0,,0,0.0,0,0.0
3638,VE 8000 - PTUJ,VO 8009 - PTUJ 1,99799,Pošta doma DVK,0,0,0.0,0,0,0,,0,0.0,0,0.0
3639,VE 8000 - PTUJ,VO 8009 - PTUJ 1,998,Pošta tujina OVK,0,20,0.0,20,19,1,1.0,12,0.631579,7,0.368421
3640,VE 8000 - PTUJ,VO 8009 - PTUJ 1,9988000,Pošta tujina VKVE,0,0,0.0,0,0,0,,0,0.0,0,0.0
3641,VE 8000 - PTUJ,VO 8009 - PTUJ 1,99899,Pošta tujina DVK,0,0,0.0,0,0,0,,0,0.0,0,0.0
3642,VE 8000 - PTUJ,VO 8009 - PTUJ 1,999,Posebni volilni imenik,1132,0,0.0,0,0,0,,0,0.0,0,0.0
3643,VE 8000 - PTUJ,VO 8010 - PTUJ 2,1,"Magistrat, Spr. pisarna, Mestni trg 1",563,217,0.3854,217,215,2,1.0,130,0.604651,85,0.395349
3644,VE 8000 - PTUJ,VO 8010 - PTUJ 2,2,"OŠ Olge Meglič, Telovadnica, Prešernova ul. 29",433,146,0.3372,146,145,1,1.0,62,0.427586,83,0.572414
3645,VE 8000 - PTUJ,VO 8010 - PTUJ 2,3,"Vrtec Ptuj, Enota Mačice, Potrčeva c. 9a",536,223,0.416,223,218,5,1.0,86,0.394495,132,0.605505
3646,VE 8000 - PTUJ,VO 8010 - PTUJ 2,4,"Vrtec Ptuj, Enota Mačice, Potrčeva c. 9a",535,234,0.4374,234,234,0,1.0,123,0.525641,111,0.474359
3647,VE 8000 - PTUJ,VO 8010 - PTUJ 2,5,"Vrtec Ptuj, Enota Tulipan,  Med vrti 2",322,153,0.4752,153,152,1,1.0,68,0.447368,84,0.552632
3648,VE 8000 - PTUJ,VO 8010 - PTUJ 2,6,"OŠ Ljudski vrt, Župančičeva ul. 10",523,276,0.5277,276,273,3,1.0,113,0.413919,160,0.586081
3649,VE 8000 - PTUJ,VO 8010 - PTUJ 2,7,"OŠ Ljudski vrt, Župančičeva ul. 10",546,326,0.5971,326,323,3,1.0,146,0.452012,177,0.547988
3650,VE 8000 - PTUJ,VO 8010 - PTUJ 2,8,"OŠ Ljudski vrt, Župančičeva ul. 10",420,197,0.469,197,195,2,1.0,107,0.548718,88,0.451282
3651,VE 8000 - PTUJ,VO 8010 - PTUJ 2,9,"Avla ŠC Ptuj, Volkmerjeva c. 19",536,252,0.4701,252,247,5,1.0,109,0.441296,138,0.558704
3652,VE 8000 - PTUJ,VO 8010 - PTUJ 2,10,"Avla ŠC Ptuj, Volkmerjeva c. 19",614,266,0.4332,266,264,2,1.0,130,0.492424,134,0.507576
3653,VE 8000 - PTUJ,VO 8010 - PTUJ 2,11,"Vrtec Ptuj, Enota Mačice, Potrčeva c. 9a",515,220,0.4272,220,216,4,1.0,91,0.421296,125,0.578704
3654,VE 8000 - PTUJ,VO 8010 - PTUJ 2,12,"Dijaški dom Ptuj, Arbajterjeva  ul. 6",680,306,0.45,306,301,5,1.0,125,0.415282,176,0.584718
3655,VE 8000 - PTUJ,VO 8010 - PTUJ 2,13,"DK Bratje Reš, Volkmerjeva c. 26",620,352,0.5677,352,349,3,1.0,150,0.429799,199,0.570201
3656,VE 8000 - PTUJ,VO 8010 - PTUJ 2,14,"DK Bratje Reš, Volkmerjeva c. 26",402,201,0.5,201,198,3,1.0,109,0.550505,89,0.449495
3657,VE 8000 - PTUJ,VO 8010 - PTUJ 2,15,"DK MČ Panorama, Vičava 46",736,398,0.5408,398,395,3,1.0,172,0.435443,223,0.564557
3658,VE 8000 - PTUJ,VO 8010 - PTUJ 2,16,"ŠD Mladika, Čučkova ul. 8",324,134,0.4136,134,133,1,1.0,77,0.578947,56,0.421053
3659,VE 8000 - PTUJ,VO 8010 - PTUJ 2,17,"DK MČ Jezero, Belšakova ul. 20a",480,255,0.5312,255,253,2,1.0,122,0.482213,131,0.517787
3660,VE 8000 - PTUJ,VO 8010 - PTUJ 2,18,"DK MČ Jezero, Belšakova ul. 20a",389,172,0.4422,172,168,4,1.0,89,0.529762,79,0.470238
3661,VE 8000 - PTUJ,VO 8010 - PTUJ 2,19,"Večnamenska dvorana Spuhlja, Spuhlja 12a",714,409,0.5728,409,408,1,1.0,270,0.661765,138,0.338235
3662,VE 8000 - PTUJ,VO 8010 - PTUJ 2,20,"OŠ Breg, Rogaška c. 6",530,284,0.5358,284,277,7,1.0,155,0.559567,122,0.440433
3663,VE 8000 - PTUJ,VO 8010 - PTUJ 2,21,"OŠ Breg, Rogaška c. 6",429,229,0.5338,229,223,6,1.0,129,0.578475,94,0.421525
3664,VE 8000 - PTUJ,VO 8010 - PTUJ 2,22,"DRU Ivan Rudolf Breg-Ptuj, Zadružni trg 12a",705,390,0.5532,390,388,2,1.0,197,0.507732,191,0.492268
3665,VE 8000 - PTUJ,VO 8010 - PTUJ 2,23,"DK Turnišče, Selska c. 2",585,324,0.5538,324,318,6,1.0,180,0.566038,138,0.433962
3666,VE 8000 - PTUJ,VO 8010 - PTUJ 2,24,"DK Turnišče, Selska c. 2",537,281,0.5233,281,280,1,1.0,147,0.525,133,0.475
3667,VE 8000 - PTUJ,VO 8010 - PTUJ 2,25,"DV Draženci, Draženci 74b",451,241,0.5344,241,238,3,1.0,147,0.617647,91,0.382353
3668,VE 8000 - PTUJ,VO 8010 - PTUJ 2,26,"GD Gerečja vas, Gerečja vas 14a",469,241,0.5139,241,241,0,1.0,140,0.580913,101,0.419087
3669,VE 8000 - PTUJ,VO 8010 - PTUJ 2,27,"GD Hajdoše, Hajdoše 41b",554,324,0.5848,324,321,3,1.0,199,0.619938,122,0.380062
3670,VE 8000 - PTUJ,VO 8010 - PTUJ 2,28,"DK Skorba, Skorba 36a",312,194,0.6218,194,192,2,1.0,128,0.666667,64,0.333333
3671,VE 8000 - PTUJ,VO 8010 - PTUJ 2,29,"ŠO NK Slovenja vas, Slovenja vas 54",448,264,0.5893,264,263,1,1.0,165,0.627376,98,0.372624
3672,VE 8000 - PTUJ,VO 8010 - PTUJ 2,30,"DU Hajdina, Zgornja Hajdina 45",674,363,0.5386,363,361,2,1.0,200,0.554017,161,0.445983
3673,VE 8000 - PTUJ,VO 8010 - PTUJ 2,31,"Igrišče Sp. Hajdina, Spodnja Hajdina bš",186,104,0.5591,104,104,0,1.0,58,0.557692,46,0.442308
3674,VE 8000 - PTUJ,VO 8010 - PTUJ 2,901,Predčasno glasovanje,0,712,0.0,712,705,7,1.0,261,0.370213,444,0.629787
3675,VE 8000 - PTUJ,VO 8010 - PTUJ 2,970,OMNIA od: 8010,1,40,0.0,40,40,0,1.0,17,0.425,23,0.575
3676,VE 8000 - PTUJ,VO 8010 - PTUJ 2,997,Pošta doma OVK,0,14,0.0,14,14,0,1.0,8,0.571429,6,0.428571
3677,VE 8000 - PTUJ,VO 8010 - PTUJ 2,9978000,Pošta doma VKVE,0,0,0.0,0,0,0,,0,0.0,0,0.0
3678,VE 8000 - PTUJ,VO 8010 - PTUJ 2,99799,Pošta doma DVK,0,0,0.0,0,0,0,,0,0.0,0,0.0
3679,VE 8000 - PTUJ,VO 8010 - PTUJ 2,998,Pošta tujina OVK,0,27,0.0,27,26,1,1.0,12,0.461538,14,0.538462
3680,VE 8000 - PTUJ,VO 8010 - PTUJ 2,9988000,Pošta tujina VKVE,0,0,0.0,0,0,0,,0,0.0,0,0.0
3681,VE 8000 - PTUJ,VO 8010 - PTUJ 2,99899,Pošta tujina DVK,0,0,0.0,0,0,0,,0,0.0,0,0.0
3682,VE 8000 - PTUJ,VO 8010 - PTUJ 2,999,Posebni volilni imenik,1291,0,0.0,0,0,0,,0,0.0,0,0.0
3683,VE 8000 - PTUJ,VO 8011 - PTUJ 3,1,"LD Brezovec, Brezovec 92",187,82,0.4385,82,82,0,1.0,50,0.609756,32,0.390244
3684,VE 8000 - PTUJ,VO 8011 - PTUJ 3,2,"Občina Cirkulane, Cirkulane 58",309,157,0.5081,157,157,0,1.0,103,0.656051,54,0.343949
3685,VE 8000 - PTUJ,VO 8011 - PTUJ 3,3,"Kokol Herman, Dolane 8",226,113,0.5,113,113,0,1.0,75,0.663717,38,0.336283
3686,VE 8000 - PTUJ,VO 8011 - PTUJ 3,4,"Jurgec Milan, Gradišča 29a",292,135,0.4623,135,132,3,1.0,76,0.575758,56,0.424242
3687,VE 8000 - PTUJ,VO 8011 - PTUJ 3,5,"Kelc Milan, Gruškovec 80",112,48,0.4286,48,47,1,1.0,34,0.723404,13,0.276596
3688,VE 8000 - PTUJ,VO 8011 - PTUJ 3,6,"Kolednik Martina, Medribnik 14a",106,52,0.4906,52,51,1,1.0,31,0.607843,20,0.392157
3689,VE 8000 - PTUJ,VO 8011 - PTUJ 3,7,"Kolednik Mihael, Paradiž 47",83,34,0.4096,34,34,0,1.0,23,0.676471,11,0.323529
3690,VE 8000 - PTUJ,VO 8011 - PTUJ 3,8,"Hercog Jožef, Paradiž 89b, Cirkulane",74,32,0.4324,32,32,0,1.0,23,0.71875,9,0.28125
3691,VE 8000 - PTUJ,VO 8011 - PTUJ 3,9,"Radioklub Cirkulane, Pohorje 25a",85,37,0.4353,37,37,0,1.0,23,0.621622,14,0.378378
3692,VE 8000 - PTUJ,VO 8011 - PTUJ 3,10,"Lesjak Rajko, Mali Okič 20a",90,41,0.4556,41,41,0,1.0,22,0.536585,19,0.463415
3693,VE 8000 - PTUJ,VO 8011 - PTUJ 3,11,"Emeršič Olga, Slatina 31     ",78,32,0.4103,32,32,0,1.0,19,0.59375,13,0.40625
3694,VE 8000 - PTUJ,VO 8011 - PTUJ 3,12,"Majhen Nevenka, Pristava 4a",151,75,0.4967,75,74,1,1.0,33,0.445946,41,0.554054
3695,VE 8000 - PTUJ,VO 8011 - PTUJ 3,13,"Arbeiter Mitja, Meje 16a",39,29,0.7436,29,29,0,1.0,17,0.586207,12,0.413793
3696,VE 8000 - PTUJ,VO 8011 - PTUJ 3,14,"OŠ Kidričevo, Kajuhova ul. 10",317,141,0.4448,141,139,2,1.0,51,0.366906,88,0.633094
3697,VE 8000 - PTUJ,VO 8011 - PTUJ 3,15,"Občina Kidričevo (por. dvor.), Kopališka ul. 14",534,256,0.4794,256,252,4,1.0,114,0.452381,138,0.547619
3698,VE 8000 - PTUJ,VO 8011 - PTUJ 3,17,"Športni park Njiverce (brunarica), Njiverce bš",622,341,0.5482,341,338,3,1.0,164,0.485207,174,0.514793
3699,VE 8000 - PTUJ,VO 8011 - PTUJ 3,18,"Prosvetni dom Apače, Apače 87b",658,402,0.6109,402,400,2,1.0,209,0.5225,191,0.4775
3700,VE 8000 - PTUJ,VO 8011 - PTUJ 3,19,"DK Kungota pri Ptuju, Kungota pri Ptuju 75",299,188,0.6288,188,186,2,1.0,119,0.639785,67,0.360215
3701,VE 8000 - PTUJ,VO 8011 - PTUJ 3,20,"ŠD Strnišče, Strnišče bš",95,48,0.5053,48,47,1,1.0,26,0.553191,21,0.446809
3702,VE 8000 - PTUJ,VO 8011 - PTUJ 3,21,"Dvorana Lovrenc na Dr. p., Lovrenc na Dr. p. 8",552,307,0.5562,307,305,2,1.0,156,0.511475,149,0.488525
3703,VE 8000 - PTUJ,VO 8011 - PTUJ 3,23,"GD Pleterje, Pleterje 33a",181,116,0.6409,116,115,1,1.0,71,0.617391,44,0.382609
3704,VE 8000 - PTUJ,VO 8011 - PTUJ 3,24,"VD Župečja vas (brunarica), Župečja vas bš",215,128,0.5953,128,128,0,1.0,65,0.507812,63,0.492188
3705,VE 8000 - PTUJ,VO 8011 - PTUJ 3,25,"Prostori občine Kidričevo, Cirkovce 2c",313,206,0.6581,206,205,1,1.0,139,0.678049,66,0.321951
3706,VE 8000 - PTUJ,VO 8011 - PTUJ 3,26,"GD Dragonja vas, Dragonja vas 17",138,90,0.6522,90,89,1,1.0,63,0.707865,26,0.292135
3707,VE 8000 - PTUJ,VO 8011 - PTUJ 3,27,"DK Mihovce, Mihovce bš",168,107,0.6369,107,107,0,1.0,80,0.747664,27,0.252336
3708,VE 8000 - PTUJ,VO 8011 - PTUJ 3,28,"Vaški dom Pongrce, Pongrce 22",112,75,0.6696,75,73,2,1.0,49,0.671233,24,0.328767
3709,VE 8000 - PTUJ,VO 8011 - PTUJ 3,29,"GD Jablane, Spodnje Jablane 20a",336,231,0.6875,231,229,2,1.0,157,0.68559,72,0.31441
3710,VE 8000 - PTUJ,VO 8011 - PTUJ 3,30,"GD Starošince, Starošince 13a",175,89,0.5086,89,88,1,1.0,54,0.613636,34,0.386364
3711,VE 8000 - PTUJ,VO 8011 - PTUJ 3,31,"GD Šikole, Šikole 25",259,151,0.583,151,151,0,1.0,103,0.682119,48,0.317881
3712,VE 8000 - PTUJ,VO 8011 - PTUJ 3,32,"VD Stražgonjca, Stražgonjca bš",255,168,0.6588,168,166,2,1.0,95,0.572289,71,0.427711
3713,VE 8000 - PTUJ,VO 8011 - PTUJ 3,33,"GD Majšperk, Majšperk 32a",757,391,0.5165,391,390,1,1.0,229,0.587179,161,0.412821
3714,VE 8000 - PTUJ,VO 8011 - PTUJ 3,36,"GD Majšperk-Breg, Breg 4",672,355,0.5283,355,352,3,1.0,206,0.585227,146,0.414773
3715,VE 8000 - PTUJ,VO 8011 - PTUJ 3,37,"GD Medvedce, Medvedce 19a",336,192,0.5714,192,192,0,1.0,116,0.604167,76,0.395833
3716,VE 8000 - PTUJ,VO 8011 - PTUJ 3,38,"DKG Ptujska Gora, Ptujska Gora 82b",657,352,0.5358,352,351,1,1.0,218,0.621083,133,0.378917
3717,VE 8000 - PTUJ,VO 8011 - PTUJ 3,39,"ŠD Podlože, Podlože 49",202,108,0.5347,108,105,3,1.0,58,0.552381,47,0.447619
3718,VE 8000 - PTUJ,VO 8011 - PTUJ 3,43,"Bedenik Stanko, Doklece 7a",160,64,0.4,64,64,0,1.0,39,0.609375,25,0.390625
3719,VE 8000 - PTUJ,VO 8011 - PTUJ 3,44,"DK Stoperce, Stoperce 13b",452,226,0.5,226,225,1,1.0,151,0.671111,74,0.328889
3720,VE 8000 - PTUJ,VO 8011 - PTUJ 3,45,"GD Žetale, Žetale 5",244,113,0.4631,113,113,0,1.0,86,0.761062,27,0.238938
3721,VE 8000 - PTUJ,VO 8011 - PTUJ 3,46,"Vukova domačija, Dobrina 11",194,119,0.6134,119,119,0,1.0,85,0.714286,34,0.285714
3722,VE 8000 - PTUJ,VO 8011 - PTUJ 3,47,"Železnik Martin, Kočice 1",115,67,0.5826,67,66,1,1.0,43,0.651515,23,0.348485
3723,VE 8000 - PTUJ,VO 8011 - PTUJ 3,48,"Krušič Anton, Kočice 43a",82,39,0.4756,39,38,1,1.0,30,0.789474,8,0.210526
3724,VE 8000 - PTUJ,VO 8011 - PTUJ 3,49,"Potočnik Janez, Nadole 50",123,63,0.5122,63,63,0,1.0,48,0.761905,15,0.238095
3725,VE 8000 - PTUJ,VO 8011 - PTUJ 3,50,"VD Žetale, Žetale 1",308,169,0.5487,169,167,2,1.0,107,0.640719,60,0.359281
3726,VE 8000 - PTUJ,VO 8011 - PTUJ 3,51,"DK Dolena, Bolečka vas 3c",312,139,0.4455,139,139,0,1.0,83,0.597122,56,0.402878
3727,VE 8000 - PTUJ,VO 8011 - PTUJ 3,53,"KD Sela, Sela 31b",348,196,0.5632,196,196,0,1.0,129,0.658163,67,0.341837
3728,VE 8000 - PTUJ,VO 8011 - PTUJ 3,54,"TD Klopotec, Zgornji Leskovec 10c",607,280,0.4613,280,278,2,1.0,180,0.647482,98,0.352518
3729,VE 8000 - PTUJ,VO 8011 - PTUJ 3,55,"Mlakar Slavko, Belavšek 36",59,41,0.6949,41,41,0,1.0,22,0.536585,19,0.463415
3730,VE 8000 - PTUJ,VO 8011 - PTUJ 3,57,"Habjanič Jakob, Repišče bš",113,56,0.4956,56,56,0,1.0,39,0.696429,17,0.303571
3731,VE 8000 - PTUJ,VO 8011 - PTUJ 3,59,"Fric Edvard, Skorišnjak 25",49,29,0.5918,29,28,1,1.0,13,0.464286,15,0.535714
3732,VE 8000 - PTUJ,VO 8011 - PTUJ 3,60,"Lesjak Marija, Gradišče 29",36,13,0.3611,13,13,0,1.0,13,1.0,0,0.0
3733,VE 8000 - PTUJ,VO 8011 - PTUJ 3,62,"Cafuta Andrej, Velika Varnica 53",71,37,0.5211,37,37,0,1.0,23,0.621622,14,0.378378
3734,VE 8000 - PTUJ,VO 8011 - PTUJ 3,63,"VD Lancova vas, Lancova vas 44a",521,291,0.5585,291,289,2,1.0,214,0.740484,75,0.259516
3735,VE 8000 - PTUJ,VO 8011 - PTUJ 3,64,"VS Majski Vrh, Majski Vrh 50",130,67,0.5154,67,67,0,1.0,36,0.537313,31,0.462687
3736,VE 8000 - PTUJ,VO 8011 - PTUJ 3,66,"DV Pobrežje, Pobrežje 104a",712,450,0.632,450,448,2,1.0,264,0.589286,184,0.410714
3737,VE 8000 - PTUJ,VO 8011 - PTUJ 3,67,"Poslančeceva domačija, Vareja 12",319,162,0.5078,162,160,2,1.0,92,0.575,68,0.425
3738,VE 8000 - PTUJ,VO 8011 - PTUJ 3,68,"KS Tržec, Tržec 47",492,264,0.5366,264,264,0,1.0,162,0.613636,102,0.386364
3739,VE 8000 - PTUJ,VO 8011 - PTUJ 3,69,"Občina Videm, Videm pri Ptuju 54",715,422,0.5902,422,422,0,1.0,212,0.50237,210,0.49763
3740,VE 8000 - PTUJ,VO 8011 - PTUJ 3,70,"VKTC Podlehnik, Podlehnik 9",349,194,0.5559,194,194,0,1.0,110,0.56701,84,0.43299
3741,VE 8000 - PTUJ,VO 8011 - PTUJ 3,71,"Arnuš Franc, Podlehnik 80a",71,33,0.4648,33,33,0,1.0,25,0.757576,8,0.242424
3742,VE 8000 - PTUJ,VO 8011 - PTUJ 3,72,"Murko Jožef, Gorca 11",149,56,0.3758,56,56,0,1.0,26,0.464286,30,0.535714
3743,VE 8000 - PTUJ,VO 8011 - PTUJ 3,73,"Vaupotič Jože, Jablovec 21",67,31,0.4627,31,31,0,1.0,18,0.580645,13,0.419355
3744,VE 8000 - PTUJ,VO 8011 - PTUJ 3,74,"Pastoralni dom Rodni Vrh, Rodni Vrh bš",40,24,0.6,24,24,0,1.0,19,0.791667,5,0.208333
3745,VE 8000 - PTUJ,VO 8011 - PTUJ 3,75,"Gostilna Maučič Nežka, Zakl 31",121,59,0.4876,59,58,1,1.0,32,0.551724,26,0.448276
3746,VE 8000 - PTUJ,VO 8011 - PTUJ 3,76,"Tertinek Dominika, Zakl 13 a",119,69,0.5798,69,69,0,1.0,45,0.652174,24,0.347826
3747,VE 8000 - PTUJ,VO 8011 - PTUJ 3,77,"Sardinšek Valerija, Strajna 28 ",76,25,0.3289,25,25,0,1.0,16,0.64,9,0.36
3748,VE 8000 - PTUJ,VO 8011 - PTUJ 3,78,"Brodnjak Ivana, Kozminci 25a",188,78,0.4149,78,78,0,1.0,54,0.692308,24,0.307692
3749,VE 8000 - PTUJ,VO 8011 - PTUJ 3,79,"Vaupotič Drago, Stanošina 27",131,57,0.4351,57,57,0,1.0,36,0.631579,21,0.368421
3750,VE 8000 - PTUJ,VO 8011 - PTUJ 3,80,"Jelen Janko, Zgornje Gruškovje 56",43,23,0.5349,23,23,0,1.0,17,0.73913,6,0.26087
3751,VE 8000 - PTUJ,VO 8011 - PTUJ 3,81,"Pernek Štefan, Ložina 8",40,21,0.525,21,21,0,1.0,14,0.666667,7,0.333333
3752,VE 8000 - PTUJ,VO 8011 - PTUJ 3,82,"Kozel Angela, Zgornje Gruškovje 26",54,23,0.4259,23,23,0,1.0,10,0.434783,13,0.565217
3753,VE 8000 - PTUJ,VO 8011 - PTUJ 3,83,"Štrucl Marjana, Spodnje Gruškovje 18",74,40,0.5405,40,40,0,1.0,19,0.475,21,0.525
3754,VE 8000 - PTUJ,VO 8011 - PTUJ 3,84,"GD Zavrč, Goričak 1",392,161,0.4107,161,160,1,1.0,88,0.55,72,0.45
3755,VE 8000 - PTUJ,VO 8011 - PTUJ 3,85,"Gostilna Težak, Turški Vrh 51",413,161,0.3898,161,159,2,1.0,105,0.660377,54,0.339623
3756,VE 8000 - PTUJ,VO 8011 - PTUJ 3,86,"Hrnčič Darinka, Turški Vrh 75",180,76,0.4222,76,76,0,1.0,59,0.776316,17,0.223684
3757,VE 8000 - PTUJ,VO 8011 - PTUJ 3,87,"Vuzem Ivan, Hrastovec 129",133,48,0.3609,48,46,2,1.0,27,0.586957,19,0.413043
3758,VE 8000 - PTUJ,VO 8011 - PTUJ 3,901,Predčasno glasovanje,0,154,0.0,154,153,1,1.0,90,0.588235,63,0.411765
3759,VE 8000 - PTUJ,VO 8011 - PTUJ 3,997,Pošta doma OVK,0,18,0.0,18,18,0,1.0,14,0.777778,4,0.222222
3760,VE 8000 - PTUJ,VO 8011 - PTUJ 3,9978000,Pošta doma VKVE,0,0,0.0,0,0,0,,0,0.0,0,0.0
3761,VE 8000 - PTUJ,VO 8011 - PTUJ 3,99799,Pošta doma DVK,0,0,0.0,0,0,0,,0,0.0,0,0.0
3762,VE 8000 - PTUJ,VO 8011 - PTUJ 3,998,Pošta tujina OVK,0,28,0.0,28,28,0,1.0,16,0.571429,12,0.428571
3763,VE 8000 - PTUJ,VO 8011 - PTUJ 3,9988000,Pošta tujina VKVE,0,0,0.0,0,0,0,,0,0.0,0,0.0
3764,VE 8000 - PTUJ,VO 8011 - PTUJ 3,99899,Pošta tujina DVK,0,0,0.0,0,0,0,,0,0.0,0,0.0
3765,VE 8000 - PTUJ,VO 8011 - PTUJ 3,999,Posebni volilni imenik,1171,0,0.0,0,0,0,,0,0.0,0,0.0
3766,VE 9999 - DVK - RS,VO 9999 - DVK - RS,99601,Generalni konzulat RS v Celovcu,0,70,0.0,70,68,2,1.0,32,0.470588,36,0.529412
3767,VE 9999 - DVK - RS,VO 9999 - DVK - RS,99602,Generalni konzutat RS v Clevelandu,0,43,0.0,41,41,0,1.0,28,0.682927,13,0.317073
3768,VE 9999 - DVK - RS,VO 9999 - DVK - RS,99603,Generalni konzulat RS v Münchnu,0,82,0.0,81,81,0,1.0,30,0.37037,51,0.62963
3769,VE 9999 - DVK - RS,VO 9999 - DVK - RS,99604,Generalni konzutat RS v Trstu,0,347,0.0,347,343,4,1.0,119,0.346939,224,0.653061
3770,VE 9999 - DVK - RS,VO 9999 - DVK - RS,99605,Generalni konzulat RS v Torontu,1,101,0.0,101,101,0,1.0,94,0.930693,7,0.069307
3771,VE 9999 - DVK - RS,VO 9999 - DVK - RS,99606,Veleposlaništvo RS na Dunaju,1,166,0.0,164,163,1,1.0,50,0.306748,113,0.693252
3772,VE 9999 - DVK - RS,VO 9999 - DVK - RS,99607,Veleposlaništvo RS v Atenah,0,0,0.0,0,0,0,,0,0.0,0,0.0
3773,VE 9999 - DVK - RS,VO 9999 - DVK - RS,99608,Veleposlaništvo RS v Beogradu,0,151,0.0,151,150,1,1.0,36,0.24,114,0.76
3774,VE 9999 - DVK - RS,VO 9999 - DVK - RS,99609,Veleposlaništvo RS v Berlinu,0,96,0.0,96,94,2,1.0,14,0.148936,80,0.851064
3775,VE 9999 - DVK - RS,VO 9999 - DVK - RS,99610,Veleposlaništvo RS v Bernu,0,33,0.0,32,30,2,1.0,9,0.3,21,0.7
3776,VE 9999 - DVK - RS,VO 9999 - DVK - RS,99611,Veleposlaništvo RS v Bratislavi,0,0,0.0,0,0,0,,0,0.0,0,0.0
3777,VE 9999 - DVK - RS,VO 9999 - DVK - RS,99612,Veleposlaništvo RS v Bruslju,1,252,0.0,252,247,5,1.0,63,0.255061,184,0.744939
3778,VE 9999 - DVK - RS,VO 9999 - DVK - RS,99613,Veleposlaništvo RS v Budimpešti,0,11,0.0,11,11,0,1.0,2,0.181818,9,0.818182
3779,VE 9999 - DVK - RS,VO 9999 - DVK - RS,99614,Veleposlaništvo RS v Buenos Airesu,0,710,0.0,697,691,6,1.0,674,0.975398,17,0.024602
3780,VE 9999 - DVK - RS,VO 9999 - DVK - RS,99615,Veleposlaništvo RS v Canberri,0,32,0.0,28,26,2,1.0,14,0.538462,12,0.461538
3781,VE 9999 - DVK - RS,VO 9999 - DVK - RS,99616,Veleposlaništvo RS v Haagu,0,66,0.0,66,64,2,1.0,22,0.34375,42,0.65625
3782,VE 9999 - DVK - RS,VO 9999 - DVK - RS,99618,Veleposlaništvo RS v Kopenhagnu,0,35,0.0,35,35,0,1.0,3,0.085714,32,0.914286
3783,VE 9999 - DVK - RS,VO 9999 - DVK - RS,99619,Veleposlaništvo RS v Londonu,1,112,0.0,111,110,1,1.0,20,0.181818,90,0.818182
3784,VE 9999 - DVK - RS,VO 9999 - DVK - RS,99620,Veleposlaništvo RS v Madridu,0,26,0.0,26,26,0,1.0,10,0.384615,16,0.615385
3785,VE 9999 - DVK - RS,VO 9999 - DVK - RS,99621,Veleposlaništvo RS v Moskvi,0,13,0.0,13,13,0,1.0,3,0.230769,10,0.769231
3786,VE 9999 - DVK - RS,VO 9999 - DVK - RS,99622,Veleposlaništvo RS v Ottawi,0,0,0.0,0,0,0,,0,0.0,0,0.0
3787,VE 9999 - DVK - RS,VO 9999 - DVK - RS,99623,Veleposlaništvo RS v Parizu,1,48,0.0,48,47,1,1.0,12,0.255319,35,0.744681
3788,VE 9999 - DVK - RS,VO 9999 - DVK - RS,99624,Veleposlaništvo RS v Podgorici,0,13,0.0,13,13,0,1.0,2,0.153846,11,0.846154
3789,VE 9999 - DVK - RS,VO 9999 - DVK - RS,99625,Veleposlaništvo RS v Pragi,0,51,0.0,51,49,2,1.0,16,0.326531,33,0.673469
3790,VE 9999 - DVK - RS,VO 9999 - DVK - RS,99626,Veleposlaništvo RS v Sarajevu,0,38,0.0,38,38,0,1.0,4,0.105263,34,0.894737
3791,VE 9999 - DVK - RS,VO 9999 - DVK - RS,99627,Veleposlaništvo RS v Skopju,0,49,0.0,46,46,0,1.0,17,0.369565,29,0.630435
3792,VE 9999 - DVK - RS,VO 9999 - DVK - RS,99628,Veleposlaništvo RS v Varšavi,0,0,0.0,0,0,0,,0,0.0,0,0.0
3793,VE 9999 - DVK - RS,VO 9999 - DVK - RS,99629,Veleposlaništvo RS v Washingtonu,1,52,0.0,51,49,2,1.0,17,0.346939,32,0.653061
3794,VE 9999 - DVK - RS,VO 9999 - DVK - RS,99630,Veleposlaništvo RS v Zagrebu,0,47,0.0,47,47,0,1.0,14,0.297872,33,0.702128
3795,VE 9999 - DVK - RS,VO 9999 - DVK - RS,99631,"Veleposlaništvo RS pri Svetem sedežu, Vatikan",0,34,0.0,34,34,0,1.0,28,0.823529,6,0.176471
3796,VE 9999 - DVK - RS,VO 9999 - DVK - RS,99699,DVK: DKP + pošta tujina,0,58,0.0,58,49,9,1.0,26,0.530612,23,0.469388
3797,VE 9999 - DVK - RS,VO 9999 - DVK - RS,99799,Pošta doma DVK,0,0,0.0,0,0,0,,0,0.0,0,0.0
