,Volilna enota,Volilni_Okraj,ID Volišča,Volišče,Št. volilnih upr.,Udeležba,Odstotek udeležbe,Št. oddanih glasovnic,Št. veljavnih glasovnic,Št. neveljavnih glasovnic,Odstotek preštetih glasovnic,Glasovi ZA,Odstotek glasov ZA,Glasovi PROTI,Odstotek glasov PROTI
0,VE 1000 - KRANJ,VO 1000 - KRANJ,9701000,OMNIA od: 1000,0,0,0.0,0,0,0,,0,0.0,0,0.0
1,VE 1000 - KRANJ,VO 1000 - KRANJ,9971000,Po pošti v Sloveniji VKVE,0,32,0.0,32,32,0,1.0,18,0.5625,14,0.4375
2,VE 1000 - KRANJ,VO 1000 - KRANJ,9981000,Po pošti v tujini VKVE,0,33,0.0,33,33,0,1.0,24,0.727273,9,0.272727
3,VE 1000 - KRANJ,VO 1001 - JESENICE,1,"Vrtec Rateče, Rateče 18, Rateče",545,246,0.4514,246,244,2,1.0,120,0.491803,124,0.508197
4,VE 1000 - KRANJ,VO 1001 - JESENICE,2,"Krajevna skupnost Podkoren, Podkoren 15, Podkoren",344,140,0.407,140,138,2,1.0,60,0.434783,78,0.565217
5,VE 1000 - KRANJ,VO 1001 - JESENICE,3,"Občina Kranjska Gora, Kolodvorska ul. 1b,Kr. Gora",639,234,0.3662,234,231,3,1.0,100,0.4329,131,0.5671
6,VE 1000 - KRANJ,VO 1001 - JESENICE,4,"OŠ Kranjska Gora, Koroška ulica 12, Kranjska Gora",594,229,0.3855,229,227,2,1.0,138,0.60793,89,0.39207
7,VE 1000 - KRANJ,VO 1001 - JESENICE,5,"GD Gozd Martuljek, Zg. Rute 85, Gozd Martuljek",581,231,0.3976,231,228,3,1.0,112,0.491228,116,0.508772
8,VE 1000 - KRANJ,VO 1001 - JESENICE,6,"Kulturni dom Dovje, Dovje 109, Dovje",510,208,0.4078,208,207,1,1.0,99,0.478261,108,0.521739
9,VE 1000 - KRANJ,VO 1001 - JESENICE,7,"OŠ 16. december Mojstrana, Ulica Alojza Rabiča 7",1032,435,0.4215,435,434,1,1.0,236,0.543779,198,0.456221
10,VE 1000 - KRANJ,VO 1001 - JESENICE,8,"Stara gostilna Psnak, Zg. Radovna 17, Zg. Radovna",52,32,0.6154,32,32,0,1.0,14,0.4375,18,0.5625
11,VE 1000 - KRANJ,VO 1001 - JESENICE,9,"PGD Hrušica, Hrušica 13, Hrušica",229,87,0.3799,87,86,1,1.0,54,0.627907,32,0.372093
12,VE 1000 - KRANJ,VO 1001 - JESENICE,10,"Kulturni dom Hrušica, Hrušica 55A, Hrušica ",1024,368,0.3594,368,368,0,1.0,196,0.532609,172,0.467391
13,VE 1000 - KRANJ,VO 1001 - JESENICE,11,"KS Pl. pod Golico,Pl. pod Golico 31,Pl.pod Golico",333,147,0.4414,147,147,0,1.0,56,0.380952,91,0.619048
14,VE 1000 - KRANJ,VO 1001 - JESENICE,12,"Hiša Klinar Štefan, Plavški Rovt 14, Plavški Rovt",63,21,0.3333,21,21,0,1.0,5,0.238095,16,0.761905
15,VE 1000 - KRANJ,VO 1001 - JESENICE,13,"DU dr.F.Bergelja,stavba C,Ul. S.Bokala 4,Jesenice",572,153,0.2675,153,153,0,1.0,79,0.51634,74,0.48366
16,VE 1000 - KRANJ,VO 1001 - JESENICE,14,"Zdravstveni dom Jesenice, C. m. Tita 78, Jesenice",1016,297,0.2923,297,296,1,1.0,151,0.510135,145,0.489865
17,VE 1000 - KRANJ,VO 1001 - JESENICE,15,"OŠ Toneta Čufarja, Cesta C. Tavčarja 21, Jesenice",1160,270,0.2328,270,269,1,1.0,144,0.535316,125,0.464684
18,VE 1000 - KRANJ,VO 1001 - JESENICE,16,"JEKO d.o.o., Cesta maršala Tita 51, Jesenice",1174,315,0.2683,315,313,2,1.0,160,0.511182,153,0.488818
19,VE 1000 - KRANJ,VO 1001 - JESENICE,17,"Vrtec Angelce Ocepek, C. C. Tavčarja 3A, Jesenice",1072,302,0.2817,302,301,1,1.0,172,0.571429,129,0.428571
20,VE 1000 - KRANJ,VO 1001 - JESENICE,18,"Krajevna skupnost Sava, Pod gozdom 2, Jesenice",826,277,0.3354,277,277,0,1.0,165,0.595668,112,0.404332
21,VE 1000 - KRANJ,VO 1001 - JESENICE,19,"OŠ Prežihovega Voranca-1,C. T. Tomšiča 5,Jesenice",380,154,0.4053,154,154,0,1.0,84,0.545455,70,0.454545
22,VE 1000 - KRANJ,VO 1001 - JESENICE,20,"OŠ Prežihovega Voranca-2,C. T. Tomšiča 5,Jesenice",491,135,0.2749,135,135,0,1.0,90,0.666667,45,0.333333
23,VE 1000 - KRANJ,VO 1001 - JESENICE,21,"OŠ P. Stražišarja-1, Ul. V. Kejžarja 35, Jesenice",437,109,0.2494,109,108,1,1.0,66,0.611111,42,0.388889
24,VE 1000 - KRANJ,VO 1001 - JESENICE,22,"OŠ P. Stražišarja-2, Ul. V. Kejžarja 35, Jesenice",656,112,0.1707,112,110,2,1.0,59,0.536364,51,0.463636
25,VE 1000 - KRANJ,VO 1001 - JESENICE,23,"Zavod za šport,sejna soba,Ledarska ul.6A,Jesenice",369,71,0.1924,71,71,0,1.0,39,0.549296,32,0.450704
26,VE 1000 - KRANJ,VO 1001 - JESENICE,24,"KS Podmežakla, Mencingerjeva ulica 1, Jesenice",731,153,0.2093,153,152,1,1.0,71,0.467105,81,0.532895
27,VE 1000 - KRANJ,VO 1001 - JESENICE,25,"GD Javorniški Rovt, Javorniški Rovt 17, Jav. Rovt",242,102,0.4215,102,101,1,1.0,32,0.316832,69,0.683168
28,VE 1000 - KRANJ,VO 1001 - JESENICE,26,"OŠ Koroška Bela-1, Cesta talcev 2, Koroška Bela",739,213,0.2882,213,210,3,1.0,115,0.547619,95,0.452381
29,VE 1000 - KRANJ,VO 1001 - JESENICE,27,"OŠ Koroška Bela-2, Cesta talcev 2, Koroška Bela",910,341,0.3747,341,341,0,1.0,196,0.57478,145,0.42522
30,VE 1000 - KRANJ,VO 1001 - JESENICE,28,"DD J. in A.Pibernik-1,C.B.Kidriča 37C,Sl.Javornik",617,176,0.2853,176,176,0,1.0,99,0.5625,77,0.4375
31,VE 1000 - KRANJ,VO 1001 - JESENICE,29,"DD J. in A.Pibernik-2,C.B.Kidriča 37C,Sl.Javornik",920,273,0.2967,273,273,0,1.0,164,0.600733,109,0.399267
32,VE 1000 - KRANJ,VO 1001 - JESENICE,30,"OŠ Blejska Dobrava, Blejska Dobrava 44,Bl.Dobrava",970,372,0.3835,372,371,1,1.0,174,0.469003,197,0.530997
33,VE 1000 - KRANJ,VO 1001 - JESENICE,31,"Orodišče Kočna, Kočna bš, Kočna",222,108,0.4865,108,108,0,1.0,77,0.712963,31,0.287037
34,VE 1000 - KRANJ,VO 1001 - JESENICE,32,"TVD Partizan Žirovnica, Žirovnica 63, Žirovnica",574,258,0.4495,258,255,3,1.0,116,0.454902,139,0.545098
35,VE 1000 - KRANJ,VO 1001 - JESENICE,33,"Elektrarna Moste, Moste 41, Moste",564,239,0.4238,239,239,0,1.0,141,0.589958,98,0.410042
36,VE 1000 - KRANJ,VO 1001 - JESENICE,34,"Čopova rojstna hiša, Žirovnica 14, Žirovnica",517,222,0.4294,222,221,1,1.0,114,0.515837,107,0.484163
37,VE 1000 - KRANJ,VO 1001 - JESENICE,35,"OŠ Žirovnica, Zabreznica 4, Zabreznica",673,318,0.4725,318,316,2,1.0,158,0.5,158,0.5
38,VE 1000 - KRANJ,VO 1001 - JESENICE,36,"Občina Žirovnica, Breznica 3, Breznica",661,352,0.5325,352,350,2,1.0,158,0.451429,192,0.548571
39,VE 1000 - KRANJ,VO 1001 - JESENICE,37,"Jalnova rojstna hiša, Rodine 10, Rodine",733,372,0.5075,372,371,1,1.0,182,0.490566,189,0.509434
40,VE 1000 - KRANJ,VO 1001 - JESENICE,901,Predčasno glasovanje,0,452,0.0,452,452,0,1.0,271,0.599558,181,0.400442
41,VE 1000 - KRANJ,VO 1001 - JESENICE,970,OMNIA od: 1001,0,33,0.0,33,33,0,1.0,25,0.757576,8,0.242424
42,VE 1000 - KRANJ,VO 1001 - JESENICE,997,Po pošti v Sloveniji OVK,0,0,0.0,0,0,0,,0,0.0,0,0.0
43,VE 1000 - KRANJ,VO 1001 - JESENICE,998,Po pošti v tujini OVK,0,0,0.0,0,0,0,,0,0.0,0,0.0
44,VE 1000 - KRANJ,VO 1001 - JESENICE,999,Posebni volilni imenik,2831,0,0.0,0,0,0,,0,0.0,0,0.0
45,VE 1000 - KRANJ,VO 1002 - RADOVLJICA 1,1,"Gasilski dom Mlino, Mlinska cesta 26, Bled",280,143,0.5107,143,142,1,1.0,59,0.415493,83,0.584507
46,VE 1000 - KRANJ,VO 1002 - RADOVLJICA 1,2,"Gasilski dom Rečica, Rečiška cesta 4, Bled",715,324,0.4531,324,322,2,1.0,152,0.47205,170,0.52795
47,VE 1000 - KRANJ,VO 1002 - RADOVLJICA 1,3,"Občina Bled, Cesta svobode 13, Bled",841,328,0.39,328,327,1,1.0,175,0.535168,152,0.464832
48,VE 1000 - KRANJ,VO 1002 - RADOVLJICA 1,4,"Osnovna šola Bled, Seliška cesta 3, Bled",714,337,0.472,337,337,0,1.0,185,0.548961,152,0.451039
49,VE 1000 - KRANJ,VO 1002 - RADOVLJICA 1,5,"INFOCENTER TRIGLAVSKA ROŽA BLED, Ljubljanska c.27",668,319,0.4775,319,318,1,1.0,187,0.58805,131,0.41195
50,VE 1000 - KRANJ,VO 1002 - RADOVLJICA 1,6,"Kulturni dom Bohinjska Bela, Bohinjska Bela  37",525,239,0.4552,239,239,0,1.0,118,0.493724,121,0.506276
51,VE 1000 - KRANJ,VO 1002 - RADOVLJICA 1,7,"Pri Kunavc, Krnica 21, Zgornje Gorje",417,189,0.4532,189,188,1,1.0,62,0.329787,126,0.670213
52,VE 1000 - KRANJ,VO 1002 - RADOVLJICA 1,8,"Osnovna šola Gorje, Zg. Gorje 44 a, Zg. Gorje",390,145,0.3718,145,145,0,1.0,53,0.365517,92,0.634483
53,VE 1000 - KRANJ,VO 1002 - RADOVLJICA 1,9,"Osnovna šola Gorje, Zg. Gorje 44a, Zg. Gorje",381,166,0.4357,166,165,1,1.0,51,0.309091,114,0.690909
54,VE 1000 - KRANJ,VO 1002 - RADOVLJICA 1,10,"Dom upokojencev Spodnje Gorje, Sp. Gorje 208",769,345,0.4486,345,343,2,1.0,147,0.428571,196,0.571429
55,VE 1000 - KRANJ,VO 1002 - RADOVLJICA 1,11,"Gasilski dom Podhom, Podhom 15, Zgornje Gorje",253,126,0.498,126,126,0,1.0,54,0.428571,72,0.571429
56,VE 1000 - KRANJ,VO 1002 - RADOVLJICA 1,12,"Zadružni dom Ribno, Izletniška ulica 11, Bled",813,368,0.4526,368,368,0,1.0,199,0.540761,169,0.459239
57,VE 1000 - KRANJ,VO 1002 - RADOVLJICA 1,13,"Natura hotel LUKANC, Selo pri Bledu 8, Bled",170,73,0.4294,73,73,0,1.0,29,0.39726,44,0.60274
58,VE 1000 - KRANJ,VO 1002 - RADOVLJICA 1,14,"Kulturni dom Zasip, Sebenje 6, Bled",838,446,0.5322,446,441,5,1.0,214,0.485261,227,0.514739
59,VE 1000 - KRANJ,VO 1002 - RADOVLJICA 1,15,"Bohinjska hiša, Mencingerjeva ulica 4, Boh.Bistr.",500,194,0.388,194,192,2,1.0,82,0.427083,110,0.572917
60,VE 1000 - KRANJ,VO 1002 - RADOVLJICA 1,16,"Dom Joža Ažmana, Triglavska c. 16, Boh. Bistrica",888,324,0.3649,324,324,0,1.0,168,0.518519,156,0.481481
61,VE 1000 - KRANJ,VO 1002 - RADOVLJICA 1,17,"Gasilski dom Bitnje, Bitnje 13, Boh. Bistrica",86,50,0.5814,50,50,0,1.0,28,0.56,22,0.44
62,VE 1000 - KRANJ,VO 1002 - RADOVLJICA 1,18,"Gasilski dom Nomenj, Nomenj 23, Boh. Bistrica",133,68,0.5113,68,67,1,1.0,23,0.343284,44,0.656716
63,VE 1000 - KRANJ,VO 1002 - RADOVLJICA 1,19,"Turistično društvo Bohinj,Ribčev Laz 48, B.jezero",157,80,0.5096,80,80,0,1.0,60,0.75,20,0.25
64,VE 1000 - KRANJ,VO 1002 - RADOVLJICA 1,20,"Gasilski dom Kamnje, Kamnje 26 a, Boh.Bistrica",502,228,0.4542,228,227,1,1.0,86,0.378855,141,0.621145
65,VE 1000 - KRANJ,VO 1002 - RADOVLJICA 1,21,"Gasilski dom Nemški rovt,Nemški rovt18,B.Bistrica",94,61,0.6489,61,60,1,1.0,18,0.3,42,0.7
66,VE 1000 - KRANJ,VO 1002 - RADOVLJICA 1,22,"Šola na Koprivniku, Koprivnik 4, Boh. Bistrica",177,67,0.3785,67,67,0,1.0,27,0.402985,40,0.597015
67,VE 1000 - KRANJ,VO 1002 - RADOVLJICA 1,23,"Gasilski dom Gorjuše, Gorjuše 36 a, Boh.Bistrica",128,57,0.4453,57,56,1,1.0,21,0.375,35,0.625
68,VE 1000 - KRANJ,VO 1002 - RADOVLJICA 1,24,"Avla podružnične šole, Srednja vas 69,Sr.vas v B. ",374,166,0.4439,166,165,1,1.0,54,0.327273,111,0.672727
69,VE 1000 - KRANJ,VO 1002 - RADOVLJICA 1,25,"Gasilski dom Bohinj. Češnjica, Bohin. Češnjica 79",450,217,0.4822,217,216,1,1.0,70,0.324074,146,0.675926
70,VE 1000 - KRANJ,VO 1002 - RADOVLJICA 1,26,"Pri Zdenki Platiša,Podjelje 15 a,Sr.vas v Bohinju",62,25,0.4032,25,25,0,1.0,11,0.44,14,0.56
71,VE 1000 - KRANJ,VO 1002 - RADOVLJICA 1,27,"Center TNP Bohinj, Stara Fužina 37, B.jez.",537,228,0.4246,228,228,0,1.0,87,0.381579,141,0.618421
72,VE 1000 - KRANJ,VO 1002 - RADOVLJICA 1,28,"Pri Milanu Talerju,Studor v Bohinju 5a,Sr.vas v B",98,51,0.5204,51,51,0,1.0,10,0.196078,41,0.803922
73,VE 1000 - KRANJ,VO 1002 - RADOVLJICA 1,33,"MGC Vezenine Bled, Ulica Jule Vovk Molnar 2, Bled",723,281,0.3887,281,280,1,1.0,171,0.610714,109,0.389286
74,VE 1000 - KRANJ,VO 1002 - RADOVLJICA 1,901,"Predčasno g.: Občina Bled, poročna dvorana, Cesta svobode 13, Bled",0,228,0.0,228,228,0,1.0,124,0.54386,104,0.45614
75,VE 1000 - KRANJ,VO 1002 - RADOVLJICA 1,902,"Predčasno g.: Dom Joža Ažmana, Triglavska cesta 16, Bohinjska Bistrica",0,188,0.0,188,185,3,1.0,122,0.659459,63,0.340541
76,VE 1000 - KRANJ,VO 1002 - RADOVLJICA 1,997,Po pošti v Sloveniji OVK,0,34,0.0,34,33,1,1.0,7,0.212121,26,0.787879
77,VE 1000 - KRANJ,VO 1002 - RADOVLJICA 1,998,Po pošti v tujini OVK,0,0,0.0,0,0,0,,0,0.0,0,0.0
78,VE 1000 - KRANJ,VO 1002 - RADOVLJICA 1,999,Posebni volilni imenik,783,0,0.0,0,0,0,,0,0.0,0,0.0
79,VE 1000 - KRANJ,VO 1003 - RADOVLJICA 2,1,"Klub upokojencev Begunje,Begunje na Gorenjskem 23",884,336,0.3801,336,334,2,1.0,179,0.535928,155,0.464072
80,VE 1000 - KRANJ,VO 1003 - RADOVLJICA 2,2,"Podružnična šola Begunje, Begunje na Gorenj. 27 b",660,293,0.4439,293,292,1,1.0,144,0.493151,148,0.506849
81,VE 1000 - KRANJ,VO 1003 - RADOVLJICA 2,3,"GASILSKO ORODIŠČE, pri hiši Konc, Dvorska vas 20a",143,59,0.4126,59,59,0,1.0,26,0.440678,33,0.559322
82,VE 1000 - KRANJ,VO 1003 - RADOVLJICA 2,4,"Gasilski dom Slatna, Slatna 15",126,57,0.4524,57,57,0,1.0,30,0.526316,27,0.473684
83,VE 1000 - KRANJ,VO 1003 - RADOVLJICA 2,5,"Dom krajanov Brezje, Brezje 80 c",764,368,0.4817,368,368,0,1.0,143,0.388587,225,0.611413
84,VE 1000 - KRANJ,VO 1003 - RADOVLJICA 2,6,"Dom krajanov Kamna Gorica, Kamna Gorica 58",401,185,0.4613,185,185,0,1.0,92,0.497297,93,0.502703
85,VE 1000 - KRANJ,VO 1003 - RADOVLJICA 2,7,"Avla Sindikalnega doma Kropa, Kropa 3",726,249,0.343,249,247,2,1.0,134,0.54251,113,0.45749
86,VE 1000 - KRANJ,VO 1003 - RADOVLJICA 2,8,"KULTURNI DOM LANCOVO, Lancovo 30",798,376,0.4712,376,375,1,1.0,188,0.501333,187,0.498667
87,VE 1000 - KRANJ,VO 1003 - RADOVLJICA 2,9,"Gasilski dom Hlebce, Hlebce 9",233,110,0.4721,110,110,0,1.0,49,0.445455,61,0.554545
88,VE 1000 - KRANJ,VO 1003 - RADOVLJICA 2,10,"Turistična kmetija PR GROM, Hraše 17 c",187,106,0.5668,106,106,0,1.0,36,0.339623,70,0.660377
89,VE 1000 - KRANJ,VO 1003 - RADOVLJICA 2,11,"OŠ F.S. Finžgarja Lesce, Begunjska cesta 7, Lesce",89,26,0.2921,26,25,1,1.0,10,0.4,15,0.6
90,VE 1000 - KRANJ,VO 1003 - RADOVLJICA 2,12,"Družbeni center Lesce, Alpska cesta 58, Lesce",1168,491,0.4204,491,490,1,1.0,276,0.563265,214,0.436735
91,VE 1000 - KRANJ,VO 1003 - RADOVLJICA 2,13,"OŠ F.S. Finžgarja Lesce, Begunjska cesta 7, Lesce",1040,459,0.4413,459,458,1,1.0,234,0.510917,224,0.489083
92,VE 1000 - KRANJ,VO 1003 - RADOVLJICA 2,14,"Dom ŠD Ljubno, Ljubno 114",383,191,0.4987,191,190,1,1.0,76,0.4,114,0.6
93,VE 1000 - KRANJ,VO 1003 - RADOVLJICA 2,15,"Vrtec na Posavcu, Posavec 86",458,202,0.441,202,202,0,1.0,108,0.534653,94,0.465347
94,VE 1000 - KRANJ,VO 1003 - RADOVLJICA 2,16,"Kulturni dom Mošnje, Mošnje 41",381,191,0.5013,191,189,2,1.0,91,0.481481,98,0.518519
95,VE 1000 - KRANJ,VO 1003 - RADOVLJICA 2,17,"GASILSKI DOM PODNART, Podnart 13",848,416,0.4906,416,415,1,1.0,216,0.520482,199,0.479518
96,VE 1000 - KRANJ,VO 1003 - RADOVLJICA 2,18,"Športni park Rad.,soba PD, Ul.S. Žagarja 2b, Rad.",894,328,0.3669,328,328,0,1.0,189,0.57622,139,0.42378
97,VE 1000 - KRANJ,VO 1003 - RADOVLJICA 2,19,"Srednješolski iz. center Radovljica,Kranjska c.24",1106,456,0.4123,456,451,5,1.0,257,0.569845,194,0.430155
98,VE 1000 - KRANJ,VO 1003 - RADOVLJICA 2,20,"Avla Občine Radovljica,Gorenjska c.19, Radovljica",984,325,0.3303,325,325,0,1.0,187,0.575385,138,0.424615
99,VE 1000 - KRANJ,VO 1003 - RADOVLJICA 2,21,"Ekon.gimnazija in sr.šola Radovljica,Gorenj. c.13",389,154,0.3959,154,154,0,1.0,85,0.551948,69,0.448052
100,VE 1000 - KRANJ,VO 1003 - RADOVLJICA 2,22,"OŠ A. T. LINHARTA, Kranjska cesta 27, Radovljica",1279,561,0.4386,561,560,1,1.0,325,0.580357,235,0.419643
101,VE 1000 - KRANJ,VO 1003 - RADOVLJICA 2,23,"Stanovanjska hiša Jensterle, Nova vas 45",169,58,0.3432,58,58,0,1.0,30,0.517241,28,0.482759
102,VE 1000 - KRANJ,VO 1003 - RADOVLJICA 2,24,"Športni park Vrbnje, Vrbnje",392,220,0.5612,220,216,4,1.0,106,0.490741,110,0.509259
103,VE 1000 - KRANJ,VO 1003 - RADOVLJICA 2,25,"Gasilski dom Srednja Dobrava, Srednja Dobrava 7",394,179,0.4543,179,177,2,1.0,85,0.480226,92,0.519774
104,VE 1000 - KRANJ,VO 1003 - RADOVLJICA 2,26,"Prostor KS Otok, Zgornji Otok 6 a",150,70,0.4667,70,70,0,1.0,20,0.285714,50,0.714286
105,VE 1000 - KRANJ,VO 1003 - RADOVLJICA 2,901,Predčasno glasovanje,0,615,0.0,615,611,4,1.0,395,0.646481,216,0.353519
106,VE 1000 - KRANJ,VO 1003 - RADOVLJICA 2,970,OMNIA od: 1003,0,103,0.0,103,103,0,1.0,51,0.495146,52,0.504854
107,VE 1000 - KRANJ,VO 1003 - RADOVLJICA 2,997,Po pošti v Sloveniji OVK,0,0,0.0,0,0,0,,0,0.0,0,0.0
108,VE 1000 - KRANJ,VO 1003 - RADOVLJICA 2,998,Po pošti v tujini OVK,0,0,0.0,0,0,0,,0,0.0,0,0.0
109,VE 1000 - KRANJ,VO 1003 - RADOVLJICA 2,999,Posebni volilni imenik,948,0,0.0,0,0,0,,0,0.0,0,0.0
110,VE 1000 - KRANJ,VO 1004 - KRANJ 1,1,"Center, Avla MO Kranj, Slovenski trg 1, Kranj",1764,494,0.28,494,492,2,1.0,279,0.567073,213,0.432927
111,VE 1000 - KRANJ,VO 1004 - KRANJ 1,2,"Čirče, Dom KS, Smledniška cesta 136, Kranj",1249,574,0.4596,574,571,3,1.0,265,0.464098,306,0.535902
112,VE 1000 - KRANJ,VO 1004 - KRANJ 1,3,"Klanec II, Dom krajanov, Jezerska c. 41, Kranj",759,222,0.2925,222,221,1,1.0,128,0.579186,93,0.420814
113,VE 1000 - KRANJ,VO 1004 - KRANJ 1,4,"Bratov Smuk I,OŠ Matije Čopa, Ul. Tuga Vidmarja 1",1111,398,0.3582,398,397,1,1.0,223,0.561713,174,0.438287
114,VE 1000 - KRANJ,VO 1004 - KRANJ 1,5,"Bratov Smuk II,OŠ Matije Čopa,Ul. Tuga Vidmarja 1",1141,408,0.3576,408,405,3,1.0,257,0.634568,148,0.365432
115,VE 1000 - KRANJ,VO 1004 - KRANJ 1,6,"Klanec I, Dom krajanov, Jezerska cesta 41, Kranj",977,454,0.4647,454,453,1,1.0,265,0.584989,188,0.415011
116,VE 1000 - KRANJ,VO 1004 - KRANJ 1,7,"Primskovo I, Dom krajanov, Jezerska c. 41, Kranj",1019,467,0.4583,467,466,1,1.0,224,0.480687,242,0.519313
117,VE 1000 - KRANJ,VO 1004 - KRANJ 1,8,"Primskovo II, Dom krajanov, Jezerska c. 41, Kranj",944,360,0.3814,360,360,0,1.0,158,0.438889,202,0.561111
118,VE 1000 - KRANJ,VO 1004 - KRANJ 1,9,"Vodovodni stolp III,OŠ S.Jenka,Ul.XXXI.divizije7a",1376,459,0.3336,459,457,2,1.0,265,0.579869,192,0.420131
119,VE 1000 - KRANJ,VO 1004 - KRANJ 1,10,"Vodovodni stolp II,OŠ S.Jenka,Ul.XXXI.divizije 7a",1363,543,0.3984,543,543,0,1.0,312,0.574586,231,0.425414
120,VE 1000 - KRANJ,VO 1004 - KRANJ 1,11,"Vodovodni stolp I,OŠ S.Jenka,Ul. XXXI.divizije 7a",1292,557,0.4311,557,554,3,1.0,294,0.530686,260,0.469314
121,VE 1000 - KRANJ,VO 1004 - KRANJ 1,12,"Kokrica II, Kulturni dom Kokrica, C. na Brdo 30",1591,764,0.4802,764,761,3,1.0,343,0.450723,418,0.549277
122,VE 1000 - KRANJ,VO 1004 - KRANJ 1,13,"Kokrica I, Kulturni dom Kokrica, C. na Brdo 30",1325,654,0.4936,654,650,4,1.0,308,0.473846,342,0.526154
123,VE 1000 - KRANJ,VO 1004 - KRANJ 1,14,"Predoslje, Kulturni dom, Predoslje 34",942,483,0.5127,483,480,3,1.0,164,0.341667,316,0.658333
124,VE 1000 - KRANJ,VO 1004 - KRANJ 1,16,"Britof, Gasilski dom, Britof 316",1827,871,0.4767,871,864,7,1.0,416,0.481481,448,0.518519
125,VE 1000 - KRANJ,VO 1004 - KRANJ 1,901,Predčasno glasovanje,0,731,0.0,731,728,3,1.0,477,0.65522,251,0.34478
126,VE 1000 - KRANJ,VO 1004 - KRANJ 1,970,OMNIA od: 1004,0,114,0.0,114,114,0,1.0,55,0.482456,59,0.517544
127,VE 1000 - KRANJ,VO 1004 - KRANJ 1,997,Po pošti v Sloveniji OVK,0,19,0.0,19,19,0,1.0,9,0.473684,10,0.526316
128,VE 1000 - KRANJ,VO 1004 - KRANJ 1,998,Po pošti v tujini OVK,0,0,0.0,0,0,0,,0,0.0,0,0.0
129,VE 1000 - KRANJ,VO 1004 - KRANJ 1,999,Posebni volilni imenik,1601,0,0.0,0,0,0,,0,0.0,0,0.0
130,VE 1000 - KRANJ,VO 1005 - KRANJ 2,1,"Huje II,OŠ Jakob Aljaž, Ul.Tončka Dežmana 1,Kranj",1314,399,0.3037,399,398,1,1.0,220,0.552764,178,0.447236
131,VE 1000 - KRANJ,VO 1005 - KRANJ 2,2,"Huje I, OŠ Stane Žagar, C. 1.maja 10 a, Kranj",543,192,0.3536,192,191,1,1.0,110,0.575916,81,0.424084
132,VE 1000 - KRANJ,VO 1005 - KRANJ 2,3,"Planina II,OŠ Stane Žagar, C. 1. maja 10 a, Kranj",1345,484,0.3599,484,484,0,1.0,285,0.588843,199,0.411157
133,VE 1000 - KRANJ,VO 1005 - KRANJ 2,4,"Planina I, OŠ Stane Žagar, C. 1. maja 10 a, Kranj",1392,471,0.3384,471,471,0,1.0,287,0.609342,184,0.390658
134,VE 1000 - KRANJ,VO 1005 - KRANJ 2,5,"Zlato polje I,OŠ F.Prešeren, Kidričeva c.49,Kranj",860,297,0.3453,297,296,1,1.0,166,0.560811,130,0.439189
135,VE 1000 - KRANJ,VO 1005 - KRANJ 2,6,"Zlato Polje II,OŠ F.Prešeren,Kidričeva c.49,Kranj",1227,422,0.3439,422,421,1,1.0,247,0.586698,174,0.413302
136,VE 1000 - KRANJ,VO 1005 - KRANJ 2,7,"Struževo, Dom KS, Struževo 14, Kranj",534,242,0.4532,242,241,1,1.0,131,0.543568,110,0.456432
137,VE 1000 - KRANJ,VO 1005 - KRANJ 2,8,"Gorenja Sava, SSC, Gorenjesavska c.35 a, Kranj",302,104,0.3444,104,104,0,1.0,53,0.509615,51,0.490385
138,VE 1000 - KRANJ,VO 1005 - KRANJ 2,9,"Stražišče I,Šmartinski dom,Škofjeloška c.18,Kranj",1729,730,0.4222,730,727,3,1.0,327,0.449794,400,0.550206
139,VE 1000 - KRANJ,VO 1005 - KRANJ 2,10,"Stražišče II,Šmartinski dom,Škofjeloška c.18,Kr.",1681,712,0.4236,712,709,3,1.0,336,0.473907,373,0.526093
140,VE 1000 - KRANJ,VO 1005 - KRANJ 2,11,"Orehek I, Osnovna šola, Zasavska cesta 53 a,Kranj",1008,455,0.4514,455,455,0,1.0,188,0.413187,267,0.586813
141,VE 1000 - KRANJ,VO 1005 - KRANJ 2,12,"Orehek II, Osnovna šola, Zasavska cesta 53a,Kranj",1254,524,0.4179,524,523,1,1.0,293,0.560229,230,0.439771
142,VE 1000 - KRANJ,VO 1005 - KRANJ 2,13,"Breg ob Savi, GD, Breg ob Savi 34, Mavčiče",437,225,0.5149,225,224,1,1.0,81,0.361607,143,0.638393
143,VE 1000 - KRANJ,VO 1005 - KRANJ 2,14,"Mavčiče, KS Mavčiče, Mavčiče 69, Mavčiče",732,373,0.5096,373,373,0,1.0,109,0.292225,264,0.707775
144,VE 1000 - KRANJ,VO 1005 - KRANJ 2,15,"Podreča, Krelj Thomas, Podreča 74, Mavčiče",457,249,0.5449,249,249,0,1.0,110,0.441767,139,0.558233
145,VE 1000 - KRANJ,VO 1005 - KRANJ 2,16,"Žabnica, Telovadnica, Žabnica 20, Žabnica",610,314,0.5148,314,314,0,1.0,118,0.375796,196,0.624204
146,VE 1000 - KRANJ,VO 1005 - KRANJ 2,17,"Bitnje II, GD, Zg. Bitnje 33, Žabnica",692,298,0.4306,298,298,0,1.0,126,0.422819,172,0.577181
147,VE 1000 - KRANJ,VO 1005 - KRANJ 2,18,"Zgornje Bitnje, GD, Zg. Bitnje 33, Žabnica",1244,507,0.4076,507,506,1,1.0,231,0.456522,275,0.543478
148,VE 1000 - KRANJ,VO 1005 - KRANJ 2,19,"Pševo, DKS Jošt, Pševo 3, Kranj",222,109,0.491,109,109,0,1.0,45,0.412844,64,0.587156
149,VE 1000 - KRANJ,VO 1005 - KRANJ 2,20,"Sp. Besnica, GD Besnica, Na hribu 7, Zg. Besnica",1517,723,0.4766,723,721,2,1.0,284,0.393897,437,0.606103
150,VE 1000 - KRANJ,VO 1005 - KRANJ 2,21,"Podblica, GD Podblica, Podblica 2, Zg. Besnica",234,126,0.5385,126,125,1,1.0,44,0.352,81,0.648
151,VE 1000 - KRANJ,VO 1005 - KRANJ 2,901,Predčasno glasovanje,0,707,0.0,707,704,3,1.0,438,0.622159,266,0.377841
152,VE 1000 - KRANJ,VO 1005 - KRANJ 2,997,Po pošti v Sloveniji OVK,0,23,0.0,23,23,0,1.0,12,0.521739,11,0.478261
153,VE 1000 - KRANJ,VO 1005 - KRANJ 2,998,Po pošti v tujini OVK,0,0,0.0,0,0,0,,0,0.0,0,0.0
154,VE 1000 - KRANJ,VO 1005 - KRANJ 2,999,Posebni volilni imenik,1119,0,0.0,0,0,0,,0,0.0,0,0.0
155,VE 1000 - KRANJ,VO 1006 - KRANJ 3,1,"Volišče Adergas, Adergas 12",293,185,0.6314,185,185,0,1.0,40,0.216216,145,0.783784
156,VE 1000 - KRANJ,VO 1006 - KRANJ 3,2,"Cerklje na Gor. I, OŠ D.Jenko,Krvavška c.4",1070,549,0.5131,549,545,4,1.0,177,0.324771,368,0.675229
157,VE 1000 - KRANJ,VO 1006 - KRANJ 3,3,"Cerklje na Gor. II, OŠ D.Jenko, Krvavška c. 4",915,494,0.5399,494,493,1,1.0,190,0.385396,303,0.614604
158,VE 1000 - KRANJ,VO 1006 - KRANJ 3,4,"Češnjevek, Vaški dom, Češnjevek 11 a",137,77,0.562,77,77,0,1.0,14,0.181818,63,0.818182
159,VE 1000 - KRANJ,VO 1006 - KRANJ 3,5,"Lahovče, Gasilski dom, Lahovče 74",351,221,0.6296,221,221,0,1.0,59,0.266968,162,0.733032
160,VE 1000 - KRANJ,VO 1006 - KRANJ 3,6,"Praprotna polica, Vaški dom Praprotna polica",158,104,0.6582,104,103,1,1.0,17,0.165049,86,0.834951
161,VE 1000 - KRANJ,VO 1006 - KRANJ 3,7,"Poženik, Vaški dom Poženik, Poženik 6",463,250,0.54,250,249,1,1.0,76,0.305221,173,0.694779
162,VE 1000 - KRANJ,VO 1006 - KRANJ 3,8,"Spodnji Brnik, Gasilski dom Sp.Brnik, Sp.Brnik 5a",467,294,0.6296,294,294,0,1.0,65,0.221088,229,0.778912
163,VE 1000 - KRANJ,VO 1006 - KRANJ 3,9,"Šenturška Gora, Krajevni dom, Šenturška Gora 11",564,263,0.4663,263,263,0,1.0,85,0.323194,178,0.676806
164,VE 1000 - KRANJ,VO 1006 - KRANJ 3,10,"Štefanja Gora, Gasilski dom, Štefanja Gora 30",93,69,0.7419,69,69,0,1.0,15,0.217391,54,0.782609
165,VE 1000 - KRANJ,VO 1006 - KRANJ 3,11,"Velesovo, Gasilski dom, Velesovo 53",291,176,0.6048,176,176,0,1.0,51,0.289773,125,0.710227
166,VE 1000 - KRANJ,VO 1006 - KRANJ 3,12,"Zalog, Osnovna šola, Zalog pri Cerkljah 29",590,328,0.5559,328,328,0,1.0,108,0.329268,220,0.670732
167,VE 1000 - KRANJ,VO 1006 - KRANJ 3,13,"Zgornji Brnik, Gasilski dom, Zgornji Brnik 8",574,326,0.5679,326,325,1,1.0,119,0.366154,206,0.633846
168,VE 1000 - KRANJ,VO 1006 - KRANJ 3,14,"Golnik, Kranjski vrtci-Enota Ostržek, Golnik 54",877,339,0.3865,339,337,2,1.0,198,0.587537,139,0.412463
169,VE 1000 - KRANJ,VO 1006 - KRANJ 3,15,"Goriče, OŠ S. Jenko-telovadnica, Sr. vas-Goriče 1",591,314,0.5313,314,312,2,1.0,101,0.323718,211,0.676282
170,VE 1000 - KRANJ,VO 1006 - KRANJ 3,16,"Hrastje, Športni center Graben, Hrastje 209",828,413,0.4988,413,408,5,1.0,177,0.433824,231,0.566176
171,VE 1000 - KRANJ,VO 1006 - KRANJ 3,17,"Tenetiše, Dom druž. pol. org., Tenetiše 80",350,164,0.4686,164,164,0,1.0,64,0.390244,100,0.609756
172,VE 1000 - KRANJ,VO 1006 - KRANJ 3,18,"Trstenik, Dom krajevne skupnosti, Trstenik 8 a",612,353,0.5768,353,352,1,1.0,107,0.303977,245,0.696023
173,VE 1000 - KRANJ,VO 1006 - KRANJ 3,19,"Duplje, Gasilski dom Duplje, Zgornje Duplje 8",916,500,0.5459,500,497,3,1.0,246,0.49497,251,0.50503
174,VE 1000 - KRANJ,VO 1006 - KRANJ 3,20,"Naklo I, Dom Janeza Filipiča, Kranjska c.1, Naklo",1375,726,0.528,726,724,2,1.0,323,0.446133,401,0.553867
175,VE 1000 - KRANJ,VO 1006 - KRANJ 3,21,"Naklo II, Večnamenski objekt Naklo, Stara c. 61  ",1182,624,0.5279,624,624,0,1.0,217,0.347756,407,0.652244
176,VE 1000 - KRANJ,VO 1006 - KRANJ 3,22,"Podbrezje, Kulturni dom, Podbrezje 147",761,355,0.4665,355,355,0,1.0,150,0.422535,205,0.577465
177,VE 1000 - KRANJ,VO 1006 - KRANJ 3,23,"Bašelj, Brunarica TD Bašelj",397,217,0.5466,217,216,1,1.0,89,0.412037,127,0.587963
178,VE 1000 - KRANJ,VO 1006 - KRANJ 3,24,"Kokra, Osnovna šola, Kokra 23",204,111,0.5441,111,109,2,1.0,34,0.311927,75,0.688073
179,VE 1000 - KRANJ,VO 1006 - KRANJ 3,25,"Preddvor, Večnam. INFO center, Dvorski trg 3",1161,610,0.5254,610,605,5,1.0,236,0.390083,369,0.609917
180,VE 1000 - KRANJ,VO 1006 - KRANJ 3,26,"Tupaliče, Hotel Oskar Zaplata, Tupaliče 32",511,294,0.5753,294,292,2,1.0,97,0.332192,195,0.667808
181,VE 1000 - KRANJ,VO 1006 - KRANJ 3,27,"Zgornja Bela, Dom krajanov, Zgornja Bela 67",656,373,0.5686,373,373,0,1.0,136,0.364611,237,0.635389
182,VE 1000 - KRANJ,VO 1006 - KRANJ 3,28,"Luže, Gasilski dom, Luže 27",231,155,0.671,155,155,0,1.0,44,0.283871,111,0.716129
183,VE 1000 - KRANJ,VO 1006 - KRANJ 3,29,"Olševek, Gasilsko društvo Olševek, Olševek 18    ",295,161,0.5458,161,160,1,1.0,41,0.25625,119,0.74375
184,VE 1000 - KRANJ,VO 1006 - KRANJ 3,30,"Prebačevo, Gasilski dom, Prebačevo 63",411,199,0.4842,199,199,0,1.0,81,0.407035,118,0.592965
185,VE 1000 - KRANJ,VO 1006 - KRANJ 3,31,"Srednja vas, Gasilski dom, Srednja vas pri Š. 68",624,325,0.5208,325,324,1,1.0,146,0.450617,178,0.549383
186,VE 1000 - KRANJ,VO 1006 - KRANJ 3,32,"Šenčur I, OŠ Šenčur, Pipanova c.43, Šenčur",1190,534,0.4487,534,533,1,1.0,222,0.41651,311,0.58349
187,VE 1000 - KRANJ,VO 1006 - KRANJ 3,33,"Šenčur II, OŠ Šenčur, Pipanova c. 43, Šenčur",1139,573,0.5031,573,569,4,1.0,238,0.418278,331,0.581722
188,VE 1000 - KRANJ,VO 1006 - KRANJ 3,34,"Visoko, Dom krajanov, Visoko 67",1093,563,0.5151,563,563,0,1.0,267,0.474245,296,0.525755
189,VE 1000 - KRANJ,VO 1006 - KRANJ 3,35,"Voglje, Dom vaščanov Voglje, Na vasi 21, Voglje",532,280,0.5263,280,278,2,1.0,77,0.276978,201,0.723022
190,VE 1000 - KRANJ,VO 1006 - KRANJ 3,36,"Voklo, Športno kulturni dom, Voklo 28",390,219,0.5615,219,218,1,1.0,74,0.33945,144,0.66055
191,VE 1000 - KRANJ,VO 1006 - KRANJ 3,37,"Trboje, Dom krajanov, Trboje 39",560,283,0.5054,283,281,2,1.0,89,0.316726,192,0.683274
192,VE 1000 - KRANJ,VO 1006 - KRANJ 3,38,"Sp. Jezersko, Gostilna Kanonir, Sp. Jezersko 5",66,34,0.5152,34,34,0,1.0,16,0.470588,18,0.529412
193,VE 1000 - KRANJ,VO 1006 - KRANJ 3,39,"Zg. Jezersko, Korotan, Zgornje Jezersko 57",473,239,0.5053,239,238,1,1.0,77,0.323529,161,0.676471
194,VE 1000 - KRANJ,VO 1006 - KRANJ 3,40,"Hotemaže, Vaški gasilski dom, Hotemaže 80",410,249,0.6073,249,248,1,1.0,92,0.370968,156,0.629032
195,VE 1000 - KRANJ,VO 1006 - KRANJ 3,901,Predčasno glasovanje,0,397,0.0,397,397,0,1.0,215,0.541562,182,0.458438
196,VE 1000 - KRANJ,VO 1006 - KRANJ 3,997,Po pošti v Sloveniji OVK,0,12,0.0,12,12,0,1.0,6,0.5,6,0.5
197,VE 1000 - KRANJ,VO 1006 - KRANJ 3,998,Po pošti v tujini OVK,0,0,0.0,0,0,0,,0,0.0,0,0.0
198,VE 1000 - KRANJ,VO 1006 - KRANJ 3,999,Posebni volilni imenik,839,0,0.0,0,0,0,,0,0.0,0,0.0
199,VE 1000 - KRANJ,VO 1007 - TRŽIČ,1,"Bistrica I, Osnovna šola Bistrica, Begunjska c. 2",1303,430,0.33,430,430,0,1.0,214,0.497674,216,0.502326
200,VE 1000 - KRANJ,VO 1007 - TRŽIČ,2,"Bistrica II, Osnovna šola Bistrica, Begunjska c.2",1208,406,0.3361,406,406,0,1.0,224,0.551724,182,0.448276
201,VE 1000 - KRANJ,VO 1007 - TRŽIČ,3,"Brezje, Dom krajanov, Brezje pri Tržiču 55, Tržič",432,179,0.4144,179,177,2,1.0,68,0.384181,109,0.615819
202,VE 1000 - KRANJ,VO 1007 - TRŽIČ,4,"Jelendol, Dom krajanov, Jelendol 8, Tržič",162,68,0.4198,68,68,0,1.0,29,0.426471,39,0.573529
203,VE 1000 - KRANJ,VO 1007 - TRŽIČ,5,"Kovor, Krajevna skupnost, Glavna cesta 24, Kovor",1396,583,0.4176,583,580,3,1.0,281,0.484483,299,0.515517
204,VE 1000 - KRANJ,VO 1007 - TRŽIČ,6,"Križe, Osnovna šola Križe, C. Kokrškega odreda 16",833,386,0.4634,386,386,0,1.0,195,0.505181,191,0.494819
205,VE 1000 - KRANJ,VO 1007 - TRŽIČ,7,"Leše, Gasilski dom Leše, Leše 3, Tržič ",264,104,0.3939,104,104,0,1.0,35,0.336538,69,0.663462
206,VE 1000 - KRANJ,VO 1007 - TRŽIČ,8,"Lom pod Storž.,PGD Lom pod Storž.,Lom pod Storž.56",464,222,0.4784,222,222,0,1.0,48,0.216216,174,0.783784
207,VE 1000 - KRANJ,VO 1007 - TRŽIČ,9,"Podljubelj, Dom krajanov, Podljubelj 242, Tržič ",723,290,0.4011,290,289,1,1.0,177,0.612457,112,0.387543
208,VE 1000 - KRANJ,VO 1007 - TRŽIČ,10,"Pristava, Fundacija V.Drakslerja, Pristavška c.16",698,293,0.4198,293,292,1,1.0,173,0.592466,119,0.407534
209,VE 1000 - KRANJ,VO 1007 - TRŽIČ,11,"Ravne,Krajevna skupnost Ravne, Pot na Zali Rovt 3",832,299,0.3594,299,296,3,1.0,156,0.527027,140,0.472973
210,VE 1000 - KRANJ,VO 1007 - TRŽIČ,12,"Sebenje, Dom krajanov, Sebenje 43, Križe",916,432,0.4716,432,429,3,1.0,161,0.375291,268,0.624709
211,VE 1000 - KRANJ,VO 1007 - TRŽIČ,13,"Senično, Krajevna skupnost, Senično 30, Križe   ",378,214,0.5661,214,214,0,1.0,99,0.462617,115,0.537383
212,VE 1000 - KRANJ,VO 1007 - TRŽIČ,14,"Tržič I,Galerija Atrij Občine Tržič,Trg svobode18",1167,319,0.2734,319,319,0,1.0,152,0.476489,167,0.523511
213,VE 1000 - KRANJ,VO 1007 - TRŽIČ,15,"Tržič II, Društvo upokojencev Tržič,Trg svobode18",838,216,0.2578,216,216,0,1.0,98,0.453704,118,0.546296
214,VE 1000 - KRANJ,VO 1007 - TRŽIČ,901,Predčasno glasovanje,0,568,0.0,568,567,1,1.0,345,0.608466,222,0.391534
215,VE 1000 - KRANJ,VO 1007 - TRŽIČ,970,OMNIA od: 1007,0,19,0.0,19,18,1,1.0,13,0.722222,5,0.277778
216,VE 1000 - KRANJ,VO 1007 - TRŽIČ,997,Po pošti v Sloveniji OVK,0,0,0.0,0,0,0,,0,0.0,0,0.0
217,VE 1000 - KRANJ,VO 1007 - TRŽIČ,998,Po pošti v tujini OVK,0,0,0.0,0,0,0,,0,0.0,0,0.0
218,VE 1000 - KRANJ,VO 1007 - TRŽIČ,999,Posebni volilni imenik,755,0,0.0,0,0,0,,0,0.0,0,0.0
219,VE 1000 - KRANJ,VO 1008 - ŠKOFJA LOKA 1,1,"Krajevna skupnost Godešič, Godešič 100, Šk. Loka",515,251,0.4874,251,249,2,1.0,89,0.35743,160,0.64257
220,VE 1000 - KRANJ,VO 1008 - ŠKOFJA LOKA 1,2,"Gasilski dom Virmaše, Virmaše 14, Škofja Loka",770,459,0.5961,459,459,0,1.0,207,0.45098,252,0.54902
221,VE 1000 - KRANJ,VO 1008 - ŠKOFJA LOKA 1,3,"Kulturni dom Sv. Duh, Sv. Duh 10, Škofja Loka",1205,648,0.5378,648,645,3,1.0,229,0.355039,416,0.644961
222,VE 1000 - KRANJ,VO 1008 - ŠKOFJA LOKA 1,4,"OŠ Škofja Loka-Mesto, Šolska ulica 1, Šk. Loka",610,241,0.3951,241,241,0,1.0,108,0.448133,133,0.551867
223,VE 1000 - KRANJ,VO 1008 - ŠKOFJA LOKA 1,5,"Prostori Društva upokojencev,Partizanska c.1,Š.L.",816,355,0.435,355,354,1,1.0,191,0.539548,163,0.460452
224,VE 1000 - KRANJ,VO 1008 - ŠKOFJA LOKA 1,6,"Zdravstveni dom Šk. Loka, Stara cesta 10, Šk.Loka",880,453,0.5148,453,450,3,1.0,202,0.448889,248,0.551111
225,VE 1000 - KRANJ,VO 1008 - ŠKOFJA LOKA 1,7,"Osnovna šola Reteče, Reteče 43, Škofja Loka",876,470,0.5365,470,469,1,1.0,209,0.445629,260,0.554371
226,VE 1000 - KRANJ,VO 1008 - ŠKOFJA LOKA 1,8,"OŠ Cvetko Golar I., Frankovo naselje 51, Šk. Loka",1248,528,0.4231,528,528,0,1.0,201,0.380682,327,0.619318
227,VE 1000 - KRANJ,VO 1008 - ŠKOFJA LOKA 1,9,"OŠ Cvetko Golar II., Frankovo naselje 51,Šk.Loka",1004,421,0.4193,421,415,6,1.0,152,0.366265,263,0.633735
228,VE 1000 - KRANJ,VO 1008 - ŠKOFJA LOKA 1,10,"OŠ Cvetko Golar III., Frankovo naselje 51,Šk.Loka",516,248,0.4806,248,248,0,1.0,100,0.403226,148,0.596774
229,VE 1000 - KRANJ,VO 1008 - ŠKOFJA LOKA 1,11,"Gasilski dom Gosteče, Gosteče 10, Škofja Loka",376,228,0.6064,228,228,0,1.0,61,0.267544,167,0.732456
230,VE 1000 - KRANJ,VO 1008 - ŠKOFJA LOKA 1,12,"OŠ Ivana Groharja, Podlubnik 1, Škofja Loka",1243,580,0.4666,580,577,3,1.0,282,0.488735,295,0.511265
231,VE 1000 - KRANJ,VO 1008 - ŠKOFJA LOKA 1,13,"Upravna enota Škofja Loka, Poljanska cesta 2, Šk.L",1114,472,0.4237,472,469,3,1.0,207,0.441365,262,0.558635
232,VE 1000 - KRANJ,VO 1008 - ŠKOFJA LOKA 1,14,"Puštalski grad, Puštal 21, Škofja Loka",568,298,0.5246,298,296,2,1.0,139,0.469595,157,0.530405
233,VE 1000 - KRANJ,VO 1008 - ŠKOFJA LOKA 1,15,"Trgovina kmečki stroji, Sv. Barbara 23, Šk. Loka",313,164,0.524,164,160,4,1.0,37,0.23125,123,0.76875
234,VE 1000 - KRANJ,VO 1008 - ŠKOFJA LOKA 1,16,"Krajevna skupnost Podlubnik,Podlubnik 139, Šk. L.",1558,779,0.5,779,773,6,1.0,384,0.496766,389,0.503234
235,VE 1000 - KRANJ,VO 1008 - ŠKOFJA LOKA 1,18,"Tržnica Škofja Loka, Partizanska cesta 1, Šk.Loka",1369,714,0.5215,714,711,3,1.0,254,0.357243,457,0.642757
236,VE 1000 - KRANJ,VO 1008 - ŠKOFJA LOKA 1,20,"Zadružni dom Log nad Škofjo Loko, Log nad Šk.L.31",431,267,0.6195,267,267,0,1.0,44,0.164794,223,0.835206
237,VE 1000 - KRANJ,VO 1008 - ŠKOFJA LOKA 1,21,"Šola Gabrk, Gabrk 1, Škofja Loka",242,141,0.5826,141,141,0,1.0,55,0.390071,86,0.609929
238,VE 1000 - KRANJ,VO 1008 - ŠKOFJA LOKA 1,22,"Prostori Pri Kajbitu, Zminec 5, Škofja Loka",775,422,0.5445,422,421,1,1.0,132,0.313539,289,0.686461
239,VE 1000 - KRANJ,VO 1008 - ŠKOFJA LOKA 1,23,"Krajevna skupnost Lenart, Sv. Lenart 21, Selca",301,174,0.5781,174,173,1,1.0,41,0.236994,132,0.763006
240,VE 1000 - KRANJ,VO 1008 - ŠKOFJA LOKA 1,24,"Osnovna šola Bukovščica, Bukovščica 4, Selca",265,171,0.6453,171,170,1,1.0,37,0.217647,133,0.782353
241,VE 1000 - KRANJ,VO 1008 - ŠKOFJA LOKA 1,25,"Osnovna šola Bukovica, Bukovica 20, Selca",590,335,0.5678,335,333,2,1.0,66,0.198198,267,0.801802
242,VE 1000 - KRANJ,VO 1008 - ŠKOFJA LOKA 1,901,Predčasno glasovanje,0,495,0.0,494,491,3,1.0,303,0.617108,188,0.382892
243,VE 1000 - KRANJ,VO 1008 - ŠKOFJA LOKA 1,970,OMNIA od: 1008,0,61,0.0,61,61,0,1.0,26,0.42623,35,0.57377
244,VE 1000 - KRANJ,VO 1008 - ŠKOFJA LOKA 1,997,Po pošti v Sloveniji OVK,0,13,0.0,13,13,0,1.0,3,0.230769,10,0.769231
245,VE 1000 - KRANJ,VO 1008 - ŠKOFJA LOKA 1,998,Po pošti v tujini OVK,0,0,0.0,0,0,0,,0,0.0,0,0.0
246,VE 1000 - KRANJ,VO 1008 - ŠKOFJA LOKA 1,999,Posebni volilni imenik,1101,0,0.0,0,0,0,,0,0.0,0,0.0
247,VE 1000 - KRANJ,VO 1009 - ŠKOFJA LOKA 2,1,"RUŽV TODRAŽ - nova stavba, Todraž 22, Gorenja vas",255,139,0.5451,139,137,2,1.0,11,0.080292,126,0.919708
248,VE 1000 - KRANJ,VO 1009 - ŠKOFJA LOKA 2,2,"Sokolski dom GORENJA VAS-mala dvorana,Poljan.c.87",1157,585,0.5056,585,582,3,1.0,185,0.317869,397,0.682131
249,VE 1000 - KRANJ,VO 1009 - ŠKOFJA LOKA 2,3,"Gasilski dom HOTAVLJE, Hotavlje 112, Gorenja vas",631,372,0.5895,372,371,1,1.0,51,0.137466,320,0.862534
250,VE 1000 - KRANJ,VO 1009 - ŠKOFJA LOKA 2,4,"Osnovna šola LESKOVICA, Leskovica 1, Gorenja vas",274,146,0.5328,146,145,1,1.0,26,0.17931,119,0.82069
251,VE 1000 - KRANJ,VO 1009 - ŠKOFJA LOKA 2,5,"Osnovna šola JAVORJE,Javorje 6,Poljane nad Šk. L.",536,307,0.5728,307,307,0,1.0,29,0.094463,278,0.905537
252,VE 1000 - KRANJ,VO 1009 - ŠKOFJA LOKA 2,6,"Kulturni dom LUČINE, Lučine 11a, Gorenja vas",437,251,0.5744,251,250,1,1.0,33,0.132,217,0.868
253,VE 1000 - KRANJ,VO 1009 - ŠKOFJA LOKA 2,7,"Gasilski dom TREBIJA, Trebija 4, Gorenja vas",458,246,0.5371,246,246,0,1.0,78,0.317073,168,0.682927
254,VE 1000 - KRANJ,VO 1009 - ŠKOFJA LOKA 2,8,"Stavba ob župnišču v STARI OSELICI,St.Oselica 33",97,53,0.5464,53,52,1,1.0,6,0.115385,46,0.884615
255,VE 1000 - KRANJ,VO 1009 - ŠKOFJA LOKA 2,9,"KD Poljane, Poljane nad Škofjo Loko 77, Poljane",1409,841,0.5969,841,841,0,1.0,205,0.243757,636,0.756243
256,VE 1000 - KRANJ,VO 1009 - ŠKOFJA LOKA 2,10,"Demšar Slavko, Dolenje Brdo 7, Poljane nad Šk.L.",138,86,0.6232,86,85,1,1.0,6,0.070588,79,0.929412
257,VE 1000 - KRANJ,VO 1009 - ŠKOFJA LOKA 2,11,"Šola MALENSKI VRH, Malenski Vrh 14,Poljane",65,47,0.7231,47,47,0,1.0,14,0.297872,33,0.702128
258,VE 1000 - KRANJ,VO 1009 - ŠKOFJA LOKA 2,12,"Kulturna dvorana SOVODENJ, Sovodenj 23, Sovodenj",458,234,0.5109,234,234,0,1.0,67,0.286325,167,0.713675
259,VE 1000 - KRANJ,VO 1009 - ŠKOFJA LOKA 2,13,"Etnografski muzej DAVČA, Davča 25 a, Železniki",230,115,0.5,115,115,0,1.0,22,0.191304,93,0.808696
260,VE 1000 - KRANJ,VO 1009 - ŠKOFJA LOKA 2,14,"Objekt na športnem igrišcu,Dolenja vas 127,Selca ",377,209,0.5544,209,209,0,1.0,62,0.296651,147,0.703349
261,VE 1000 - KRANJ,VO 1009 - ŠKOFJA LOKA 2,15,"Osnovna šola DRAŽGOŠE, Dražgoše 35, Železniki",261,130,0.4981,130,130,0,1.0,55,0.423077,75,0.576923
262,VE 1000 - KRANJ,VO 1009 - ŠKOFJA LOKA 2,16,"Gasilski dom RUDNO, Rudno 5, Železniki",181,119,0.6575,119,119,0,1.0,26,0.218487,93,0.781513
263,VE 1000 - KRANJ,VO 1009 - ŠKOFJA LOKA 2,17,"Osnovna šola SELCA, Selca 95, Selca",745,459,0.6161,459,457,2,1.0,112,0.245077,345,0.754923
264,VE 1000 - KRANJ,VO 1009 - ŠKOFJA LOKA 2,18,"Berce Mirko, Lajše 12, Selca",91,64,0.7033,64,64,0,1.0,6,0.09375,58,0.90625
265,VE 1000 - KRANJ,VO 1009 - ŠKOFJA LOKA 2,19,"Krajevna skupnost SORICA,Spodnja Sorica 16,Sorica",264,181,0.6856,181,181,0,1.0,23,0.127072,158,0.872928
266,VE 1000 - KRANJ,VO 1009 - ŠKOFJA LOKA 2,20,"Kulturni dom ŽELEZNIKI, Trnje 39, Železniki",718,333,0.4638,333,331,2,1.0,154,0.465257,177,0.534743
267,VE 1000 - KRANJ,VO 1009 - ŠKOFJA LOKA 2,21,"Osnovna šola ŽELEZNIKI, Otoki 13, Železniki",1120,518,0.4625,518,515,3,1.0,201,0.390291,314,0.609709
268,VE 1000 - KRANJ,VO 1009 - ŠKOFJA LOKA 2,22,"Restavracija LUŠINA, Češnjica 54, Železniki",686,382,0.5569,382,379,3,1.0,133,0.350923,246,0.649077
269,VE 1000 - KRANJ,VO 1009 - ŠKOFJA LOKA 2,23,"Kulturni dom ZALI LOG, Zali Log 46 a, Železniki",282,149,0.5284,149,149,0,1.0,25,0.167785,124,0.832215
270,VE 1000 - KRANJ,VO 1009 - ŠKOFJA LOKA 2,24,"Objekt pri šoli v PODLONKU,Podlonk 11,Železniki",135,80,0.5926,80,80,0,1.0,17,0.2125,63,0.7875
271,VE 1000 - KRANJ,VO 1009 - ŠKOFJA LOKA 2,25,"Osnovna šola MARTINJ VRH,Martinj Vrh 21,Železniki",178,120,0.6742,120,119,1,1.0,6,0.05042,113,0.94958
272,VE 1000 - KRANJ,VO 1009 - ŠKOFJA LOKA 2,26,"OŠ Žiri-večnamenski prostor, Jobstova c. 22, Žiri",624,323,0.5176,323,322,1,1.0,115,0.357143,207,0.642857
273,VE 1000 - KRANJ,VO 1009 - ŠKOFJA LOKA 2,27,"Družbeni dom Partizan ŽIRI, Loška c. 17, Žiri",1069,571,0.5341,571,568,3,1.0,235,0.413732,333,0.586268
274,VE 1000 - KRANJ,VO 1009 - ŠKOFJA LOKA 2,28,"Zadružni dom ŽIRI,avla dvorane,Trg svobode 6,Žiri",804,413,0.5137,413,411,2,1.0,154,0.374696,257,0.625304
275,VE 1000 - KRANJ,VO 1009 - ŠKOFJA LOKA 2,29,"Trgovina na SELU, Selo 2, Žiri",393,210,0.5344,210,208,2,1.0,74,0.355769,134,0.644231
276,VE 1000 - KRANJ,VO 1009 - ŠKOFJA LOKA 2,30,"Gasilski dom BREKOVICE, Brekovice 14, Žiri",112,71,0.6339,71,69,2,1.0,19,0.275362,50,0.724638
277,VE 1000 - KRANJ,VO 1009 - ŠKOFJA LOKA 2,31,"Gasilski dom RAČEVA, Račeva 41, Žiri",252,131,0.5198,131,131,0,1.0,51,0.389313,80,0.610687
278,VE 1000 - KRANJ,VO 1009 - ŠKOFJA LOKA 2,32,"Gasilski dom DOBRAČEVA, Loška c. 64, Žiri",735,384,0.5224,384,380,4,1.0,155,0.407895,225,0.592105
279,VE 1000 - KRANJ,VO 1009 - ŠKOFJA LOKA 2,901,Predčasno glasovanje - ŽELEZNIKI,0,85,0.0,85,85,0,1.0,33,0.388235,52,0.611765
280,VE 1000 - KRANJ,VO 1009 - ŠKOFJA LOKA 2,902,Predčasno glasovanje - GORENJA VAS-POLJANE,0,191,0.0,191,191,0,1.0,60,0.314136,131,0.685864
281,VE 1000 - KRANJ,VO 1009 - ŠKOFJA LOKA 2,997,Po pošti v Sloveniji OVK,0,0,0.0,0,0,0,,0,0.0,0,0.0
282,VE 1000 - KRANJ,VO 1009 - ŠKOFJA LOKA 2,998,Po pošti v tujini OVK,0,0,0.0,0,0,0,,0,0.0,0,0.0
283,VE 1000 - KRANJ,VO 1009 - ŠKOFJA LOKA 2,999,Posebni volilni imenik,366,0,0.0,0,0,0,,0,0.0,0,0.0
284,VE 1000 - KRANJ,VO 1010 - KAMNIK,1,"Krajevni dom Motnik, Motnik 33, Motnik",245,117,0.4776,117,116,1,1.0,26,0.224138,90,0.775862
285,VE 1000 - KRANJ,VO 1010 - KAMNIK,2,"KD Špitalič, Špitalič 32A, Motnik",221,116,0.5249,116,116,0,1.0,24,0.206897,92,0.793103
286,VE 1000 - KRANJ,VO 1010 - KAMNIK,3,"KD Laze, Laze 4A, Laze v Tuhinju",1022,526,0.5147,526,521,5,1.0,137,0.262956,384,0.737044
287,VE 1000 - KRANJ,VO 1010 - KAMNIK,4,"KD Šmartno, Šmartno v Tuhinju 27, Laze v Tuhinju",613,314,0.5122,314,314,0,1.0,50,0.159236,264,0.840764
288,VE 1000 - KRANJ,VO 1010 - KAMNIK,5,"KS Pšajnovica, Mali Rakitovec 15, Blagovica",169,79,0.4675,79,78,1,1.0,26,0.333333,52,0.666667
289,VE 1000 - KRANJ,VO 1010 - KAMNIK,6,"GD Srednja vas, Srednja vas 23, Kamnik",554,287,0.5181,287,287,0,1.0,74,0.25784,213,0.74216
290,VE 1000 - KRANJ,VO 1010 - KAMNIK,7,"PŠ Sela pri Kamniku,OŠ Šmartno, Šmartno 27A, Laze",518,240,0.4633,240,238,2,1.0,57,0.239496,181,0.760504
291,VE 1000 - KRANJ,VO 1010 - KAMNIK,8,"OŠ F. Albrehta, PŠ Nevlje, Nevlje 18, Kamnik",1457,717,0.4921,717,715,2,1.0,304,0.425175,411,0.574825
292,VE 1000 - KRANJ,VO 1010 - KAMNIK,10,"OŠ F. Albrehta,PŠ Vranja Peč,Vranja Peč 3, Kamnik",270,143,0.5296,143,143,0,1.0,28,0.195804,115,0.804196
293,VE 1000 - KRANJ,VO 1010 - KAMNIK,11,"KS Godič, Godič 73A, Stahovica",681,350,0.514,350,349,1,1.0,140,0.401146,209,0.598854
294,VE 1000 - KRANJ,VO 1010 - KAMNIK,13,"OŠ Stranje, PŠ Gozd, Krivčevo 2, Stahovica",619,223,0.3603,223,223,0,1.0,78,0.349776,145,0.650224
295,VE 1000 - KRANJ,VO 1010 - KAMNIK,15,"OŠ Stranje, Zg. Stranje 22, Stahovica",1622,706,0.4353,706,705,1,1.0,268,0.380142,437,0.619858
296,VE 1000 - KRANJ,VO 1010 - KAMNIK,16,"ŠKD Mekinje, Cankarjeva c. 37, Kamnik",1346,559,0.4153,559,558,1,1.0,274,0.491039,284,0.508961
297,VE 1000 - KRANJ,VO 1010 - KAMNIK,17,"OŠ F. Albrehta, PŠ Tunjice, Tunjice 22, Kamnik",596,270,0.453,270,270,0,1.0,73,0.27037,197,0.72963
298,VE 1000 - KRANJ,VO 1010 - KAMNIK,18,"OŠ M. Vere, Ljubljanska c. 16A, Kamnik",1544,603,0.3905,603,601,2,1.0,322,0.535774,279,0.464226
299,VE 1000 - KRANJ,VO 1010 - KAMNIK,19,"OŠ M. Vere, Ljubljanska c. 16A, Kamnik",1638,617,0.3767,617,615,2,1.0,347,0.564228,268,0.435772
300,VE 1000 - KRANJ,VO 1010 - KAMNIK,20,"KD Šmarca, Trg padlih borcev 2, Kamnik",1123,585,0.5209,585,582,3,1.0,249,0.427835,333,0.572165
301,VE 1000 - KRANJ,VO 1010 - KAMNIK,21,"KD Volčji Potok, Volčji Potok 43H, Radomlje",405,202,0.4988,202,201,1,1.0,119,0.59204,82,0.40796
302,VE 1000 - KRANJ,VO 1010 - KAMNIK,22,"Občina Kamnik, Glavni trg 24, Kamnik",2200,720,0.3273,720,714,6,1.0,341,0.477591,373,0.522409
303,VE 1000 - KRANJ,VO 1010 - KAMNIK,23,"GSŠRM Kamnik, Novi trg 41A, Kamnik",919,446,0.4853,446,446,0,1.0,230,0.515695,216,0.484305
304,VE 1000 - KRANJ,VO 1010 - KAMNIK,24,"Vrtec A. Medveda,Sneguljčica,Kovinarska 11,Kamnik",2016,830,0.4117,830,828,2,1.0,479,0.578502,349,0.421498
305,VE 1000 - KRANJ,VO 1010 - KAMNIK,25,"KD Podgorje, Podgorje 55A, Kamnik",786,412,0.5242,412,411,1,1.0,175,0.425791,236,0.574209
306,VE 1000 - KRANJ,VO 1010 - KAMNIK,26,"OŠ F. Albrehta, Šolska ul. 1, Kamnik",1612,661,0.41,661,659,2,1.0,369,0.559939,290,0.440061
307,VE 1000 - KRANJ,VO 1010 - KAMNIK,27,"DK A. Breznika, Križ 17B, Komenda",448,253,0.5647,253,251,2,1.0,85,0.338645,166,0.661355
308,VE 1000 - KRANJ,VO 1010 - KAMNIK,28,"OŠ Komenda Moste, Moste, Moste 40, Komenda",1816,943,0.5193,943,942,1,1.0,347,0.368365,595,0.631635
309,VE 1000 - KRANJ,VO 1010 - KAMNIK,29,"OŠ Komenda Moste, Komenda, Glavarjeva 37, Komenda",2575,1284,0.4986,1284,1280,4,1.0,437,0.341406,843,0.658594
310,VE 1000 - KRANJ,VO 1010 - KAMNIK,901,Predčasno glasovanje,0,993,0.0,993,988,5,1.0,562,0.568826,426,0.431174
311,VE 1000 - KRANJ,VO 1010 - KAMNIK,970,OMNIA od: 1010,0,55,0.0,55,55,0,1.0,34,0.618182,21,0.381818
312,VE 1000 - KRANJ,VO 1010 - KAMNIK,997,Po pošti v Sloveniji OVK,0,0,0.0,0,0,0,,0,0.0,0,0.0
313,VE 1000 - KRANJ,VO 1010 - KAMNIK,998,Po pošti v tujini OVK,0,0,0.0,0,0,0,,0,0.0,0,0.0
314,VE 1000 - KRANJ,VO 1010 - KAMNIK,999,Posebni volilni imenik,1192,0,0.0,0,0,0,,0,0.0,0,0.0
315,VE 1000 - KRANJ,VO 1011 - IDRIJA,1,"Zavod za turizem Cerkno, Glavni trg 5, 5282 Cerkno",626,278,0.4441,278,277,1,1.0,143,0.516245,134,0.483755
316,VE 1000 - KRANJ,VO 1011 - IDRIJA,2,"OŠ Cerkno (stranski vhod), Bevkova ul. 26",676,272,0.4024,272,271,1,1.0,131,0.483395,140,0.516605
317,VE 1000 - KRANJ,VO 1011 - IDRIJA,5,"Mlekarna Planina, Planina pri Cerknem 4",173,73,0.422,73,73,0,1.0,24,0.328767,49,0.671233
318,VE 1000 - KRANJ,VO 1011 - IDRIJA,8,"DK Bukovo, Bukovo 29",139,84,0.6043,84,84,0,1.0,26,0.309524,58,0.690476
319,VE 1000 - KRANJ,VO 1011 - IDRIJA,9,"Stara mlekarna v Zakojci, Zakojca 2",35,18,0.5143,18,18,0,1.0,2,0.111111,16,0.888889
320,VE 1000 - KRANJ,VO 1011 - IDRIJA,10,"OŠ Novaki, Dolenji Novaki 26",367,165,0.4496,165,164,1,1.0,45,0.27439,119,0.72561
321,VE 1000 - KRANJ,VO 1011 - IDRIJA,11,"OŠ Orehek, Orehek 9a",124,57,0.4597,57,57,0,1.0,20,0.350877,37,0.649123
322,VE 1000 - KRANJ,VO 1011 - IDRIJA,12,"GD Otalež, Otalež 3",439,193,0.4396,193,192,1,1.0,80,0.416667,112,0.583333
323,VE 1000 - KRANJ,VO 1011 - IDRIJA,14,"DK Kladje, Podlanišče 2",182,89,0.489,89,88,1,1.0,14,0.159091,74,0.840909
324,VE 1000 - KRANJ,VO 1011 - IDRIJA,15,"Zgradba Rejc Viktorije, Jagršče 2",26,16,0.6154,16,16,0,1.0,7,0.4375,9,0.5625
325,VE 1000 - KRANJ,VO 1011 - IDRIJA,16,"Zgradba Makuc Stanka, Police 10",15,13,0.8667,13,13,0,1.0,5,0.384615,8,0.615385
326,VE 1000 - KRANJ,VO 1011 - IDRIJA,18,"Prostori Okrepčevalnice Kurn´k, Reka 1a",151,68,0.4503,68,68,0,1.0,18,0.264706,50,0.735294
327,VE 1000 - KRANJ,VO 1011 - IDRIJA,19,"GD Šebrelje, Šebrelje 59a",260,143,0.55,143,139,4,1.0,40,0.28777,99,0.71223
328,VE 1000 - KRANJ,VO 1011 - IDRIJA,21,"VD Poče, Poče 1a",259,114,0.4402,114,112,2,1.0,40,0.357143,72,0.642857
329,VE 1000 - KRANJ,VO 1011 - IDRIJA,23,"KD Ravne, Ravne pri Cerknem 8",152,76,0.5,76,75,1,1.0,38,0.506667,37,0.493333
330,VE 1000 - KRANJ,VO 1011 - IDRIJA,24,"GD Zakriž, Zakriž 12",150,77,0.5133,77,77,0,1.0,20,0.25974,57,0.74026
331,VE 1000 - KRANJ,VO 1011 - IDRIJA,26,"MC Idrija (Dijaški dom), Ul. IX. korpusa 17",592,211,0.3564,211,210,1,1.0,111,0.528571,99,0.471429
332,VE 1000 - KRANJ,VO 1011 - IDRIJA,28,"Mestna knjižnica, Ulica sv. Barbare 4-5",1116,503,0.4507,503,501,2,1.0,290,0.578842,211,0.421158
333,VE 1000 - KRANJ,VO 1011 - IDRIJA,29,"Gimnazija J.Vege, Študentovska ul. 16",392,153,0.3903,153,153,0,1.0,87,0.568627,66,0.431373
334,VE 1000 - KRANJ,VO 1011 - IDRIJA,32,"OŠ Idrija, Lapajnetova ul. 50",776,319,0.4111,319,319,0,1.0,214,0.670846,105,0.329154
335,VE 1000 - KRANJ,VO 1011 - IDRIJA,34,"Balinarski klub, Gregorčičeva ulica 8",464,205,0.4418,205,205,0,1.0,118,0.57561,87,0.42439
336,VE 1000 - KRANJ,VO 1011 - IDRIJA,35,"DU Idrija, Arkova ul. 4",735,295,0.4014,295,293,2,1.0,162,0.552901,131,0.447099
337,VE 1000 - KRANJ,VO 1011 - IDRIJA,36,"DU Idrija, Enota Marof, Vojkova ul. 35",102,39,0.3824,39,37,2,1.0,20,0.540541,17,0.459459
338,VE 1000 - KRANJ,VO 1011 - IDRIJA,37,"Gostilna Pri Fežnarju, Idrijska Bela 15 ",62,26,0.4194,26,26,0,1.0,14,0.538462,12,0.461538
339,VE 1000 - KRANJ,VO 1011 - IDRIJA,38,"Zgradba Gantar Vlada, Čekovnik 15",90,42,0.4667,42,42,0,1.0,13,0.309524,29,0.690476
340,VE 1000 - KRANJ,VO 1011 - IDRIJA,39,"Prostori DK in gasilcev, Vojsko 24b",212,110,0.5189,110,110,0,1.0,27,0.245455,83,0.754545
341,VE 1000 - KRANJ,VO 1011 - IDRIJA,41,"KD Sp. Idrija, Na vasi 34",748,337,0.4505,337,335,2,1.0,153,0.456716,182,0.543284
342,VE 1000 - KRANJ,VO 1011 - IDRIJA,42,"OŠ Sp. Idrija, Šolska ul. 9",564,215,0.3812,215,215,0,1.0,112,0.52093,103,0.47907
343,VE 1000 - KRANJ,VO 1011 - IDRIJA,44,"OŠ Kanomlja, Srednja Kanomlja 20",257,110,0.428,110,106,4,1.0,48,0.45283,58,0.54717
344,VE 1000 - KRANJ,VO 1011 - IDRIJA,46,"ZDD Idrijske Krnice, Idrijske Krnice 26",132,70,0.5303,70,70,0,1.0,10,0.142857,60,0.857143
345,VE 1000 - KRANJ,VO 1011 - IDRIJA,47,"Zgradba Franca Podobnika, Masore 11",35,15,0.4286,15,15,0,1.0,3,0.2,12,0.8
346,VE 1000 - KRANJ,VO 1011 - IDRIJA,48,"GD Vrsnik, Spodnji Vrsnik 9",232,143,0.6164,143,143,0,1.0,32,0.223776,111,0.776224
347,VE 1000 - KRANJ,VO 1011 - IDRIJA,50,"OŠ Ledine, Ledine 10",256,137,0.5352,137,135,2,1.0,23,0.17037,112,0.82963
348,VE 1000 - KRANJ,VO 1011 - IDRIJA,51,"OŠ Črni Vrh, Črni Vrh 95",1022,499,0.4883,499,491,8,1.0,127,0.258656,364,0.741344
349,VE 1000 - KRANJ,VO 1011 - IDRIJA,54,"GD Dole, Dole 1c",342,175,0.5117,175,173,2,1.0,46,0.265896,127,0.734104
350,VE 1000 - KRANJ,VO 1011 - IDRIJA,55,"OŠ Zavratec, Zavratec 1",128,100,0.7812,100,100,0,1.0,12,0.12,88,0.88
351,VE 1000 - KRANJ,VO 1011 - IDRIJA,56,"OŠ Godovič, Godovič 35b",584,329,0.5634,329,327,2,1.0,86,0.262997,241,0.737003
352,VE 1000 - KRANJ,VO 1011 - IDRIJA,901,Predčasno glasovanje,0,285,0.0,285,283,2,1.0,183,0.646643,100,0.353357
353,VE 1000 - KRANJ,VO 1011 - IDRIJA,970,OMNIA od: 1011,0,14,0.0,14,14,0,1.0,9,0.642857,5,0.357143
354,VE 1000 - KRANJ,VO 1011 - IDRIJA,997,Po pošti v Sloveniji OVK,0,0,0.0,0,0,0,,0,0.0,0,0.0
355,VE 1000 - KRANJ,VO 1011 - IDRIJA,998,Po pošti v tujini OVK,0,0,0.0,0,0,0,,0,0.0,0,0.0
356,VE 1000 - KRANJ,VO 1011 - IDRIJA,999,Posebni volilni imenik,630,0,0.0,0,0,0,,0,0.0,0,0.0
357,VE 2000 - POSTOJNA,VO 2000 - POSTOJNA,9702000,OMNIA od: 2000,0,0,0.0,0,0,0,,0,0.0,0,0.0
358,VE 2000 - POSTOJNA,VO 2000 - POSTOJNA,9972000,Po pošti v Sloveniji VKVE,0,17,0.0,17,16,1,1.0,8,0.5,8,0.5
359,VE 2000 - POSTOJNA,VO 2000 - POSTOJNA,9982000,Po pošti v tujini VKVE,0,24,0.0,24,22,2,1.0,12,0.545455,10,0.454545
360,VE 2000 - POSTOJNA,VO 2001 - TOLMIN,1,"Turistična pisarna na Logu v Trenti, Trenta 41",116,54,0.4655,54,54,0,1.0,21,0.388889,33,0.611111
361,VE 2000 - POSTOJNA,VO 2001 - TOLMIN,2,"OŠ Soča, Soča 28",161,61,0.3789,61,61,0,1.0,22,0.360656,39,0.639344
362,VE 2000 - POSTOJNA,VO 2001 - TOLMIN,3,"Prostor KS, Kal-Koritnica 35",113,41,0.3628,41,41,0,1.0,18,0.439024,23,0.560976
363,VE 2000 - POSTOJNA,VO 2001 - TOLMIN,4,"OŠ Bovec, Trg golobarskih žrtev 17",453,165,0.3642,165,164,1,1.0,59,0.359756,105,0.640244
364,VE 2000 - POSTOJNA,VO 2001 - TOLMIN,5,"Kulturni dom Bovec, Ledina 6",814,306,0.3759,306,306,0,1.0,151,0.493464,155,0.506536
365,VE 2000 - POSTOJNA,VO 2001 - TOLMIN,8,"Kulturni dom, Log pod Mangartom 54",122,62,0.5082,62,61,1,1.0,24,0.393443,37,0.606557
366,VE 2000 - POSTOJNA,VO 2001 - TOLMIN,9,"Stara mlekarna, Čezsoča 94",280,96,0.3429,96,96,0,1.0,33,0.34375,63,0.65625
367,VE 2000 - POSTOJNA,VO 2001 - TOLMIN,11,"OŠ Žaga, Žaga 29",264,125,0.4735,125,125,0,1.0,59,0.472,66,0.528
368,VE 2000 - POSTOJNA,VO 2001 - TOLMIN,12,"Prostor PGD Srpenica, Srpenica 40a",141,77,0.5461,77,75,2,1.0,21,0.28,54,0.72
369,VE 2000 - POSTOJNA,VO 2001 - TOLMIN,13,"Bivša mlekarna, Trnovo ob Soči 41",98,60,0.6122,60,60,0,1.0,16,0.266667,44,0.733333
370,VE 2000 - POSTOJNA,VO 2001 - TOLMIN,14,"Večnamenski objekt, Logje 4",56,19,0.3393,19,19,0,1.0,5,0.263158,14,0.736842
371,VE 2000 - POSTOJNA,VO 2001 - TOLMIN,15,"Gasilski dom, Breginj 92",157,71,0.4522,71,70,1,1.0,36,0.514286,34,0.485714
372,VE 2000 - POSTOJNA,VO 2001 - TOLMIN,16,"Večnamenski objekt, Sedlo 29",93,43,0.4624,43,43,0,1.0,22,0.511628,21,0.488372
373,VE 2000 - POSTOJNA,VO 2001 - TOLMIN,18,"Bivši bar ""Kuzma"", Borjana 19",108,54,0.5,54,54,0,1.0,22,0.407407,32,0.592593
374,VE 2000 - POSTOJNA,VO 2001 - TOLMIN,19,"Prostor KS, Podbela bš",57,38,0.6667,38,38,0,1.0,16,0.421053,22,0.578947
375,VE 2000 - POSTOJNA,VO 2001 - TOLMIN,21,"Mlekarna, Potoki 6",44,20,0.4545,20,19,1,1.0,6,0.315789,13,0.684211
376,VE 2000 - POSTOJNA,VO 2001 - TOLMIN,22,"Večnamenski objekt, Staro selo 54",123,82,0.6667,82,81,1,1.0,28,0.345679,53,0.654321
377,VE 2000 - POSTOJNA,VO 2001 - TOLMIN,23,"Dom A. Manfrede Kobarid, Gregorčičeva ul. 20",353,155,0.4391,155,155,0,1.0,69,0.445161,86,0.554839
378,VE 2000 - POSTOJNA,VO 2001 - TOLMIN,24,"KD Kobarid, Stresova ul. 2",501,236,0.4711,236,236,0,1.0,108,0.457627,128,0.542373
379,VE 2000 - POSTOJNA,VO 2001 - TOLMIN,25,"Prostor ob šp. igrišču, Sužid bš",110,59,0.5364,59,59,0,1.0,25,0.423729,34,0.576271
380,VE 2000 - POSTOJNA,VO 2001 - TOLMIN,26,"Mlekarna, Svino 23",89,49,0.5506,49,49,0,1.0,17,0.346939,32,0.653061
381,VE 2000 - POSTOJNA,VO 2001 - TOLMIN,27,"Prostor KS, Idrsko 22a",323,158,0.4892,158,156,2,1.0,35,0.224359,121,0.775641
382,VE 2000 - POSTOJNA,VO 2001 - TOLMIN,28,"Bivša OŠ, Livek 11",145,89,0.6138,89,89,0,1.0,24,0.269663,65,0.730337
383,VE 2000 - POSTOJNA,VO 2001 - TOLMIN,30,"Garaža (Grosar), Perati 11",73,35,0.4795,35,34,1,1.0,6,0.176471,28,0.823529
384,VE 2000 - POSTOJNA,VO 2001 - TOLMIN,32,"Gasilski dom, Drežnica 15a",184,136,0.7391,136,136,0,1.0,13,0.095588,123,0.904412
385,VE 2000 - POSTOJNA,VO 2001 - TOLMIN,33,"Prostor KS, Koseč bš",47,36,0.766,36,36,0,1.0,3,0.083333,33,0.916667
386,VE 2000 - POSTOJNA,VO 2001 - TOLMIN,34,"Mlekarna, Drežniške Ravne 4",150,100,0.6667,100,100,0,1.0,11,0.11,89,0.89
387,VE 2000 - POSTOJNA,VO 2001 - TOLMIN,35,"Mlekarna, Magozd 16",56,41,0.7321,41,41,0,1.0,1,0.02439,40,0.97561
388,VE 2000 - POSTOJNA,VO 2001 - TOLMIN,36,"OŠ Smast, Smast 13",156,81,0.5192,81,81,0,1.0,31,0.382716,50,0.617284
389,VE 2000 - POSTOJNA,VO 2001 - TOLMIN,37,"Družbeni dom, Ladra 43",112,46,0.4107,46,46,0,1.0,25,0.543478,21,0.456522
390,VE 2000 - POSTOJNA,VO 2001 - TOLMIN,38,"Prostor KS, Libušnje 7",34,24,0.7059,24,24,0,1.0,7,0.291667,17,0.708333
391,VE 2000 - POSTOJNA,VO 2001 - TOLMIN,39,"Garaža PGD Vrsno, Vrsno 37",96,71,0.7396,71,71,0,1.0,17,0.239437,54,0.760563
392,VE 2000 - POSTOJNA,VO 2001 - TOLMIN,40,"St. hiša (Manfreda), Krn 8",25,14,0.56,14,14,0,1.0,1,0.071429,13,0.928571
393,VE 2000 - POSTOJNA,VO 2001 - TOLMIN,41,"Prostori KS, Kamno 29 a",195,105,0.5385,105,105,0,1.0,26,0.247619,79,0.752381
394,VE 2000 - POSTOJNA,VO 2001 - TOLMIN,42,"Prostor KS, Volarje 33",217,102,0.47,102,102,0,1.0,22,0.215686,80,0.784314
395,VE 2000 - POSTOJNA,VO 2001 - TOLMIN,43,"Mlekarna, Gabrje 9",90,53,0.5889,53,53,0,1.0,15,0.283019,38,0.716981
396,VE 2000 - POSTOJNA,VO 2001 - TOLMIN,44,"Mlekarna, Dolje 7",103,62,0.6019,62,62,0,1.0,17,0.274194,45,0.725806
397,VE 2000 - POSTOJNA,VO 2001 - TOLMIN,45,"Prostor KS, Zatolmin 1",356,182,0.5112,182,181,1,1.0,45,0.248619,136,0.751381
398,VE 2000 - POSTOJNA,VO 2001 - TOLMIN,46,"GŠ Tolmin (vhod iz Preš. ul.), Prešernova ul. 4a",653,250,0.3828,250,250,0,1.0,125,0.5,125,0.5
399,VE 2000 - POSTOJNA,VO 2001 - TOLMIN,47,"Knjižnica Tolmin, Tumov drevored 6",654,267,0.4083,267,267,0,1.0,142,0.531835,125,0.468165
400,VE 2000 - POSTOJNA,VO 2001 - TOLMIN,48,"VDC Tolmin, Rutarjeva ul. 18",619,226,0.3651,226,221,5,1.0,114,0.515837,107,0.484163
401,VE 2000 - POSTOJNA,VO 2001 - TOLMIN,49,"Rdeči križ Tolmin, Brunov drevored 23",541,235,0.4344,235,234,1,1.0,124,0.529915,110,0.470085
402,VE 2000 - POSTOJNA,VO 2001 - TOLMIN,50,"Mlekarna, Žabče 30",166,78,0.4699,78,78,0,1.0,39,0.5,39,0.5
403,VE 2000 - POSTOJNA,VO 2001 - TOLMIN,55,"Prostor LD, Poljubinj 62",486,246,0.5062,246,246,0,1.0,92,0.373984,154,0.626016
404,VE 2000 - POSTOJNA,VO 2001 - TOLMIN,57,"Kulturni dom, Ljubinj 12",116,55,0.4741,55,55,0,1.0,26,0.472727,29,0.527273
405,VE 2000 - POSTOJNA,VO 2001 - TOLMIN,58,"Stara OŠ Volče, Volče 25",426,182,0.4272,182,181,1,1.0,75,0.414365,106,0.585635
406,VE 2000 - POSTOJNA,VO 2001 - TOLMIN,59,"Družbeni prostor, Čiginj 45",212,80,0.3774,80,80,0,1.0,32,0.4,48,0.6
407,VE 2000 - POSTOJNA,VO 2001 - TOLMIN,61,"OŠ Most na Soči, Most na Soči 18a",411,178,0.4331,178,178,0,1.0,78,0.438202,100,0.561798
408,VE 2000 - POSTOJNA,VO 2001 - TOLMIN,63,"Garaža (Kragelj), Sela pri Volčah 6a",64,24,0.375,24,23,1,1.0,5,0.217391,18,0.782609
409,VE 2000 - POSTOJNA,VO 2001 - TOLMIN,64,"Mlekarna, Modrejce 29 a",89,52,0.5843,52,52,0,1.0,9,0.173077,43,0.826923
410,VE 2000 - POSTOJNA,VO 2001 - TOLMIN,65,"Garaža (Kofol), Modrej 3",244,129,0.5287,129,129,0,1.0,67,0.51938,62,0.48062
411,VE 2000 - POSTOJNA,VO 2001 - TOLMIN,66,"Čakalnica na ŽP, Postaja 10",79,39,0.4937,39,39,0,1.0,18,0.461538,21,0.538462
412,VE 2000 - POSTOJNA,VO 2001 - TOLMIN,67,"Prostor KS, Idrija pri Bači 51",237,124,0.5232,124,123,1,1.0,40,0.325203,83,0.674797
413,VE 2000 - POSTOJNA,VO 2001 - TOLMIN,69,"Bivši ""Bača bar"",  Bača pri Modreju 30",103,48,0.466,48,47,1,1.0,23,0.489362,24,0.510638
414,VE 2000 - POSTOJNA,VO 2001 - TOLMIN,70,"Bivša OŠ, Kanalski Lom 17a",83,51,0.6145,51,49,2,1.0,15,0.306122,34,0.693878
415,VE 2000 - POSTOJNA,VO 2001 - TOLMIN,71,"Garaža - bivši obrat, Tolminski Lom 11b",63,43,0.6825,43,43,0,1.0,9,0.209302,34,0.790698
416,VE 2000 - POSTOJNA,VO 2001 - TOLMIN,72,"Dom C. Kosmača, Slap ob Idrijci 28 a",241,125,0.5187,125,123,2,1.0,31,0.252033,92,0.747967
417,VE 2000 - POSTOJNA,VO 2001 - TOLMIN,73,"Prostor KS, Dolenja Trebuša 70",292,123,0.4212,123,121,2,1.0,41,0.338843,80,0.661157
418,VE 2000 - POSTOJNA,VO 2001 - TOLMIN,75,"Izletniška kmetija Žerovc, Gorenja Trebuša 40b",89,37,0.4157,37,37,0,1.0,18,0.486486,19,0.513514
419,VE 2000 - POSTOJNA,VO 2001 - TOLMIN,76,"Dvorana - telovadnica, Šentviška Gora 19",182,83,0.456,83,82,1,1.0,32,0.390244,50,0.609756
420,VE 2000 - POSTOJNA,VO 2001 - TOLMIN,77,"Mlekarna, Prapetno Brdo 35",84,38,0.4524,38,38,0,1.0,18,0.473684,20,0.526316
421,VE 2000 - POSTOJNA,VO 2001 - TOLMIN,78,"Prostor KS, Pečine 30",115,51,0.4435,51,51,0,1.0,12,0.235294,39,0.764706
422,VE 2000 - POSTOJNA,VO 2001 - TOLMIN,79,"Gasilski dom, Ponikve 26",145,75,0.5172,75,74,1,1.0,20,0.27027,54,0.72973
423,VE 2000 - POSTOJNA,VO 2001 - TOLMIN,80,"Prostor PGD Kneža, Kneža 78",206,82,0.3981,82,81,1,1.0,45,0.555556,36,0.444444
424,VE 2000 - POSTOJNA,VO 2001 - TOLMIN,81,"Tovarna Klavže- prostor KS, Klavže 21a",57,33,0.5789,33,32,1,1.0,28,0.875,4,0.125
425,VE 2000 - POSTOJNA,VO 2001 - TOLMIN,82,"Mlekarna, Logaršče 33",46,25,0.5435,25,25,0,1.0,9,0.36,16,0.64
426,VE 2000 - POSTOJNA,VO 2001 - TOLMIN,84,"Kotiček, Podmelec bš",62,33,0.5323,33,32,1,1.0,19,0.59375,13,0.40625
427,VE 2000 - POSTOJNA,VO 2001 - TOLMIN,86,"Dvorana KS, Grahovo ob Bači 47",109,71,0.6514,71,69,2,1.0,30,0.434783,39,0.565217
428,VE 2000 - POSTOJNA,VO 2001 - TOLMIN,87,"Prostor bivše trgovine, Koritnica 50",118,57,0.4831,57,56,1,1.0,22,0.392857,34,0.607143
429,VE 2000 - POSTOJNA,VO 2001 - TOLMIN,88,"Prostor KS, Rut 29",45,33,0.7333,33,33,0,1.0,22,0.666667,11,0.333333
430,VE 2000 - POSTOJNA,VO 2001 - TOLMIN,89,"Prostor KS, Hudajužna 22c",79,37,0.4684,37,37,0,1.0,15,0.405405,22,0.594595
431,VE 2000 - POSTOJNA,VO 2001 - TOLMIN,90,"Prostor KS, Stržišče 28",37,21,0.5676,21,21,0,1.0,9,0.428571,12,0.571429
432,VE 2000 - POSTOJNA,VO 2001 - TOLMIN,91,"Prostor LD Podbrdo, Podbrdo 39",289,122,0.4221,122,122,0,1.0,61,0.5,61,0.5
433,VE 2000 - POSTOJNA,VO 2001 - TOLMIN,92,"Gasilski dom, Podbrdo 8",171,83,0.4854,83,83,0,1.0,31,0.373494,52,0.626506
434,VE 2000 - POSTOJNA,VO 2001 - TOLMIN,93,"Stanovanjska skupina, Petrovo Brdo 5",47,26,0.5532,26,26,0,1.0,7,0.269231,19,0.730769
435,VE 2000 - POSTOJNA,VO 2001 - TOLMIN,94,"Mlekarna, Bača pri Podbrdu 12",23,16,0.6957,16,15,1,1.0,4,0.266667,11,0.733333
436,VE 2000 - POSTOJNA,VO 2001 - TOLMIN,97,"Dom krajanov (staro župnišče), Kred 36",143,83,0.5804,83,83,0,1.0,24,0.289157,59,0.710843
437,VE 2000 - POSTOJNA,VO 2001 - TOLMIN,98,"Ap. hiša ""Cviter"", Log Čezsoški 8",49,31,0.6327,31,31,0,1.0,13,0.419355,18,0.580645
438,VE 2000 - POSTOJNA,VO 2001 - TOLMIN,901,Predčasno glasovanje,0,313,0.0,313,313,0,1.0,169,0.539936,144,0.460064
439,VE 2000 - POSTOJNA,VO 2001 - TOLMIN,970,OMNIA od: 2001,0,21,0.0,21,21,0,1.0,17,0.809524,4,0.190476
440,VE 2000 - POSTOJNA,VO 2001 - TOLMIN,997,Po pošti v Sloveniji OVK,0,18,0.0,18,18,0,1.0,5,0.277778,13,0.722222
441,VE 2000 - POSTOJNA,VO 2001 - TOLMIN,998,Po pošti v tujini OVK,0,0,0.0,0,0,0,,0,0.0,0,0.0
442,VE 2000 - POSTOJNA,VO 2001 - TOLMIN,999,Posebni volilni imenik,1261,0,0.0,0,0,0,,0,0.0,0,0.0
443,VE 2000 - POSTOJNA,VO 2002 - PIRAN,1,"OŠ Lucija I, Fazan 1, 6320 Portorož",1663,494,0.2971,494,493,1,1.0,322,0.653144,171,0.346856
444,VE 2000 - POSTOJNA,VO 2002 - PIRAN,2,"OŠ Lucija II,  Fazan 1, 6320 Portorož",1337,406,0.3037,406,403,3,1.0,267,0.662531,136,0.337469
445,VE 2000 - POSTOJNA,VO 2002 - PIRAN,3,"Center starejših občanov Lucija I, Seča 197B, 6320",975,271,0.2779,271,269,2,1.0,173,0.643123,96,0.356877
446,VE 2000 - POSTOJNA,VO 2002 - PIRAN,4,"Center starejših občanov Lucija II, Seča 197B,6320",1307,376,0.2877,375,375,0,1.0,258,0.688,117,0.312
447,VE 2000 - POSTOJNA,VO 2002 - PIRAN,5,"Avditorij Portorož, Senčna pot 8A, 6320 Portorož",834,273,0.3273,273,273,0,1.0,174,0.637363,99,0.362637
448,VE 2000 - POSTOJNA,VO 2002 - PIRAN,6,"Dom krajanov Beli Križ, Belokriška c.56, 6320",1566,536,0.3423,536,531,5,1.0,328,0.617702,203,0.382298
449,VE 2000 - POSTOJNA,VO 2002 - PIRAN,7,"Glasbena šola Piran, levstikova ul. 8, 6330 Piran",1358,320,0.2356,320,320,0,1.0,195,0.609375,125,0.390625
450,VE 2000 - POSTOJNA,VO 2002 - PIRAN,8,"ZD Piran, Cankarjevo nabr. 9A, 6330 Piran",1317,331,0.2513,331,329,2,1.0,208,0.632219,121,0.367781
451,VE 2000 - POSTOJNA,VO 2002 - PIRAN,9,"KS Strunjan, Strunjan 28, 6320 Portorož",510,187,0.3667,187,183,4,1.0,119,0.650273,64,0.349727
452,VE 2000 - POSTOJNA,VO 2002 - PIRAN,10,"OŠ Sečovlje, Sečovlje 78, 6333 Sečovlje",1717,463,0.2697,463,461,2,1.0,272,0.590022,189,0.409978
453,VE 2000 - POSTOJNA,VO 2002 - PIRAN,11,"OŠ Sv. Peter, Sv. Peter 13, 6333 Sečovlje",333,119,0.3574,119,118,1,1.0,50,0.423729,68,0.576271
454,VE 2000 - POSTOJNA,VO 2002 - PIRAN,12,"Dom Zmaga, Nova vas nad Dragonjo 50, 6333 Sečovlje",195,80,0.4103,80,80,0,1.0,41,0.5125,39,0.4875
455,VE 2000 - POSTOJNA,VO 2002 - PIRAN,13,"KD B. Jakca, Padna 11, 6333 Sečovlje",160,47,0.2938,47,47,0,1.0,21,0.446809,26,0.553191
456,VE 2000 - POSTOJNA,VO 2002 - PIRAN,901,Predčasno glasovanje,1,495,0.0,495,493,2,1.0,376,0.762677,117,0.237323
457,VE 2000 - POSTOJNA,VO 2002 - PIRAN,970,OMNIA od: 2002,0,74,0.0,74,73,1,1.0,50,0.684932,23,0.315068
458,VE 2000 - POSTOJNA,VO 2002 - PIRAN,997,Po pošti v Sloveniji OVK,0,2,0.0,0,0,0,1.0,0,0.0,0,0.0
459,VE 2000 - POSTOJNA,VO 2002 - PIRAN,998,Po pošti v tujini OVK,0,0,0.0,0,0,0,,0,0.0,0,0.0
460,VE 2000 - POSTOJNA,VO 2002 - PIRAN,999,Posebni volilni imenik,1273,0,0.0,0,0,0,,0,0.0,0,0.0
461,VE 2000 - POSTOJNA,VO 2003 - IZOLA,1,"Dvorana Rdečega križa, Ul. ob starem zidovju 15a",1058,346,0.327,346,345,1,1.0,198,0.573913,147,0.426087
462,VE 2000 - POSTOJNA,VO 2003 - IZOLA,2,"Palača Manzioli, Manziolijev trg 5",1024,287,0.2803,287,285,2,1.0,148,0.519298,137,0.480702
463,VE 2000 - POSTOJNA,VO 2003 - IZOLA,3,"Športna dvorana, Kraška  ul. 1a",673,225,0.3343,225,225,0,1.0,140,0.622222,85,0.377778
464,VE 2000 - POSTOJNA,VO 2003 - IZOLA,4,"Kulturni dom, Ul.okt. revolucije 1",1318,443,0.3361,443,440,3,1.0,295,0.670455,145,0.329545
465,VE 2000 - POSTOJNA,VO 2003 - IZOLA,5,"Mestna knjižnica Izola, Ul.osvobodilne fronte 15",1297,405,0.3123,405,405,0,1.0,263,0.649383,142,0.350617
466,VE 2000 - POSTOJNA,VO 2003 - IZOLA,6,"OŠ Livade, Livade 7",1323,391,0.2955,391,390,1,1.0,250,0.641026,140,0.358974
467,VE 2000 - POSTOJNA,VO 2003 - IZOLA,7,"OŠ Livade - prizidek šole, Livade 7",1233,470,0.3812,470,470,0,1.0,286,0.608511,184,0.391489
468,VE 2000 - POSTOJNA,VO 2003 - IZOLA,8,"KS Jagodje - Dobrava, Jagodje 24a",485,141,0.2907,141,140,1,1.0,89,0.635714,51,0.364286
469,VE 2000 - POSTOJNA,VO 2003 - IZOLA,9,"Baredi - stara šola, Baredi 20",131,51,0.3893,51,51,0,1.0,25,0.490196,26,0.509804
470,VE 2000 - POSTOJNA,VO 2003 - IZOLA,10,"Šared - vaški dom, Šared 27k",522,193,0.3697,193,188,5,1.0,117,0.62234,71,0.37766
471,VE 2000 - POSTOJNA,VO 2003 - IZOLA,11,"Cetore - Zadružni dom, Cetore 17a",130,59,0.4538,59,59,0,1.0,24,0.40678,35,0.59322
472,VE 2000 - POSTOJNA,VO 2003 - IZOLA,12,"Malija - stara šola, Malija 62",465,180,0.3871,179,179,0,1.0,123,0.687151,56,0.312849
473,VE 2000 - POSTOJNA,VO 2003 - IZOLA,13,"Korte - ZDD - TD Šparžin, Korte 44",651,241,0.3702,240,240,0,1.0,153,0.6375,87,0.3625
474,VE 2000 - POSTOJNA,VO 2003 - IZOLA,14,"Medgeneracijski center Izola, Livade 7a",1304,445,0.3413,445,444,1,1.0,273,0.614865,171,0.385135
475,VE 2000 - POSTOJNA,VO 2003 - IZOLA,901,Predčasno glasovanje,0,405,0.0,405,405,0,1.0,290,0.716049,115,0.283951
476,VE 2000 - POSTOJNA,VO 2003 - IZOLA,970,OMNIA od: 2003,0,52,0.0,52,52,0,1.0,35,0.673077,17,0.326923
477,VE 2000 - POSTOJNA,VO 2003 - IZOLA,997,Po pošti v Sloveniji OVK,0,0,0.0,0,0,0,,0,0.0,0,0.0
478,VE 2000 - POSTOJNA,VO 2003 - IZOLA,998,Po pošti v tujini OVK,0,0,0.0,0,0,0,,0,0.0,0,0.0
479,VE 2000 - POSTOJNA,VO 2003 - IZOLA,999,Posebni volilni imenik,887,0,0.0,0,0,0,,0,0.0,0,0.0
480,VE 2000 - POSTOJNA,VO 2004 - KOPER 1,1,Vrtec Semedela - Slavnik - Nova ulica 2/b,436,192,0.4404,192,192,0,1.0,135,0.703125,57,0.296875
481,VE 2000 - POSTOJNA,VO 2004 - KOPER 1,2,Vrtec Semedela - Slavnik - Nova ulica 2/b,446,164,0.3677,164,163,1,1.0,105,0.644172,58,0.355828
482,VE 2000 - POSTOJNA,VO 2004 - KOPER 1,3,Dom KS - Jurčičeva 2 ,477,156,0.327,156,156,0,1.0,114,0.730769,42,0.269231
483,VE 2000 - POSTOJNA,VO 2004 - KOPER 1,4,Dom KS - Jurčičeva 2,482,157,0.3257,157,156,1,1.0,115,0.737179,41,0.262821
484,VE 2000 - POSTOJNA,VO 2004 - KOPER 1,5,OŠ Dušan Bordon - Rozmanova 21a,561,212,0.3779,212,211,1,1.0,153,0.725118,58,0.274882
485,VE 2000 - POSTOJNA,VO 2004 - KOPER 1,6,OŠ Dušan Bordon - Rozmanova 21a,405,132,0.3259,132,131,1,1.0,90,0.687023,41,0.312977
486,VE 2000 - POSTOJNA,VO 2004 - KOPER 1,7,OŠ Anton Ukmar - Pot v gaj 2,589,170,0.2886,170,170,0,1.0,112,0.658824,58,0.341176
487,VE 2000 - POSTOJNA,VO 2004 - KOPER 1,8,OŠ Anton Ukmar - Pot v gaj 2,491,147,0.2994,147,146,1,1.0,86,0.589041,60,0.410959
488,VE 2000 - POSTOJNA,VO 2004 - KOPER 1,9,OŠ Anton Ukmar - Pot v gaj 2,511,148,0.2896,148,147,1,1.0,98,0.666667,49,0.333333
489,VE 2000 - POSTOJNA,VO 2004 - KOPER 1,10,Obalni dom upokojencev Koper - Krožna cesta 5,622,182,0.2926,182,181,1,1.0,135,0.745856,46,0.254144
490,VE 2000 - POSTOJNA,VO 2004 - KOPER 1,11,Sedež KS Žusterna - Dolga reber 5,666,284,0.4264,284,283,1,1.0,210,0.742049,73,0.257951
491,VE 2000 - POSTOJNA,VO 2004 - KOPER 1,12,Sedež KS  - Oljčna pot 4,1512,441,0.2917,441,440,1,1.0,236,0.536364,204,0.463636
492,VE 2000 - POSTOJNA,VO 2004 - KOPER 1,13,"Vrtec Semedela - Prisoje, Oljčna pot 63 ",877,309,0.3523,309,308,1,1.0,175,0.568182,133,0.431818
493,VE 2000 - POSTOJNA,VO 2004 - KOPER 1,14,"Vrtec Semedela - Prisoje, Oljčna pot 63",417,103,0.247,103,102,1,1.0,53,0.519608,49,0.480392
494,VE 2000 - POSTOJNA,VO 2004 - KOPER 1,15,"Dnevni center Barčica, Prisoje 1 ",811,221,0.2725,221,221,0,1.0,109,0.493213,112,0.506787
495,VE 2000 - POSTOJNA,VO 2004 - KOPER 1,16,"Študentski dom, Prisoje 9",517,160,0.3095,160,160,0,1.0,90,0.5625,70,0.4375
496,VE 2000 - POSTOJNA,VO 2004 - KOPER 1,17,"Sedež KS, Kraljeva 17",548,190,0.3467,190,190,0,1.0,103,0.542105,87,0.457895
497,VE 2000 - POSTOJNA,VO 2004 - KOPER 1,18,"OŠ Anton Ukmar, Pot v gaj 2",545,168,0.3083,168,168,0,1.0,119,0.708333,49,0.291667
498,VE 2000 - POSTOJNA,VO 2004 - KOPER 1,19,"OŠ Anton Ukmar, Pot v gaj 2 ",653,188,0.2879,188,186,2,1.0,121,0.650538,65,0.349462
499,VE 2000 - POSTOJNA,VO 2004 - KOPER 1,20,"SEPŠ, Martinčev trg 3",445,130,0.2921,130,130,0,1.0,90,0.692308,40,0.307692
500,VE 2000 - POSTOJNA,VO 2004 - KOPER 1,21,"SEPŠ, Martinčev trg 3",624,175,0.2804,175,175,0,1.0,121,0.691429,54,0.308571
501,VE 2000 - POSTOJNA,VO 2004 - KOPER 1,22,"SEPŠ, Martinčev trg 3",804,209,0.26,209,209,0,1.0,127,0.607656,82,0.392344
502,VE 2000 - POSTOJNA,VO 2004 - KOPER 1,23,"SEPŠ, Martinčev trg 3",605,162,0.2678,162,160,2,1.0,98,0.6125,62,0.3875
503,VE 2000 - POSTOJNA,VO 2004 - KOPER 1,24,"SEPŠ, Martinčev trg 3",660,181,0.2742,181,181,0,1.0,113,0.624309,68,0.375691
504,VE 2000 - POSTOJNA,VO 2004 - KOPER 1,25,"SEPŠ, Martinčev trg 3",759,241,0.3175,241,241,0,1.0,142,0.589212,99,0.410788
505,VE 2000 - POSTOJNA,VO 2004 - KOPER 1,26,"OŠ Dušan Bordon, Rozmanova 21a ",563,186,0.3304,186,184,2,1.0,114,0.619565,70,0.380435
506,VE 2000 - POSTOJNA,VO 2004 - KOPER 1,27,"Obalni dom upokojencev Koper, Krožna cesta 5",730,226,0.3096,226,226,0,1.0,121,0.535398,105,0.464602
507,VE 2000 - POSTOJNA,VO 2004 - KOPER 1,901,Predčasno glasovanje,0,612,0.0,612,611,1,1.0,485,0.793781,126,0.206219
508,VE 2000 - POSTOJNA,VO 2004 - KOPER 1,970,OMNIA od: 2004,0,130,0.0,130,129,1,1.0,93,0.72093,36,0.27907
509,VE 2000 - POSTOJNA,VO 2004 - KOPER 1,997,Po pošti v Sloveniji OVK,0,14,0.0,14,14,0,1.0,12,0.857143,2,0.142857
510,VE 2000 - POSTOJNA,VO 2004 - KOPER 1,998,Po pošti v tujini OVK,0,0,0.0,0,0,0,,0,0.0,0,0.0
511,VE 2000 - POSTOJNA,VO 2004 - KOPER 1,999,Posebni volilni imenik,1559,0,0.0,0,0,0,,0,0.0,0,0.0
512,VE 2000 - POSTOJNA,VO 2005 - KOPER 2,1,OŠV Ankaran,1069,331,0.3096,331,330,1,1.0,196,0.593939,134,0.406061
513,VE 2000 - POSTOJNA,VO 2005 - KOPER 2,2,OŠV Ankaran,769,303,0.394,303,303,0,1.0,187,0.617162,116,0.382838
514,VE 2000 - POSTOJNA,VO 2005 - KOPER 2,3,OŠV Ankaran,688,245,0.3561,245,244,1,1.0,147,0.602459,97,0.397541
515,VE 2000 - POSTOJNA,VO 2005 - KOPER 2,4,Krajevna skupnost Bertoki,619,235,0.3796,235,234,1,1.0,143,0.611111,91,0.388889
516,VE 2000 - POSTOJNA,VO 2005 - KOPER 2,5,OŠ Elvire Vatovec Prade,1062,378,0.3559,378,375,3,1.0,211,0.562667,164,0.437333
517,VE 2000 - POSTOJNA,VO 2005 - KOPER 2,6,Krajevna skupnost Boršt,282,100,0.3546,100,100,0,1.0,67,0.67,33,0.33
518,VE 2000 - POSTOJNA,VO 2005 - KOPER 2,7,Krajevna skupnost Črni Kal ,187,64,0.3422,64,64,0,1.0,36,0.5625,28,0.4375
519,VE 2000 - POSTOJNA,VO 2005 - KOPER 2,8,Vrtec Rižana,360,120,0.3333,120,120,0,1.0,62,0.516667,58,0.483333
520,VE 2000 - POSTOJNA,VO 2005 - KOPER 2,9,Vaški dom Gabrovica ,93,44,0.4731,44,44,0,1.0,25,0.568182,19,0.431818
521,VE 2000 - POSTOJNA,VO 2005 - KOPER 2,10,Dvorana Osp ,145,49,0.3379,49,48,1,1.0,27,0.5625,21,0.4375
522,VE 2000 - POSTOJNA,VO 2005 - KOPER 2,11,Vaški dom Kastelec ,87,35,0.4023,35,35,0,1.0,19,0.542857,16,0.457143
523,VE 2000 - POSTOJNA,VO 2005 - KOPER 2,12,Stara šola Črnotiče ,85,28,0.3294,28,27,1,1.0,12,0.444444,15,0.555556
524,VE 2000 - POSTOJNA,VO 2005 - KOPER 2,13,Gasilski dom Dol ,91,38,0.4176,38,36,2,1.0,12,0.333333,24,0.666667
525,VE 2000 - POSTOJNA,VO 2005 - KOPER 2,14,Vaški dom Hrastovlje ,119,50,0.4202,50,50,0,1.0,13,0.26,37,0.74
526,VE 2000 - POSTOJNA,VO 2005 - KOPER 2,15,Prkičeva hiša Podpeč ,41,24,0.5854,24,24,0,1.0,12,0.5,12,0.5
527,VE 2000 - POSTOJNA,VO 2005 - KOPER 2,16,Dvorana Bezovica ,60,28,0.4667,28,27,1,1.0,22,0.814815,5,0.185185
528,VE 2000 - POSTOJNA,VO 2005 - KOPER 2,17,Pomožni objekt Loka ,85,24,0.2824,24,24,0,1.0,15,0.625,9,0.375
529,VE 2000 - POSTOJNA,VO 2005 - KOPER 2,18,Pomožni objekt Predloka,67,39,0.5821,39,37,2,1.0,21,0.567568,16,0.432432
530,VE 2000 - POSTOJNA,VO 2005 - KOPER 2,19,Kulturni dom Dekani ,635,233,0.3669,233,233,0,1.0,133,0.570815,100,0.429185
531,VE 2000 - POSTOJNA,VO 2005 - KOPER 2,20,Kulturni dom Dekani ,653,240,0.3675,240,239,1,1.0,117,0.48954,122,0.51046
532,VE 2000 - POSTOJNA,VO 2005 - KOPER 2,21,Kulturni dom Gračišče ,457,152,0.3326,152,151,1,1.0,67,0.443709,84,0.556291
533,VE 2000 - POSTOJNA,VO 2005 - KOPER 2,22,Dvorana Kubed ,145,58,0.4,58,57,1,1.0,36,0.631579,21,0.368421
534,VE 2000 - POSTOJNA,VO 2005 - KOPER 2,23,Gasilski dom Movraž,163,92,0.5644,92,91,1,1.0,34,0.373626,57,0.626374
535,VE 2000 - POSTOJNA,VO 2005 - KOPER 2,24,Zadružni dom Sočerga,161,46,0.2857,46,46,0,1.0,14,0.304348,32,0.695652
536,VE 2000 - POSTOJNA,VO 2005 - KOPER 2,25,Lovski dom Trebeše ,41,24,0.5854,24,24,0,1.0,6,0.25,18,0.75
537,VE 2000 - POSTOJNA,VO 2005 - KOPER 2,26,Stara šola Pregara,129,42,0.3256,42,42,0,1.0,17,0.404762,25,0.595238
538,VE 2000 - POSTOJNA,VO 2005 - KOPER 2,27,Stara šola Hrvoji,66,26,0.3939,26,26,0,1.0,13,0.5,13,0.5
539,VE 2000 - POSTOJNA,VO 2005 - KOPER 2,28,Dom krajanov Brezovica,160,62,0.3875,62,62,0,1.0,32,0.516129,30,0.483871
540,VE 2000 - POSTOJNA,VO 2005 - KOPER 2,29,Kulturni dom Božiči ,1145,370,0.3231,370,369,1,1.0,210,0.569106,159,0.430894
541,VE 2000 - POSTOJNA,VO 2005 - KOPER 2,30,Kulturni dom Božiči ,624,202,0.3237,202,202,0,1.0,101,0.5,101,0.5
542,VE 2000 - POSTOJNA,VO 2005 - KOPER 2,31,Zadružni dom Marezige ,532,240,0.4511,240,240,0,1.0,133,0.554167,107,0.445833
543,VE 2000 - POSTOJNA,VO 2005 - KOPER 2,32,Vaški dom Trsek ,37,12,0.3243,12,9,3,1.0,5,0.555556,4,0.444444
544,VE 2000 - POSTOJNA,VO 2005 - KOPER 2,33,Dvorana Babiči ,250,86,0.344,86,85,1,1.0,56,0.658824,29,0.341176
545,VE 2000 - POSTOJNA,VO 2005 - KOPER 2,34,Kulturni dom Lopar ,105,43,0.4095,43,42,1,1.0,30,0.714286,12,0.285714
546,VE 2000 - POSTOJNA,VO 2005 - KOPER 2,35,Stara šola Truške ,134,56,0.4179,56,56,0,1.0,37,0.660714,19,0.339286
547,VE 2000 - POSTOJNA,VO 2005 - KOPER 2,36,Narodni dom  Pobegi,666,221,0.3318,221,221,0,1.0,105,0.475113,116,0.524887
548,VE 2000 - POSTOJNA,VO 2005 - KOPER 2,37,Zadružni dom Pobegi ,773,280,0.3622,280,280,0,1.0,162,0.578571,118,0.421429
549,VE 2000 - POSTOJNA,VO 2005 - KOPER 2,38,OŠ Elvire Vatovec - podružnica Sv. Anton,811,286,0.3527,286,285,1,1.0,177,0.621053,108,0.378947
550,VE 2000 - POSTOJNA,VO 2005 - KOPER 2,39,Zadružni dom Kondor Vanganel ,383,94,0.2454,94,93,1,1.0,53,0.569892,40,0.430108
551,VE 2000 - POSTOJNA,VO 2005 - KOPER 2,40,Srednja tehniška šola Koper,882,265,0.3005,265,264,1,1.0,154,0.583333,110,0.416667
552,VE 2000 - POSTOJNA,VO 2005 - KOPER 2,41,Srednja tehniška šola Koper,1272,393,0.309,393,391,2,1.0,213,0.544757,178,0.455243
553,VE 2000 - POSTOJNA,VO 2005 - KOPER 2,42,Srednja tehniška šola Koper,621,151,0.2432,151,150,1,1.0,97,0.646667,53,0.353333
554,VE 2000 - POSTOJNA,VO 2005 - KOPER 2,43,OŠ Oskarja Kovačiča Škofije,421,130,0.3088,130,129,1,1.0,72,0.55814,57,0.44186
555,VE 2000 - POSTOJNA,VO 2005 - KOPER 2,44,OŠ Oskarja Kovačiča Škofije,983,329,0.3347,329,329,0,1.0,213,0.647416,116,0.352584
556,VE 2000 - POSTOJNA,VO 2005 - KOPER 2,45,OŠ Oskarja Kovačiča Škofije,574,207,0.3606,207,207,0,1.0,127,0.613527,80,0.386473
557,VE 2000 - POSTOJNA,VO 2005 - KOPER 2,46,OŠ Oskarja Kovačiča Škofije,667,238,0.3568,238,238,0,1.0,135,0.567227,103,0.432773
558,VE 2000 - POSTOJNA,VO 2005 - KOPER 2,47,OŠ Šmarje ,912,285,0.3125,285,284,1,1.0,153,0.538732,131,0.461268
559,VE 2000 - POSTOJNA,VO 2005 - KOPER 2,48,Stara šola Gažon ,638,204,0.3197,204,204,0,1.0,105,0.514706,99,0.485294
560,VE 2000 - POSTOJNA,VO 2005 - KOPER 2,49,Stara šola Pomjan ,203,63,0.3103,63,63,0,1.0,36,0.571429,27,0.428571
561,VE 2000 - POSTOJNA,VO 2005 - KOPER 2,50,Zadružni dom Krkavče,250,79,0.316,79,78,1,1.0,24,0.307692,54,0.692308
562,VE 2000 - POSTOJNA,VO 2005 - KOPER 2,51,Stara šola Puče ,225,72,0.32,72,70,2,1.0,37,0.528571,33,0.471429
563,VE 2000 - POSTOJNA,VO 2005 - KOPER 2,52,Stara šola Koštabona,200,103,0.515,103,103,0,1.0,50,0.485437,53,0.514563
564,VE 2000 - POSTOJNA,VO 2005 - KOPER 2,53,Krajevna skupnost Vanganel ,1156,389,0.3365,389,387,2,1.0,229,0.591731,158,0.408269
565,VE 2000 - POSTOJNA,VO 2005 - KOPER 2,54,Stara šola Podgorje,126,51,0.4048,51,51,0,1.0,23,0.45098,28,0.54902
566,VE 2000 - POSTOJNA,VO 2005 - KOPER 2,55,Krajevna skupnost Rakitovec,92,47,0.5109,47,46,1,1.0,21,0.456522,25,0.543478
567,VE 2000 - POSTOJNA,VO 2005 - KOPER 2,56,Vaški dom Zazid,70,42,0.6,42,42,0,1.0,23,0.547619,19,0.452381
568,VE 2000 - POSTOJNA,VO 2005 - KOPER 2,57,OŠ Elvire Vatovec - podružnica Sv. Anton,796,289,0.3631,289,288,1,1.0,174,0.604167,114,0.395833
569,VE 2000 - POSTOJNA,VO 2005 - KOPER 2,901,Predčasno glasovanje,0,368,0.0,368,367,1,1.0,260,0.708447,107,0.291553
570,VE 2000 - POSTOJNA,VO 2005 - KOPER 2,997,Po pošti v Sloveniji OVK,0,12,0.0,12,12,0,1.0,9,0.75,3,0.25
571,VE 2000 - POSTOJNA,VO 2005 - KOPER 2,998,Po pošti v tujini OVK,0,0,0.0,0,0,0,,0,0.0,0,0.0
572,VE 2000 - POSTOJNA,VO 2005 - KOPER 2,999,Posebni volilni imenik,1412,0,0.0,0,0,0,,0,0.0,0,0.0
573,VE 2000 - POSTOJNA,VO 2006 - SEŽANA,1,"Avber, bivša OŠ, Avber 41",250,79,0.316,79,79,0,1.0,60,0.759494,19,0.240506
574,VE 2000 - POSTOJNA,VO 2006 - SEŽANA,2,"Dane pri Sežani, Dom na Padulu, Dane 17 A",333,152,0.4565,152,152,0,1.0,88,0.578947,64,0.421053
575,VE 2000 - POSTOJNA,VO 2006 - SEŽANA,3,"Dutovlje,  Bunčetova domačija, Dutovlje 65",499,203,0.4068,203,202,1,1.0,117,0.579208,85,0.420792
576,VE 2000 - POSTOJNA,VO 2006 - SEŽANA,4,"Kreplje, Vaški dom, Kreplje bš",124,66,0.5323,66,64,2,1.0,26,0.40625,38,0.59375
577,VE 2000 - POSTOJNA,VO 2006 - SEŽANA,5,"Skopo, Vaška dvorana, Skopo bš",184,80,0.4348,80,79,1,1.0,49,0.620253,30,0.379747
578,VE 2000 - POSTOJNA,VO 2006 - SEŽANA,6,"Kopriva,Dvorana vaške skupnosti, Kopriva bš",173,75,0.4335,75,75,0,1.0,33,0.44,42,0.56
579,VE 2000 - POSTOJNA,VO 2006 - SEŽANA,7,"Krajna vas, hiša Gec Cvetke, Krajna vas 40",94,37,0.3936,37,36,1,1.0,20,0.555556,16,0.444444
580,VE 2000 - POSTOJNA,VO 2006 - SEŽANA,8,"Kazlje, dom KS, Kazlje 40",153,63,0.4118,63,62,1,1.0,37,0.596774,25,0.403226
581,VE 2000 - POSTOJNA,VO 2006 - SEŽANA,9,"Lokev, KD, Lokev 139",636,250,0.3931,250,250,0,1.0,158,0.632,92,0.368
582,VE 2000 - POSTOJNA,VO 2006 - SEŽANA,10,"Pliskovica, balinarski klub, Pliskovica bš",205,95,0.4634,95,94,1,1.0,43,0.457447,51,0.542553
583,VE 2000 - POSTOJNA,VO 2006 - SEŽANA,11,"Veliki Dol, dvorana stare OŠ, Veliki Dol bš",140,64,0.4571,64,64,0,1.0,27,0.421875,37,0.578125
584,VE 2000 - POSTOJNA,VO 2006 - SEŽANA,13,"Povir, ZDD, Povir 24",538,265,0.4926,265,263,2,1.0,141,0.536122,122,0.463878
585,VE 2000 - POSTOJNA,VO 2006 - SEŽANA,14,"Sedež Občine Sežana, Sežana, Partizanska c.4",655,224,0.342,224,222,2,1.0,133,0.599099,89,0.400901
586,VE 2000 - POSTOJNA,VO 2006 - SEŽANA,15,"Otroški vrtec, Sežana, Ul. J. Pahorja 1 ",688,226,0.3285,226,225,1,1.0,133,0.591111,92,0.408889
587,VE 2000 - POSTOJNA,VO 2006 - SEŽANA,16,"VDC Koper - Enota Sežana, Sežana, Ul. J.Pahorja 3",752,246,0.3271,246,246,0,1.0,156,0.634146,90,0.365854
588,VE 2000 - POSTOJNA,VO 2006 - SEŽANA,17,"OŠ Sežana, Sežana, Kosovelova ul. 6",383,114,0.2977,114,114,0,1.0,72,0.631579,42,0.368421
589,VE 2000 - POSTOJNA,VO 2006 - SEŽANA,18,"Stara OŠ, Sežana, Bazoviška c. 9",1009,361,0.3578,361,360,1,1.0,238,0.661111,122,0.338889
590,VE 2000 - POSTOJNA,VO 2006 - SEŽANA,19,"ZGRS Sežana, Sežana, Bazoviška c. 13",577,214,0.3709,214,213,1,1.0,132,0.619718,81,0.380282
591,VE 2000 - POSTOJNA,VO 2006 - SEŽANA,20,"Dol pri Vogljah, ZDD, Dol pri Vogljah bš",212,92,0.434,92,92,0,1.0,42,0.456522,50,0.543478
592,VE 2000 - POSTOJNA,VO 2006 - SEŽANA,21,"Štjak, bivša OŠ, Štjak 40",171,83,0.4854,83,83,0,1.0,39,0.46988,44,0.53012
593,VE 2000 - POSTOJNA,VO 2006 - SEŽANA,22,"Štorje, ZDD, Štorje 26",371,182,0.4906,182,179,3,1.0,122,0.681564,57,0.318436
594,VE 2000 - POSTOJNA,VO 2006 - SEŽANA,23,"Tomaj, sedež Krajevne skupnosti, Tomaj bš",403,145,0.3598,145,144,1,1.0,78,0.541667,66,0.458333
595,VE 2000 - POSTOJNA,VO 2006 - SEŽANA,24,"Križ, Vaški dom, Križ 2",537,253,0.4711,253,250,3,1.0,156,0.624,94,0.376
596,VE 2000 - POSTOJNA,VO 2006 - SEŽANA,25,"Tabor, OŠ, Tabor 9",247,126,0.5101,126,125,1,1.0,39,0.312,86,0.688
597,VE 2000 - POSTOJNA,VO 2006 - SEŽANA,26,"Komen, KD, Komen 118",626,311,0.4968,311,310,1,1.0,141,0.454839,169,0.545161
598,VE 2000 - POSTOJNA,VO 2006 - SEŽANA,27,"Gabrovica pri Komnu 47, prostori vaške skupnosti",168,78,0.4643,78,78,0,1.0,35,0.448718,43,0.551282
599,VE 2000 - POSTOJNA,VO 2006 - SEŽANA,28,"Volčji Grad, vaška hiša, Volčji Grad št. 24",70,39,0.5571,39,39,0,1.0,21,0.538462,18,0.461538
600,VE 2000 - POSTOJNA,VO 2006 - SEŽANA,29,"Tomačevica, vaški dom, Tomačevica bš",128,66,0.5156,66,66,0,1.0,28,0.424242,38,0.575758
601,VE 2000 - POSTOJNA,VO 2006 - SEŽANA,30,"Sveto, stara OŠ, Sveto 68",175,88,0.5029,88,88,0,1.0,46,0.522727,42,0.477273
602,VE 2000 - POSTOJNA,VO 2006 - SEŽANA,31,"Škrbina, stara OŠ, Škrbina bš",170,84,0.4941,84,84,0,1.0,41,0.488095,43,0.511905
603,VE 2000 - POSTOJNA,VO 2006 - SEŽANA,32,"Ivanji Grad, vaški dom, Ivanji Grad bš",95,66,0.6947,66,65,1,1.0,24,0.369231,41,0.630769
604,VE 2000 - POSTOJNA,VO 2006 - SEŽANA,33,"Brje pri Komnu, vaški dom, Brje pri Komnu bš",90,50,0.5556,50,50,0,1.0,22,0.44,28,0.56
605,VE 2000 - POSTOJNA,VO 2006 - SEŽANA,34,"Gorjansko, ZDD, Gorjansko 84 b",278,152,0.5468,152,151,1,1.0,63,0.417219,88,0.582781
606,VE 2000 - POSTOJNA,VO 2006 - SEŽANA,35,"Brestovica pri Komnu 55, prostori vaške skupnosti",164,82,0.5,82,82,0,1.0,35,0.426829,47,0.573171
607,VE 2000 - POSTOJNA,VO 2006 - SEŽANA,36,"Štanjel, ZDD, Štanjel 59 A",524,243,0.4637,243,242,1,1.0,101,0.417355,141,0.582645
608,VE 2000 - POSTOJNA,VO 2006 - SEŽANA,37,"Kodreti, Vaška skupnost Gornja Branica,Kodreti 10",139,68,0.4892,68,68,0,1.0,25,0.367647,43,0.632353
609,VE 2000 - POSTOJNA,VO 2006 - SEŽANA,38,"Kobjeglava, VS Tupelče Kobjeglava, Kobjeglava 75",207,104,0.5024,104,103,1,1.0,46,0.446602,57,0.553398
610,VE 2000 - POSTOJNA,VO 2006 - SEŽANA,39,"Hruševica, vaški dom, Hruševica bš",129,66,0.5116,66,65,1,1.0,33,0.507692,32,0.492308
611,VE 2000 - POSTOJNA,VO 2006 - SEŽANA,40,"Divača  OŠ, Ul. dr. B. Magajne 4, Divača",1239,407,0.3285,407,405,2,1.0,270,0.666667,135,0.333333
612,VE 2000 - POSTOJNA,VO 2006 - SEŽANA,41,"Dolnje Ležeče, vaški dom, Dolnje Ležeče bš",230,104,0.4522,104,102,2,1.0,51,0.5,51,0.5
613,VE 2000 - POSTOJNA,VO 2006 - SEŽANA,42,"Naklo, vaški dom,  Naklo bš",101,49,0.4851,49,48,1,1.0,21,0.4375,27,0.5625
614,VE 2000 - POSTOJNA,VO 2006 - SEŽANA,43,"Dane pri Divači, vaški dom, Dane pri Divači bš",152,54,0.3553,54,53,1,1.0,17,0.320755,36,0.679245
615,VE 2000 - POSTOJNA,VO 2006 - SEŽANA,44,"Famlje, v dvorani Rudnik Vreme, Famlje 2 a",481,200,0.4158,200,199,1,1.0,118,0.592965,81,0.407035
616,VE 2000 - POSTOJNA,VO 2006 - SEŽANA,45,"Gornje Ležeče, v hiši Jožeta Čeperja, G.Ležeče 16",26,17,0.6538,17,17,0,1.0,8,0.470588,9,0.529412
617,VE 2000 - POSTOJNA,VO 2006 - SEŽANA,46,"Barka, stara OŠ, Barka 33",78,40,0.5128,40,40,0,1.0,28,0.7,12,0.3
618,VE 2000 - POSTOJNA,VO 2006 - SEŽANA,47,"Vareje, vaški dom, Vareje bš",71,30,0.4225,30,29,1,1.0,13,0.448276,16,0.551724
619,VE 2000 - POSTOJNA,VO 2006 - SEŽANA,48,"Senožeče, VD R. Cvetka, Senožeče bš",551,230,0.4174,230,228,2,1.0,119,0.52193,109,0.47807
620,VE 2000 - POSTOJNA,VO 2006 - SEŽANA,49,"Dolenja vas, v ZDD, Dolenja vas 11",236,107,0.4534,107,107,0,1.0,57,0.53271,50,0.46729
621,VE 2000 - POSTOJNA,VO 2006 - SEŽANA,50,"Hrpelje, vaški dom Hrpelje, Na  Gorici 2a",718,260,0.3621,260,258,2,1.0,140,0.542636,118,0.457364
622,VE 2000 - POSTOJNA,VO 2006 - SEŽANA,51,"Tublje pri Hrpeljah, Gostilna Križman, Tublje  24",170,62,0.3647,62,62,0,1.0,17,0.274194,45,0.725806
623,VE 2000 - POSTOJNA,VO 2006 - SEŽANA,52,"Krvavi Potok, vaški dom, Krvavi Potok 16 h",139,64,0.4604,64,64,0,1.0,31,0.484375,33,0.515625
624,VE 2000 - POSTOJNA,VO 2006 - SEŽANA,53,"Kozina, Krajevna skupnost, Kozina, Istrska ul. 18",587,225,0.3833,225,224,1,1.0,117,0.522321,107,0.477679
625,VE 2000 - POSTOJNA,VO 2006 - SEŽANA,54,"Vrhpolje, vaški dom, Vrhpolje 9 b",60,35,0.5833,35,34,1,1.0,22,0.647059,12,0.352941
626,VE 2000 - POSTOJNA,VO 2006 - SEŽANA,55,"Artviže, vaški dom, Artviže 6a",51,26,0.5098,26,26,0,1.0,13,0.5,13,0.5
627,VE 2000 - POSTOJNA,VO 2006 - SEŽANA,56,"Gradišče pri Materiji, prostori KS, Gradišče 42 a",113,48,0.4248,48,47,1,1.0,24,0.510638,23,0.489362
628,VE 2000 - POSTOJNA,VO 2006 - SEŽANA,57,"Bač pri Materiji, GD, Bač pri Materiji 28b",343,130,0.379,130,130,0,1.0,74,0.569231,56,0.430769
629,VE 2000 - POSTOJNA,VO 2006 - SEŽANA,58,"Brezovica, vaški dom, Brezovica 9",63,31,0.4921,31,31,0,1.0,11,0.354839,20,0.645161
630,VE 2000 - POSTOJNA,VO 2006 - SEŽANA,59,"Ocizla, vaška hiša, Ocizla bš",133,61,0.4586,61,60,1,1.0,29,0.483333,31,0.516667
631,VE 2000 - POSTOJNA,VO 2006 - SEŽANA,60,"Obrov, prostori balinišča, Obrov 62 d",241,69,0.2863,69,69,0,1.0,29,0.42029,40,0.57971
632,VE 2000 - POSTOJNA,VO 2006 - SEŽANA,61,"Prešnica, OŠ, Prešnica 2",158,89,0.5633,89,89,0,1.0,53,0.595506,36,0.404494
633,VE 2000 - POSTOJNA,VO 2006 - SEŽANA,62,"Rodik, vaški dom, Rodik 6",256,112,0.4375,112,112,0,1.0,73,0.651786,39,0.348214
634,VE 2000 - POSTOJNA,VO 2006 - SEŽANA,63,"Slivje, prostori KS, Slivje 1",391,126,0.3223,126,126,0,1.0,69,0.547619,57,0.452381
635,VE 2000 - POSTOJNA,VO 2006 - SEŽANA,64,"Tatre, vaški dom, Tatre 2",37,24,0.6486,24,24,0,1.0,7,0.291667,17,0.708333
636,VE 2000 - POSTOJNA,VO 2006 - SEŽANA,68,"Klanec pri Kozini, vaški dom, Klanec pri Kozini 32",143,59,0.4126,59,59,0,1.0,34,0.576271,25,0.423729
637,VE 2000 - POSTOJNA,VO 2006 - SEŽANA,69,"Javorje, vaški dom, Javorje 21 a",110,35,0.3182,35,34,1,1.0,13,0.382353,21,0.617647
638,VE 2000 - POSTOJNA,VO 2006 - SEŽANA,901,Predčasno glasovanje,0,366,0.0,366,363,3,1.0,243,0.669421,120,0.330579
639,VE 2000 - POSTOJNA,VO 2006 - SEŽANA,970,OMNIA od: 2006,0,57,0.0,57,57,0,1.0,39,0.684211,18,0.315789
640,VE 2000 - POSTOJNA,VO 2006 - SEŽANA,997,Po pošti v Sloveniji OVK,0,16,0.0,16,16,0,1.0,7,0.4375,9,0.5625
641,VE 2000 - POSTOJNA,VO 2006 - SEŽANA,998,Po pošti v tujini OVK,0,0,0.0,0,0,0,,0,0.0,0,0.0
642,VE 2000 - POSTOJNA,VO 2006 - SEŽANA,999,Posebni volilni imenik,3155,0,0.0,0,0,0,,0,0.0,0,0.0
643,VE 2000 - POSTOJNA,VO 2007 - ILIRSKA BISTRICA,1,OŠ Antona Žnideršiča Ilirska Bistrica,586,162,0.2765,162,162,0,1.0,90,0.555556,72,0.444444
644,VE 2000 - POSTOJNA,VO 2007 - ILIRSKA BISTRICA,2,"Prostori Društva Sožitje, Levstikova 5,  Il. Bist",598,208,0.3478,208,207,1,1.0,93,0.449275,114,0.550725
645,VE 2000 - POSTOJNA,VO 2007 - ILIRSKA BISTRICA,3,"OŠ Dragotina Ketteja, Ilirska Bistrica",647,202,0.3122,202,201,1,1.0,110,0.547264,91,0.452736
646,VE 2000 - POSTOJNA,VO 2007 - ILIRSKA BISTRICA,4,"Jurčičeva 1, Ilirska Bistrica",650,264,0.4062,264,264,0,1.0,111,0.420455,153,0.579545
647,VE 2000 - POSTOJNA,VO 2007 - ILIRSKA BISTRICA,5,"Predavalnica-vhod bivši Transport, Šercerjeva 17",639,189,0.2958,189,187,2,1.0,81,0.433155,106,0.566845
648,VE 2000 - POSTOJNA,VO 2007 - ILIRSKA BISTRICA,6,"Vaški dom Jasen, Jasen 15c",243,116,0.4774,116,116,0,1.0,44,0.37931,72,0.62069
649,VE 2000 - POSTOJNA,VO 2007 - ILIRSKA BISTRICA,7,Gasilski dom Vrbovo,248,81,0.3266,81,80,1,1.0,31,0.3875,49,0.6125
650,VE 2000 - POSTOJNA,VO 2007 - ILIRSKA BISTRICA,8,"Vaški dom, Vrbica 24",125,48,0.384,48,47,1,1.0,25,0.531915,22,0.468085
651,VE 2000 - POSTOJNA,VO 2007 - ILIRSKA BISTRICA,9,Jablanica 32a,129,72,0.5581,72,72,0,1.0,25,0.347222,47,0.652778
652,VE 2000 - POSTOJNA,VO 2007 - ILIRSKA BISTRICA,10,"Gostilna Celin, Kuteževo",189,81,0.4286,81,80,1,1.0,29,0.3625,51,0.6375
653,VE 2000 - POSTOJNA,VO 2007 - ILIRSKA BISTRICA,11,"Bar Kočanija, Trpčane",109,45,0.4128,45,44,1,1.0,16,0.363636,28,0.636364
654,VE 2000 - POSTOJNA,VO 2007 - ILIRSKA BISTRICA,12,"Balinarska dvorana na mlaki, Zabiče",436,168,0.3853,168,167,1,1.0,48,0.287425,119,0.712575
655,VE 2000 - POSTOJNA,VO 2007 - ILIRSKA BISTRICA,13,"Gostilna ""Sabrina"" Sušak",81,29,0.358,29,28,1,1.0,15,0.535714,13,0.464286
656,VE 2000 - POSTOJNA,VO 2007 - ILIRSKA BISTRICA,14,"Bivša gostilna, Novokračine 46",166,64,0.3855,64,64,0,1.0,31,0.484375,33,0.515625
657,VE 2000 - POSTOJNA,VO 2007 - ILIRSKA BISTRICA,15,Gasilski dom Jelšane,250,100,0.4,100,99,1,1.0,36,0.363636,63,0.636364
658,VE 2000 - POSTOJNA,VO 2007 - ILIRSKA BISTRICA,16,Dolenje pri Jelšanah 52,151,43,0.2848,43,43,0,1.0,12,0.27907,31,0.72093
659,VE 2000 - POSTOJNA,VO 2007 - ILIRSKA BISTRICA,17,"Bivša šolska stavba, Veliko Brdo",66,26,0.3939,26,25,1,1.0,10,0.4,15,0.6
660,VE 2000 - POSTOJNA,VO 2007 - ILIRSKA BISTRICA,18,"Na balincu, M. Bukovica ",123,70,0.5691,70,69,1,1.0,28,0.405797,41,0.594203
661,VE 2000 - POSTOJNA,VO 2007 - ILIRSKA BISTRICA,19,"Na balincu, Koseze",285,108,0.3789,108,108,0,1.0,38,0.351852,70,0.648148
662,VE 2000 - POSTOJNA,VO 2007 - ILIRSKA BISTRICA,20,Vaški dom V. Bukovica,198,71,0.3586,71,71,0,1.0,24,0.338028,47,0.661972
663,VE 2000 - POSTOJNA,VO 2007 - ILIRSKA BISTRICA,21,Grad Dol. Zemon - prostori KS,396,143,0.3611,143,143,0,1.0,69,0.482517,74,0.517483
664,VE 2000 - POSTOJNA,VO 2007 - ILIRSKA BISTRICA,22,Vaški dom Gor. Zemon ,86,40,0.4651,40,40,0,1.0,16,0.4,24,0.6
665,VE 2000 - POSTOJNA,VO 2007 - ILIRSKA BISTRICA,23,Pavlica 6,28,13,0.4643,13,13,0,1.0,2,0.153846,11,0.846154
666,VE 2000 - POSTOJNA,VO 2007 - ILIRSKA BISTRICA,24,Starod 4,41,25,0.6098,25,25,0,1.0,4,0.16,21,0.84
667,VE 2000 - POSTOJNA,VO 2007 - ILIRSKA BISTRICA,25,OŠ Podgrad,475,175,0.3684,175,174,1,1.0,84,0.482759,90,0.517241
668,VE 2000 - POSTOJNA,VO 2007 - ILIRSKA BISTRICA,26,Vaški dom Podbeže ,74,35,0.473,35,35,0,1.0,14,0.4,21,0.6
669,VE 2000 - POSTOJNA,VO 2007 - ILIRSKA BISTRICA,27,"Račice, Na plesišču",123,53,0.4309,53,53,0,1.0,27,0.509434,26,0.490566
670,VE 2000 - POSTOJNA,VO 2007 - ILIRSKA BISTRICA,28,"Vaški dom Sabonje, Sabonje 47",55,29,0.5273,29,29,0,1.0,7,0.241379,22,0.758621
671,VE 2000 - POSTOJNA,VO 2007 - ILIRSKA BISTRICA,29,Vaški dom Hrušica,267,108,0.4045,108,107,1,1.0,26,0.242991,81,0.757009
672,VE 2000 - POSTOJNA,VO 2007 - ILIRSKA BISTRICA,30,OŠ Pregarje,307,83,0.2704,83,83,0,1.0,43,0.518072,40,0.481928
673,VE 2000 - POSTOJNA,VO 2007 - ILIRSKA BISTRICA,31,Vaška brunarica Prelože,53,21,0.3962,21,21,0,1.0,7,0.333333,14,0.666667
674,VE 2000 - POSTOJNA,VO 2007 - ILIRSKA BISTRICA,32,Vaški dom Zajelšje,51,30,0.5882,30,30,0,1.0,9,0.3,21,0.7
675,VE 2000 - POSTOJNA,VO 2007 - ILIRSKA BISTRICA,33,Društveni prostori Tominje,85,27,0.3176,27,27,0,1.0,13,0.481481,14,0.518519
676,VE 2000 - POSTOJNA,VO 2007 - ILIRSKA BISTRICA,34,Stavba bivše šole Harije,238,98,0.4118,98,96,2,1.0,38,0.395833,58,0.604167
677,VE 2000 - POSTOJNA,VO 2007 - ILIRSKA BISTRICA,35,Florjanov hram Dobropolje,374,139,0.3717,139,139,0,1.0,56,0.402878,83,0.597122
678,VE 2000 - POSTOJNA,VO 2007 - ILIRSKA BISTRICA,36,Bivša šolska stavba Ostrožno Brdo,75,41,0.5467,41,41,0,1.0,18,0.439024,23,0.560976
679,VE 2000 - POSTOJNA,VO 2007 - ILIRSKA BISTRICA,37,Janeževo Brdo 12,19,17,0.8947,17,16,1,1.0,6,0.375,10,0.625
680,VE 2000 - POSTOJNA,VO 2007 - ILIRSKA BISTRICA,38,Kilovče 13,33,24,0.7273,24,24,0,1.0,10,0.416667,14,0.583333
681,VE 2000 - POSTOJNA,VO 2007 - ILIRSKA BISTRICA,39,Prem 1,107,54,0.5047,54,53,1,1.0,22,0.415094,31,0.584906
682,VE 2000 - POSTOJNA,VO 2007 - ILIRSKA BISTRICA,40,Ratečevo Brdo 2,30,21,0.7,21,20,1,1.0,4,0.2,16,0.8
683,VE 2000 - POSTOJNA,VO 2007 - ILIRSKA BISTRICA,41,"Ljudska šola Prem, Prem 83",127,55,0.4331,55,55,0,1.0,25,0.454545,30,0.545455
684,VE 2000 - POSTOJNA,VO 2007 - ILIRSKA BISTRICA,42,Čelje - dvorana KS,46,27,0.587,27,26,1,1.0,12,0.461538,14,0.538462
685,VE 2000 - POSTOJNA,VO 2007 - ILIRSKA BISTRICA,43,Smrje 56,94,35,0.3723,35,35,0,1.0,11,0.314286,24,0.685714
686,VE 2000 - POSTOJNA,VO 2007 - ILIRSKA BISTRICA,44,Vaški dom Topolc,278,114,0.4101,114,114,0,1.0,46,0.403509,68,0.596491
687,VE 2000 - POSTOJNA,VO 2007 - ILIRSKA BISTRICA,45,Pomožni vaški prostor Podstenje,115,57,0.4957,57,57,0,1.0,11,0.192982,46,0.807018
688,VE 2000 - POSTOJNA,VO 2007 - ILIRSKA BISTRICA,46,Prostori KS Šembije,230,107,0.4652,107,107,0,1.0,45,0.420561,62,0.579439
689,VE 2000 - POSTOJNA,VO 2007 - ILIRSKA BISTRICA,47,Gasilski dom Knežak,369,146,0.3957,146,143,3,1.0,44,0.307692,99,0.692308
690,VE 2000 - POSTOJNA,VO 2007 - ILIRSKA BISTRICA,48,Vaški dom Bač,372,165,0.4435,165,165,0,1.0,60,0.363636,105,0.636364
691,VE 2000 - POSTOJNA,VO 2007 - ILIRSKA BISTRICA,49,Gasilski dom  Koritnice,114,49,0.4298,49,48,1,1.0,26,0.541667,22,0.458333
692,VE 2000 - POSTOJNA,VO 2007 - ILIRSKA BISTRICA,901,Predčasno glasovanje,0,291,0.0,291,289,2,1.0,167,0.577855,122,0.422145
693,VE 2000 - POSTOJNA,VO 2007 - ILIRSKA BISTRICA,970,OMNIA od: 2007,0,14,0.0,14,14,0,1.0,7,0.5,7,0.5
694,VE 2000 - POSTOJNA,VO 2007 - ILIRSKA BISTRICA,997,Po pošti v Sloveniji OVK,0,0,0.0,0,0,0,,0,0.0,0,0.0
695,VE 2000 - POSTOJNA,VO 2007 - ILIRSKA BISTRICA,998,Po pošti v tujini OVK,0,0,0.0,0,0,0,,0,0.0,0,0.0
696,VE 2000 - POSTOJNA,VO 2007 - ILIRSKA BISTRICA,999,Posebni volilni imenik,2062,0,0.0,0,0,0,,0,0.0,0,0.0
697,VE 2000 - POSTOJNA,VO 2008 - POSTOJNA,1,Osnovna šola Pivka,746,235,0.315,235,235,0,1.0,103,0.438298,132,0.561702
698,VE 2000 - POSTOJNA,VO 2008 - POSTOJNA,2,Osnovna šola Pivka,596,216,0.3624,216,214,2,1.0,109,0.509346,105,0.490654
699,VE 2000 - POSTOJNA,VO 2008 - POSTOJNA,3,Osnovna šola Pivka,857,374,0.4364,374,372,2,1.0,135,0.362903,237,0.637097
700,VE 2000 - POSTOJNA,VO 2008 - POSTOJNA,5,Gasilski dom Palčje,181,77,0.4254,77,77,0,1.0,32,0.415584,45,0.584416
701,VE 2000 - POSTOJNA,VO 2008 - POSTOJNA,6,Kulturni dom Juršče,121,52,0.4298,52,52,0,1.0,17,0.326923,35,0.673077
702,VE 2000 - POSTOJNA,VO 2008 - POSTOJNA,7,Gasilski dom Zagorje,509,193,0.3792,193,193,0,1.0,68,0.352332,125,0.647668
703,VE 2000 - POSTOJNA,VO 2008 - POSTOJNA,8,Osnovna šola Šmihel,475,213,0.4484,213,213,0,1.0,38,0.178404,175,0.821596
704,VE 2000 - POSTOJNA,VO 2008 - POSTOJNA,9,O.Š. Dolnja Košana 61,591,253,0.4281,253,251,2,1.0,107,0.426295,144,0.573705
705,VE 2000 - POSTOJNA,VO 2008 - POSTOJNA,10,"Hiša Požar, Čepno 15",40,26,0.65,26,26,0,1.0,13,0.5,13,0.5
706,VE 2000 - POSTOJNA,VO 2008 - POSTOJNA,11,Kontejner na otroškem igrišču Volče,51,24,0.4706,24,24,0,1.0,8,0.333333,16,0.666667
707,VE 2000 - POSTOJNA,VO 2008 - POSTOJNA,12,"Hiša Biščak Anton, Buje",39,23,0.5897,23,22,1,1.0,14,0.636364,8,0.363636
708,VE 2000 - POSTOJNA,VO 2008 - POSTOJNA,13,"Vaška hiša, Suhorje 23a",52,33,0.6346,33,33,0,1.0,6,0.181818,27,0.818182
709,VE 2000 - POSTOJNA,VO 2008 - POSTOJNA,14,"Stara  o.š., Kal 90",282,113,0.4007,113,113,0,1.0,48,0.424779,65,0.575221
710,VE 2000 - POSTOJNA,VO 2008 - POSTOJNA,15,"Gostilna Miranda, Selce",195,100,0.5128,100,100,0,1.0,22,0.22,78,0.78
711,VE 2000 - POSTOJNA,VO 2008 - POSTOJNA,16,"Srednja gozda., lesar. in zdrav. šola Postojna",856,352,0.4112,352,352,0,1.0,193,0.548295,159,0.451705
712,VE 2000 - POSTOJNA,VO 2008 - POSTOJNA,17,"Avla Inšt. za razis. Krasa ZRC SAZU, Titov trg 2",498,176,0.3534,176,175,1,1.0,79,0.451429,96,0.548571
713,VE 2000 - POSTOJNA,VO 2008 - POSTOJNA,19,Galerija na vogalu,871,262,0.3008,262,262,0,1.0,149,0.568702,113,0.431298
714,VE 2000 - POSTOJNA,VO 2008 - POSTOJNA,20,"Gostilna ""Brne""",1031,318,0.3084,318,316,2,1.0,159,0.503165,157,0.496835
715,VE 2000 - POSTOJNA,VO 2008 - POSTOJNA,21,"O.Š. ""A. Globočnika"", Postojna",590,200,0.339,200,199,1,1.0,98,0.492462,101,0.507538
716,VE 2000 - POSTOJNA,VO 2008 - POSTOJNA,22,"O.Š. ""A. Globočnika"", Postojna",508,129,0.2539,129,129,0,1.0,67,0.51938,62,0.48062
717,VE 2000 - POSTOJNA,VO 2008 - POSTOJNA,23,"O.Š. ""A. Globočnika"", Postojna",666,183,0.2748,183,182,1,1.0,97,0.532967,85,0.467033
718,VE 2000 - POSTOJNA,VO 2008 - POSTOJNA,24,"O.Š.""A. Globočnika"", Postojna",487,152,0.3121,152,151,1,1.0,98,0.649007,53,0.350993
719,VE 2000 - POSTOJNA,VO 2008 - POSTOJNA,25,"O.Š.""A. Globočnika"", Postojna",424,127,0.2995,127,127,0,1.0,67,0.527559,60,0.472441
720,VE 2000 - POSTOJNA,VO 2008 - POSTOJNA,27,Dom upokojencev Postojna,691,256,0.3705,256,256,0,1.0,144,0.5625,112,0.4375
721,VE 2000 - POSTOJNA,VO 2008 - POSTOJNA,28,"Podjetniški inkubator, Veliki otok 44b",145,64,0.4414,64,64,0,1.0,23,0.359375,41,0.640625
722,VE 2000 - POSTOJNA,VO 2008 - POSTOJNA,29,Kulturni dom Miroslava Vilharja Planina,618,296,0.479,296,295,1,1.0,126,0.427119,169,0.572881
723,VE 2000 - POSTOJNA,VO 2008 - POSTOJNA,30,Kulturni dom Studeno,342,173,0.5058,173,169,4,1.0,64,0.378698,105,0.621302
724,VE 2000 - POSTOJNA,VO 2008 - POSTOJNA,31,Kulturni dom Bukovje,495,159,0.3212,159,155,4,1.0,75,0.483871,80,0.516129
725,VE 2000 - POSTOJNA,VO 2008 - POSTOJNA,32,Kulturni dom Landol,139,76,0.5468,76,76,0,1.0,33,0.434211,43,0.565789
726,VE 2000 - POSTOJNA,VO 2008 - POSTOJNA,33,"Kult. dom, Šmihel pod Nanosom",157,93,0.5924,93,92,1,1.0,21,0.228261,71,0.771739
727,VE 2000 - POSTOJNA,VO 2008 - POSTOJNA,34,O.Š. Hruševje,382,151,0.3953,151,149,2,1.0,73,0.489933,76,0.510067
728,VE 2000 - POSTOJNA,VO 2008 - POSTOJNA,35,Kulturni dom Veliko Ubeljsko,219,100,0.4566,100,100,0,1.0,27,0.27,73,0.73
729,VE 2000 - POSTOJNA,VO 2008 - POSTOJNA,36,Gasilski dom Razdrto,137,60,0.438,60,59,1,1.0,26,0.440678,33,0.559322
730,VE 2000 - POSTOJNA,VO 2008 - POSTOJNA,37,Dom krajanov Bolk,383,190,0.4961,190,190,0,1.0,54,0.284211,136,0.715789
731,VE 2000 - POSTOJNA,VO 2008 - POSTOJNA,38,Kulturni dom Hrašče,432,202,0.4676,202,202,0,1.0,99,0.490099,103,0.509901
732,VE 2000 - POSTOJNA,VO 2008 - POSTOJNA,39,"Gostilna Černač, Rakitnik 39",468,254,0.5427,254,251,3,1.0,112,0.446215,139,0.553785
733,VE 2000 - POSTOJNA,VO 2008 - POSTOJNA,40,OŠ Prestranek,553,218,0.3942,218,216,2,1.0,95,0.439815,121,0.560185
734,VE 2000 - POSTOJNA,VO 2008 - POSTOJNA,41,"Kulturni dom, Slavina 31",194,85,0.4381,85,85,0,1.0,19,0.223529,66,0.776471
735,VE 2000 - POSTOJNA,VO 2008 - POSTOJNA,42,Kulturni dom Orehek,177,89,0.5028,89,87,2,1.0,41,0.471264,46,0.528736
736,VE 2000 - POSTOJNA,VO 2008 - POSTOJNA,43,"Hiša Čič, Zagon 3a",165,83,0.503,83,83,0,1.0,26,0.313253,57,0.686747
737,VE 2000 - POSTOJNA,VO 2008 - POSTOJNA,44,"Hiša Kernel, Koče 62 , Postojna",245,107,0.4367,107,107,0,1.0,38,0.35514,69,0.64486
738,VE 2000 - POSTOJNA,VO 2008 - POSTOJNA,901,Predčasno glasovanje,0,585,0.0,585,583,2,1.0,372,0.638079,211,0.361921
739,VE 2000 - POSTOJNA,VO 2008 - POSTOJNA,970,OMNIA od: 2008,0,21,0.0,21,21,0,1.0,16,0.761905,5,0.238095
740,VE 2000 - POSTOJNA,VO 2008 - POSTOJNA,997,Po pošti v Sloveniji OVK,0,0,0.0,0,0,0,,0,0.0,0,0.0
741,VE 2000 - POSTOJNA,VO 2008 - POSTOJNA,998,Po pošti v tujini OVK,0,0,0.0,0,0,0,,0,0.0,0,0.0
742,VE 2000 - POSTOJNA,VO 2008 - POSTOJNA,999,Posebni volilni imenik,1493,0,0.0,0,0,0,,0,0.0,0,0.0
743,VE 2000 - POSTOJNA,VO 2009 - NOVA GORICA 1,1,"OŠ Alojza Gradnika Dobrovo, Trg 25. maja 9",409,175,0.4279,175,174,1,1.0,86,0.494253,88,0.505747
744,VE 2000 - POSTOJNA,VO 2009 - NOVA GORICA 1,2,"Turistična kmetija Breg, Breg pri Golem Brdu 8",46,23,0.5,23,23,0,1.0,10,0.434783,13,0.565217
745,VE 2000 - POSTOJNA,VO 2009 - NOVA GORICA 1,3,"Bivša karavla, Vrhovlje pri Kožbani",96,53,0.5521,53,53,0,1.0,20,0.377358,33,0.622642
746,VE 2000 - POSTOJNA,VO 2009 - NOVA GORICA 1,4,"Sedež VS, Neblo 1j",533,208,0.3902,208,206,2,1.0,85,0.412621,121,0.587379
747,VE 2000 - POSTOJNA,VO 2009 - NOVA GORICA 1,5,"Vila Vipolže, Vipolže 29",356,171,0.4803,171,169,2,1.0,86,0.508876,83,0.491124
748,VE 2000 - POSTOJNA,VO 2009 - NOVA GORICA 1,6,"Večnamenski prostor, Kozana 59",322,167,0.5186,167,166,1,1.0,57,0.343373,109,0.656627
749,VE 2000 - POSTOJNA,VO 2009 - NOVA GORICA 1,7,"Zadružni dom, Fojana 25",171,91,0.5322,91,91,0,1.0,50,0.549451,41,0.450549
750,VE 2000 - POSTOJNA,VO 2009 - NOVA GORICA 1,8,"Vaški dom, Višnjevik 33",244,89,0.3648,89,88,1,1.0,33,0.375,55,0.625
751,VE 2000 - POSTOJNA,VO 2009 - NOVA GORICA 1,9,"Vrtec Kojsko, Kojsko 69",246,113,0.4593,113,112,1,1.0,56,0.5,56,0.5
752,VE 2000 - POSTOJNA,VO 2009 - NOVA GORICA 1,10,"Vaški dom, Vrhovlje pri Kojskem 18",92,48,0.5217,48,48,0,1.0,29,0.604167,19,0.395833
753,VE 2000 - POSTOJNA,VO 2009 - NOVA GORICA 1,11,"Zadružni dom, Vedrijan 34",136,71,0.5221,71,71,0,1.0,21,0.295775,50,0.704225
754,VE 2000 - POSTOJNA,VO 2009 - NOVA GORICA 1,12,"Zadružni dom, Hum 54",336,182,0.5417,182,182,0,1.0,82,0.450549,100,0.549451
755,VE 2000 - POSTOJNA,VO 2009 - NOVA GORICA 1,13,"Dom upokojencev, Podsabotin 27",177,96,0.5424,96,95,1,1.0,70,0.736842,25,0.263158
756,VE 2000 - POSTOJNA,VO 2009 - NOVA GORICA 1,14,"Večnamenski prostor, Gornje Cerovo 12c",357,164,0.4594,164,162,2,1.0,66,0.407407,96,0.592593
757,VE 2000 - POSTOJNA,VO 2009 - NOVA GORICA 1,15,"Hiša kulture, Šmartno 38",379,182,0.4802,182,182,0,1.0,69,0.379121,113,0.620879
758,VE 2000 - POSTOJNA,VO 2009 - NOVA GORICA 1,16,"Zadružni dom, Medana 16",454,178,0.3921,178,177,1,1.0,86,0.485876,91,0.514124
759,VE 2000 - POSTOJNA,VO 2009 - NOVA GORICA 1,17,"Briški dom pri župnišču Biljana, Biljana 12",184,86,0.4674,86,84,2,1.0,26,0.309524,58,0.690476
760,VE 2000 - POSTOJNA,VO 2009 - NOVA GORICA 1,18,"Bivši market Mercator Anhovo, Anhovo 67",230,89,0.387,89,89,0,1.0,37,0.41573,52,0.58427
761,VE 2000 - POSTOJNA,VO 2009 - NOVA GORICA 1,19,"Športno rekreativno društvo Ložice, Ložice 8",239,107,0.4477,107,107,0,1.0,47,0.439252,60,0.560748
762,VE 2000 - POSTOJNA,VO 2009 - NOVA GORICA 1,20,"Železniška postaja Plave, Vojkova ulica 28",251,140,0.5578,140,140,0,1.0,68,0.485714,72,0.514286
763,VE 2000 - POSTOJNA,VO 2009 - NOVA GORICA 1,21,"Kulturni dom Deskle, Srebrničeva ul. 18",881,358,0.4064,358,355,3,1.0,176,0.495775,179,0.504225
764,VE 2000 - POSTOJNA,VO 2009 - NOVA GORICA 1,22,"Prostor PGD Avče, Avče 26",182,78,0.4286,78,78,0,1.0,47,0.602564,31,0.397436
765,VE 2000 - POSTOJNA,VO 2009 - NOVA GORICA 1,23,"Sedež KS, Kal nad Kanalom 111e",275,115,0.4182,115,114,1,1.0,34,0.298246,80,0.701754
766,VE 2000 - POSTOJNA,VO 2009 - NOVA GORICA 1,24,"Prostor TR društva Globočak, Kambreško 12",89,34,0.382,34,34,0,1.0,17,0.5,17,0.5
767,VE 2000 - POSTOJNA,VO 2009 - NOVA GORICA 1,25,Dvorana športnega parka Morsko,161,60,0.3727,60,60,0,1.0,23,0.383333,37,0.616667
768,VE 2000 - POSTOJNA,VO 2009 - NOVA GORICA 1,26,"Informacijska točka pri jezeru, Kanalski Vrh",48,24,0.5,24,24,0,1.0,10,0.416667,14,0.583333
769,VE 2000 - POSTOJNA,VO 2009 - NOVA GORICA 1,27,Bodrež 2,78,41,0.5256,41,41,0,1.0,4,0.097561,37,0.902439
770,VE 2000 - POSTOJNA,VO 2009 - NOVA GORICA 1,28,"OŠ Kanal - volišče št. 1, Gradnikova ul. 25",708,313,0.4421,313,307,6,1.0,134,0.436482,173,0.563518
771,VE 2000 - POSTOJNA,VO 2009 - NOVA GORICA 1,29,"OŠ Kanal - volišče št. 2, Gradnikova ul. 25",411,182,0.4428,182,181,1,1.0,75,0.414365,106,0.585635
772,VE 2000 - POSTOJNA,VO 2009 - NOVA GORICA 1,30,"Večnamenski objekt, Levpa 27",240,99,0.4125,99,97,2,1.0,20,0.206186,77,0.793814
773,VE 2000 - POSTOJNA,VO 2009 - NOVA GORICA 1,31,"Kulturni dom Lig, Lig 1",134,68,0.5075,68,68,0,1.0,15,0.220588,53,0.779412
774,VE 2000 - POSTOJNA,VO 2009 - NOVA GORICA 1,32,"Dom Valentina Staniča, Ročinj 59",239,105,0.4393,105,104,1,1.0,30,0.288462,74,0.711538
775,VE 2000 - POSTOJNA,VO 2009 - NOVA GORICA 1,33,Športni park Doblar,64,34,0.5312,34,34,0,1.0,15,0.441176,19,0.558824
776,VE 2000 - POSTOJNA,VO 2009 - NOVA GORICA 1,34,"Dom krajanov Negovan Nemec, Bilje",971,363,0.3738,363,360,3,1.0,209,0.580556,151,0.419444
777,VE 2000 - POSTOJNA,VO 2009 - NOVA GORICA 1,35,"Sedež KS, Kostanjevica na Krasu 75",281,128,0.4555,128,127,1,1.0,71,0.559055,56,0.440945
778,VE 2000 - POSTOJNA,VO 2009 - NOVA GORICA 1,36,"Hiša dobre volje (pritličje), Miren 138",1205,565,0.4689,565,563,2,1.0,228,0.404973,335,0.595027
779,VE 2000 - POSTOJNA,VO 2009 - NOVA GORICA 1,37,Športni park Orehovlje,369,182,0.4932,182,181,1,1.0,93,0.513812,88,0.486188
780,VE 2000 - POSTOJNA,VO 2009 - NOVA GORICA 1,38,"Sedež KS, Opatje selo 14",504,223,0.4425,223,221,2,1.0,126,0.570136,95,0.429864
781,VE 2000 - POSTOJNA,VO 2009 - NOVA GORICA 1,39,"Sedež KS, Sela na Krasu 35",187,97,0.5187,97,95,2,1.0,45,0.473684,50,0.526316
782,VE 2000 - POSTOJNA,VO 2009 - NOVA GORICA 1,40,"Stara šola, Temnica 10",177,86,0.4859,86,84,2,1.0,32,0.380952,52,0.619048
783,VE 2000 - POSTOJNA,VO 2009 - NOVA GORICA 1,41,"Večnamenski objekt, Lipa 17",84,53,0.631,53,53,0,1.0,27,0.509434,26,0.490566
784,VE 2000 - POSTOJNA,VO 2009 - NOVA GORICA 1,42,"Bivša OŠ, Vojščica 37",192,101,0.526,101,100,1,1.0,52,0.52,48,0.48
785,VE 2000 - POSTOJNA,VO 2009 - NOVA GORICA 1,43,"Sedež KS (pri trgovini), Banjšice 86",199,74,0.3719,74,73,1,1.0,30,0.410959,43,0.589041
786,VE 2000 - POSTOJNA,VO 2009 - NOVA GORICA 1,44,"Kulturni dom, Branik 75",822,404,0.4915,404,404,0,1.0,189,0.467822,215,0.532178
787,VE 2000 - POSTOJNA,VO 2009 - NOVA GORICA 1,45,"Zadružni dom, Preserje 25",387,183,0.4729,183,181,2,1.0,80,0.441989,101,0.558011
788,VE 2000 - POSTOJNA,VO 2009 - NOVA GORICA 1,46,"Bivša OŠ, Spodnja Branica 29",79,55,0.6962,55,55,0,1.0,17,0.309091,38,0.690909
789,VE 2000 - POSTOJNA,VO 2009 - NOVA GORICA 1,47,"OŠ Čepovan, Čepovan 87",277,117,0.4224,117,117,0,1.0,59,0.504274,58,0.495726
790,VE 2000 - POSTOJNA,VO 2009 - NOVA GORICA 1,48,"OŠ Dornberk, Gregorčičeva ul. 30a",970,443,0.4567,443,443,0,1.0,140,0.316027,303,0.683973
791,VE 2000 - POSTOJNA,VO 2009 - NOVA GORICA 1,49,"OŠ Dornberk, Gregorčičeva ul. 30a",461,200,0.4338,200,199,1,1.0,36,0.180905,163,0.819095
792,VE 2000 - POSTOJNA,VO 2009 - NOVA GORICA 1,50,"Kulturni dom (na hribu), Gradišče nad Prvačino 95",289,96,0.3322,96,96,0,1.0,62,0.645833,34,0.354167
793,VE 2000 - POSTOJNA,VO 2009 - NOVA GORICA 1,51,"Kulturni dom (pritličje), Grgar 47",664,295,0.4443,295,294,1,1.0,130,0.442177,164,0.557823
794,VE 2000 - POSTOJNA,VO 2009 - NOVA GORICA 1,52,"Sedež KS, Grgarske Ravne 30",145,49,0.3379,49,49,0,1.0,22,0.44898,27,0.55102
795,VE 2000 - POSTOJNA,VO 2009 - NOVA GORICA 1,53,"Avtobusna čakalnica, Bate",124,61,0.4919,61,61,0,1.0,26,0.42623,35,0.57377
796,VE 2000 - POSTOJNA,VO 2009 - NOVA GORICA 1,54,"Večnamenski objekt, Lokovec 205a",59,24,0.4068,24,24,0,1.0,12,0.5,12,0.5
797,VE 2000 - POSTOJNA,VO 2009 - NOVA GORICA 1,55,"Center kulturne dediščine, Lokovec 82",166,51,0.3072,51,51,0,1.0,19,0.372549,32,0.627451
798,VE 2000 - POSTOJNA,VO 2009 - NOVA GORICA 1,56,"Bivša OŠ, Lokve 30",85,33,0.3882,33,33,0,1.0,18,0.545455,15,0.454545
799,VE 2000 - POSTOJNA,VO 2009 - NOVA GORICA 1,57,"Sedež KS, Osek 46f",799,362,0.4531,362,362,0,1.0,126,0.348066,236,0.651934
800,VE 2000 - POSTOJNA,VO 2009 - NOVA GORICA 1,58,"Šola glasbe in umetnosti Ozlinka, Ozeljan 49b",841,350,0.4162,350,349,1,1.0,138,0.395415,211,0.604585
801,VE 2000 - POSTOJNA,VO 2009 - NOVA GORICA 1,59,"Vrtec Prvačina, Prvačina 48a",953,391,0.4103,391,385,6,1.0,183,0.475325,202,0.524675
802,VE 2000 - POSTOJNA,VO 2009 - NOVA GORICA 1,60,"Župnišče Ravnica, Ravnica 12",240,97,0.4042,97,97,0,1.0,43,0.443299,54,0.556701
803,VE 2000 - POSTOJNA,VO 2009 - NOVA GORICA 1,61,"OŠ Renče, Trg 31",855,395,0.462,395,393,2,1.0,215,0.547074,178,0.452926
804,VE 2000 - POSTOJNA,VO 2009 - NOVA GORICA 1,62,"OŠ Renče, Trg 31",848,351,0.4139,351,351,0,1.0,185,0.527066,166,0.472934
805,VE 2000 - POSTOJNA,VO 2009 - NOVA GORICA 1,63,"Kulturni dom, Šempas 29",924,444,0.4805,444,440,4,1.0,172,0.390909,268,0.609091
806,VE 2000 - POSTOJNA,VO 2009 - NOVA GORICA 1,64,"Sedež KS, Trnovo 37",439,155,0.3531,155,153,2,1.0,78,0.509804,75,0.490196
807,VE 2000 - POSTOJNA,VO 2009 - NOVA GORICA 1,901,Predčasno glasovanje,0,337,0.0,337,337,0,1.0,189,0.560831,148,0.439169
808,VE 2000 - POSTOJNA,VO 2009 - NOVA GORICA 1,997,Po pošti v Sloveniji OVK,0,40,0.0,40,38,2,1.0,16,0.421053,22,0.578947
809,VE 2000 - POSTOJNA,VO 2009 - NOVA GORICA 1,998,Po pošti v tujini OVK,0,0,0.0,0,0,0,,0,0.0,0,0.0
810,VE 2000 - POSTOJNA,VO 2009 - NOVA GORICA 1,999,Posebni volilni imenik,1575,0,0.0,0,0,0,,0,0.0,0,0.0
811,VE 2000 - POSTOJNA,VO 2010 - NOVA GORICA 2,1,OŠ Bukovica - Bukovica 44,914,373,0.4081,373,372,1,1.0,218,0.586022,154,0.413978
812,VE 2000 - POSTOJNA,VO 2010 - NOVA GORICA 2,2,"KS Kromberk-Loke, Ul. Vinka Vodopivca 90",1014,447,0.4408,447,444,3,1.0,238,0.536036,206,0.463964
813,VE 2000 - POSTOJNA,VO 2010 - NOVA GORICA 2,3,Kmetijsko gozdarski zavod  - Pri hrastu 18,876,417,0.476,417,415,2,1.0,241,0.580723,174,0.419277
814,VE 2000 - POSTOJNA,VO 2010 - NOVA GORICA 2,4,"Goriška knjižnica Franceta Bevka,Trg E.Kardelja 4",365,139,0.3808,139,138,1,1.0,70,0.507246,68,0.492754
815,VE 2000 - POSTOJNA,VO 2010 - NOVA GORICA 2,5,"Mestna občina NG-sejna dvorana, Trg E. Kardelja 1",414,117,0.2826,117,117,0,1.0,63,0.538462,54,0.461538
816,VE 2000 - POSTOJNA,VO 2010 - NOVA GORICA 2,6,OŠ Kozara - Kidričeva ul. 35,500,189,0.378,189,189,0,1.0,111,0.587302,78,0.412698
817,VE 2000 - POSTOJNA,VO 2010 - NOVA GORICA 2,7,"OŠ Frana Erjavca, Kidričeva ul. 36",632,261,0.413,261,259,2,1.0,192,0.741313,67,0.258687
818,VE 2000 - POSTOJNA,VO 2010 - NOVA GORICA 2,8,"OŠ Milojke Štrukelj, Delpinova ul. 7",537,155,0.2886,155,153,2,1.0,87,0.568627,66,0.431373
819,VE 2000 - POSTOJNA,VO 2010 - NOVA GORICA 2,9,"Zveza kulturnih društev, Ul. Gradnikove br. 25",564,193,0.3422,193,192,1,1.0,115,0.598958,77,0.401042
820,VE 2000 - POSTOJNA,VO 2010 - NOVA GORICA 2,10,"Mestna občina NG-Sejna dvorana, Trg E. Kardelja 1",523,141,0.2696,141,141,0,1.0,78,0.553191,63,0.446809
821,VE 2000 - POSTOJNA,VO 2010 - NOVA GORICA 2,11,OŠ Ledine - Cankarjeva ul. 23,640,268,0.4188,268,268,0,1.0,154,0.574627,114,0.425373
822,VE 2000 - POSTOJNA,VO 2010 - NOVA GORICA 2,12,VDC Nova Gorica - Sedejeva ul. 10,799,285,0.3567,285,280,5,1.0,135,0.482143,145,0.517857
823,VE 2000 - POSTOJNA,VO 2010 - NOVA GORICA 2,13,OŠ Ledine - Cankarjeva ul. 23,578,200,0.346,200,197,3,1.0,106,0.538071,91,0.461929
824,VE 2000 - POSTOJNA,VO 2010 - NOVA GORICA 2,14,MIC - Cankarjeva ul. 8a,656,280,0.4268,280,276,4,1.0,154,0.557971,122,0.442029
825,VE 2000 - POSTOJNA,VO 2010 - NOVA GORICA 2,15,MIC - Cankarjeva ul. 8a,509,171,0.336,171,170,1,1.0,101,0.594118,69,0.405882
826,VE 2000 - POSTOJNA,VO 2010 - NOVA GORICA 2,16,"Bivši maloobmejni prehod, Erjavčeva ul. 53",300,140,0.4667,140,140,0,1.0,71,0.507143,69,0.492857
827,VE 2000 - POSTOJNA,VO 2010 - NOVA GORICA 2,17,KS Nova Gorica - Erjavčeva ul. 4,352,136,0.3864,136,136,0,1.0,95,0.698529,41,0.301471
828,VE 2000 - POSTOJNA,VO 2010 - NOVA GORICA 2,18,Srednja ekonomska in trgovska šola- Erjavčeva 8,706,248,0.3513,248,245,3,1.0,152,0.620408,93,0.379592
829,VE 2000 - POSTOJNA,VO 2010 - NOVA GORICA 2,19,"Srednja ekonomska in trgovska šola, Erjavčeva 8",777,270,0.3475,270,269,1,1.0,143,0.531599,126,0.468401
830,VE 2000 - POSTOJNA,VO 2010 - NOVA GORICA 2,20,"MEGATERM, Cesta 25. junija 1g",475,206,0.4337,206,204,2,1.0,110,0.539216,94,0.460784
831,VE 2000 - POSTOJNA,VO 2010 - NOVA GORICA 2,21,"VDC - Želva, Ajševica 42, R. Dolina",253,113,0.4466,113,113,0,1.0,54,0.477876,59,0.522124
832,VE 2000 - POSTOJNA,VO 2010 - NOVA GORICA 2,22,"Univerza v Novi Gorici, Vipavska c. 13, R. Dolina",830,343,0.4133,343,340,3,1.0,204,0.6,136,0.4
833,VE 2000 - POSTOJNA,VO 2010 - NOVA GORICA 2,23,Kulturni dom Stara Gora - Stara Gora 14,151,58,0.3841,58,58,0,1.0,40,0.689655,18,0.310345
834,VE 2000 - POSTOJNA,VO 2010 - NOVA GORICA 2,24,"KS Solkan, Trg Jožeta Srebrniča 7",529,241,0.4556,241,239,2,1.0,134,0.560669,105,0.439331
835,VE 2000 - POSTOJNA,VO 2010 - NOVA GORICA 2,25,OŠ Solkan - Šolska ul. 25,732,351,0.4795,351,349,2,1.0,180,0.515759,169,0.484241
836,VE 2000 - POSTOJNA,VO 2010 - NOVA GORICA 2,26,"Vrtec Julke Pavletič, Ulica L.Slokarja 8",749,353,0.4713,353,351,2,1.0,195,0.555556,156,0.444444
837,VE 2000 - POSTOJNA,VO 2010 - NOVA GORICA 2,27,"OŠ Solkan, Šolska ul. 25",388,139,0.3582,139,135,4,1.0,58,0.42963,77,0.57037
838,VE 2000 - POSTOJNA,VO 2010 - NOVA GORICA 2,28,Center starejših Šempeter-C. prekomorskih br. 62a,530,239,0.4509,239,237,2,1.0,111,0.468354,126,0.531646
839,VE 2000 - POSTOJNA,VO 2010 - NOVA GORICA 2,29,"Občinska uprava-Coroninijev dvorec,Trg I. Roba 3a",1179,546,0.4631,546,538,8,1.0,256,0.475836,282,0.524164
840,VE 2000 - POSTOJNA,VO 2010 - NOVA GORICA 2,30,"OŠ Ivana Roba, Ul. Andreja Gabrščka 1",432,186,0.4306,186,185,1,1.0,101,0.545946,84,0.454054
841,VE 2000 - POSTOJNA,VO 2010 - NOVA GORICA 2,31,"Ulica Ivana Suliča 12/a, Šempeter",616,286,0.4643,286,286,0,1.0,159,0.555944,127,0.444056
842,VE 2000 - POSTOJNA,VO 2010 - NOVA GORICA 2,32,OŠ Vogrsko - Vogrsko 99,780,320,0.4103,320,318,2,1.0,133,0.418239,185,0.581761
843,VE 2000 - POSTOJNA,VO 2010 - NOVA GORICA 2,33,"MC Vrtojba, Ulica 9. septembra 72",1152,524,0.4549,524,524,0,1.0,247,0.471374,277,0.528626
844,VE 2000 - POSTOJNA,VO 2010 - NOVA GORICA 2,34,"OŠ Vrtojba, Ulica 9. septembra 132a",814,369,0.4533,369,369,0,1.0,175,0.474255,194,0.525745
845,VE 2000 - POSTOJNA,VO 2010 - NOVA GORICA 2,901,Predčasno glasovanje,0,820,0.0,820,819,1,1.0,589,0.71917,230,0.28083
846,VE 2000 - POSTOJNA,VO 2010 - NOVA GORICA 2,970,OMNIA od: 2010,0,121,0.0,121,120,1,1.0,54,0.45,66,0.55
847,VE 2000 - POSTOJNA,VO 2010 - NOVA GORICA 2,997,Po pošti v Sloveniji OVK,0,47,0.0,47,47,0,1.0,29,0.617021,18,0.382979
848,VE 2000 - POSTOJNA,VO 2010 - NOVA GORICA 2,998,Po pošti v tujini OVK,0,0,0.0,0,0,0,,0,0.0,0,0.0
849,VE 2000 - POSTOJNA,VO 2010 - NOVA GORICA 2,999,Posebni volilni imenik,2561,0,0.0,0,0,0,,0,0.0,0,0.0
850,VE 2000 - POSTOJNA,VO 2011 - AJDOVŠČINA,1,"OŠ Danila Lokarja, Cesta 5. maja 15, Ajdovščina",652,286,0.4387,286,285,1,1.0,102,0.357895,183,0.642105
851,VE 2000 - POSTOJNA,VO 2011 - AJDOVŠČINA,2,"Stavba Občine Ajdovščina, Cesta 5. maja 6a",514,217,0.4222,217,217,0,1.0,78,0.359447,139,0.640553
852,VE 2000 - POSTOJNA,VO 2011 - AJDOVŠČINA,3,"Prostori PGD, Tovarniška c. 3g, Ajdovščina",440,163,0.3705,163,161,2,1.0,77,0.478261,84,0.521739
853,VE 2000 - POSTOJNA,VO 2011 - AJDOVŠČINA,4,"Otroški vrtec Ob Hublju, Ob Hublju 1, Ajdovščina",559,245,0.4383,245,244,1,1.0,118,0.483607,126,0.516393
854,VE 2000 - POSTOJNA,VO 2011 - AJDOVŠČINA,5,"Dom krajanov Ajdovščina, Prešernova ulica 26",562,268,0.4769,268,268,0,1.0,83,0.309701,185,0.690299
855,VE 2000 - POSTOJNA,VO 2011 - AJDOVŠČINA,6,"Osnovna šola Šturje, Bevkova ul. 22, Ajdovščina",862,399,0.4629,399,397,2,1.0,175,0.440806,222,0.559194
856,VE 2000 - POSTOJNA,VO 2011 - AJDOVŠČINA,7,"Otroški vrtec Ribnik, Pot v Žapuže 14, Ajdovščina",1215,564,0.4642,564,561,3,1.0,251,0.447415,310,0.552585
857,VE 2000 - POSTOJNA,VO 2011 - AJDOVŠČINA,8,"Dom krajanov Žapuže, Žapuže 10",356,199,0.559,199,199,0,1.0,79,0.396985,120,0.603015
858,VE 2000 - POSTOJNA,VO 2011 - AJDOVŠČINA,9,"Dom krajanov Dolga Poljana, Dolga Poljana 17",306,179,0.585,179,178,1,1.0,64,0.359551,114,0.640449
859,VE 2000 - POSTOJNA,VO 2011 - AJDOVŠČINA,10,"Stara šola Budanje, Budanje 37",676,414,0.6124,414,414,0,1.0,52,0.125604,362,0.874396
860,VE 2000 - POSTOJNA,VO 2011 - AJDOVŠČINA,11,"Dvorana Edmunda Čibeja, Lokavec 126a",926,476,0.514,476,469,7,1.0,143,0.304904,326,0.695096
861,VE 2000 - POSTOJNA,VO 2011 - AJDOVŠČINA,12,"Dom krajanov Predmeja, Predmeja 93a ",292,136,0.4658,136,134,2,1.0,90,0.671642,44,0.328358
862,VE 2000 - POSTOJNA,VO 2011 - AJDOVŠČINA,13,"Dom krajanov Otlica, Otlica 47",250,116,0.464,116,115,1,1.0,44,0.382609,71,0.617391
863,VE 2000 - POSTOJNA,VO 2011 - AJDOVŠČINA,14,"Taborniški dom na Kovku, Kovk 13",101,59,0.5842,59,58,1,1.0,16,0.275862,42,0.724138
864,VE 2000 - POSTOJNA,VO 2011 - AJDOVŠČINA,15,"Osnovna šola Col, Col 35",711,371,0.5218,371,370,1,1.0,59,0.159459,311,0.840541
865,VE 2000 - POSTOJNA,VO 2011 - AJDOVŠČINA,16,"Osnovna šola v Podkraju, Podkraj 9",581,325,0.5594,325,323,2,1.0,29,0.089783,294,0.910217
866,VE 2000 - POSTOJNA,VO 2011 - AJDOVŠČINA,17,"Dom krajanov Stomaž, Stomaž 36",245,132,0.5388,132,131,1,1.0,23,0.175573,108,0.824427
867,VE 2000 - POSTOJNA,VO 2011 - AJDOVŠČINA,18,"Prostori KS Skrilje, Skrilje 39",251,159,0.6335,159,159,0,1.0,30,0.188679,129,0.811321
868,VE 2000 - POSTOJNA,VO 2011 - AJDOVŠČINA,19,"Dom krajanov Cesta, Cesta 94a",437,221,0.5057,221,220,1,1.0,77,0.35,143,0.65
869,VE 2000 - POSTOJNA,VO 2011 - AJDOVŠČINA,20,"Dom krajanov Vipavski Križ, Vipavski Križ 8",376,174,0.4628,174,173,1,1.0,68,0.393064,105,0.606936
870,VE 2000 - POSTOJNA,VO 2011 - AJDOVŠČINA,21,"Dom krajanov Plače, Plače 27 a",212,127,0.5991,127,124,3,1.0,45,0.362903,79,0.637097
871,VE 2000 - POSTOJNA,VO 2011 - AJDOVŠČINA,22,"Martinova dvorana v Gaberjah, Gaberje 37",151,84,0.5563,84,84,0,1.0,19,0.22619,65,0.77381
872,VE 2000 - POSTOJNA,VO 2011 - AJDOVŠČINA,23,"Gasilski dom Šmarje, Šmarje 48a",325,134,0.4123,134,133,1,1.0,44,0.330827,89,0.669173
873,VE 2000 - POSTOJNA,VO 2011 - AJDOVŠČINA,24,"Večnamenski prostor na Ustjah, Ustje 18",366,198,0.541,198,196,2,1.0,40,0.204082,156,0.795918
874,VE 2000 - POSTOJNA,VO 2011 - AJDOVŠČINA,25,"Dom krajanov Planina, Planina 58",489,227,0.4642,227,226,1,1.0,53,0.234513,173,0.765487
875,VE 2000 - POSTOJNA,VO 2011 - AJDOVŠČINA,26,"Dom krajanov Velike Žablje, Velike Žablje 88a",254,149,0.5866,149,146,3,1.0,33,0.226027,113,0.773973
876,VE 2000 - POSTOJNA,VO 2011 - AJDOVŠČINA,27,"Dom krajanov Dobravlje, Dobravlje 34a",366,178,0.4863,178,178,0,1.0,57,0.320225,121,0.679775
877,VE 2000 - POSTOJNA,VO 2011 - AJDOVŠČINA,28,"Učni center Brje, Brje 53",314,157,0.5,157,157,0,1.0,83,0.528662,74,0.471338
878,VE 2000 - POSTOJNA,VO 2011 - AJDOVŠČINA,29,"Dom krajanov Kamnje- Potoče, Kamnje 61",350,183,0.5229,183,183,0,1.0,52,0.284153,131,0.715847
879,VE 2000 - POSTOJNA,VO 2011 - AJDOVŠČINA,30,"Osnovna šola v Vrtovinu, Vrtovin 74",393,218,0.5547,218,218,0,1.0,66,0.302752,152,0.697248
880,VE 2000 - POSTOJNA,VO 2011 - AJDOVŠČINA,31,"Dom krajanov Gojače - Malovše, Gojače 48",243,117,0.4815,117,117,0,1.0,28,0.239316,89,0.760684
881,VE 2000 - POSTOJNA,VO 2011 - AJDOVŠČINA,32,"Dom krajanov Selo, Selo 39a",358,193,0.5391,193,192,1,1.0,71,0.369792,121,0.630208
882,VE 2000 - POSTOJNA,VO 2011 - AJDOVŠČINA,33,"Stavba v športnem parku Batuje, Batuje 38b",304,152,0.5,152,152,0,1.0,74,0.486842,78,0.513158
883,VE 2000 - POSTOJNA,VO 2011 - AJDOVŠČINA,34,"Osnovna šola v Črničah, Črniče 27",467,218,0.4668,218,218,0,1.0,80,0.366972,138,0.633028
884,VE 2000 - POSTOJNA,VO 2011 - AJDOVŠČINA,35,"Enota Lavričeve knjižnice Vipava,Beblerjeva ul.17",562,285,0.5071,285,280,5,1.0,91,0.325,189,0.675
885,VE 2000 - POSTOJNA,VO 2011 - AJDOVŠČINA,36,"Avla Kulturnega doma Vipava, Glavni trg 15, Vipava",405,233,0.5753,233,231,2,1.0,70,0.30303,161,0.69697
886,VE 2000 - POSTOJNA,VO 2011 - AJDOVŠČINA,37,"OŠ Draga Bajca Vipava, Vinarska c. 4, Vipava",536,264,0.4925,264,264,0,1.0,58,0.219697,206,0.780303
887,VE 2000 - POSTOJNA,VO 2011 - AJDOVŠČINA,38,"Osnovna šola v Vrhpolju, Vrhpolje 41",748,446,0.5963,446,443,3,1.0,56,0.126411,387,0.873589
888,VE 2000 - POSTOJNA,VO 2011 - AJDOVŠČINA,39,"Kulturni dom Gradišče, Gradišče pri Vipavi 35b",200,116,0.58,116,116,0,1.0,33,0.284483,83,0.715517
889,VE 2000 - POSTOJNA,VO 2011 - AJDOVŠČINA,40,"Prostori krajevne skupnosti Slap, Slap 58",325,180,0.5538,180,180,0,1.0,38,0.211111,142,0.788889
890,VE 2000 - POSTOJNA,VO 2011 - AJDOVŠČINA,41,"Krajevna skupnost Lože (stara šola), Lože 53",294,172,0.585,171,171,0,1.0,32,0.187135,139,0.812865
891,VE 2000 - POSTOJNA,VO 2011 - AJDOVŠČINA,42,"Krajevna skupnost Erzelj (stara šola), Erzelj 17",67,50,0.7463,50,49,1,1.0,25,0.510204,24,0.489796
892,VE 2000 - POSTOJNA,VO 2011 - AJDOVŠČINA,43,"Prostori krajevne skupnosti Goče, Goče 34",154,82,0.5325,82,82,0,1.0,23,0.280488,59,0.719512
893,VE 2000 - POSTOJNA,VO 2011 - AJDOVŠČINA,44,"Kulturni dom Podraga, Podraga 7",267,152,0.5693,152,150,2,1.0,50,0.333333,100,0.666667
894,VE 2000 - POSTOJNA,VO 2011 - AJDOVŠČINA,45,"Kulturni dom Janka Premrla - Vojka, Podnanos 71",658,393,0.5973,393,391,2,1.0,69,0.176471,322,0.823529
895,VE 2000 - POSTOJNA,VO 2011 - AJDOVŠČINA,46,"Krajevna skupnost Lozice (stara šola), Lozice 34",207,121,0.5845,121,119,2,1.0,20,0.168067,99,0.831933
896,VE 2000 - POSTOJNA,VO 2011 - AJDOVŠČINA,901,Predčasno glasovanje,0,484,0.0,484,483,1,1.0,241,0.498965,242,0.501035
897,VE 2000 - POSTOJNA,VO 2011 - AJDOVŠČINA,970,OMNIA od: 2011,0,35,0.0,35,35,0,1.0,13,0.371429,22,0.628571
898,VE 2000 - POSTOJNA,VO 2011 - AJDOVŠČINA,997,Po pošti v Sloveniji OVK,0,29,0.0,29,29,0,1.0,10,0.344828,19,0.655172
899,VE 2000 - POSTOJNA,VO 2011 - AJDOVŠČINA,998,Po pošti v tujini OVK,0,0,0.0,0,0,0,,0,0.0,0,0.0
900,VE 2000 - POSTOJNA,VO 2011 - AJDOVŠČINA,999,Posebni volilni imenik,1436,0,0.0,0,0,0,,0,0.0,0,0.0
901,VE 3000 - LJUBLJANA CENTER,VO 3000 - LJUBLJANA CENTER,9703000,OMNIA od: 3000,0,0,0.0,0,0,0,,0,0.0,0,0.0
902,VE 3000 - LJUBLJANA CENTER,VO 3000 - LJUBLJANA CENTER,9973000,Po pošti v Sloveniji VKVE,0,0,0.0,0,0,0,,0,0.0,0,0.0
903,VE 3000 - LJUBLJANA CENTER,VO 3000 - LJUBLJANA CENTER,9983000,Po pošti v tujini VKVE,0,44,0.0,44,44,0,1.0,28,0.636364,16,0.363636
904,VE 3000 - LJUBLJANA CENTER,VO 3001 - LOGATEC,1,"Občina Cerknica, C. 4. maja 53, Cerknica",1077,423,0.3928,423,422,1,1.0,175,0.414692,247,0.585308
905,VE 3000 - LJUBLJANA CENTER,VO 3001 - LOGATEC,2,"UE Cerknica, C. 4. maja 24, Cerknica",1029,423,0.4111,423,421,2,1.0,215,0.510689,206,0.489311
906,VE 3000 - LJUBLJANA CENTER,VO 3001 - LOGATEC,3,"OŠ Notranjski odred Cerknica, C. 4. maja 92",996,455,0.4568,455,451,4,1.0,187,0.414634,264,0.585366
907,VE 3000 - LJUBLJANA CENTER,VO 3001 - LOGATEC,4,"GD Dolenja vas, Dolenja vas 54",373,196,0.5255,196,195,1,1.0,71,0.364103,124,0.635897
908,VE 3000 - LJUBLJANA CENTER,VO 3001 - LOGATEC,5,"GD Dolenje Jezero, Dolenje Jezero 50b",202,103,0.5099,103,103,0,1.0,19,0.184466,84,0.815534
909,VE 3000 - LJUBLJANA CENTER,VO 3001 - LOGATEC,6,"OŠ J. Krajca Rakek, Partizanska c. 28, Rakek",927,360,0.3883,360,358,2,1.0,193,0.539106,165,0.460894
910,VE 3000 - LJUBLJANA CENTER,VO 3001 - LOGATEC,7,"Krajevni urad Rakek, Trg padlih borcev 2, Rakek",747,340,0.4552,340,339,1,1.0,136,0.40118,203,0.59882
911,VE 3000 - LJUBLJANA CENTER,VO 3001 - LOGATEC,8,"GD Unec, Unec 14",637,332,0.5212,332,332,0,1.0,128,0.385542,204,0.614458
912,VE 3000 - LJUBLJANA CENTER,VO 3001 - LOGATEC,9,"GD Ivanje selo, Ivanje selo 6",175,117,0.6686,117,115,2,1.0,40,0.347826,75,0.652174
913,VE 3000 - LJUBLJANA CENTER,VO 3001 - LOGATEC,10,"GD Bezuljak, Bezuljak 21a",180,90,0.5,90,90,0,1.0,24,0.266667,66,0.733333
914,VE 3000 - LJUBLJANA CENTER,VO 3001 - LOGATEC,11,"TD Menišija, Begunje pri Cerknici 28",872,451,0.5172,451,448,3,1.0,143,0.319196,305,0.680804
915,VE 3000 - LJUBLJANA CENTER,VO 3001 - LOGATEC,13,"GD Gorenje Otave, Gorenje Otave 4",111,57,0.5135,57,56,1,1.0,21,0.375,35,0.625
916,VE 3000 - LJUBLJANA CENTER,VO 3001 - LOGATEC,14,"GD Sveti Vid, Sveti Vid 5",180,81,0.45,81,81,0,1.0,15,0.185185,66,0.814815
917,VE 3000 - LJUBLJANA CENTER,VO 3001 - LOGATEC,15,"GD Cajnarje, Hruškarje 16",223,123,0.5516,123,123,0,1.0,37,0.300813,86,0.699187
918,VE 3000 - LJUBLJANA CENTER,VO 3001 - LOGATEC,16,"GD Žerovnica, Žerovnica 2a",333,164,0.4925,164,164,0,1.0,85,0.518293,79,0.481707
919,VE 3000 - LJUBLJANA CENTER,VO 3001 - LOGATEC,17,"GD Martinjak, Martinjak 1b",233,124,0.5322,124,123,1,1.0,37,0.300813,86,0.699187
920,VE 3000 - LJUBLJANA CENTER,VO 3001 - LOGATEC,18,"GD Gorenje Jezero, Gorenje Jezero 32",117,64,0.547,64,64,0,1.0,27,0.421875,37,0.578125
921,VE 3000 - LJUBLJANA CENTER,VO 3001 - LOGATEC,19,"POŠ 11. maj Grahovo, Grahovo 120",378,175,0.463,175,175,0,1.0,87,0.497143,88,0.502857
922,VE 3000 - LJUBLJANA CENTER,VO 3001 - LOGATEC,20,"Ana Žnidaršič, Bločice 5",159,76,0.478,76,75,1,1.0,29,0.386667,46,0.613333
923,VE 3000 - LJUBLJANA CENTER,VO 3001 - LOGATEC,22,"OŠ Rovte, Rovte 90a",1046,609,0.5822,609,605,4,1.0,87,0.143802,518,0.856198
924,VE 3000 - LJUBLJANA CENTER,VO 3001 - LOGATEC,23,"KS Log-Zaplana, Zaplana-del 58b",192,118,0.6146,118,115,3,1.0,22,0.191304,93,0.808696
925,VE 3000 - LJUBLJANA CENTER,VO 3001 - LOGATEC,24,"GD Medvedje Brdo, Medvedje Brdo 40",158,84,0.5316,84,84,0,1.0,6,0.071429,78,0.928571
926,VE 3000 - LJUBLJANA CENTER,VO 3001 - LOGATEC,25,"POŠ Rovtarske Žibrše, Rovtarske Žibrše 10",191,103,0.5393,103,103,0,1.0,21,0.203883,82,0.796117
927,VE 3000 - LJUBLJANA CENTER,VO 3001 - LOGATEC,26,"POŠ Laze, Laze 57",341,171,0.5015,171,170,1,1.0,90,0.529412,80,0.470588
928,VE 3000 - LJUBLJANA CENTER,VO 3001 - LOGATEC,27,"POŠ Vrh Sv. Treh Kraljev, Vrh Sv. Treh Kraljev 19",275,171,0.6218,171,170,1,1.0,31,0.182353,139,0.817647
929,VE 3000 - LJUBLJANA CENTER,VO 3001 - LOGATEC,28,"OŠ 8 talcev Logatec, Notranjska c. 3, Logatec",1335,546,0.409,538,535,3,1.0,277,0.517757,258,0.482243
930,VE 3000 - LJUBLJANA CENTER,VO 3001 - LOGATEC,30,"OŠ 8 talcev Logatec, Notranjska c. 3, Logatec",1771,825,0.4658,825,822,3,1.0,402,0.489051,420,0.510949
931,VE 3000 - LJUBLJANA CENTER,VO 3001 - LOGATEC,31,"Upravni center Logatec, Tržaška c. 50a, Logatec",999,421,0.4214,421,417,4,1.0,184,0.441247,233,0.558753
932,VE 3000 - LJUBLJANA CENTER,VO 3001 - LOGATEC,32,"Upravni center Logatec, Tržaška c. 50a, Logatec",1333,528,0.3961,528,526,2,1.0,266,0.505703,260,0.494297
933,VE 3000 - LJUBLJANA CENTER,VO 3001 - LOGATEC,33,"POŠ Hotedršica, Hotedršica 120",670,300,0.4478,300,300,0,1.0,106,0.353333,194,0.646667
934,VE 3000 - LJUBLJANA CENTER,VO 3001 - LOGATEC,34,"OŠ Tabor Logatec, Tržaška c. 150, Logatec",1638,718,0.4383,718,715,3,1.0,298,0.416783,417,0.583217
935,VE 3000 - LJUBLJANA CENTER,VO 3001 - LOGATEC,35,"Brunarica na ovinku, Grčarevec 2a",207,112,0.5411,112,111,1,1.0,55,0.495495,56,0.504505
936,VE 3000 - LJUBLJANA CENTER,VO 3001 - LOGATEC,36,"ZVI Logatec, Tržaška c. 63, Logatec",590,310,0.5254,310,308,2,1.0,139,0.451299,169,0.548701
937,VE 3000 - LJUBLJANA CENTER,VO 3001 - LOGATEC,37,"Medgen. center Gaber, C. Notr. odr. 45b, Stari trg",865,387,0.4474,387,387,0,1.0,151,0.390181,236,0.609819
938,VE 3000 - LJUBLJANA CENTER,VO 3001 - LOGATEC,38,"Okrepčevalnica Lož, C. 19. oktobra 54, Lož",452,208,0.4602,208,206,2,1.0,84,0.407767,122,0.592233
939,VE 3000 - LJUBLJANA CENTER,VO 3001 - LOGATEC,39,"POŠ Iga vas, Iga vas 1",869,464,0.5339,464,463,1,1.0,148,0.319654,315,0.680346
940,VE 3000 - LJUBLJANA CENTER,VO 3001 - LOGATEC,40,"Gostišče Mlakar, Markovec 15a",315,154,0.4889,154,152,2,1.0,76,0.5,76,0.5
941,VE 3000 - LJUBLJANA CENTER,VO 3001 - LOGATEC,43,"Večnamenski objekt Babno Polje, Babno Polje 82",239,92,0.3849,92,92,0,1.0,33,0.358696,59,0.641304
942,VE 3000 - LJUBLJANA CENTER,VO 3001 - LOGATEC,44,"OŠ Nova vas, Nova vas 4b",521,238,0.4568,238,237,1,1.0,57,0.240506,180,0.759494
943,VE 3000 - LJUBLJANA CENTER,VO 3001 - LOGATEC,45,"GD Velike Bloke, Velike Bloke 22",317,182,0.5741,182,181,1,1.0,57,0.314917,124,0.685083
944,VE 3000 - LJUBLJANA CENTER,VO 3001 - LOGATEC,47,"VD Sveta Trojica, Sveta Trojica 5a",190,112,0.5895,112,111,1,1.0,30,0.27027,81,0.72973
945,VE 3000 - LJUBLJANA CENTER,VO 3001 - LOGATEC,49,"Kraševec Bojan, Studenec na Blokah 12a",206,109,0.5291,109,108,1,1.0,19,0.175926,89,0.824074
946,VE 3000 - LJUBLJANA CENTER,VO 3001 - LOGATEC,901,Predčasno glasovanje - Upravni center Logatec,0,475,0.0,475,475,0,1.0,275,0.578947,200,0.421053
947,VE 3000 - LJUBLJANA CENTER,VO 3001 - LOGATEC,902,Predčasno glasovanje - UE Cerknica,0,300,0.0,300,300,0,1.0,171,0.57,129,0.43
948,VE 3000 - LJUBLJANA CENTER,VO 3001 - LOGATEC,970,OMNIA od: 3001,0,28,0.0,28,28,0,1.0,15,0.535714,13,0.464286
949,VE 3000 - LJUBLJANA CENTER,VO 3001 - LOGATEC,997,Po pošti v Sloveniji OVK,0,32,0.0,32,32,0,1.0,7,0.21875,25,0.78125
950,VE 3000 - LJUBLJANA CENTER,VO 3001 - LOGATEC,998,Po pošti v tujini OVK,0,0,0.0,0,0,0,,0,0.0,0,0.0
951,VE 3000 - LJUBLJANA CENTER,VO 3001 - LOGATEC,999,Posebni volilni imenik,1598,0,0.0,0,0,0,,0,0.0,0,0.0
952,VE 3000 - LJUBLJANA CENTER,VO 3002 - VRHNIKA,1,"LD Borovnica, Miklavičeva c. 2a, Borovnica",454,209,0.4604,209,209,0,1.0,113,0.54067,96,0.45933
953,VE 3000 - LJUBLJANA CENTER,VO 3002 - VRHNIKA,2,"OŠ Borovnica, Paplerjeva ul. 15, Borovnica",971,400,0.4119,400,399,1,1.0,198,0.496241,201,0.503759
954,VE 3000 - LJUBLJANA CENTER,VO 3002 - VRHNIKA,3,"Občina Borovnica, Paplerjeva ul. 22, Borovnica",478,248,0.5188,248,248,0,1.0,94,0.379032,154,0.620968
955,VE 3000 - LJUBLJANA CENTER,VO 3002 - VRHNIKA,5,"GD Breg pri Borovnici 18, Borovnica",383,171,0.4465,171,171,0,1.0,93,0.54386,78,0.45614
956,VE 3000 - LJUBLJANA CENTER,VO 3002 - VRHNIKA,6,"Dom krajanov Dol-Laze, Obrtniška ul.30, Borovnica",627,296,0.4721,296,294,2,1.0,150,0.510204,144,0.489796
957,VE 3000 - LJUBLJANA CENTER,VO 3002 - VRHNIKA,7,"GD Brezovica pri Borovnici 42, Borovnica",467,252,0.5396,252,249,3,1.0,67,0.269076,182,0.730924
958,VE 3000 - LJUBLJANA CENTER,VO 3002 - VRHNIKA,8,"Cankarjev dom Vrhnika, Tržaška c. 25, Vrhnika",1022,381,0.3728,381,381,0,1.0,209,0.548556,172,0.451444
959,VE 3000 - LJUBLJANA CENTER,VO 3002 - VRHNIKA,10,"OŠ I. Cankarja I, Lošca 1, Vrhnika",655,231,0.3527,231,231,0,1.0,140,0.606061,91,0.393939
960,VE 3000 - LJUBLJANA CENTER,VO 3002 - VRHNIKA,11,"OŠ I. Cankarja II, Lošca 1, Vrhnika",429,171,0.3986,171,170,1,1.0,94,0.552941,76,0.447059
961,VE 3000 - LJUBLJANA CENTER,VO 3002 - VRHNIKA,12,"GD Vrhnika, Jelovškova ul. 3, Vrhnika",810,371,0.458,371,370,1,1.0,186,0.502703,184,0.497297
962,VE 3000 - LJUBLJANA CENTER,VO 3002 - VRHNIKA,13,"Elektro Ljubljana, Ljubljanska c. 23, Vrhnika",620,256,0.4129,256,256,0,1.0,147,0.574219,109,0.425781
963,VE 3000 - LJUBLJANA CENTER,VO 3002 - VRHNIKA,14,"OŠ I. Cankarja III, Lošca 1, Vrhnika",962,438,0.4553,438,435,3,1.0,228,0.524138,207,0.475862
964,VE 3000 - LJUBLJANA CENTER,VO 3002 - VRHNIKA,15,"Župnijski vrtec Vrhnika, Hrib 2, Vrhnika",533,253,0.4747,253,252,1,1.0,120,0.47619,132,0.52381
965,VE 3000 - LJUBLJANA CENTER,VO 3002 - VRHNIKA,16,"GD Verd, Verd 100, Vrhnika",756,346,0.4577,346,342,4,1.0,213,0.622807,129,0.377193
966,VE 3000 - LJUBLJANA CENTER,VO 3002 - VRHNIKA,17,"GD Verd, Verd 100, Vrhnika",822,400,0.4866,400,398,2,1.0,195,0.48995,203,0.51005
967,VE 3000 - LJUBLJANA CENTER,VO 3002 - VRHNIKA,18,"Dom krajanov Dragomer, Na Grivi 5, Dragomer",849,405,0.477,405,404,1,1.0,204,0.50495,200,0.49505
968,VE 3000 - LJUBLJANA CENTER,VO 3002 - VRHNIKA,19,"GD Log pri Brezovici,Loška c.18,Log pri Brezovici",635,281,0.4425,281,278,3,1.0,156,0.561151,122,0.438849
969,VE 3000 - LJUBLJANA CENTER,VO 3002 - VRHNIKA,20,"GD Drenov Grič, Drenov Grič 25, Vrhnika",1073,591,0.5508,591,589,2,1.0,246,0.417657,343,0.582343
970,VE 3000 - LJUBLJANA CENTER,VO 3002 - VRHNIKA,21,"Dom KS Stara Vrhnika, Stara Vrhnika 107a, Vrhnika",555,292,0.5261,292,292,0,1.0,122,0.417808,170,0.582192
971,VE 3000 - LJUBLJANA CENTER,VO 3002 - VRHNIKA,22,"KD Bevke, Bevke 17, Log pri Brezovici",811,434,0.5351,434,434,0,1.0,131,0.301843,303,0.698157
972,VE 3000 - LJUBLJANA CENTER,VO 3002 - VRHNIKA,23,"GD Podlipa, Smrečje 7, Vrhnika",659,339,0.5144,339,336,3,1.0,77,0.229167,259,0.770833
973,VE 3000 - LJUBLJANA CENTER,VO 3002 - VRHNIKA,24,"GD Ligojna, Mala Ligojna 18, Vrhnika",493,277,0.5619,277,276,1,1.0,82,0.297101,194,0.702899
974,VE 3000 - LJUBLJANA CENTER,VO 3002 - VRHNIKA,25,"Dom KS Sinja Gorica, bš, Vrhnika",407,162,0.398,162,162,0,1.0,81,0.5,81,0.5
975,VE 3000 - LJUBLJANA CENTER,VO 3002 - VRHNIKA,26,"KS Blatna Brezovica, Blatna Brezovica 12,Vrhnika",283,136,0.4806,136,134,2,1.0,54,0.402985,80,0.597015
976,VE 3000 - LJUBLJANA CENTER,VO 3002 - VRHNIKA,27,"Dom bratstva Zaplana, Zaplana 30",754,349,0.4629,349,349,0,1.0,139,0.398281,210,0.601719
977,VE 3000 - LJUBLJANA CENTER,VO 3002 - VRHNIKA,28,"Dom gasilcev in krajanov, Zavrh pri Borovnici 1",103,61,0.5922,61,60,1,1.0,19,0.316667,41,0.683333
978,VE 3000 - LJUBLJANA CENTER,VO 3002 - VRHNIKA,29,"GD Dragomer-Lukovica, Na Grivi 5, Dragomer",780,442,0.5667,442,437,5,1.0,231,0.528604,206,0.471396
979,VE 3000 - LJUBLJANA CENTER,VO 3002 - VRHNIKA,30,"OŠ I. Cankarja IV, Lošca 1, Vrhnika",720,309,0.4292,309,307,2,1.0,159,0.517915,148,0.482085
980,VE 3000 - LJUBLJANA CENTER,VO 3002 - VRHNIKA,31,"OŠ A.M. Slomška, Pod Hruševco 33, Vrhnika",611,211,0.3453,211,211,0,1.0,131,0.620853,80,0.379147
981,VE 3000 - LJUBLJANA CENTER,VO 3002 - VRHNIKA,32,"GD Log pri Brezovici,Loška c.18,Log pri Brezovici",738,377,0.5108,377,374,3,1.0,180,0.481283,194,0.518717
982,VE 3000 - LJUBLJANA CENTER,VO 3002 - VRHNIKA,901,Predčasno glasovanje,0,528,0.0,528,523,5,1.0,332,0.634799,191,0.365201
983,VE 3000 - LJUBLJANA CENTER,VO 3002 - VRHNIKA,970,OMNIA od: 3002,0,89,0.0,89,89,0,1.0,44,0.494382,45,0.505618
984,VE 3000 - LJUBLJANA CENTER,VO 3002 - VRHNIKA,997,Po pošti v Sloveniji OVK,0,17,0.0,17,17,0,1.0,7,0.411765,10,0.588235
985,VE 3000 - LJUBLJANA CENTER,VO 3002 - VRHNIKA,998,Po pošti v tujini OVK,0,0,0.0,0,0,0,,0,0.0,0,0.0
986,VE 3000 - LJUBLJANA CENTER,VO 3002 - VRHNIKA,999,Posebni volilni imenik,940,0,0.0,0,0,0,,0,0.0,0,0.0
987,VE 3000 - LJUBLJANA CENTER,VO 3003 - LJUBLJANA VIČ-RUDNIK 1,1,"GD Goričica, Goričica pod Krimom 29, Preserje",270,141,0.5222,141,141,0,1.0,46,0.326241,95,0.673759
988,VE 3000 - LJUBLJANA CENTER,VO 3003 - LJUBLJANA VIČ-RUDNIK 1,3,"GD Kamnik pod K., Kamnik pod Krimom 151a,Preserje",820,441,0.5378,441,438,3,1.0,180,0.410959,258,0.589041
989,VE 3000 - LJUBLJANA CENTER,VO 3003 - LJUBLJANA VIČ-RUDNIK 1,4,"OŠ Preserje, Preserje 60, Preserje",407,199,0.4889,199,197,2,1.0,79,0.401015,118,0.598985
990,VE 3000 - LJUBLJANA CENTER,VO 3003 - LJUBLJANA VIČ-RUDNIK 1,5,"KD Podpeč, Jezero 21, Preserje",1085,516,0.4756,516,516,0,1.0,251,0.486434,265,0.513566
991,VE 3000 - LJUBLJANA CENTER,VO 3003 - LJUBLJANA VIČ-RUDNIK 1,7,"PŠ Rakitna, Rakitna 54, Preserje",627,339,0.5407,339,338,1,1.0,138,0.408284,200,0.591716
992,VE 3000 - LJUBLJANA CENTER,VO 3003 - LJUBLJANA VIČ-RUDNIK 1,8,"ZDD Notranje Gorice, Podpeška c. 380, Notranje G.",1125,513,0.456,513,512,1,1.0,266,0.519531,246,0.480469
993,VE 3000 - LJUBLJANA CENTER,VO 3003 - LJUBLJANA VIČ-RUDNIK 1,9,"ZDD Notranje Gorice, Podpeška c. 380, Notranje G.",1045,426,0.4077,426,423,3,1.0,182,0.43026,241,0.56974
994,VE 3000 - LJUBLJANA CENTER,VO 3003 - LJUBLJANA VIČ-RUDNIK 1,10,"DK Vnanje Gorice, Nova pot 5, Brezovica",1141,555,0.4864,555,553,2,1.0,267,0.482821,286,0.517179
995,VE 3000 - LJUBLJANA CENTER,VO 3003 - LJUBLJANA VIČ-RUDNIK 1,11,"Osnovna šola Ig, Troštova ul. 24, 1292 Ig",1024,459,0.4482,459,459,0,1.0,186,0.405229,273,0.594771
996,VE 3000 - LJUBLJANA CENTER,VO 3003 - LJUBLJANA VIČ-RUDNIK 1,12,"Novi GD Ig, Gasilska ulica 39",915,440,0.4809,440,439,1,1.0,225,0.512528,214,0.487472
997,VE 3000 - LJUBLJANA CENTER,VO 3003 - LJUBLJANA VIČ-RUDNIK 1,13,"PGD Kot, Kot 19",210,112,0.5333,112,110,2,1.0,49,0.445455,61,0.554545
998,VE 3000 - LJUBLJANA CENTER,VO 3003 - LJUBLJANA VIČ-RUDNIK 1,14,"Družabni objekt""Senožetka"", Iška Loka",222,118,0.5315,118,117,1,1.0,26,0.222222,91,0.777778
999,VE 3000 - LJUBLJANA CENTER,VO 3003 - LJUBLJANA VIČ-RUDNIK 1,15,"GD Matena, Matena 55",211,118,0.5592,118,118,0,1.0,41,0.347458,77,0.652542
1000,VE 3000 - LJUBLJANA CENTER,VO 3003 - LJUBLJANA VIČ-RUDNIK 1,16,"GD Golo, Golo 5a",1086,506,0.4659,506,504,2,1.0,285,0.565476,219,0.434524
1001,VE 3000 - LJUBLJANA CENTER,VO 3003 - LJUBLJANA VIČ-RUDNIK 1,17,"GD Škrilje, Škrilje 32, 1292 Ig",410,191,0.4659,191,191,0,1.0,108,0.565445,83,0.434555
1002,VE 3000 - LJUBLJANA CENTER,VO 3003 - LJUBLJANA VIČ-RUDNIK 1,18,"GD Brest, Brest 22",237,112,0.4726,112,112,0,1.0,59,0.526786,53,0.473214
1003,VE 3000 - LJUBLJANA CENTER,VO 3003 - LJUBLJANA VIČ-RUDNIK 1,19,"PŠ Tomišelj, Tomišelj 30",441,202,0.458,202,202,0,1.0,88,0.435644,114,0.564356
1004,VE 3000 - LJUBLJANA CENTER,VO 3003 - LJUBLJANA VIČ-RUDNIK 1,20,"GD Vrbljene, Vrbljene 57",312,150,0.4808,150,150,0,1.0,60,0.4,90,0.6
1005,VE 3000 - LJUBLJANA CENTER,VO 3003 - LJUBLJANA VIČ-RUDNIK 1,21,"PGD Iška vas, Iška vas 31",578,282,0.4879,282,282,0,1.0,145,0.514184,137,0.485816
1006,VE 3000 - LJUBLJANA CENTER,VO 3003 - LJUBLJANA VIČ-RUDNIK 1,23,"GD Barje, Peruzzijeva ul. 101, Ljubljana",1385,648,0.4679,648,644,4,1.0,337,0.523292,307,0.476708
1007,VE 3000 - LJUBLJANA CENTER,VO 3003 - LJUBLJANA VIČ-RUDNIK 1,24,"GD Barje, Peruzzijeva ul. 101, Ljubljana",1564,666,0.4258,666,664,2,1.0,347,0.52259,317,0.47741
1008,VE 3000 - LJUBLJANA CENTER,VO 3003 - LJUBLJANA VIČ-RUDNIK 1,26,"Občina Škofljica, Šmarska c. 3, Škofljica",1503,667,0.4438,667,665,2,1.0,277,0.416541,388,0.583459
1009,VE 3000 - LJUBLJANA CENTER,VO 3003 - LJUBLJANA VIČ-RUDNIK 1,27,"Občina Škofljica, Šmarska c. 3,  Škofljica",1527,595,0.3897,595,595,0,1.0,259,0.435294,336,0.564706
1010,VE 3000 - LJUBLJANA CENTER,VO 3003 - LJUBLJANA VIČ-RUDNIK 1,29,"PŠ Želimlje, Želimlje 43",397,201,0.5063,201,200,1,1.0,77,0.385,123,0.615
1011,VE 3000 - LJUBLJANA CENTER,VO 3003 - LJUBLJANA VIČ-RUDNIK 1,30,"""Skedenj"" Pijava Gorica",673,344,0.5111,344,342,2,1.0,161,0.47076,181,0.52924
1012,VE 3000 - LJUBLJANA CENTER,VO 3003 - LJUBLJANA VIČ-RUDNIK 1,31,"DK Smrjene, Smrjene 8",711,338,0.4754,338,337,1,1.0,171,0.507418,166,0.492582
1013,VE 3000 - LJUBLJANA CENTER,VO 3003 - LJUBLJANA VIČ-RUDNIK 1,32,"DK Gradišče, Gradišče XIII 3, 1291 Škofljica",1018,422,0.4145,422,419,3,1.0,251,0.599045,168,0.400955
1014,VE 3000 - LJUBLJANA CENTER,VO 3003 - LJUBLJANA VIČ-RUDNIK 1,33,"Občina Velike Lašče, Levstikov trg 1, Velike Lašče",1037,508,0.4899,508,508,0,1.0,151,0.297244,357,0.702756
1015,VE 3000 - LJUBLJANA CENTER,VO 3003 - LJUBLJANA VIČ-RUDNIK 1,34,"Občina Velike Lašče, Levstikov trg 1, Velike Lašče",1178,599,0.5085,599,597,2,1.0,208,0.348409,389,0.651591
1016,VE 3000 - LJUBLJANA CENTER,VO 3003 - LJUBLJANA VIČ-RUDNIK 1,37,"KD Rob, Rob 5, Rob",629,258,0.4102,258,258,0,1.0,105,0.406977,153,0.593023
1017,VE 3000 - LJUBLJANA CENTER,VO 3003 - LJUBLJANA VIČ-RUDNIK 1,40,"PŠ in vrtec Turjak, Turjak 17B",691,364,0.5268,364,361,3,1.0,139,0.385042,222,0.614958
1018,VE 3000 - LJUBLJANA CENTER,VO 3003 - LJUBLJANA VIČ-RUDNIK 1,41,"DK Vnanje Gorice, Nova pot 5, Brezovica",921,458,0.4973,458,456,2,1.0,217,0.475877,239,0.524123
1019,VE 3000 - LJUBLJANA CENTER,VO 3003 - LJUBLJANA VIČ-RUDNIK 1,901,Predčasno glasovanje,0,433,0.0,433,432,1,1.0,198,0.458333,234,0.541667
1020,VE 3000 - LJUBLJANA CENTER,VO 3003 - LJUBLJANA VIČ-RUDNIK 1,997,Po pošti v Sloveniji OVK,0,35,0.0,35,35,0,1.0,19,0.542857,16,0.457143
1021,VE 3000 - LJUBLJANA CENTER,VO 3003 - LJUBLJANA VIČ-RUDNIK 1,998,Po pošti v tujini OVK,0,0,0.0,0,0,0,,0,0.0,0,0.0
1022,VE 3000 - LJUBLJANA CENTER,VO 3003 - LJUBLJANA VIČ-RUDNIK 1,999,Posebni volilni imenik,843,0,0.0,0,0,0,,0,0.0,0,0.0
1023,VE 3000 - LJUBLJANA CENTER,VO 3004 - LJUBLJANA VIČ-RUDNIK 2,1,"OŠ Trnovo, Karunova ul. 14a, Ljubljana",925,467,0.5049,467,466,1,1.0,277,0.594421,189,0.405579
1024,VE 3000 - LJUBLJANA CENTER,VO 3004 - LJUBLJANA VIČ-RUDNIK 2,2,"OŠ Trnovo, Karunova ul. 14a, Ljubljana",856,404,0.472,404,403,1,1.0,271,0.672457,132,0.327543
1025,VE 3000 - LJUBLJANA CENTER,VO 3004 - LJUBLJANA VIČ-RUDNIK 2,3,"OŠ Trnovo, Karunova ul. 14a, Ljubljana",818,402,0.4914,402,399,3,1.0,269,0.674185,130,0.325815
1026,VE 3000 - LJUBLJANA CENTER,VO 3004 - LJUBLJANA VIČ-RUDNIK 2,4,"OŠ Trnovo, Karunova ul. 14a, Ljubljana",872,401,0.4599,401,399,2,1.0,240,0.601504,159,0.398496
1027,VE 3000 - LJUBLJANA CENTER,VO 3004 - LJUBLJANA VIČ-RUDNIK 2,5,"OŠ Oskarja Kovačiča, Ob dolenjski železnici 48",1181,596,0.5047,596,591,5,1.0,318,0.538071,273,0.461929
1028,VE 3000 - LJUBLJANA CENTER,VO 3004 - LJUBLJANA VIČ-RUDNIK 2,6,"OŠ Oskarja Kovačiča, Ob dolenjski železnici 48",1632,820,0.5025,820,817,3,1.0,486,0.594859,331,0.405141
1029,VE 3000 - LJUBLJANA CENTER,VO 3004 - LJUBLJANA VIČ-RUDNIK 2,8,"OŠ Oskarja Kovačiča, Ob dolenjski železnici 48",1293,524,0.4053,524,520,4,1.0,283,0.544231,237,0.455769
1030,VE 3000 - LJUBLJANA CENTER,VO 3004 - LJUBLJANA VIČ-RUDNIK 2,9,"OŠ Oskarja Kovačiča, Ob dolenjski železnici 48",1870,733,0.392,733,733,0,1.0,421,0.574352,312,0.425648
1031,VE 3000 - LJUBLJANA CENTER,VO 3004 - LJUBLJANA VIČ-RUDNIK 2,10,"OŠ Livada, Ul. Dušana Kraigherja 2, Ljubljana",926,320,0.3456,320,319,1,1.0,189,0.592476,130,0.407524
1032,VE 3000 - LJUBLJANA CENTER,VO 3004 - LJUBLJANA VIČ-RUDNIK 2,11,"OŠ Oskarja Kovačiča, Ob dolenjski železnici 48",1285,594,0.4623,594,592,2,1.0,321,0.54223,271,0.45777
1033,VE 3000 - LJUBLJANA CENTER,VO 3004 - LJUBLJANA VIČ-RUDNIK 2,12,"OŠ Livada, Ul. Dušana Kraigherja 2, Ljubljana",739,208,0.2815,208,208,0,1.0,115,0.552885,93,0.447115
1034,VE 3000 - LJUBLJANA CENTER,VO 3004 - LJUBLJANA VIČ-RUDNIK 2,13,"Podružnična šola Lavrica, Kamnikarjeva ul. 6",1233,668,0.5418,667,666,1,1.0,373,0.56006,293,0.43994
1035,VE 3000 - LJUBLJANA CENTER,VO 3004 - LJUBLJANA VIČ-RUDNIK 2,14,"GD Orle, Orle 39, Škofljica",191,124,0.6492,124,124,0,1.0,30,0.241935,94,0.758065
1036,VE 3000 - LJUBLJANA CENTER,VO 3004 - LJUBLJANA VIČ-RUDNIK 2,15,"Podružnična šola Lavrica, Kamnikarjeva ul. 6",1179,495,0.4198,495,494,1,1.0,249,0.504049,245,0.495951
1037,VE 3000 - LJUBLJANA CENTER,VO 3004 - LJUBLJANA VIČ-RUDNIK 2,16,"OŠ Livada, Ul. Dušana Kraigherja 2, Ljubljana",1011,198,0.1958,198,198,0,1.0,89,0.449495,109,0.550505
1038,VE 3000 - LJUBLJANA CENTER,VO 3004 - LJUBLJANA VIČ-RUDNIK 2,901,Predčasno glasovanje,0,299,0.0,299,297,2,1.0,190,0.639731,107,0.360269
1039,VE 3000 - LJUBLJANA CENTER,VO 3004 - LJUBLJANA VIČ-RUDNIK 2,997,Po pošti v Sloveniji OVK,0,25,0.0,25,25,0,1.0,3,0.12,22,0.88
1040,VE 3000 - LJUBLJANA CENTER,VO 3004 - LJUBLJANA VIČ-RUDNIK 2,998,Po pošti v tujini OVK,0,0,0.0,0,0,0,,0,0.0,0,0.0
1041,VE 3000 - LJUBLJANA CENTER,VO 3004 - LJUBLJANA VIČ-RUDNIK 2,999,Posebni volilni imenik,1050,0,0.0,0,0,0,,0,0.0,0,0.0
1042,VE 3000 - LJUBLJANA CENTER,VO 3005 - LJUBLJANA VIČ-RUDNIK 3,1,"DSO, Enota Kolezija, Kopališka ul. 10, Ljubljana",805,371,0.4609,371,370,1,1.0,237,0.640541,133,0.359459
1043,VE 3000 - LJUBLJANA CENTER,VO 3005 - LJUBLJANA VIČ-RUDNIK 3,2,"OŠ Kolezija, C. v Mestni log 46, Ljubljana",885,433,0.4893,433,429,4,1.0,259,0.60373,170,0.39627
1044,VE 3000 - LJUBLJANA CENTER,VO 3005 - LJUBLJANA VIČ-RUDNIK 3,3,"Dijaški dom Vič, Gerbičeva ul. 53, Ljubljana",481,204,0.4241,204,203,1,1.0,113,0.55665,90,0.44335
1045,VE 3000 - LJUBLJANA CENTER,VO 3005 - LJUBLJANA VIČ-RUDNIK 3,4,"OŠ Vič, Tržaška c. 74, Ljubljana",845,345,0.4083,345,344,1,1.0,238,0.69186,106,0.30814
1046,VE 3000 - LJUBLJANA CENTER,VO 3005 - LJUBLJANA VIČ-RUDNIK 3,5,"OŠ Vič, Tržaška c. 74, Ljubljana",996,431,0.4327,431,429,2,1.0,257,0.599068,172,0.400932
1047,VE 3000 - LJUBLJANA CENTER,VO 3005 - LJUBLJANA VIČ-RUDNIK 3,6,"OŠ Kolezija, Splitska ul. 13, Ljubljana",357,186,0.521,186,186,0,1.0,111,0.596774,75,0.403226
1048,VE 3000 - LJUBLJANA CENTER,VO 3005 - LJUBLJANA VIČ-RUDNIK 3,7,"Gasilski dom Lj.-Trnovo, C. v Mestni log 31",819,455,0.5556,455,454,1,1.0,275,0.605727,179,0.394273
1049,VE 3000 - LJUBLJANA CENTER,VO 3005 - LJUBLJANA VIČ-RUDNIK 3,8,"Biotehnični izobraž. center, C. v Mestni log 47",1076,596,0.5539,596,595,1,1.0,403,0.677311,192,0.322689
1050,VE 3000 - LJUBLJANA CENTER,VO 3005 - LJUBLJANA VIČ-RUDNIK 3,9,"JP VOKA SNAGA d.o.o., C. dveh cesarjev 111",677,153,0.226,153,153,0,1.0,85,0.555556,68,0.444444
1051,VE 3000 - LJUBLJANA CENTER,VO 3005 - LJUBLJANA VIČ-RUDNIK 3,10,"Prostori MOL, Tbilisijska ul. 22a, Ljubljana",893,423,0.4737,423,420,3,1.0,244,0.580952,176,0.419048
1052,VE 3000 - LJUBLJANA CENTER,VO 3005 - LJUBLJANA VIČ-RUDNIK 3,11,"Prostori MOL, Tbilisijska ul. 22a, Ljubljana",755,323,0.4278,321,317,4,1.0,191,0.602524,126,0.397476
1053,VE 3000 - LJUBLJANA CENTER,VO 3005 - LJUBLJANA VIČ-RUDNIK 3,12,"OŠ Vič, Abramova ul. 26, Ljubljana",941,455,0.4835,455,453,2,1.0,254,0.560706,199,0.439294
1054,VE 3000 - LJUBLJANA CENTER,VO 3005 - LJUBLJANA VIČ-RUDNIK 3,13,"OŠ Vič, Abramova ul. 26, Ljubljana",901,438,0.4861,438,438,0,1.0,276,0.630137,162,0.369863
1055,VE 3000 - LJUBLJANA CENTER,VO 3005 - LJUBLJANA VIČ-RUDNIK 3,14,"OŠ Vič, Abramova ul. 26, Ljubljana",917,352,0.3839,352,350,2,1.0,211,0.602857,139,0.397143
1056,VE 3000 - LJUBLJANA CENTER,VO 3005 - LJUBLJANA VIČ-RUDNIK 3,15,"OŠ Vič, Abramova ul. 26, Ljubljana",952,398,0.4181,398,396,2,1.0,248,0.626263,148,0.373737
1057,VE 3000 - LJUBLJANA CENTER,VO 3005 - LJUBLJANA VIČ-RUDNIK 3,16,"OŠ Vrhovci, C. na Bokalce 1, Ljubljana",902,417,0.4623,417,417,0,1.0,236,0.565947,181,0.434053
1058,VE 3000 - LJUBLJANA CENTER,VO 3005 - LJUBLJANA VIČ-RUDNIK 3,17,"OŠ Vrhovci, C. na Bokalce 1, Ljubljana",750,393,0.524,393,392,1,1.0,197,0.502551,195,0.497449
1059,VE 3000 - LJUBLJANA CENTER,VO 3005 - LJUBLJANA VIČ-RUDNIK 3,18,"OŠ Vič, Abramova ul. 26, Ljubljana",771,302,0.3917,302,302,0,1.0,212,0.701987,90,0.298013
1060,VE 3000 - LJUBLJANA CENTER,VO 3005 - LJUBLJANA VIČ-RUDNIK 3,19,"OŠ Vrhovci, C. na Bokalce 1, Ljubljana",777,349,0.4492,349,348,1,1.0,225,0.646552,123,0.353448
1061,VE 3000 - LJUBLJANA CENTER,VO 3005 - LJUBLJANA VIČ-RUDNIK 3,901,Predčasno glasovanje,0,391,0.0,391,390,1,1.0,264,0.676923,126,0.323077
1062,VE 3000 - LJUBLJANA CENTER,VO 3005 - LJUBLJANA VIČ-RUDNIK 3,997,Po pošti v Sloveniji OVK,0,13,0.0,13,13,0,1.0,7,0.538462,6,0.461538
1063,VE 3000 - LJUBLJANA CENTER,VO 3005 - LJUBLJANA VIČ-RUDNIK 3,998,Po pošti v tujini OVK,0,0,0.0,0,0,0,,0,0.0,0,0.0
1064,VE 3000 - LJUBLJANA CENTER,VO 3005 - LJUBLJANA VIČ-RUDNIK 3,999,Posebni volilni imenik,998,0,0.0,0,0,0,,0,0.0,0,0.0
1065,VE 3000 - LJUBLJANA CENTER,VO 3006 - LJUBLJANA VIČ-RUDNIK 4,1,"OŠ Brezovica pri Lj., Šolska ul. 15, Brezovica",1269,575,0.4531,575,574,1,1.0,280,0.487805,294,0.512195
1066,VE 3000 - LJUBLJANA CENTER,VO 3006 - LJUBLJANA VIČ-RUDNIK 4,2,"OŠ Brezovica pri Lj., Šolska ul. 15, Brezovica",1123,495,0.4408,495,491,4,1.0,266,0.541752,225,0.458248
1067,VE 3000 - LJUBLJANA CENTER,VO 3006 - LJUBLJANA VIČ-RUDNIK 4,3,"OŠ Dobrova, Cesta 7.maja 20, Dobrova",1050,571,0.5438,571,569,2,1.0,256,0.449912,313,0.550088
1068,VE 3000 - LJUBLJANA CENTER,VO 3006 - LJUBLJANA VIČ-RUDNIK 4,4,"Poslovni prostor Koprivec, Brezje 10, Dobrova",352,185,0.5256,185,183,2,1.0,57,0.311475,126,0.688525
1069,VE 3000 - LJUBLJANA CENTER,VO 3006 - LJUBLJANA VIČ-RUDNIK 4,6,"Športni center Gabrje, Gabrje bš, Dobrova",897,458,0.5106,458,455,3,1.0,213,0.468132,242,0.531868
1070,VE 3000 - LJUBLJANA CENTER,VO 3006 - LJUBLJANA VIČ-RUDNIK 4,7,"PGD Hruševo, Hruševo 2a, Dobrova",419,238,0.568,238,238,0,1.0,98,0.411765,140,0.588235
1071,VE 3000 - LJUBLJANA CENTER,VO 3006 - LJUBLJANA VIČ-RUDNIK 4,9,"PGD Podsmreka, Podsmreka 58, Dobrova",495,259,0.5232,259,258,1,1.0,76,0.294574,182,0.705426
1072,VE 3000 - LJUBLJANA CENTER,VO 3006 - LJUBLJANA VIČ-RUDNIK 4,10,"PGD Vrzdenec, Vrzdenec 101, Horjul",405,221,0.5457,221,219,2,1.0,67,0.305936,152,0.694064
1073,VE 3000 - LJUBLJANA CENTER,VO 3006 - LJUBLJANA VIČ-RUDNIK 4,11,"PGD Žažar, Žažar 24, Horjul",150,108,0.72,108,108,0,1.0,7,0.064815,101,0.935185
1074,VE 3000 - LJUBLJANA CENTER,VO 3006 - LJUBLJANA VIČ-RUDNIK 4,12,"PGD Podolnica, Podolnica 50, Horjul",300,174,0.58,174,173,1,1.0,49,0.283237,124,0.716763
1075,VE 3000 - LJUBLJANA CENTER,VO 3006 - LJUBLJANA VIČ-RUDNIK 4,13,"PGD Zaklanec, Zaklanec 2c, Horjul",156,81,0.5192,81,81,0,1.0,15,0.185185,66,0.814815
1076,VE 3000 - LJUBLJANA CENTER,VO 3006 - LJUBLJANA VIČ-RUDNIK 4,14,"OŠ Horjul, Šolska ul. 44, Horjul",704,391,0.5554,391,386,5,1.0,65,0.168394,321,0.831606
1077,VE 3000 - LJUBLJANA CENTER,VO 3006 - LJUBLJANA VIČ-RUDNIK 4,15,"OŠ Horjul, Šolska ul. 44, Horjul",562,292,0.5196,292,291,1,1.0,65,0.223368,226,0.776632
1078,VE 3000 - LJUBLJANA CENTER,VO 3006 - LJUBLJANA VIČ-RUDNIK 4,16,"Dom Ivana Cankarja, Šentjošt 13, Horjul",364,283,0.7775,283,281,2,1.0,23,0.081851,258,0.918149
1079,VE 3000 - LJUBLJANA CENTER,VO 3006 - LJUBLJANA VIČ-RUDNIK 4,17,"PGD Butajnova-Planina, Butajnova 20g, Horjul",265,158,0.5962,158,155,3,1.0,24,0.154839,131,0.845161
1080,VE 3000 - LJUBLJANA CENTER,VO 3006 - LJUBLJANA VIČ-RUDNIK 4,19,"OŠ Polh. Gradec, Polhov Gradec 95, Polhov Gradec",1206,651,0.5398,651,651,0,1.0,188,0.288786,463,0.711214
1081,VE 3000 - LJUBLJANA CENTER,VO 3006 - LJUBLJANA VIČ-RUDNIK 4,20,"PGD Dvor, Dvor pri Polh. Grad. 23, Polhov Gradec",570,275,0.4825,275,274,1,1.0,92,0.335766,182,0.664234
1082,VE 3000 - LJUBLJANA CENTER,VO 3006 - LJUBLJANA VIČ-RUDNIK 4,21,"PGD Zalog, Setnik 5 b, Polhov Gradec",138,91,0.6594,91,91,0,1.0,14,0.153846,77,0.846154
1083,VE 3000 - LJUBLJANA CENTER,VO 3006 - LJUBLJANA VIČ-RUDNIK 4,22,"Dom krajanov, Črni vrh 37a, Polhov Gradec",483,278,0.5756,278,278,0,1.0,38,0.136691,240,0.863309
1084,VE 3000 - LJUBLJANA CENTER,VO 3006 - LJUBLJANA VIČ-RUDNIK 4,23,"Tehnološki park LJ, Tehnološki park 19 (stavba B)",1001,401,0.4006,401,401,0,1.0,239,0.59601,162,0.40399
1085,VE 3000 - LJUBLJANA CENTER,VO 3006 - LJUBLJANA VIČ-RUDNIK 4,24,"Fakulteta za elek., Tržaška c. 25, Ljubljana",981,485,0.4944,485,485,0,1.0,330,0.680412,155,0.319588
1086,VE 3000 - LJUBLJANA CENTER,VO 3006 - LJUBLJANA VIČ-RUDNIK 4,25,"Fakulteta za elek., Tržaška c. 25, Ljubljana",1042,389,0.3733,389,388,1,1.0,258,0.664948,130,0.335052
1087,VE 3000 - LJUBLJANA CENTER,VO 3006 - LJUBLJANA VIČ-RUDNIK 4,26,"Tehnološki park LJ, Tehnološki park 19 (stavba B)",910,391,0.4297,391,391,0,1.0,226,0.578005,165,0.421995
1088,VE 3000 - LJUBLJANA CENTER,VO 3006 - LJUBLJANA VIČ-RUDNIK 4,27,"Obrtna zbornica Vič, Tržaška c. 207, Ljubljana",939,351,0.3738,351,351,0,1.0,190,0.541311,161,0.458689
1089,VE 3000 - LJUBLJANA CENTER,VO 3006 - LJUBLJANA VIČ-RUDNIK 4,28,"PGD Kozarje, Cesta na Ključ 56, Ljubljana",1245,625,0.502,625,624,1,1.0,299,0.479167,325,0.520833
1090,VE 3000 - LJUBLJANA CENTER,VO 3006 - LJUBLJANA VIČ-RUDNIK 4,29,"BTF, Rožna dolina c. VIII 34, Ljubljana",1302,653,0.5015,653,648,5,1.0,397,0.612654,251,0.387346
1091,VE 3000 - LJUBLJANA CENTER,VO 3006 - LJUBLJANA VIČ-RUDNIK 4,30,"BTF, Rožna dolina c. VIII 34, Ljubljana",1387,694,0.5004,694,691,3,1.0,368,0.532562,323,0.467438
1092,VE 3000 - LJUBLJANA CENTER,VO 3006 - LJUBLJANA VIČ-RUDNIK 4,31,"Obrtna zbornica Vič, Tržaška c. 207, Ljubljana",1128,445,0.3945,445,444,1,1.0,277,0.623874,167,0.376126
1093,VE 3000 - LJUBLJANA CENTER,VO 3006 - LJUBLJANA VIČ-RUDNIK 4,901,Predčasno glasovanje,0,311,0.0,311,311,0,1.0,183,0.588424,128,0.411576
1094,VE 3000 - LJUBLJANA CENTER,VO 3006 - LJUBLJANA VIČ-RUDNIK 4,997,Po pošti v Sloveniji OVK,0,33,0.0,33,33,0,1.0,11,0.333333,22,0.666667
1095,VE 3000 - LJUBLJANA CENTER,VO 3006 - LJUBLJANA VIČ-RUDNIK 4,998,Po pošti v tujini OVK,0,0,0.0,0,0,0,,0,0.0,0,0.0
1096,VE 3000 - LJUBLJANA CENTER,VO 3006 - LJUBLJANA VIČ-RUDNIK 4,999,Posebni volilni imenik,1236,0,0.0,0,0,0,,0,0.0,0,0.0
1097,VE 3000 - LJUBLJANA CENTER,VO 3007 - LJUBLJANA CENTER,1,"Prostori MOL, Štefanova ul. 11, Ljubljana",1333,582,0.4366,582,580,2,1.0,396,0.682759,184,0.317241
1098,VE 3000 - LJUBLJANA CENTER,VO 3007 - LJUBLJANA CENTER,3,"OŠ Majde Vrhovnik, Gregorčičeva ul. 16, Ljubljana",679,320,0.4713,320,319,1,1.0,217,0.680251,102,0.319749
1099,VE 3000 - LJUBLJANA CENTER,VO 3007 - LJUBLJANA CENTER,4,"OŠ Majde Vrhovnik, Gregorčičeva ul. 16, Ljubljana",918,451,0.4913,451,449,2,1.0,312,0.694878,137,0.305122
1100,VE 3000 - LJUBLJANA CENTER,VO 3007 - LJUBLJANA CENTER,5,"OŠ Toneta Čufarja, Čufarjeva ul. 11, Ljubljana",613,247,0.4029,247,247,0,1.0,151,0.611336,96,0.388664
1101,VE 3000 - LJUBLJANA CENTER,VO 3007 - LJUBLJANA CENTER,6,"OŠ Toneta Čufarja, Čufarjeva ul. 11, Ljubljana",798,348,0.4361,348,347,1,1.0,229,0.659942,118,0.340058
1102,VE 3000 - LJUBLJANA CENTER,VO 3007 - LJUBLJANA CENTER,7,"OŠ Toneta Čufarja, Čufarjeva ul. 11, Ljubljana",1342,575,0.4285,575,574,1,1.0,375,0.65331,199,0.34669
1103,VE 3000 - LJUBLJANA CENTER,VO 3007 - LJUBLJANA CENTER,8,"SZŠ Ljubljana, Poljanska c. 61, Ljubljana",1219,522,0.4282,522,520,2,1.0,341,0.655769,179,0.344231
1104,VE 3000 - LJUBLJANA CENTER,VO 3007 - LJUBLJANA CENTER,9,"OŠ Poljane, Zemljemerska ul. 7, Ljubljana",771,314,0.4073,314,314,0,1.0,190,0.605096,124,0.394904
1105,VE 3000 - LJUBLJANA CENTER,VO 3007 - LJUBLJANA CENTER,10,"OŠ Poljane, Zemljemerska ul. 7, Ljubljana",769,345,0.4486,345,344,1,1.0,209,0.607558,135,0.392442
1106,VE 3000 - LJUBLJANA CENTER,VO 3007 - LJUBLJANA CENTER,11,"OŠ Poljane, Zemljemerska ul. 7, Ljubljana",865,410,0.474,410,407,3,1.0,267,0.65602,140,0.34398
1107,VE 3000 - LJUBLJANA CENTER,VO 3007 - LJUBLJANA CENTER,13,"Vrtec Pod Gradom, Praprotnikova 2, Ljubljana",780,355,0.4551,355,354,1,1.0,240,0.677966,114,0.322034
1108,VE 3000 - LJUBLJANA CENTER,VO 3007 - LJUBLJANA CENTER,14,"Vrtec Pod Gradom, Praprotnikova 2, Ljubljana",785,360,0.4586,360,359,1,1.0,224,0.623955,135,0.376045
1109,VE 3000 - LJUBLJANA CENTER,VO 3007 - LJUBLJANA CENTER,15,"Info točka misija 100, Pogačarjev trg 3, Ljubljana",1451,372,0.2564,372,371,1,1.0,248,0.668464,123,0.331536
1110,VE 3000 - LJUBLJANA CENTER,VO 3007 - LJUBLJANA CENTER,16,"OŠ Vodmat, Potrčeva ul. 1, Ljubljana",870,385,0.4425,385,385,0,1.0,218,0.566234,167,0.433766
1111,VE 3000 - LJUBLJANA CENTER,VO 3007 - LJUBLJANA CENTER,17,"OŠ Vodmat, Potrčeva ul. 1, Ljubljana",670,292,0.4358,292,292,0,1.0,187,0.640411,105,0.359589
1112,VE 3000 - LJUBLJANA CENTER,VO 3007 - LJUBLJANA CENTER,18,"Prostori MOL, Rozmanova ul. 12, Ljubljana",861,395,0.4588,395,395,0,1.0,255,0.64557,140,0.35443
1113,VE 3000 - LJUBLJANA CENTER,VO 3007 - LJUBLJANA CENTER,19,"OŠ Toneta Čufarja, Čufarjeva ul. 11, Ljubljana",1048,440,0.4198,440,437,3,1.0,268,0.613272,169,0.386728
1114,VE 3000 - LJUBLJANA CENTER,VO 3007 - LJUBLJANA CENTER,20,"OŠ Majde Vrhovnik, Gregorčičeva ul. 16, Ljubljana",788,311,0.3947,311,310,1,1.0,185,0.596774,125,0.403226
1115,VE 3000 - LJUBLJANA CENTER,VO 3007 - LJUBLJANA CENTER,21,"SZŠ Ljubljana, Poljanska c. 61, Ljubljana",1058,469,0.4433,469,467,2,1.0,276,0.591006,191,0.408994
1116,VE 3000 - LJUBLJANA CENTER,VO 3007 - LJUBLJANA CENTER,901,Predčasno glasovanje,0,501,0.0,501,501,0,1.0,337,0.672655,164,0.327345
1117,VE 3000 - LJUBLJANA CENTER,VO 3007 - LJUBLJANA CENTER,997,Po pošti v Sloveniji OVK,0,27,0.0,27,27,0,1.0,13,0.481481,14,0.518519
1118,VE 3000 - LJUBLJANA CENTER,VO 3007 - LJUBLJANA CENTER,998,Po pošti v tujini OVK,0,15,0.0,15,15,0,1.0,13,0.866667,2,0.133333
1119,VE 3000 - LJUBLJANA CENTER,VO 3007 - LJUBLJANA CENTER,999,Posebni volilni imenik,4506,0,0.0,0,0,0,,0,0.0,0,0.0
1120,VE 3000 - LJUBLJANA CENTER,VO 3008 - LJUBLJANA ŠIŠKA 1,1,"OŠ Sp. Šiška, Gasilska c. 17",970,391,0.4031,391,391,0,1.0,269,0.68798,122,0.31202
1121,VE 3000 - LJUBLJANA CENTER,VO 3008 - LJUBLJANA ŠIŠKA 1,2,"OŠ Sp. Šiška, Gasilska c. 17",1294,553,0.4274,553,551,2,1.0,353,0.640653,198,0.359347
1122,VE 3000 - LJUBLJANA CENTER,VO 3008 - LJUBLJANA ŠIŠKA 1,5,"Gimnazija Ljubljana - Šiška, Aljaževa ul. 32",799,381,0.4768,381,381,0,1.0,260,0.682415,121,0.317585
1123,VE 3000 - LJUBLJANA CENTER,VO 3008 - LJUBLJANA ŠIŠKA 1,7,"Gimnazija Ljubljana - Šiška, Aljaževa ul. 32",648,320,0.4938,320,315,5,1.0,185,0.587302,130,0.412698
1124,VE 3000 - LJUBLJANA CENTER,VO 3008 - LJUBLJANA ŠIŠKA 1,8,"OŠ Sp. Šiška, Gasilska c. 17",349,122,0.3496,122,121,1,1.0,87,0.719008,34,0.280992
1125,VE 3000 - LJUBLJANA CENTER,VO 3008 - LJUBLJANA ŠIŠKA 1,9,"OŠ Riharda Jakopiča, Derčeva ul. 1",502,209,0.4163,209,209,0,1.0,143,0.684211,66,0.315789
1126,VE 3000 - LJUBLJANA CENTER,VO 3008 - LJUBLJANA ŠIŠKA 1,10,"OŠ Riharda Jakopiča, Derčeva ul. 1",424,161,0.3797,161,160,1,1.0,104,0.65,56,0.35
1127,VE 3000 - LJUBLJANA CENTER,VO 3008 - LJUBLJANA ŠIŠKA 1,11,"OŠ Sp. Šiška, Gasilska c. 17",445,166,0.373,166,166,0,1.0,110,0.662651,56,0.337349
1128,VE 3000 - LJUBLJANA CENTER,VO 3008 - LJUBLJANA ŠIŠKA 1,12,"OŠ Riharda Jakopiča, Derčeva ul. 1",978,412,0.4213,412,411,1,1.0,258,0.627737,153,0.372263
1129,VE 3000 - LJUBLJANA CENTER,VO 3008 - LJUBLJANA ŠIŠKA 1,14,"Vrtec Andersen, Derčeva ul. 10",794,332,0.4181,332,331,1,1.0,225,0.679758,106,0.320242
1130,VE 3000 - LJUBLJANA CENTER,VO 3008 - LJUBLJANA ŠIŠKA 1,16,"OŠ Valentina Vodnika, Adamičeva ul. 16",1087,482,0.4434,482,480,2,1.0,309,0.64375,171,0.35625
1131,VE 3000 - LJUBLJANA CENTER,VO 3008 - LJUBLJANA ŠIŠKA 1,18,"OŠ Riharda Jakopiča, Derčeva ul. 1",390,157,0.4026,157,157,0,1.0,95,0.605096,62,0.394904
1132,VE 3000 - LJUBLJANA CENTER,VO 3008 - LJUBLJANA ŠIŠKA 1,19,"OŠ Riharda Jakopiča, Derčeva ul. 1",1108,452,0.4079,452,450,2,1.0,290,0.644444,160,0.355556
1133,VE 3000 - LJUBLJANA CENTER,VO 3008 - LJUBLJANA ŠIŠKA 1,21,"Prostori MOL, Kebetova ul. 1",840,366,0.4357,366,364,2,1.0,235,0.645604,129,0.354396
1134,VE 3000 - LJUBLJANA CENTER,VO 3008 - LJUBLJANA ŠIŠKA 1,22,"Vrtec Najdihojca, Gorazdova ul. 6",693,315,0.4545,315,313,2,1.0,247,0.789137,66,0.210863
1135,VE 3000 - LJUBLJANA CENTER,VO 3008 - LJUBLJANA ŠIŠKA 1,23,"OŠ Valentina Vodnika, Adamičeva ul. 16",725,295,0.4069,295,294,1,1.0,206,0.70068,88,0.29932
1136,VE 3000 - LJUBLJANA CENTER,VO 3008 - LJUBLJANA ŠIŠKA 1,24,"OŠ Valentina Vodnika, Adamičeva ul. 16",628,281,0.4475,281,278,3,1.0,186,0.669065,92,0.330935
1137,VE 3000 - LJUBLJANA CENTER,VO 3008 - LJUBLJANA ŠIŠKA 1,901,Predčasno glasovanje,2,306,0.0,306,306,0,1.0,215,0.702614,91,0.297386
1138,VE 3000 - LJUBLJANA CENTER,VO 3008 - LJUBLJANA ŠIŠKA 1,997,Po pošti v Sloveniji OVK,0,18,0.0,18,18,0,1.0,10,0.555556,8,0.444444
1139,VE 3000 - LJUBLJANA CENTER,VO 3008 - LJUBLJANA ŠIŠKA 1,998,Po pošti v tujini OVK,0,0,0.0,0,0,0,,0,0.0,0,0.0
1140,VE 3000 - LJUBLJANA CENTER,VO 3008 - LJUBLJANA ŠIŠKA 1,999,Posebni volilni imenik,1226,0,0.0,0,0,0,,0,0.0,0,0.0
1141,VE 3000 - LJUBLJANA CENTER,VO 3009 - LJUBLJANA ŠIŠKA 2,1,"OŠ Valentina Vodnika, Adamičeva ul. 16",672,271,0.4033,271,267,4,1.0,168,0.629213,99,0.370787
1142,VE 3000 - LJUBLJANA CENTER,VO 3009 - LJUBLJANA ŠIŠKA 2,2,"OŠ Valentina Vodnika, Adamičeva ul. 16",402,188,0.4677,188,187,1,1.0,98,0.524064,89,0.475936
1143,VE 3000 - LJUBLJANA CENTER,VO 3009 - LJUBLJANA ŠIŠKA 2,3,"OŠ Koseze, Ledarska ul. 23",613,316,0.5155,316,315,1,1.0,219,0.695238,96,0.304762
1144,VE 3000 - LJUBLJANA CENTER,VO 3009 - LJUBLJANA ŠIŠKA 2,4,"OŠ Koseze, Ledarska ul. 23",669,324,0.4843,324,322,2,1.0,227,0.704969,95,0.295031
1145,VE 3000 - LJUBLJANA CENTER,VO 3009 - LJUBLJANA ŠIŠKA 2,5,"OŠ Koseze, Ledarska ul. 23",628,283,0.4506,283,282,1,1.0,198,0.702128,84,0.297872
1146,VE 3000 - LJUBLJANA CENTER,VO 3009 - LJUBLJANA ŠIŠKA 2,6,"OŠ Koseze, Ledarska ul. 23",637,341,0.5353,341,339,2,1.0,242,0.713864,97,0.286136
1147,VE 3000 - LJUBLJANA CENTER,VO 3009 - LJUBLJANA ŠIŠKA 2,7,"OŠ Koseze, Ledarska ul. 23",666,351,0.527,351,350,1,1.0,216,0.617143,134,0.382857
1148,VE 3000 - LJUBLJANA CENTER,VO 3009 - LJUBLJANA ŠIŠKA 2,8,"OŠ Koseze, Ledarska ul. 23",1574,782,0.4968,782,782,0,1.0,482,0.616368,300,0.383632
1149,VE 3000 - LJUBLJANA CENTER,VO 3009 - LJUBLJANA ŠIŠKA 2,9,"OŠ Hinka Smrekarja, Gorazdova ul. 16",901,311,0.3452,311,311,0,1.0,218,0.700965,93,0.299035
1150,VE 3000 - LJUBLJANA CENTER,VO 3009 - LJUBLJANA ŠIŠKA 2,10,"OŠ Hinka Smrekarja, Gorazdova ul. 16",879,387,0.4403,387,385,2,1.0,248,0.644156,137,0.355844
1151,VE 3000 - LJUBLJANA CENTER,VO 3009 - LJUBLJANA ŠIŠKA 2,11,"OŠ Hinka Smrekarja, Gorazdova ul. 16",1224,296,0.2418,296,295,1,1.0,212,0.718644,83,0.281356
1152,VE 3000 - LJUBLJANA CENTER,VO 3009 - LJUBLJANA ŠIŠKA 2,12,"OŠ Hinka Smrekarja, Gorazdova ul. 16",917,359,0.3915,359,357,2,1.0,215,0.602241,142,0.397759
1153,VE 3000 - LJUBLJANA CENTER,VO 3009 - LJUBLJANA ŠIŠKA 2,14,"OŠ Valentina Vodnika, Adamičeva ul. 16",985,425,0.4315,425,424,1,1.0,282,0.665094,142,0.334906
1154,VE 3000 - LJUBLJANA CENTER,VO 3009 - LJUBLJANA ŠIŠKA 2,16,"OŠ Valentina Vodnika, Adamičeva ul. 16",697,306,0.439,306,306,0,1.0,205,0.669935,101,0.330065
1155,VE 3000 - LJUBLJANA CENTER,VO 3009 - LJUBLJANA ŠIŠKA 2,17,"OŠ Dravlje, Klopčičeva ul. 1",630,250,0.3968,250,250,0,1.0,158,0.632,92,0.368
1156,VE 3000 - LJUBLJANA CENTER,VO 3009 - LJUBLJANA ŠIŠKA 2,18,"OŠ Dravlje, Klopčičeva ul. 1",640,265,0.4141,265,262,3,1.0,172,0.656489,90,0.343511
1157,VE 3000 - LJUBLJANA CENTER,VO 3009 - LJUBLJANA ŠIŠKA 2,19,"Dom starejših občanov Lj-Šiška, Kunaverjeva ul.15",1184,572,0.4831,572,571,1,1.0,317,0.555166,254,0.444834
1158,VE 3000 - LJUBLJANA CENTER,VO 3009 - LJUBLJANA ŠIŠKA 2,21,"INŠTITUT MONTESSORI, Ul. Ferda Kozaka 49",876,435,0.4966,435,434,1,1.0,266,0.612903,168,0.387097
1159,VE 3000 - LJUBLJANA CENTER,VO 3009 - LJUBLJANA ŠIŠKA 2,22,"INŠTITUT MONTESSORI, Ul. Ferda Kozaka 49",1334,642,0.4813,642,641,1,1.0,321,0.50078,320,0.49922
1160,VE 3000 - LJUBLJANA CENTER,VO 3009 - LJUBLJANA ŠIŠKA 2,23,"INŠTITUT MONTESSORI, Ul. Ferda Kozaka 49",889,438,0.4927,438,436,2,1.0,272,0.623853,164,0.376147
1161,VE 3000 - LJUBLJANA CENTER,VO 3009 - LJUBLJANA ŠIŠKA 2,901,Predčasno glasovanje,0,337,0.0,337,337,0,1.0,217,0.643917,120,0.356083
1162,VE 3000 - LJUBLJANA CENTER,VO 3009 - LJUBLJANA ŠIŠKA 2,997,Po pošti v Sloveniji OVK,0,25,0.0,25,25,0,1.0,9,0.36,16,0.64
1163,VE 3000 - LJUBLJANA CENTER,VO 3009 - LJUBLJANA ŠIŠKA 2,998,Po pošti v tujini OVK,0,0,0.0,0,0,0,,0,0.0,0,0.0
1164,VE 3000 - LJUBLJANA CENTER,VO 3009 - LJUBLJANA ŠIŠKA 2,999,Posebni volilni imenik,1161,0,0.0,0,0,0,,0,0.0,0,0.0
1165,VE 3000 - LJUBLJANA CENTER,VO 3010 - LJUBLJANA ŠIŠKA 3,1,"MOL - DK Dravlje, Draveljska ul. 44",1088,477,0.4384,477,475,2,1.0,266,0.56,209,0.44
1166,VE 3000 - LJUBLJANA CENTER,VO 3010 - LJUBLJANA ŠIŠKA 3,2,"MOL - DK Dravlje, Draveljska ul. 44",1062,416,0.3917,416,416,0,1.0,252,0.605769,164,0.394231
1167,VE 3000 - LJUBLJANA CENTER,VO 3010 - LJUBLJANA ŠIŠKA 3,3,"MOL - DK Dravlje, Draveljska ul. 44",849,327,0.3852,327,327,0,1.0,196,0.599388,131,0.400612
1168,VE 3000 - LJUBLJANA CENTER,VO 3010 - LJUBLJANA ŠIŠKA 3,4,"OŠ Koseze, Ledarska ul. 23",616,241,0.3912,241,241,0,1.0,145,0.60166,96,0.39834
1169,VE 3000 - LJUBLJANA CENTER,VO 3010 - LJUBLJANA ŠIŠKA 3,5,"OŠ Miška Kranjca, Kamnogoriška c. 35",1112,502,0.4514,502,500,2,1.0,311,0.622,189,0.378
1170,VE 3000 - LJUBLJANA CENTER,VO 3010 - LJUBLJANA ŠIŠKA 3,6,"OŠ Miška Kranjca, Kamnogoriška c. 35",894,416,0.4653,415,415,0,1.0,263,0.633735,152,0.366265
1171,VE 3000 - LJUBLJANA CENTER,VO 3010 - LJUBLJANA ŠIŠKA 3,7,"OŠ Miška Kranjca, Kamnogoriška c. 35",700,334,0.4771,334,333,1,1.0,195,0.585586,138,0.414414
1172,VE 3000 - LJUBLJANA CENTER,VO 3010 - LJUBLJANA ŠIŠKA 3,8,"PGD Ljubljana - Šentvid, Prušnikova ul. 57",1047,532,0.5081,532,531,1,1.0,333,0.627119,198,0.372881
1173,VE 3000 - LJUBLJANA CENTER,VO 3010 - LJUBLJANA ŠIŠKA 3,9,"MOL - LD Šentvid, Prušnikova ul. 99",928,415,0.4472,415,415,0,1.0,178,0.428916,237,0.571084
1174,VE 3000 - LJUBLJANA CENTER,VO 3010 - LJUBLJANA ŠIŠKA 3,10,"PGD Vižmarje - Brod, Vižmarska pot 9",936,477,0.5096,477,475,2,1.0,242,0.509474,233,0.490526
1175,VE 3000 - LJUBLJANA CENTER,VO 3010 - LJUBLJANA ŠIŠKA 3,11,"PGD Vižmarje - Brod, Vižmarska pot 9",653,297,0.4548,297,297,0,1.0,138,0.464646,159,0.535354
1176,VE 3000 - LJUBLJANA CENTER,VO 3010 - LJUBLJANA ŠIŠKA 3,12,"Prostori MOL, Na gmajni 1",1338,665,0.497,665,665,0,1.0,391,0.58797,274,0.41203
1177,VE 3000 - LJUBLJANA CENTER,VO 3010 - LJUBLJANA ŠIŠKA 3,13,"OŠ Vižmarje - Brod, Na gaju 2",597,297,0.4975,297,296,1,1.0,184,0.621622,112,0.378378
1178,VE 3000 - LJUBLJANA CENTER,VO 3010 - LJUBLJANA ŠIŠKA 3,14,"MOL - Služba za lokalno samoupravo, Kosijeva ul.1",1109,582,0.5248,582,581,1,1.0,306,0.526678,275,0.473322
1179,VE 3000 - LJUBLJANA CENTER,VO 3010 - LJUBLJANA ŠIŠKA 3,15,"MOL - LD Šentvid, Prušnikova ul. 99",804,289,0.3595,289,289,0,1.0,183,0.633218,106,0.366782
1180,VE 3000 - LJUBLJANA CENTER,VO 3010 - LJUBLJANA ŠIŠKA 3,16,"MOL - LD Šentvid, Prušnikova ul. 99",770,274,0.3558,274,271,3,1.0,156,0.575646,115,0.424354
1181,VE 3000 - LJUBLJANA CENTER,VO 3010 - LJUBLJANA ŠIŠKA 3,17,"OŠ Vižmarje - Brod, Na gaju 2",562,263,0.468,263,263,0,1.0,141,0.536122,122,0.463878
1182,VE 3000 - LJUBLJANA CENTER,VO 3010 - LJUBLJANA ŠIŠKA 3,18,"OŠ Vižmarje - Brod, Na gaju 2",653,379,0.5804,379,379,0,1.0,199,0.525066,180,0.474934
1183,VE 3000 - LJUBLJANA CENTER,VO 3010 - LJUBLJANA ŠIŠKA 3,901,Predčasno glasovanje,0,270,0.0,270,270,0,1.0,190,0.703704,80,0.296296
1184,VE 3000 - LJUBLJANA CENTER,VO 3010 - LJUBLJANA ŠIŠKA 3,997,Po pošti v Sloveniji OVK,0,16,0.0,16,16,0,1.0,4,0.25,12,0.75
1185,VE 3000 - LJUBLJANA CENTER,VO 3010 - LJUBLJANA ŠIŠKA 3,998,Po pošti v tujini OVK,0,0,0.0,0,0,0,,0,0.0,0,0.0
1186,VE 3000 - LJUBLJANA CENTER,VO 3010 - LJUBLJANA ŠIŠKA 3,999,Posebni volilni imenik,1033,0,0.0,0,0,0,,0,0.0,0,0.0
1187,VE 3000 - LJUBLJANA CENTER,VO 3011 - LJUBLJANA ŠIŠKA 4,1,"GD, Sp. Pirniče 7a, Medvode",1182,646,0.5465,646,640,6,1.0,325,0.507812,315,0.492188
1188,VE 3000 - LJUBLJANA CENTER,VO 3011 - LJUBLJANA ŠIŠKA 4,2,"DK, Zg. Pirniče 6, Medvode",794,392,0.4937,392,389,3,1.0,203,0.521851,186,0.478149
1189,VE 3000 - LJUBLJANA CENTER,VO 3011 - LJUBLJANA ŠIŠKA 4,3,"DK, Zg. Pirniče 6, Medvode",790,377,0.4772,377,377,0,1.0,190,0.503979,187,0.496021
1190,VE 3000 - LJUBLJANA CENTER,VO 3011 - LJUBLJANA ŠIŠKA 4,4,"DK Moše, Moše bš, Smlednik",236,136,0.5763,136,136,0,1.0,67,0.492647,69,0.507353
1191,VE 3000 - LJUBLJANA CENTER,VO 3011 - LJUBLJANA ŠIŠKA 4,5,"T.Z. Dragočajna - Moše, Dragočajna 14a, Smlednik",247,135,0.5466,135,135,0,1.0,68,0.503704,67,0.496296
1192,VE 3000 - LJUBLJANA CENTER,VO 3011 - LJUBLJANA ŠIŠKA 4,6,"OŠ S. Jenka, Smlednik 73, Smlednik",421,209,0.4964,209,207,2,1.0,87,0.42029,120,0.57971
1193,VE 3000 - LJUBLJANA CENTER,VO 3011 - LJUBLJANA ŠIŠKA 4,7,"KD Smlednik, Smlednik 55, Smlednik",448,202,0.4509,202,202,0,1.0,92,0.455446,110,0.544554
1194,VE 3000 - LJUBLJANA CENTER,VO 3011 - LJUBLJANA ŠIŠKA 4,8,"DK Hraše, Hraše bš, Smlednik",372,190,0.5108,190,190,0,1.0,82,0.431579,108,0.568421
1195,VE 3000 - LJUBLJANA CENTER,VO 3011 - LJUBLJANA ŠIŠKA 4,9,"PGD Zbilje, Zbilje 44, Medvode",706,341,0.483,341,341,0,1.0,168,0.492669,173,0.507331
1196,VE 3000 - LJUBLJANA CENTER,VO 3011 - LJUBLJANA ŠIŠKA 4,10,"Knjižnica Medvode, C. komand. Staneta 10, Medvode",500,161,0.322,161,161,0,1.0,85,0.52795,76,0.47205
1197,VE 3000 - LJUBLJANA CENTER,VO 3011 - LJUBLJANA ŠIŠKA 4,11,"Knjižnica Medvode, C. komand. Staneta 10, Medvode",511,146,0.2857,146,146,0,1.0,76,0.520548,70,0.479452
1198,VE 3000 - LJUBLJANA CENTER,VO 3011 - LJUBLJANA ŠIŠKA 4,12,"OŠ Medvode, Ostrovrharjeva ul. 4, Medvode",677,326,0.4815,326,325,1,1.0,192,0.590769,133,0.409231
1199,VE 3000 - LJUBLJANA CENTER,VO 3011 - LJUBLJANA ŠIŠKA 4,13,"OŠ Medvode, Ostrovrharjeva ul. 4, Medvode",811,324,0.3995,324,324,0,1.0,189,0.583333,135,0.416667
1200,VE 3000 - LJUBLJANA CENTER,VO 3011 - LJUBLJANA ŠIŠKA 4,14,"Vrtec Medvode Enota Senica, Zg. Senica 45,Medvode",679,331,0.4875,331,330,1,1.0,145,0.439394,185,0.560606
1201,VE 3000 - LJUBLJANA CENTER,VO 3011 - LJUBLJANA ŠIŠKA 4,15,"POŠ Topol, Topol 17, Medvode",231,113,0.4892,113,112,1,1.0,39,0.348214,73,0.651786
1202,VE 3000 - LJUBLJANA CENTER,VO 3011 - LJUBLJANA ŠIŠKA 4,16,"KS Trnovec, Trnovec 25c, Medvode",154,79,0.513,79,76,3,1.0,26,0.342105,50,0.657895
1203,VE 3000 - LJUBLJANA CENTER,VO 3011 - LJUBLJANA ŠIŠKA 4,17,"OŠ Preska, Preška c. 22, Medvode",669,279,0.417,279,277,2,1.0,136,0.490975,141,0.509025
1204,VE 3000 - LJUBLJANA CENTER,VO 3011 - LJUBLJANA ŠIŠKA 4,18,"OŠ Preska, Preška c. 22, Medvode",748,305,0.4078,305,304,1,1.0,138,0.453947,166,0.546053
1205,VE 3000 - LJUBLJANA CENTER,VO 3011 - LJUBLJANA ŠIŠKA 4,19,"OŠ Preska, Preška c. 22, Medvode",473,227,0.4799,227,224,3,1.0,82,0.366071,142,0.633929
1206,VE 3000 - LJUBLJANA CENTER,VO 3011 - LJUBLJANA ŠIŠKA 4,20,"OŠ Preska, Preška c. 22, Medvode",647,283,0.4374,283,283,0,1.0,130,0.459364,153,0.540636
1207,VE 3000 - LJUBLJANA CENTER,VO 3011 - LJUBLJANA ŠIŠKA 4,21,"POŠ Sora, Sora 1b, Medvode",804,372,0.4627,372,372,0,1.0,148,0.397849,224,0.602151
1208,VE 3000 - LJUBLJANA CENTER,VO 3011 - LJUBLJANA ŠIŠKA 4,22,"KS Vaše - Goričane, Goričane 39, Medvode",874,426,0.4874,426,419,7,1.0,209,0.498807,210,0.501193
1209,VE 3000 - LJUBLJANA CENTER,VO 3011 - LJUBLJANA ŠIŠKA 4,23,"ZDD Skaručna, Skaručna 42, Vodice",382,197,0.5157,197,197,0,1.0,82,0.416244,115,0.583756
1210,VE 3000 - LJUBLJANA CENTER,VO 3011 - LJUBLJANA ŠIŠKA 4,24,"PGD Repnje, Repnje 30, Vodice",375,182,0.4853,182,181,1,1.0,70,0.38674,111,0.61326
1211,VE 3000 - LJUBLJANA CENTER,VO 3011 - LJUBLJANA ŠIŠKA 4,25,"DK Vodice, Kopitarjev trg, Vodice",1368,733,0.5358,733,727,6,1.0,298,0.409904,429,0.590096
1212,VE 3000 - LJUBLJANA CENTER,VO 3011 - LJUBLJANA ŠIŠKA 4,26,"PGD Zapoge, Zapoge 2, Vodice",284,150,0.5282,150,149,1,1.0,67,0.449664,82,0.550336
1213,VE 3000 - LJUBLJANA CENTER,VO 3011 - LJUBLJANA ŠIŠKA 4,27,"PGD Polje, Polje 5a, Vodice",224,110,0.4911,110,110,0,1.0,53,0.481818,57,0.518182
1214,VE 3000 - LJUBLJANA CENTER,VO 3011 - LJUBLJANA ŠIŠKA 4,28,"PGD Bukovica - Utik, Utik 45, Vodice",736,415,0.5639,415,413,2,1.0,136,0.329298,277,0.670702
1215,VE 3000 - LJUBLJANA CENTER,VO 3011 - LJUBLJANA ŠIŠKA 4,29,"PGD Šinkov turn, Koseze 26, Vodice",649,388,0.5978,388,386,2,1.0,180,0.466321,206,0.533679
1216,VE 3000 - LJUBLJANA CENTER,VO 3011 - LJUBLJANA ŠIŠKA 4,30,"OŠ Šmartno, C. v Gameljne 7, Lj. Šmartno",724,318,0.4392,318,315,3,1.0,177,0.561905,138,0.438095
1217,VE 3000 - LJUBLJANA CENTER,VO 3011 - LJUBLJANA ŠIŠKA 4,31,"OŠ Šmartno, C. v Gameljne 7, Lj. Šmartno",1034,449,0.4342,449,447,2,1.0,233,0.521253,214,0.478747
1218,VE 3000 - LJUBLJANA CENTER,VO 3011 - LJUBLJANA ŠIŠKA 4,32,"OŠ Šmartno, C. v Gameljne 7, Lj. Šmartno",1154,606,0.5251,606,604,2,1.0,311,0.514901,293,0.485099
1219,VE 3000 - LJUBLJANA CENTER,VO 3011 - LJUBLJANA ŠIŠKA 4,33,"Dom gasilcev in krajanov Tacen, Pločanska ul. 8",1208,599,0.4959,599,597,2,1.0,320,0.536013,277,0.463987
1220,VE 3000 - LJUBLJANA CENTER,VO 3011 - LJUBLJANA ŠIŠKA 4,34,"GD Stanežiče, Stanežiče 64, Lj. Šentvid",723,369,0.5104,369,368,1,1.0,193,0.524457,175,0.475543
1221,VE 3000 - LJUBLJANA CENTER,VO 3011 - LJUBLJANA ŠIŠKA 4,35,"GD Medno, Medno 79, Lj. Šentvid",343,202,0.5889,202,201,1,1.0,101,0.502488,100,0.497512
1222,VE 3000 - LJUBLJANA CENTER,VO 3011 - LJUBLJANA ŠIŠKA 4,901,Predčasno glasovanje,0,470,0.0,470,469,1,1.0,260,0.554371,209,0.445629
1223,VE 3000 - LJUBLJANA CENTER,VO 3011 - LJUBLJANA ŠIŠKA 4,997,Po pošti v Sloveniji OVK,0,10,0.0,10,10,0,1.0,4,0.4,6,0.6
1224,VE 3000 - LJUBLJANA CENTER,VO 3011 - LJUBLJANA ŠIŠKA 4,998,Po pošti v tujini OVK,0,0,0.0,0,0,0,,0,0.0,0,0.0
1225,VE 3000 - LJUBLJANA CENTER,VO 3011 - LJUBLJANA ŠIŠKA 4,999,Posebni volilni imenik,872,0,0.0,0,0,0,,0,0.0,0,0.0
1226,VE 4000 - LJUBLJANA BEŽIGRAD,VO 4000 - LJUBLJANA BEŽIGRAD,9704000,OMNIA od: 4000,0,0,0.0,0,0,0,,0,0.0,0,0.0
1227,VE 4000 - LJUBLJANA BEŽIGRAD,VO 4000 - LJUBLJANA BEŽIGRAD,9974000,Po pošti v Sloveniji VKVE,0,46,0.0,44,44,0,1.0,21,0.477273,23,0.522727
1228,VE 4000 - LJUBLJANA BEŽIGRAD,VO 4000 - LJUBLJANA BEŽIGRAD,9984000,Po pošti v tujini VKVE,0,44,0.0,44,44,0,1.0,28,0.636364,16,0.363636
1229,VE 4000 - LJUBLJANA BEŽIGRAD,VO 4001 - KOČEVJE,1,"Polom, Polom bš - VD",46,19,0.413,19,19,0,1.0,3,0.157895,16,0.842105
1230,VE 4000 - LJUBLJANA BEŽIGRAD,VO 4001 - KOČEVJE,3,"Prostori občine Kočevje, Ljubljanska c. 26",1419,351,0.2474,351,349,2,1.0,195,0.558739,154,0.441261
1231,VE 4000 - LJUBLJANA BEŽIGRAD,VO 4001 - KOČEVJE,5,"Avla gimnazije, Ljubljanska c. 12, Kočevje",804,196,0.2438,195,194,1,1.0,96,0.494845,98,0.505155
1232,VE 4000 - LJUBLJANA BEŽIGRAD,VO 4001 - KOČEVJE,8,"Prostori Komunale Kočevje, Tesarska ul. 10",368,102,0.2772,102,102,0,1.0,35,0.343137,67,0.656863
1233,VE 4000 - LJUBLJANA BEŽIGRAD,VO 4001 - KOČEVJE,9,"v Kočevju, Roška cesta 10 - GD",284,80,0.2817,80,79,1,1.0,46,0.582278,33,0.417722
1234,VE 4000 - LJUBLJANA BEŽIGRAD,VO 4001 - KOČEVJE,10,"Prostori KS Kočevje mesto, Trg svetega Jerneja 2",656,164,0.25,164,163,1,1.0,73,0.447853,90,0.552147
1235,VE 4000 - LJUBLJANA BEŽIGRAD,VO 4001 - KOČEVJE,11,"Reška c. 16 - GŠ, Kočevje",333,110,0.3303,110,109,1,1.0,59,0.541284,50,0.458716
1236,VE 4000 - LJUBLJANA BEŽIGRAD,VO 4001 - KOČEVJE,13,"Šeškov dom , Prešernova ul. 11, Kočevje",1107,377,0.3406,377,376,1,1.0,214,0.569149,162,0.430851
1237,VE 4000 - LJUBLJANA BEŽIGRAD,VO 4001 - KOČEVJE,14,Trata XIV 6a-prostori Podjetniškega inkubatorja,654,201,0.3073,201,201,0,1.0,102,0.507463,99,0.492537
1238,VE 4000 - LJUBLJANA BEŽIGRAD,VO 4001 - KOČEVJE,15,Mahovnik 37 - GD,267,90,0.3371,90,90,0,1.0,46,0.511111,44,0.488889
1239,VE 4000 - LJUBLJANA BEŽIGRAD,VO 4001 - KOČEVJE,17,Šalka vas 50b - GD,1123,372,0.3313,372,372,0,1.0,220,0.591398,152,0.408602
1240,VE 4000 - LJUBLJANA BEŽIGRAD,VO 4001 - KOČEVJE,18,Željne 12b - VD,440,126,0.2864,126,126,0,1.0,49,0.388889,77,0.611111
1241,VE 4000 - LJUBLJANA BEŽIGRAD,VO 4001 - KOČEVJE,19,Klinja vas 46 - GD,175,73,0.4171,73,72,1,1.0,40,0.555556,32,0.444444
1242,VE 4000 - LJUBLJANA BEŽIGRAD,VO 4001 - KOČEVJE,20,Cvišlerji bš - VD,216,63,0.2917,63,63,0,1.0,40,0.634921,23,0.365079
1243,VE 4000 - LJUBLJANA BEŽIGRAD,VO 4001 - KOČEVJE,21,Koprivnik 31 - GD,83,17,0.2048,17,17,0,1.0,6,0.352941,11,0.647059
1244,VE 4000 - LJUBLJANA BEŽIGRAD,VO 4001 - KOČEVJE,22,Stara Cerkev 21 - OŠ,831,250,0.3008,250,250,0,1.0,118,0.472,132,0.528
1245,VE 4000 - LJUBLJANA BEŽIGRAD,VO 4001 - KOČEVJE,23,Koblarji bš - VD,260,90,0.3462,90,90,0,1.0,43,0.477778,47,0.522222
1246,VE 4000 - LJUBLJANA BEŽIGRAD,VO 4001 - KOČEVJE,24,Dolnje Ložine 1a - GD,273,88,0.3223,88,88,0,1.0,40,0.454545,48,0.545455
1247,VE 4000 - LJUBLJANA BEŽIGRAD,VO 4001 - KOČEVJE,25,Slovenska vas - Vaški dom,518,207,0.3996,207,206,1,1.0,73,0.354369,133,0.645631
1248,VE 4000 - LJUBLJANA BEŽIGRAD,VO 4001 - KOČEVJE,26,Stari log bš - VD,124,19,0.1532,19,19,0,1.0,2,0.105263,17,0.894737
1249,VE 4000 - LJUBLJANA BEŽIGRAD,VO 4001 - KOČEVJE,27,"Dolga vas, Kočevska cesta 30 - GD",683,252,0.369,252,251,1,1.0,151,0.601594,100,0.398406
1250,VE 4000 - LJUBLJANA BEŽIGRAD,VO 4001 - KOČEVJE,28,Livold 18d - PD,356,115,0.323,115,115,0,1.0,67,0.582609,48,0.417391
1251,VE 4000 - LJUBLJANA BEŽIGRAD,VO 4001 - KOČEVJE,29,"v Črnem Potoku, Črni potok pri Kočevju 1 - VD",148,58,0.3919,58,58,0,1.0,24,0.413793,34,0.586207
1252,VE 4000 - LJUBLJANA BEŽIGRAD,VO 4001 - KOČEVJE,30,Mozelj 4a - GD,223,73,0.3274,73,73,0,1.0,19,0.260274,54,0.739726
1253,VE 4000 - LJUBLJANA BEŽIGRAD,VO 4001 - KOČEVJE,33,Predgrad 41 - GD,261,94,0.3602,94,93,1,1.0,33,0.354839,60,0.645161
1254,VE 4000 - LJUBLJANA BEŽIGRAD,VO 4001 - KOČEVJE,35,Kočevska Reka 5 - KD,282,71,0.2518,71,71,0,1.0,29,0.408451,42,0.591549
1255,VE 4000 - LJUBLJANA BEŽIGRAD,VO 4001 - KOČEVJE,37,Štalcerji 10a - GD,236,92,0.3898,92,92,0,1.0,53,0.576087,39,0.423913
1256,VE 4000 - LJUBLJANA BEŽIGRAD,VO 4001 - KOČEVJE,38,Morava 14a - GD,118,38,0.322,38,38,0,1.0,18,0.473684,20,0.526316
1257,VE 4000 - LJUBLJANA BEŽIGRAD,VO 4001 - KOČEVJE,39,Banja Loka 7 - prostori Župnije Banja Loka,140,57,0.4071,57,57,0,1.0,24,0.421053,33,0.578947
1258,VE 4000 - LJUBLJANA BEŽIGRAD,VO 4001 - KOČEVJE,40,Vrh pri Fari 1 - Lukčeva domačija,102,41,0.402,41,41,0,1.0,18,0.439024,23,0.560976
1259,VE 4000 - LJUBLJANA BEŽIGRAD,VO 4001 - KOČEVJE,41,Vas 1 - GD,241,77,0.3195,77,77,0,1.0,35,0.454545,42,0.545455
1260,VE 4000 - LJUBLJANA BEŽIGRAD,VO 4001 - KOČEVJE,42,Kuželj 24a - GD,44,20,0.4545,20,20,0,1.0,4,0.2,16,0.8
1261,VE 4000 - LJUBLJANA BEŽIGRAD,VO 4001 - KOČEVJE,47,Osilnica 11b - Kulturno turis. center Peter Klepec,303,82,0.2706,82,82,0,1.0,38,0.463415,44,0.536585
1262,VE 4000 - LJUBLJANA BEŽIGRAD,VO 4001 - KOČEVJE,901,Predčasno glasovanje,0,342,0.0,342,341,1,1.0,226,0.662757,115,0.337243
1263,VE 4000 - LJUBLJANA BEŽIGRAD,VO 4001 - KOČEVJE,970,OMNIA od: 4001,0,13,0.0,13,13,0,1.0,7,0.538462,6,0.461538
1264,VE 4000 - LJUBLJANA BEŽIGRAD,VO 4001 - KOČEVJE,997,Po pošti v Sloveniji OVK,0,0,0.0,0,0,0,,0,0.0,0,0.0
1265,VE 4000 - LJUBLJANA BEŽIGRAD,VO 4001 - KOČEVJE,998,Po pošti v tujini OVK,0,0,0.0,0,0,0,,0,0.0,0,0.0
1266,VE 4000 - LJUBLJANA BEŽIGRAD,VO 4001 - KOČEVJE,999,Posebni volilni imenik,973,0,0.0,0,0,0,,0,0.0,0,0.0
1267,VE 4000 - LJUBLJANA BEŽIGRAD,VO 4002 - RIBNICA-DOBREPOLJE,1,"GASILSKI DOM Retje, Retje 55a, Loški Potok",333,174,0.5225,174,172,2,1.0,29,0.168605,143,0.831395
1268,VE 4000 - LJUBLJANA BEŽIGRAD,VO 4002 - RIBNICA-DOBREPOLJE,2,"Večnamenski objekt Hrib, Hrib 19a, Loški Potok",370,140,0.3784,140,140,0,1.0,43,0.307143,97,0.692857
1269,VE 4000 - LJUBLJANA BEŽIGRAD,VO 4002 - RIBNICA-DOBREPOLJE,3,"Gostilna ""Pri Kapcu"", Travnik 74, Loški Potok",267,88,0.3296,88,88,0,1.0,30,0.340909,58,0.659091
1270,VE 4000 - LJUBLJANA BEŽIGRAD,VO 4002 - RIBNICA-DOBREPOLJE,4,"Gasilski dom Mali Log, Mali Log 9",170,80,0.4706,80,78,2,1.0,33,0.423077,45,0.576923
1271,VE 4000 - LJUBLJANA BEŽIGRAD,VO 4002 - RIBNICA-DOBREPOLJE,5,"Dom krajanov, Podpreska 3a, Draga",160,59,0.3688,59,59,0,1.0,25,0.423729,34,0.576271
1272,VE 4000 - LJUBLJANA BEŽIGRAD,VO 4002 - RIBNICA-DOBREPOLJE,6,"Gasilski dom Trava, Trava 14, Draga",106,29,0.2736,29,29,0,1.0,9,0.310345,20,0.689655
1273,VE 4000 - LJUBLJANA BEŽIGRAD,VO 4002 - RIBNICA-DOBREPOLJE,7,"Gasilski dom Novi Kot, Draga",51,19,0.3725,19,19,0,1.0,8,0.421053,11,0.578947
1274,VE 4000 - LJUBLJANA BEŽIGRAD,VO 4002 - RIBNICA-DOBREPOLJE,8,"Glasbena šola, Kolodvorska ul. 10, Ribnica",481,150,0.3119,150,149,1,1.0,62,0.416107,87,0.583893
1275,VE 4000 - LJUBLJANA BEŽIGRAD,VO 4002 - RIBNICA-DOBREPOLJE,9,"Športni center Ribnica, Majnikova 2, Ribnica",561,176,0.3137,176,176,0,1.0,90,0.511364,86,0.488636
1276,VE 4000 - LJUBLJANA BEŽIGRAD,VO 4002 - RIBNICA-DOBREPOLJE,10,"ROKODELSKI CENTER (A) C. na Ugar 6, Ribnica",481,197,0.4096,197,196,1,1.0,65,0.331633,131,0.668367
1277,VE 4000 - LJUBLJANA BEŽIGRAD,VO 4002 - RIBNICA-DOBREPOLJE,11,"OŠ Ribnica, Šolska ul. 2, Ribnica",663,274,0.4133,274,274,0,1.0,100,0.364964,174,0.635036
1278,VE 4000 - LJUBLJANA BEŽIGRAD,VO 4002 - RIBNICA-DOBREPOLJE,12,"ROKODELSKI CENTER (B), C. na Ugar 6, Ribnica",399,141,0.3534,141,141,0,1.0,51,0.361702,90,0.638298
1279,VE 4000 - LJUBLJANA BEŽIGRAD,VO 4002 - RIBNICA-DOBREPOLJE,14,"Gostilna pri Andoljšku,Hrovača 30, Ribnica",288,118,0.4097,118,116,2,1.0,38,0.327586,78,0.672414
1280,VE 4000 - LJUBLJANA BEŽIGRAD,VO 4002 - RIBNICA-DOBREPOLJE,15,"Gasilski dom, Goriča vas 68a, Ribnica",320,167,0.5219,167,167,0,1.0,19,0.113772,148,0.886228
1281,VE 4000 - LJUBLJANA BEŽIGRAD,VO 4002 - RIBNICA-DOBREPOLJE,16,"Gasilski dom, Nemška vas 22, Ribnica",188,118,0.6277,118,118,0,1.0,27,0.228814,91,0.771186
1282,VE 4000 - LJUBLJANA BEŽIGRAD,VO 4002 - RIBNICA-DOBREPOLJE,18,"Gasilski dom, Lipovec 43, Dolenja vas",216,94,0.4352,94,94,0,1.0,18,0.191489,76,0.808511
1283,VE 4000 - LJUBLJANA BEŽIGRAD,VO 4002 - RIBNICA-DOBREPOLJE,19,"GASILSKI DOM, Prigorica 38, Dolenja vas",309,159,0.5146,159,159,0,1.0,33,0.207547,126,0.792453
1284,VE 4000 - LJUBLJANA BEŽIGRAD,VO 4002 - RIBNICA-DOBREPOLJE,20,"GASILSKI DOM, Lončarska ul. 66, Dolenja vas",245,119,0.4857,119,119,0,1.0,19,0.159664,100,0.840336
1285,VE 4000 - LJUBLJANA BEŽIGRAD,VO 4002 - RIBNICA-DOBREPOLJE,21,"OŠ Dolenja vas, Šolska ul. 9, Dolenja vas",325,162,0.4985,162,162,0,1.0,50,0.308642,112,0.691358
1286,VE 4000 - LJUBLJANA BEŽIGRAD,VO 4002 - RIBNICA-DOBREPOLJE,22,"Gasilski dom, Rakitnica 6a, Dolenja vas",257,145,0.5642,145,145,0,1.0,30,0.206897,115,0.793103
1287,VE 4000 - LJUBLJANA BEŽIGRAD,VO 4002 - RIBNICA-DOBREPOLJE,23,"Gasilski dom, Grčarice 3, Dolenja vas",134,49,0.3657,49,48,1,1.0,26,0.541667,22,0.458333
1288,VE 4000 - LJUBLJANA BEŽIGRAD,VO 4002 - RIBNICA-DOBREPOLJE,24,"Gasilski dom, Jurjevica 37 a, Ribnica",259,122,0.471,122,122,0,1.0,19,0.155738,103,0.844262
1289,VE 4000 - LJUBLJANA BEŽIGRAD,VO 4002 - RIBNICA-DOBREPOLJE,25,"Gostišče Makšar, Breže 18a,Ribnica",126,67,0.5317,67,67,0,1.0,13,0.19403,54,0.80597
1290,VE 4000 - LJUBLJANA BEŽIGRAD,VO 4002 - RIBNICA-DOBREPOLJE,27,"DOM DRUŠTVA VETER, Breg 17, Ribnica",570,250,0.4386,250,249,1,1.0,72,0.289157,177,0.710843
1291,VE 4000 - LJUBLJANA BEŽIGRAD,VO 4002 - RIBNICA-DOBREPOLJE,28,"Gasilski dom, Dolenji Lazi 2a, Ribnica",248,136,0.5484,136,134,2,1.0,32,0.238806,102,0.761194
1292,VE 4000 - LJUBLJANA BEŽIGRAD,VO 4002 - RIBNICA-DOBREPOLJE,29,"GOSTIŠČE VRBA, Žlebič 15a, 1310 Ribnica",308,200,0.6494,200,199,1,1.0,38,0.190955,161,0.809045
1293,VE 4000 - LJUBLJANA BEŽIGRAD,VO 4002 - RIBNICA-DOBREPOLJE,30,"OŠ Sušje, Sušje 2, Ribnica",94,69,0.734,69,69,0,1.0,7,0.101449,62,0.898551
1294,VE 4000 - LJUBLJANA BEŽIGRAD,VO 4002 - RIBNICA-DOBREPOLJE,31,"Gasilski dom, Sajevec, Ribnica",119,56,0.4706,56,56,0,1.0,8,0.142857,48,0.857143
1295,VE 4000 - LJUBLJANA BEŽIGRAD,VO 4002 - RIBNICA-DOBREPOLJE,32,"Gasilski dom, Bukovica 12,Ribnica",131,64,0.4885,64,64,0,1.0,16,0.25,48,0.75
1296,VE 4000 - LJUBLJANA BEŽIGRAD,VO 4002 - RIBNICA-DOBREPOLJE,33,"Šola Velike Poljane, Velike Poljane 45, Ortnek",148,91,0.6149,91,91,0,1.0,21,0.230769,70,0.769231
1297,VE 4000 - LJUBLJANA BEŽIGRAD,VO 4002 - RIBNICA-DOBREPOLJE,34,"GOSTILNA MATJAK, Ortnek 2, 1316 Ortnek",103,51,0.4951,51,51,0,1.0,11,0.215686,40,0.784314
1298,VE 4000 - LJUBLJANA BEŽIGRAD,VO 4002 - RIBNICA-DOBREPOLJE,35,"Gasilski dom, Sveti Gregor 17, Ortnek",344,201,0.5843,201,199,2,1.0,18,0.090452,181,0.909548
1299,VE 4000 - LJUBLJANA BEŽIGRAD,VO 4002 - RIBNICA-DOBREPOLJE,36,"A MI GO, d.o.o., Vinice 8, Sodražica",102,60,0.5882,60,60,0,1.0,16,0.266667,44,0.733333
1300,VE 4000 - LJUBLJANA BEŽIGRAD,VO 4002 - RIBNICA-DOBREPOLJE,37,"Gasilski dom, Zapotok 2, Ribnica",145,76,0.5241,76,75,1,1.0,17,0.226667,58,0.773333
1301,VE 4000 - LJUBLJANA BEŽIGRAD,VO 4002 - RIBNICA-DOBREPOLJE,38,"Pri JOŽETU LUŠINU, Lipovšica 1, Sodražica",91,58,0.6374,58,58,0,1.0,19,0.327586,39,0.672414
1302,VE 4000 - LJUBLJANA BEŽIGRAD,VO 4002 - RIBNICA-DOBREPOLJE,39,"Gasilski dom, Zamostec 8a, Sodražica",202,99,0.4901,99,99,0,1.0,25,0.252525,74,0.747475
1303,VE 4000 - LJUBLJANA BEŽIGRAD,VO 4002 - RIBNICA-DOBREPOLJE,40,"OŠ Sodražica, CNO 10, Sodražica",324,167,0.5154,167,167,0,1.0,49,0.293413,118,0.706587
1304,VE 4000 - LJUBLJANA BEŽIGRAD,VO 4002 - RIBNICA-DOBREPOLJE,41,"Gasilski dom, Trg 25. maja 5, Sodražica",359,198,0.5515,198,198,0,1.0,63,0.318182,135,0.681818
1305,VE 4000 - LJUBLJANA BEŽIGRAD,VO 4002 - RIBNICA-DOBREPOLJE,42,"Gasilski dom, Žimarice 76, Sodražica",216,107,0.4954,107,107,0,1.0,10,0.093458,97,0.906542
1306,VE 4000 - LJUBLJANA BEŽIGRAD,VO 4002 - RIBNICA-DOBREPOLJE,43,"Pri Mirku Oražmu, Globel 8, Sodražica",96,69,0.7188,69,69,0,1.0,4,0.057971,65,0.942029
1307,VE 4000 - LJUBLJANA BEŽIGRAD,VO 4002 - RIBNICA-DOBREPOLJE,44,"PRI MIHAELU ŠEGI, Podklanec 22, 1317 Sodražica",106,79,0.7453,79,79,0,1.0,13,0.164557,66,0.835443
1308,VE 4000 - LJUBLJANA BEŽIGRAD,VO 4002 - RIBNICA-DOBREPOLJE,45,"TŠD Gora, Petrinci 10a, Sodražica",120,51,0.425,51,51,0,1.0,14,0.27451,37,0.72549
1309,VE 4000 - LJUBLJANA BEŽIGRAD,VO 4002 - RIBNICA-DOBREPOLJE,46,"Jakličev dom, Videm 34, Videm Dobrepolje",1191,561,0.471,561,557,4,1.0,106,0.190305,451,0.809695
1310,VE 4000 - LJUBLJANA BEŽIGRAD,VO 4002 - RIBNICA-DOBREPOLJE,47,"Gasilski dom, Hočevje 19, Krka",146,78,0.5342,78,78,0,1.0,43,0.551282,35,0.448718
1311,VE 4000 - LJUBLJANA BEŽIGRAD,VO 4002 - RIBNICA-DOBREPOLJE,48,"Vaški prostor, Predstruge 60, Videm Dobrepolje",457,227,0.4967,227,227,0,1.0,71,0.312775,156,0.687225
1312,VE 4000 - LJUBLJANA BEŽIGRAD,VO 4002 - RIBNICA-DOBREPOLJE,49,"Gasilski dom, Kompolje 60, Videm Dobrepolje",381,210,0.5512,210,209,1,1.0,45,0.215311,164,0.784689
1313,VE 4000 - LJUBLJANA BEŽIGRAD,VO 4002 - RIBNICA-DOBREPOLJE,50,"PRIZMA PONIKVE, Ponikve 76, Videm Dobrepolje",355,179,0.5042,179,179,0,1.0,54,0.301676,125,0.698324
1314,VE 4000 - LJUBLJANA BEŽIGRAD,VO 4002 - RIBNICA-DOBREPOLJE,51,"OŠ Struge, Lipa 16, Struge",419,232,0.5537,232,232,0,1.0,29,0.125,203,0.875
1315,VE 4000 - LJUBLJANA BEŽIGRAD,VO 4002 - RIBNICA-DOBREPOLJE,901,"Predčasno volišče - UPRAVNA ENOTA RIBNICA, Gorenjska cesta 9, Ribnica",0,314,0.0,314,313,1,1.0,137,0.4377,176,0.5623
1316,VE 4000 - LJUBLJANA BEŽIGRAD,VO 4002 - RIBNICA-DOBREPOLJE,902,"Predčasno volišče - JAKLIČEV DOM, Videm 34, Videm Dobrepolje",0,81,0.0,81,81,0,1.0,22,0.271605,59,0.728395
1317,VE 4000 - LJUBLJANA BEŽIGRAD,VO 4002 - RIBNICA-DOBREPOLJE,970,OMNIA od: 4002,0,15,0.0,15,15,0,1.0,13,0.866667,2,0.133333
1318,VE 4000 - LJUBLJANA BEŽIGRAD,VO 4002 - RIBNICA-DOBREPOLJE,997,Po pošti v Sloveniji OVK,0,0,0.0,0,0,0,,0,0.0,0,0.0
1319,VE 4000 - LJUBLJANA BEŽIGRAD,VO 4002 - RIBNICA-DOBREPOLJE,998,Po pošti v tujini OVK,0,0,0.0,0,0,0,,0,0.0,0,0.0
1320,VE 4000 - LJUBLJANA BEŽIGRAD,VO 4002 - RIBNICA-DOBREPOLJE,999,Posebni volilni imenik,1129,0,0.0,0,0,0,,0,0.0,0,0.0
1321,VE 4000 - LJUBLJANA BEŽIGRAD,VO 4003 - GROSUPLJE,1,"DD Grosuplje I., Taborska c. 1",1155,447,0.387,447,446,1,1.0,193,0.432735,253,0.567265
1322,VE 4000 - LJUBLJANA BEŽIGRAD,VO 4003 - GROSUPLJE,2,"DD Grosuplje II., Taborska c. 1",1063,366,0.3443,366,364,2,1.0,192,0.527473,172,0.472527
1323,VE 4000 - LJUBLJANA BEŽIGRAD,VO 4003 - GROSUPLJE,3,"OŠ Louisa Adamiča I, Tovarniška c. 14",835,404,0.4838,404,404,0,1.0,129,0.319307,275,0.680693
1324,VE 4000 - LJUBLJANA BEŽIGRAD,VO 4003 - GROSUPLJE,4,"OŠ Brinje, Ljubljanska c. 40a",1167,495,0.4242,495,494,1,1.0,230,0.465587,264,0.534413
1325,VE 4000 - LJUBLJANA BEŽIGRAD,VO 4003 - GROSUPLJE,5,"DO Grosuplje, Ob Grosupeljščici 1b",1291,619,0.4795,619,619,0,1.0,309,0.499192,310,0.500808
1326,VE 4000 - LJUBLJANA BEŽIGRAD,VO 4003 - GROSUPLJE,6,"GD Mala Ilova Gora, Mala Ilova Gora 21",162,84,0.5185,84,83,1,1.0,19,0.228916,64,0.771084
1327,VE 4000 - LJUBLJANA BEŽIGRAD,VO 4003 - GROSUPLJE,7,"GD Veliko Mlačevo, Veliko Mlačevo 6a",853,396,0.4642,396,396,0,1.0,119,0.300505,277,0.699495
1328,VE 4000 - LJUBLJANA BEŽIGRAD,VO 4003 - GROSUPLJE,8,"GD Polica, Polica 41",739,354,0.479,354,353,1,1.0,108,0.305949,245,0.694051
1329,VE 4000 - LJUBLJANA BEŽIGRAD,VO 4003 - GROSUPLJE,9,"DD Račna, Velika Račna 24b",614,333,0.5423,333,333,0,1.0,82,0.246246,251,0.753754
1330,VE 4000 - LJUBLJANA BEŽIGRAD,VO 4003 - GROSUPLJE,10,"ZDD SPODNJA SLIVNICA, Spodnja Slivnica 16",433,232,0.5358,232,232,0,1.0,80,0.344828,152,0.655172
1331,VE 4000 - LJUBLJANA BEŽIGRAD,VO 4003 - GROSUPLJE,11,"KS Škocjan, Škocjan 20",383,186,0.4856,186,185,1,1.0,78,0.421622,107,0.578378
1332,VE 4000 - LJUBLJANA BEŽIGRAD,VO 4003 - GROSUPLJE,12,"GD Ponova vas, Ponova vas 27",511,232,0.454,232,232,0,1.0,57,0.24569,175,0.75431
1333,VE 4000 - LJUBLJANA BEŽIGRAD,VO 4003 - GROSUPLJE,13,"OŠ Št. Jurij, Št. Jurij 14",1047,473,0.4518,473,470,3,1.0,137,0.291489,333,0.708511
1334,VE 4000 - LJUBLJANA BEŽIGRAD,VO 4003 - GROSUPLJE,14,"Podružnična šola Žalna, Žalna 1",629,364,0.5787,364,362,2,1.0,79,0.218232,283,0.781768
1335,VE 4000 - LJUBLJANA BEŽIGRAD,VO 4003 - GROSUPLJE,15,"GD Luče, Luče 22a",249,134,0.5382,134,134,0,1.0,31,0.231343,103,0.768657
1336,VE 4000 - LJUBLJANA BEŽIGRAD,VO 4003 - GROSUPLJE,16,"OŠ Šmarje-Sap I., Ljubljanska c. 49",1018,476,0.4676,476,476,0,1.0,184,0.386555,292,0.613445
1337,VE 4000 - LJUBLJANA BEŽIGRAD,VO 4003 - GROSUPLJE,17,"OŠ Šmarje-Sap II., Ljubljanska c. 49",686,317,0.4621,317,314,3,1.0,148,0.471338,166,0.528662
1338,VE 4000 - LJUBLJANA BEŽIGRAD,VO 4003 - GROSUPLJE,18,"OŠ Šmarje-Sap III., Ljubljanska c. 49",946,438,0.463,438,436,2,1.0,173,0.396789,263,0.603211
1339,VE 4000 - LJUBLJANA BEŽIGRAD,VO 4003 - GROSUPLJE,61,"OŠ Louisa Adamiča II, Tovarniška c. 14",968,456,0.4711,456,453,3,1.0,120,0.264901,333,0.735099
1340,VE 4000 - LJUBLJANA BEŽIGRAD,VO 4003 - GROSUPLJE,62,"OŠ Polica, Polica 200",729,331,0.454,331,329,2,1.0,120,0.364742,209,0.635258
1341,VE 4000 - LJUBLJANA BEŽIGRAD,VO 4003 - GROSUPLJE,901,Predčasno glasovanje,0,476,0.0,476,475,1,1.0,233,0.490526,242,0.509474
1342,VE 4000 - LJUBLJANA BEŽIGRAD,VO 4003 - GROSUPLJE,970,OMNIA od: 4003,0,73,0.0,73,73,0,1.0,26,0.356164,47,0.643836
1343,VE 4000 - LJUBLJANA BEŽIGRAD,VO 4003 - GROSUPLJE,997,Po pošti v Sloveniji OVK,0,0,0.0,0,0,0,,0,0.0,0,0.0
1344,VE 4000 - LJUBLJANA BEŽIGRAD,VO 4003 - GROSUPLJE,998,Po pošti v tujini OVK,0,0,0.0,0,0,0,,0,0.0,0,0.0
1345,VE 4000 - LJUBLJANA BEŽIGRAD,VO 4003 - GROSUPLJE,999,Posebni volilni imenik,855,0,0.0,0,0,0,,0,0.0,0,0.0
1346,VE 4000 - LJUBLJANA BEŽIGRAD,VO 4004 - IVANČNA GORICA,1,"ZADRUŽNI HRAM I., C. 2. grupe odr. 17, Iv. Gorica",749,337,0.4499,337,335,2,1.0,110,0.328358,225,0.671642
1347,VE 4000 - LJUBLJANA BEŽIGRAD,VO 4004 - IVANČNA GORICA,2,"ZADRUŽNI HRAM II., C. 2.grupe odr. 17, Iv. Gorica",749,287,0.3832,287,286,1,1.0,97,0.339161,189,0.660839
1348,VE 4000 - LJUBLJANA BEŽIGRAD,VO 4004 - IVANČNA GORICA,3,"ZD IV. GORICA, C. 2.grupe odr. 16a, Iv. Gorica",768,332,0.4323,332,331,1,1.0,111,0.335347,220,0.664653
1349,VE 4000 - LJUBLJANA BEŽIGRAD,VO 4004 - IVANČNA GORICA,4,"KD MULJAVA, Muljava 20",743,381,0.5128,381,380,1,1.0,109,0.286842,271,0.713158
1350,VE 4000 - LJUBLJANA BEŽIGRAD,VO 4004 - IVANČNA GORICA,5,"GD STIČNA I., Stična 144",864,435,0.5035,435,434,1,1.0,129,0.297235,305,0.702765
1351,VE 4000 - LJUBLJANA BEŽIGRAD,VO 4004 - IVANČNA GORICA,6,"GD METNAJ, Metnaj 2",461,232,0.5033,232,231,1,1.0,81,0.350649,150,0.649351
1352,VE 4000 - LJUBLJANA BEŽIGRAD,VO 4004 - IVANČNA GORICA,7,"MH VIŠNJA GORA, Mestni trg 21, Višnja Gora",714,328,0.4594,328,326,2,1.0,126,0.386503,200,0.613497
1353,VE 4000 - LJUBLJANA BEŽIGRAD,VO 4004 - IVANČNA GORICA,8,"GD KRIŠKA VAS, Kriška vas 10",435,239,0.5494,239,236,3,1.0,110,0.466102,126,0.533898
1354,VE 4000 - LJUBLJANA BEŽIGRAD,VO 4004 - IVANČNA GORICA,9,"GD VRH PRI VIŠNJI GORI, Vrh pri Višnji Gori 2",293,171,0.5836,171,171,0,1.0,30,0.175439,141,0.824561
1355,VE 4000 - LJUBLJANA BEŽIGRAD,VO 4004 - IVANČNA GORICA,10,"KD ŠENTVID I., Šentvid pri Stični 70",1072,439,0.4095,439,434,5,1.0,131,0.301843,303,0.698157
1356,VE 4000 - LJUBLJANA BEŽIGRAD,VO 4004 - IVANČNA GORICA,11,"KD ŠENTVID II., Šentvid pri Stični 70",982,447,0.4552,447,446,1,1.0,96,0.215247,350,0.784753
1357,VE 4000 - LJUBLJANA BEŽIGRAD,VO 4004 - IVANČNA GORICA,12,"GD DOB, Dob pri Šentvidu 8",468,268,0.5726,268,268,0,1.0,46,0.171642,222,0.828358
1358,VE 4000 - LJUBLJANA BEŽIGRAD,VO 4004 - IVANČNA GORICA,13,"VO HRASTOV DOL, Hrastov Dol 2",174,90,0.5172,90,90,0,1.0,13,0.144444,77,0.855556
1359,VE 4000 - LJUBLJANA BEŽIGRAD,VO 4004 - IVANČNA GORICA,14,"DK TEMENICA, Temenica 2a",615,267,0.4341,267,267,0,1.0,83,0.310861,184,0.689139
1360,VE 4000 - LJUBLJANA BEŽIGRAD,VO 4004 - IVANČNA GORICA,15,"KD AMBRUS, Ambrus 56",576,381,0.6615,381,379,2,1.0,40,0.105541,339,0.894459
1361,VE 4000 - LJUBLJANA BEŽIGRAD,VO 4004 - IVANČNA GORICA,16,"OŠ ZAGRADEC, Zagradec 33",1047,573,0.5473,573,572,1,1.0,120,0.20979,452,0.79021
1362,VE 4000 - LJUBLJANA BEŽIGRAD,VO 4004 - IVANČNA GORICA,17,"DC KRKA I., Krka 1d",584,266,0.4555,266,266,0,1.0,82,0.308271,184,0.691729
1363,VE 4000 - LJUBLJANA BEŽIGRAD,VO 4004 - IVANČNA GORICA,38,"GD STIČNA II., Stična 144",411,202,0.4915,202,201,1,1.0,71,0.353234,130,0.646766
1364,VE 4000 - LJUBLJANA BEŽIGRAD,VO 4004 - IVANČNA GORICA,39,"DC KRKA II., Krka 1d",535,289,0.5402,289,287,2,1.0,86,0.299652,201,0.700348
1365,VE 4000 - LJUBLJANA BEŽIGRAD,VO 4004 - IVANČNA GORICA,40,"GD VIŠNJA GORA, Cesta na Polževo 12, Višnja Gora",745,300,0.4027,300,297,3,1.0,90,0.30303,207,0.69697
1366,VE 4000 - LJUBLJANA BEŽIGRAD,VO 4004 - IVANČNA GORICA,901,Predčasno glasovanje,0,356,0.0,356,355,1,1.0,164,0.461972,191,0.538028
1367,VE 4000 - LJUBLJANA BEŽIGRAD,VO 4004 - IVANČNA GORICA,970,OMNIA od: 4004,0,25,0.0,25,25,0,1.0,12,0.48,13,0.52
1368,VE 4000 - LJUBLJANA BEŽIGRAD,VO 4004 - IVANČNA GORICA,997,Po pošti v Sloveniji OVK,0,0,0.0,0,0,0,,0,0.0,0,0.0
1369,VE 4000 - LJUBLJANA BEŽIGRAD,VO 4004 - IVANČNA GORICA,998,Po pošti v tujini OVK,0,0,0.0,0,0,0,,0,0.0,0,0.0
1370,VE 4000 - LJUBLJANA BEŽIGRAD,VO 4004 - IVANČNA GORICA,999,Posebni volilni imenik,444,0,0.0,0,0,0,,0,0.0,0,0.0
1371,VE 4000 - LJUBLJANA BEŽIGRAD,VO 4005 - LJUBLJANA MOSTE-POLJE 1,1,"KD Dolsko, Dolsko 55",942,496,0.5265,496,492,4,1.0,227,0.461382,265,0.538618
1372,VE 4000 - LJUBLJANA BEŽIGRAD,VO 4005 - LJUBLJANA MOSTE-POLJE 1,2,"PGD Senožeti, Senožeti 25",670,326,0.4866,326,325,1,1.0,125,0.384615,200,0.615385
1373,VE 4000 - LJUBLJANA BEŽIGRAD,VO 4005 - LJUBLJANA MOSTE-POLJE 1,3,"PGD Vinje, Vinje 26b",407,236,0.5799,236,235,1,1.0,92,0.391489,143,0.608511
1374,VE 4000 - LJUBLJANA BEŽIGRAD,VO 4005 - LJUBLJANA MOSTE-POLJE 1,4,"PGD Laze, Laze 29b",173,82,0.474,82,82,0,1.0,32,0.390244,50,0.609756
1375,VE 4000 - LJUBLJANA BEŽIGRAD,VO 4005 - LJUBLJANA MOSTE-POLJE 1,5,"PGD Klopce, Klopce 40",210,78,0.3714,78,78,0,1.0,22,0.282051,56,0.717949
1376,VE 4000 - LJUBLJANA BEŽIGRAD,VO 4005 - LJUBLJANA MOSTE-POLJE 1,6,"Podružnična šola Besnica, Besnica 21",304,138,0.4539,138,136,2,1.0,46,0.338235,90,0.661765
1377,VE 4000 - LJUBLJANA BEŽIGRAD,VO 4005 - LJUBLJANA MOSTE-POLJE 1,7,"Podružnična šola Janče, Gabrje pri Jančah 16",308,132,0.4286,132,132,0,1.0,50,0.378788,82,0.621212
1378,VE 4000 - LJUBLJANA BEŽIGRAD,VO 4005 - LJUBLJANA MOSTE-POLJE 1,8,"Podružnična šola Prežganje, Prežganje 7",646,269,0.4164,269,268,1,1.0,118,0.440299,150,0.559701
1379,VE 4000 - LJUBLJANA BEŽIGRAD,VO 4005 - LJUBLJANA MOSTE-POLJE 1,9,"Župnišče Javor, Javor 1",211,113,0.5355,113,113,0,1.0,36,0.318584,77,0.681416
1380,VE 4000 - LJUBLJANA BEŽIGRAD,VO 4005 - LJUBLJANA MOSTE-POLJE 1,10,"Podružnična šola Lipoglav, Mali Lipoglav 8",513,282,0.5497,282,281,1,1.0,96,0.341637,185,0.658363
1381,VE 4000 - LJUBLJANA BEŽIGRAD,VO 4005 - LJUBLJANA MOSTE-POLJE 1,11,"OŠ Zalog, Cerutova ul. 7",670,243,0.3627,243,243,0,1.0,132,0.54321,111,0.45679
1382,VE 4000 - LJUBLJANA BEŽIGRAD,VO 4005 - LJUBLJANA MOSTE-POLJE 1,12,"OŠ Zalog, Cerutova ul. 7",1041,436,0.4188,436,431,5,1.0,250,0.580046,181,0.419954
1383,VE 4000 - LJUBLJANA BEŽIGRAD,VO 4005 - LJUBLJANA MOSTE-POLJE 1,14,"Center Zalog, Zaloška c. 267",1024,340,0.332,340,337,3,1.0,198,0.587537,139,0.412463
1384,VE 4000 - LJUBLJANA BEŽIGRAD,VO 4005 - LJUBLJANA MOSTE-POLJE 1,15,"Center Zalog, Zaloška c. 267",812,280,0.3448,280,280,0,1.0,152,0.542857,128,0.457143
1385,VE 4000 - LJUBLJANA BEŽIGRAD,VO 4005 - LJUBLJANA MOSTE-POLJE 1,16,"Vaški dom, Podgrajska c. 6e",205,83,0.4049,83,83,0,1.0,53,0.638554,30,0.361446
1386,VE 4000 - LJUBLJANA BEŽIGRAD,VO 4005 - LJUBLJANA MOSTE-POLJE 1,17,"PGD Zgornji Kašelj, Kašeljska c. 95",769,249,0.3238,249,248,1,1.0,140,0.564516,108,0.435484
1387,VE 4000 - LJUBLJANA BEŽIGRAD,VO 4005 - LJUBLJANA MOSTE-POLJE 1,18,"OŠ Kašelj, Kašeljska c. 119a",1510,651,0.4311,651,648,3,1.0,375,0.578704,273,0.421296
1388,VE 4000 - LJUBLJANA BEŽIGRAD,VO 4005 - LJUBLJANA MOSTE-POLJE 1,19,"OŠ Kašelj, Kašeljska c. 119a",1014,483,0.4763,483,482,1,1.0,281,0.582988,201,0.417012
1389,VE 4000 - LJUBLJANA BEŽIGRAD,VO 4005 - LJUBLJANA MOSTE-POLJE 1,20,"OŠ Zadobrova, Zadobrovška c. 35",991,482,0.4864,482,479,3,1.0,285,0.59499,194,0.40501
1390,VE 4000 - LJUBLJANA BEŽIGRAD,VO 4005 - LJUBLJANA MOSTE-POLJE 1,21,"OŠ Sostro, C. II. grupe odredov 47",728,374,0.5137,374,372,2,1.0,172,0.462366,200,0.537634
1391,VE 4000 - LJUBLJANA BEŽIGRAD,VO 4005 - LJUBLJANA MOSTE-POLJE 1,23,"SH Podlipoglav, Podlipoglav 19",625,344,0.5504,344,344,0,1.0,153,0.444767,191,0.555233
1392,VE 4000 - LJUBLJANA BEŽIGRAD,VO 4005 - LJUBLJANA MOSTE-POLJE 1,24,"OŠ Sostro, C. II. grupe odredov 47",1469,690,0.4697,690,685,5,1.0,302,0.440876,383,0.559124
1393,VE 4000 - LJUBLJANA BEŽIGRAD,VO 4005 - LJUBLJANA MOSTE-POLJE 1,26,"ZD Zadvor, C. II. grupe odredov 43",629,306,0.4865,306,305,1,1.0,139,0.455738,166,0.544262
1394,VE 4000 - LJUBLJANA BEŽIGRAD,VO 4005 - LJUBLJANA MOSTE-POLJE 1,27,"PGD Bizovik, Bizoviška c. 15a",1200,584,0.4867,584,583,1,1.0,229,0.392796,354,0.607204
1395,VE 4000 - LJUBLJANA BEŽIGRAD,VO 4005 - LJUBLJANA MOSTE-POLJE 1,28,"Prostori MOL (Polje), Zaloška c. 160",650,256,0.3938,256,256,0,1.0,130,0.507812,126,0.492188
1396,VE 4000 - LJUBLJANA BEŽIGRAD,VO 4005 - LJUBLJANA MOSTE-POLJE 1,29,"OŠ Polje, Zaloška c. 189",1137,344,0.3026,344,344,0,1.0,172,0.5,172,0.5
1397,VE 4000 - LJUBLJANA BEŽIGRAD,VO 4005 - LJUBLJANA MOSTE-POLJE 1,30,"OŠ Polje, Zaloška c. 189",575,293,0.5096,293,293,0,1.0,161,0.549488,132,0.450512
1398,VE 4000 - LJUBLJANA BEŽIGRAD,VO 4005 - LJUBLJANA MOSTE-POLJE 1,31,"PGD Slape - Polje, Slape 50",805,378,0.4696,377,375,2,1.0,162,0.432,213,0.568
1399,VE 4000 - LJUBLJANA BEŽIGRAD,VO 4005 - LJUBLJANA MOSTE-POLJE 1,32,"Podružnična šola Hrušica, Pot do šole 1",1152,493,0.428,493,493,0,1.0,244,0.494929,249,0.505071
1400,VE 4000 - LJUBLJANA BEŽIGRAD,VO 4005 - LJUBLJANA MOSTE-POLJE 1,33,"Prostori MOL (Polje), Zaloška c. 160",914,214,0.2341,214,214,0,1.0,107,0.5,107,0.5
1401,VE 4000 - LJUBLJANA BEŽIGRAD,VO 4005 - LJUBLJANA MOSTE-POLJE 1,901,Predčasno glasovanje,1,244,0.0,244,243,1,1.0,138,0.567901,105,0.432099
1402,VE 4000 - LJUBLJANA BEŽIGRAD,VO 4005 - LJUBLJANA MOSTE-POLJE 1,997,Po pošti v Sloveniji OVK,0,0,0.0,0,0,0,,0,0.0,0,0.0
1403,VE 4000 - LJUBLJANA BEŽIGRAD,VO 4005 - LJUBLJANA MOSTE-POLJE 1,998,Po pošti v tujini OVK,0,0,0.0,0,0,0,,0,0.0,0,0.0
1404,VE 4000 - LJUBLJANA BEŽIGRAD,VO 4005 - LJUBLJANA MOSTE-POLJE 1,999,Posebni volilni imenik,1108,0,0.0,0,0,0,,0,0.0,0,0.0
1405,VE 4000 - LJUBLJANA BEŽIGRAD,VO 4006 - LJUBLJANA MOSTE-POLJE 2,1,"OŠ Karla Destovnika Kajuha, Jakčeva ul. 42",467,181,0.3876,181,181,0,1.0,94,0.519337,87,0.480663
1406,VE 4000 - LJUBLJANA BEŽIGRAD,VO 4006 - LJUBLJANA MOSTE-POLJE 2,2,"OŠ Karla Destovnika Kajuha, Jakčeva ul. 42",433,161,0.3718,161,160,1,1.0,78,0.4875,82,0.5125
1407,VE 4000 - LJUBLJANA BEŽIGRAD,VO 4006 - LJUBLJANA MOSTE-POLJE 2,3,"OŠ Karla Destovnika Kajuha, Jakčeva ul. 42",525,186,0.3543,186,184,2,1.0,112,0.608696,72,0.391304
1408,VE 4000 - LJUBLJANA BEŽIGRAD,VO 4006 - LJUBLJANA MOSTE-POLJE 2,4,"OŠ Karla Destovnika Kajuha, Jakčeva ul. 42",537,190,0.3538,190,190,0,1.0,114,0.6,76,0.4
1409,VE 4000 - LJUBLJANA BEŽIGRAD,VO 4006 - LJUBLJANA MOSTE-POLJE 2,5,"OŠ Božidarja Jakca, Nusdorferjeva ul. 10",619,235,0.3796,235,234,1,1.0,153,0.653846,81,0.346154
1410,VE 4000 - LJUBLJANA BEŽIGRAD,VO 4006 - LJUBLJANA MOSTE-POLJE 2,7,"OŠ Božidarja Jakca, Nusdorferjeva ul. 10",666,222,0.3333,222,222,0,1.0,100,0.45045,122,0.54955
1411,VE 4000 - LJUBLJANA BEŽIGRAD,VO 4006 - LJUBLJANA MOSTE-POLJE 2,8,"OŠ Božidarja Jakca, Nusdorferjeva ul. 10",605,205,0.3388,205,204,1,1.0,117,0.573529,87,0.426471
1412,VE 4000 - LJUBLJANA BEŽIGRAD,VO 4006 - LJUBLJANA MOSTE-POLJE 2,10,"OŠ Božidarja Jakca, Nusdorferjeva ul. 10",901,366,0.4062,365,364,1,1.0,191,0.524725,173,0.475275
1413,VE 4000 - LJUBLJANA BEŽIGRAD,VO 4006 - LJUBLJANA MOSTE-POLJE 2,11,"OŠ Božidarja Jakca, Nusdorferjeva ul. 10",488,158,0.3238,158,158,0,1.0,104,0.658228,54,0.341772
1414,VE 4000 - LJUBLJANA BEŽIGRAD,VO 4006 - LJUBLJANA MOSTE-POLJE 2,12,"OŠ Božidarja Jakca, Nusdorferjeva ul. 10",349,104,0.298,104,104,0,1.0,64,0.615385,40,0.384615
1415,VE 4000 - LJUBLJANA BEŽIGRAD,VO 4006 - LJUBLJANA MOSTE-POLJE 2,13,"OŠ Martina Krpana, Gašperšičeva ul. 10",773,280,0.3622,280,279,1,1.0,173,0.620072,106,0.379928
1416,VE 4000 - LJUBLJANA BEŽIGRAD,VO 4006 - LJUBLJANA MOSTE-POLJE 2,14,"OŠ Martina Krpana, Gašperšičeva ul. 10",748,316,0.4225,316,316,0,1.0,194,0.613924,122,0.386076
1417,VE 4000 - LJUBLJANA BEŽIGRAD,VO 4006 - LJUBLJANA MOSTE-POLJE 2,15,"Dom občanov Fužine, Preglov trg 15",892,368,0.4126,368,365,3,1.0,190,0.520548,175,0.479452
1418,VE 4000 - LJUBLJANA BEŽIGRAD,VO 4006 - LJUBLJANA MOSTE-POLJE 2,16,"Dom občanov Fužine, Preglov trg 15",796,250,0.3141,250,250,0,1.0,147,0.588,103,0.412
1419,VE 4000 - LJUBLJANA BEŽIGRAD,VO 4006 - LJUBLJANA MOSTE-POLJE 2,17,"OŠ Nove Fužine, Preglov trg 8",661,217,0.3283,217,217,0,1.0,128,0.589862,89,0.410138
1420,VE 4000 - LJUBLJANA BEŽIGRAD,VO 4006 - LJUBLJANA MOSTE-POLJE 2,18,"OŠ Nove Fužine, Preglov trg 8",962,350,0.3638,350,348,2,1.0,204,0.586207,144,0.413793
1421,VE 4000 - LJUBLJANA BEŽIGRAD,VO 4006 - LJUBLJANA MOSTE-POLJE 2,19,"OŠ Nove Fužine, Preglov trg 8",990,386,0.3899,386,386,0,1.0,222,0.57513,164,0.42487
1422,VE 4000 - LJUBLJANA BEŽIGRAD,VO 4006 - LJUBLJANA MOSTE-POLJE 2,20,"SŠ za Gastronomijo in turizem Lj., Preglov trg 9",765,263,0.3438,263,263,0,1.0,150,0.570342,113,0.429658
1423,VE 4000 - LJUBLJANA BEŽIGRAD,VO 4006 - LJUBLJANA MOSTE-POLJE 2,21,"OŠ Nove Fužine, Preglov trg 8",877,315,0.3592,314,314,0,1.0,180,0.573248,134,0.426752
1424,VE 4000 - LJUBLJANA BEŽIGRAD,VO 4006 - LJUBLJANA MOSTE-POLJE 2,22,"SŠ za Gastronomijo in turizem Lj., Preglov trg 9",719,282,0.3922,282,282,0,1.0,160,0.567376,122,0.432624
1425,VE 4000 - LJUBLJANA BEŽIGRAD,VO 4006 - LJUBLJANA MOSTE-POLJE 2,901,Predčasno glasovanje,0,273,0.0,273,272,1,1.0,178,0.654412,94,0.345588
1426,VE 4000 - LJUBLJANA BEŽIGRAD,VO 4006 - LJUBLJANA MOSTE-POLJE 2,997,Po pošti v Sloveniji OVK,0,0,0.0,0,0,0,,0,0.0,0,0.0
1427,VE 4000 - LJUBLJANA BEŽIGRAD,VO 4006 - LJUBLJANA MOSTE-POLJE 2,998,Po pošti v tujini OVK,0,0,0.0,0,0,0,,0,0.0,0,0.0
1428,VE 4000 - LJUBLJANA BEŽIGRAD,VO 4006 - LJUBLJANA MOSTE-POLJE 2,999,Posebni volilni imenik,1101,0,0.0,0,0,0,,0,0.0,0,0.0
1429,VE 4000 - LJUBLJANA BEŽIGRAD,VO 4007 - LJUBLJANA MOSTE-POLJE 3,1,"GD Šmartno, Kopna pot 6",782,344,0.4399,344,343,1,1.0,173,0.504373,170,0.495627
1430,VE 4000 - LJUBLJANA BEŽIGRAD,VO 4007 - LJUBLJANA MOSTE-POLJE 3,2,"OŠ Nove Jarše, Clevelandska ul. 11",1220,415,0.3402,415,413,2,1.0,242,0.585956,171,0.414044
1431,VE 4000 - LJUBLJANA BEŽIGRAD,VO 4007 - LJUBLJANA MOSTE-POLJE 3,3,"OŠ Nove Jarše, Clevelandska ul. 11",1071,389,0.3632,389,387,2,1.0,250,0.645995,137,0.354005
1432,VE 4000 - LJUBLJANA BEŽIGRAD,VO 4007 - LJUBLJANA MOSTE-POLJE 3,4,"OŠ Nove Jarše, Clevelandska ul. 11",920,341,0.3707,341,339,2,1.0,204,0.60177,135,0.39823
1433,VE 4000 - LJUBLJANA BEŽIGRAD,VO 4007 - LJUBLJANA MOSTE-POLJE 3,5,"OŠ Jože Moškrič, Jarška c. 34",777,287,0.3694,287,287,0,1.0,142,0.494774,145,0.505226
1434,VE 4000 - LJUBLJANA BEŽIGRAD,VO 4007 - LJUBLJANA MOSTE-POLJE 3,6,"OŠ Jože Moškrič, Jarška c. 34",595,250,0.4202,250,250,0,1.0,136,0.544,114,0.456
1435,VE 4000 - LJUBLJANA BEŽIGRAD,VO 4007 - LJUBLJANA MOSTE-POLJE 3,7,"OŠ Jože Moškrič, Jarška c. 34",887,295,0.3326,295,294,1,1.0,173,0.588435,121,0.411565
1436,VE 4000 - LJUBLJANA BEŽIGRAD,VO 4007 - LJUBLJANA MOSTE-POLJE 3,8,"OŠ Vide Pregarc, Bazoviška ul. 1",632,210,0.3323,210,207,3,1.0,112,0.541063,95,0.458937
1437,VE 4000 - LJUBLJANA BEŽIGRAD,VO 4007 - LJUBLJANA MOSTE-POLJE 3,9,"OŠ Vide Pregarc, Bazoviška ul. 1",496,247,0.498,247,246,1,1.0,147,0.597561,99,0.402439
1438,VE 4000 - LJUBLJANA BEŽIGRAD,VO 4007 - LJUBLJANA MOSTE-POLJE 3,10,"OŠ Vide Pregarc, Bazoviška ul. 1",295,133,0.4508,133,133,0,1.0,66,0.496241,67,0.503759
1439,VE 4000 - LJUBLJANA BEŽIGRAD,VO 4007 - LJUBLJANA MOSTE-POLJE 3,11,"OŠ Vide Pregarc, Bazoviška ul. 1",1605,558,0.3477,558,556,2,1.0,299,0.53777,257,0.46223
1440,VE 4000 - LJUBLJANA BEŽIGRAD,VO 4007 - LJUBLJANA MOSTE-POLJE 3,12,"Gimnazija Moste, Zaloška c. 49",901,331,0.3674,331,328,3,1.0,195,0.594512,133,0.405488
1441,VE 4000 - LJUBLJANA BEŽIGRAD,VO 4007 - LJUBLJANA MOSTE-POLJE 3,13,"Gimnazija Moste, Zaloška c. 49",556,236,0.4245,236,235,1,1.0,124,0.52766,111,0.47234
1442,VE 4000 - LJUBLJANA BEŽIGRAD,VO 4007 - LJUBLJANA MOSTE-POLJE 3,15,"Gimnazija Moste, Zaloška c. 49",546,194,0.3553,194,192,2,1.0,120,0.625,72,0.375
1443,VE 4000 - LJUBLJANA BEŽIGRAD,VO 4007 - LJUBLJANA MOSTE-POLJE 3,16,"Gimnazija Moste, Zaloška c. 49",906,212,0.234,212,210,2,1.0,137,0.652381,73,0.347619
1444,VE 4000 - LJUBLJANA BEŽIGRAD,VO 4007 - LJUBLJANA MOSTE-POLJE 3,17,"Gimnazija Moste, Zaloška c. 49",649,225,0.3467,225,225,0,1.0,107,0.475556,118,0.524444
1445,VE 4000 - LJUBLJANA BEŽIGRAD,VO 4007 - LJUBLJANA MOSTE-POLJE 3,18,"OŠ Ketteja in Murna, Koširjeva ul. 2",502,220,0.4382,220,219,1,1.0,119,0.543379,100,0.456621
1446,VE 4000 - LJUBLJANA BEŽIGRAD,VO 4007 - LJUBLJANA MOSTE-POLJE 3,19,"OŠ Ketteja in Murna, Koširjeva ul. 2",680,352,0.5176,352,352,0,1.0,212,0.602273,140,0.397727
1447,VE 4000 - LJUBLJANA BEŽIGRAD,VO 4007 - LJUBLJANA MOSTE-POLJE 3,20,"OŠ Ketteja in Murna, Koširjeva ul. 2",418,222,0.5311,222,222,0,1.0,128,0.576577,94,0.423423
1448,VE 4000 - LJUBLJANA BEŽIGRAD,VO 4007 - LJUBLJANA MOSTE-POLJE 3,21,"OŠ Ketteja in Murna, Koširjeva ul. 2",446,212,0.4753,212,212,0,1.0,129,0.608491,83,0.391509
1449,VE 4000 - LJUBLJANA BEŽIGRAD,VO 4007 - LJUBLJANA MOSTE-POLJE 3,22,"OŠ Ketteja in Murna, Koširjeva ul. 2",687,295,0.4294,295,294,1,1.0,184,0.62585,110,0.37415
1450,VE 4000 - LJUBLJANA BEŽIGRAD,VO 4007 - LJUBLJANA MOSTE-POLJE 3,24,"ZDD Zadobrova, Zadobrovška c. 88",626,264,0.4217,264,263,1,1.0,129,0.490494,134,0.509506
1451,VE 4000 - LJUBLJANA BEŽIGRAD,VO 4007 - LJUBLJANA MOSTE-POLJE 3,25,"ZDD Zadobrova, Zadobrovška c. 88",438,188,0.4292,188,187,1,1.0,95,0.508021,92,0.491979
1452,VE 4000 - LJUBLJANA BEŽIGRAD,VO 4007 - LJUBLJANA MOSTE-POLJE 3,26,"OŠ Zadobrova, Zadobrovška c. 35",1048,541,0.5162,541,538,3,1.0,253,0.47026,285,0.52974
1453,VE 4000 - LJUBLJANA BEŽIGRAD,VO 4007 - LJUBLJANA MOSTE-POLJE 3,27,"ZDD Zadobrova, Zadobrovška c. 88",737,361,0.4898,361,358,3,1.0,190,0.530726,168,0.469274
1454,VE 4000 - LJUBLJANA BEŽIGRAD,VO 4007 - LJUBLJANA MOSTE-POLJE 3,901,Predčasno glasovanje,0,337,0.0,337,334,3,1.0,221,0.661677,113,0.338323
1455,VE 4000 - LJUBLJANA BEŽIGRAD,VO 4007 - LJUBLJANA MOSTE-POLJE 3,970,OMNIA od: 4007,0,1622,0.0,1622,1621,1,1.0,1137,0.701419,484,0.298581
1456,VE 4000 - LJUBLJANA BEŽIGRAD,VO 4007 - LJUBLJANA MOSTE-POLJE 3,997,Po pošti v Sloveniji OVK,0,14,0.0,14,14,0,1.0,5,0.357143,9,0.642857
1457,VE 4000 - LJUBLJANA BEŽIGRAD,VO 4007 - LJUBLJANA MOSTE-POLJE 3,998,Po pošti v tujini OVK,0,0,0.0,0,0,0,,0,0.0,0,0.0
1458,VE 4000 - LJUBLJANA BEŽIGRAD,VO 4007 - LJUBLJANA MOSTE-POLJE 3,999,Posebni volilni imenik,1550,0,0.0,0,0,0,,0,0.0,0,0.0
1459,VE 4000 - LJUBLJANA BEŽIGRAD,VO 4008 - LJUBLJANA BEŽIGRAD 1,1,"OŠ Janka Modra, Videm 17",1930,959,0.4969,959,954,5,1.0,446,0.467505,508,0.532495
1460,VE 4000 - LJUBLJANA BEŽIGRAD,VO 4008 - LJUBLJANA BEŽIGRAD 1,2,"GD Beričevo, Beričevo 12",473,252,0.5328,252,251,1,1.0,122,0.486056,129,0.513944
1461,VE 4000 - LJUBLJANA BEŽIGRAD,VO 4008 - LJUBLJANA BEŽIGRAD 1,3,"Prostori MOL, Zajčeva pot 34, Ljubljana Črnuče",1060,542,0.5113,542,539,3,1.0,242,0.44898,297,0.55102
1462,VE 4000 - LJUBLJANA BEŽIGRAD,VO 4008 - LJUBLJANA BEŽIGRAD 1,4,"GD Nadgorica, Nadgoriška c. 18, Ljubljana Črnuče",1156,590,0.5104,590,587,3,1.0,267,0.454855,320,0.545145
1463,VE 4000 - LJUBLJANA BEŽIGRAD,VO 4008 - LJUBLJANA BEŽIGRAD 1,5,"OŠ Maksa Pečarja, Črnuška c. 9, Ljubljana Črnuče",1767,882,0.4992,882,882,0,1.0,521,0.590703,361,0.409297
1464,VE 4000 - LJUBLJANA BEŽIGRAD,VO 4008 - LJUBLJANA BEŽIGRAD 1,6,"OŠ Maksa Pečarja, Črnuška c. 9, Ljubljana Črnuče",1190,477,0.4008,477,476,1,1.0,268,0.563025,208,0.436975
1465,VE 4000 - LJUBLJANA BEŽIGRAD,VO 4008 - LJUBLJANA BEŽIGRAD 1,7,"Prostori MOL, Dunajska c. 367, Ljubljana Črnuče",973,461,0.4738,461,459,2,1.0,296,0.64488,163,0.35512
1466,VE 4000 - LJUBLJANA BEŽIGRAD,VO 4008 - LJUBLJANA BEŽIGRAD 1,8,"Prostori MOL, Dunajska c. 367, Ljubljana Črnuče",1150,474,0.4122,474,470,4,1.0,283,0.602128,187,0.397872
1467,VE 4000 - LJUBLJANA BEŽIGRAD,VO 4008 - LJUBLJANA BEŽIGRAD 1,9,"OŠ Maksa Pečarja, Črnuška c. 9, Ljubljana Črnuče",1693,632,0.3733,632,632,0,1.0,364,0.575949,268,0.424051
1468,VE 4000 - LJUBLJANA BEŽIGRAD,VO 4008 - LJUBLJANA BEŽIGRAD 1,10,"OŠ Danile Kumar, Gogalova ul. 15, Ljubljana",818,369,0.4511,369,368,1,1.0,223,0.605978,145,0.394022
1469,VE 4000 - LJUBLJANA BEŽIGRAD,VO 4008 - LJUBLJANA BEŽIGRAD 1,11,"KD Savlje Kleče, Savlje 101, Ljubljana",958,481,0.5021,481,481,0,1.0,235,0.488565,246,0.511435
1470,VE 4000 - LJUBLJANA BEŽIGRAD,VO 4008 - LJUBLJANA BEŽIGRAD 1,12,"OŠ Danile Kumar, Gogalova ul. 15, Ljubljana",761,338,0.4442,338,334,4,1.0,185,0.553892,149,0.446108
1471,VE 4000 - LJUBLJANA BEŽIGRAD,VO 4008 - LJUBLJANA BEŽIGRAD 1,13,"OŠ Danile Kumar, Gogalova ul. 15, Ljubljana",695,239,0.3439,239,237,2,1.0,155,0.654008,82,0.345992
1472,VE 4000 - LJUBLJANA BEŽIGRAD,VO 4008 - LJUBLJANA BEŽIGRAD 1,14,"OŠ Danile Kumar, Gogalova ul. 15, Ljubljana",623,276,0.443,276,276,0,1.0,153,0.554348,123,0.445652
1473,VE 4000 - LJUBLJANA BEŽIGRAD,VO 4008 - LJUBLJANA BEŽIGRAD 1,15,"OŠ Danile Kumar, Gogalova ul. 15, Ljubljana",733,299,0.4079,299,296,3,1.0,201,0.679054,95,0.320946
1474,VE 4000 - LJUBLJANA BEŽIGRAD,VO 4008 - LJUBLJANA BEŽIGRAD 1,16,"OŠ Danile Kumar, Gogalova ul. 15, Ljubljana",896,385,0.4297,385,383,2,1.0,260,0.678851,123,0.321149
1475,VE 4000 - LJUBLJANA BEŽIGRAD,VO 4008 - LJUBLJANA BEŽIGRAD 1,17,"OŠ Danile Kumar, Gogalova ul. 15, Ljubljana",902,426,0.4723,426,425,1,1.0,249,0.585882,176,0.414118
1476,VE 4000 - LJUBLJANA BEŽIGRAD,VO 4008 - LJUBLJANA BEŽIGRAD 1,18,"OŠ Danile Kumar, Gogalova ul. 15, Ljubljana",670,282,0.4209,282,279,3,1.0,148,0.530466,131,0.469534
1477,VE 4000 - LJUBLJANA BEŽIGRAD,VO 4008 - LJUBLJANA BEŽIGRAD 1,19,"OŠ Franceta Bevka, Ul. Pohorskega bataljona 1",982,524,0.5336,524,520,4,1.0,319,0.613462,201,0.386538
1478,VE 4000 - LJUBLJANA BEŽIGRAD,VO 4008 - LJUBLJANA BEŽIGRAD 1,20,"OŠ Franceta Bevka, Ul. Pohorskega bataljona 1",846,389,0.4598,389,383,6,1.0,252,0.657963,131,0.342037
1479,VE 4000 - LJUBLJANA BEŽIGRAD,VO 4008 - LJUBLJANA BEŽIGRAD 1,21,"Prostori MOL, Vojkova c. 87, Ljubljana",1079,481,0.4458,481,480,1,1.0,316,0.658333,164,0.341667
1480,VE 4000 - LJUBLJANA BEŽIGRAD,VO 4008 - LJUBLJANA BEŽIGRAD 1,22,"OŠ Milana Šuštaršiča, Štembalova ul. 2a, Ljubljana",1061,456,0.4298,456,454,2,1.0,279,0.614537,175,0.385463
1481,VE 4000 - LJUBLJANA BEŽIGRAD,VO 4008 - LJUBLJANA BEŽIGRAD 1,901,Predčasno glasovanje,0,633,0.0,633,630,3,1.0,434,0.688889,196,0.311111
1482,VE 4000 - LJUBLJANA BEŽIGRAD,VO 4008 - LJUBLJANA BEŽIGRAD 1,997,Po pošti v Sloveniji OVK,0,20,0.0,20,20,0,1.0,4,0.2,16,0.8
1483,VE 4000 - LJUBLJANA BEŽIGRAD,VO 4008 - LJUBLJANA BEŽIGRAD 1,998,Po pošti v tujini OVK,0,0,0.0,0,0,0,,0,0.0,0,0.0
1484,VE 4000 - LJUBLJANA BEŽIGRAD,VO 4008 - LJUBLJANA BEŽIGRAD 1,999,Posebni volilni imenik,1189,0,0.0,0,0,0,,0,0.0,0,0.0
1485,VE 4000 - LJUBLJANA BEŽIGRAD,VO 4009 - LJUBLJANA BEŽIGRAD 2,1,"OŠ Bežigrad, Črtomirova ul. 12",958,373,0.3894,373,373,0,1.0,240,0.643432,133,0.356568
1486,VE 4000 - LJUBLJANA BEŽIGRAD,VO 4009 - LJUBLJANA BEŽIGRAD 2,2,"OŠ Bežigrad, Črtomirova ul. 12",978,372,0.3804,372,372,0,1.0,225,0.604839,147,0.395161
1487,VE 4000 - LJUBLJANA BEŽIGRAD,VO 4009 - LJUBLJANA BEŽIGRAD 2,3,"OŠ Bežigrad, Črtomirova ul. 12",774,310,0.4005,309,308,1,1.0,220,0.714286,88,0.285714
1488,VE 4000 - LJUBLJANA BEŽIGRAD,VO 4009 - LJUBLJANA BEŽIGRAD 2,4,"OŠ Bežigrad, Črtomirova ul. 12",673,265,0.3938,265,264,1,1.0,167,0.632576,97,0.367424
1489,VE 4000 - LJUBLJANA BEŽIGRAD,VO 4009 - LJUBLJANA BEŽIGRAD 2,5,"Zavod RS za zaposlovanje, Parmova ulica 32",1388,575,0.4143,575,573,2,1.0,371,0.647469,202,0.352531
1490,VE 4000 - LJUBLJANA BEŽIGRAD,VO 4009 - LJUBLJANA BEŽIGRAD 2,6,"Zavod RS za zaposlovanje, Parmova 32",824,376,0.4563,376,376,0,1.0,213,0.566489,163,0.433511
1491,VE 4000 - LJUBLJANA BEŽIGRAD,VO 4009 - LJUBLJANA BEŽIGRAD 2,7,"Društvo distrofikov Slovenije, Linhartova c. 1",780,371,0.4756,371,368,3,1.0,240,0.652174,128,0.347826
1492,VE 4000 - LJUBLJANA BEŽIGRAD,VO 4009 - LJUBLJANA BEŽIGRAD 2,8,"OŠ Mirana Jarca, Ipavčeva ul. 1",621,277,0.4461,277,276,1,1.0,180,0.652174,96,0.347826
1493,VE 4000 - LJUBLJANA BEŽIGRAD,VO 4009 - LJUBLJANA BEŽIGRAD 2,9,"OŠ Mirana Jarca, Ipavčeva ul. 1",1227,453,0.3692,453,451,2,1.0,297,0.658537,154,0.341463
1494,VE 4000 - LJUBLJANA BEŽIGRAD,VO 4009 - LJUBLJANA BEŽIGRAD 2,10,"OŠ Vita Kraigherja, Trg 9. maja 1",838,359,0.4284,358,356,2,1.0,222,0.623596,134,0.376404
1495,VE 4000 - LJUBLJANA BEŽIGRAD,VO 4009 - LJUBLJANA BEŽIGRAD 2,11,"Prostori MOL, Dunajska c. 101",611,233,0.3813,233,232,1,1.0,152,0.655172,80,0.344828
1496,VE 4000 - LJUBLJANA BEŽIGRAD,VO 4009 - LJUBLJANA BEŽIGRAD 2,12,"OŠ Vita Kraigherja, Trg 9. maja 1",559,235,0.4204,235,235,0,1.0,167,0.710638,68,0.289362
1497,VE 4000 - LJUBLJANA BEŽIGRAD,VO 4009 - LJUBLJANA BEŽIGRAD 2,13,"Prostori MOL, Dunajska c. 101",892,410,0.4596,410,409,1,1.0,263,0.643032,146,0.356968
1498,VE 4000 - LJUBLJANA BEŽIGRAD,VO 4009 - LJUBLJANA BEŽIGRAD 2,14,"OŠ Vita Kraigherja, Trg 9. maja 1",834,366,0.4388,366,364,2,1.0,226,0.620879,138,0.379121
1499,VE 4000 - LJUBLJANA BEŽIGRAD,VO 4009 - LJUBLJANA BEŽIGRAD 2,15,"OŠ Mirana Jarca, Ipavčeva ul. 1",694,260,0.3746,260,259,1,1.0,182,0.702703,77,0.297297
1500,VE 4000 - LJUBLJANA BEŽIGRAD,VO 4009 - LJUBLJANA BEŽIGRAD 2,16,"OŠ Savsko naselje, Matjaževa ul. 4",713,289,0.4053,289,285,4,1.0,186,0.652632,99,0.347368
1501,VE 4000 - LJUBLJANA BEŽIGRAD,VO 4009 - LJUBLJANA BEŽIGRAD 2,17,"OŠ Savsko naselje, Matjaževa ul. 4",950,361,0.38,361,361,0,1.0,246,0.68144,115,0.31856
1502,VE 4000 - LJUBLJANA BEŽIGRAD,VO 4009 - LJUBLJANA BEŽIGRAD 2,18,"OŠ Savsko naselje, Matjaževa ul. 4",1004,334,0.3327,334,333,1,1.0,206,0.618619,127,0.381381
1503,VE 4000 - LJUBLJANA BEŽIGRAD,VO 4009 - LJUBLJANA BEŽIGRAD 2,19,"OŠ Milana Šuštaršiča, Štembalova ul. 2a",669,247,0.3692,247,247,0,1.0,166,0.672065,81,0.327935
1504,VE 4000 - LJUBLJANA BEŽIGRAD,VO 4009 - LJUBLJANA BEŽIGRAD 2,20,"OŠ Milana Šuštaršiča, Štembalova ul. 2a",696,296,0.4253,296,296,0,1.0,181,0.611486,115,0.388514
1505,VE 4000 - LJUBLJANA BEŽIGRAD,VO 4009 - LJUBLJANA BEŽIGRAD 2,21,"Prostori MOL, Vojkova c. 73",471,232,0.4926,232,231,1,1.0,143,0.619048,88,0.380952
1506,VE 4000 - LJUBLJANA BEŽIGRAD,VO 4009 - LJUBLJANA BEŽIGRAD 2,22,"Objekt - okrepčevalnica, Šifrerjeva 3",1016,338,0.3327,338,338,0,1.0,197,0.58284,141,0.41716
1507,VE 4000 - LJUBLJANA BEŽIGRAD,VO 4009 - LJUBLJANA BEŽIGRAD 2,23,"Objekt - okrepčevalnica, Šifrerjeva 3",774,225,0.2907,225,224,1,1.0,115,0.513393,109,0.486607
1508,VE 4000 - LJUBLJANA BEŽIGRAD,VO 4009 - LJUBLJANA BEŽIGRAD 2,901,Predčasno glasovanje,0,929,0.0,929,927,2,1.0,661,0.713053,266,0.286947
1509,VE 4000 - LJUBLJANA BEŽIGRAD,VO 4009 - LJUBLJANA BEŽIGRAD 2,997,Po pošti v Sloveniji OVK,0,14,0.0,14,13,1,1.0,4,0.307692,9,0.692308
1510,VE 4000 - LJUBLJANA BEŽIGRAD,VO 4009 - LJUBLJANA BEŽIGRAD 2,998,Po pošti v tujini OVK,0,0,0.0,0,0,0,,0,0.0,0,0.0
1511,VE 4000 - LJUBLJANA BEŽIGRAD,VO 4009 - LJUBLJANA BEŽIGRAD 2,999,Posebni volilni imenik,2609,0,0.0,0,0,0,,0,0.0,0,0.0
1512,VE 4000 - LJUBLJANA BEŽIGRAD,VO 4010 - DOMŽALE 1,1,"OSNOVNA ŠOLA DOB I, Šolska ulica 7, Dob",967,446,0.4612,446,442,4,1.0,164,0.371041,278,0.628959
1513,VE 4000 - LJUBLJANA BEŽIGRAD,VO 4010 - DOMŽALE 1,2,"OSNOVNA ŠOLA DOB II, Šolska ulica 7, Dob",806,347,0.4305,347,345,2,1.0,143,0.414493,202,0.585507
1514,VE 4000 - LJUBLJANA BEŽIGRAD,VO 4010 - DOMŽALE 1,3,"Dom krajanov v Žejah, Žeje 10",415,222,0.5349,222,222,0,1.0,91,0.40991,131,0.59009
1515,VE 4000 - LJUBLJANA BEŽIGRAD,VO 4010 - DOMŽALE 1,4,"Osnovna šola Krtina, Krtina 41",1163,627,0.5391,627,625,2,1.0,244,0.3904,381,0.6096
1516,VE 4000 - LJUBLJANA BEŽIGRAD,VO 4010 - DOMŽALE 1,5,"Gasilski dom Homec, Bolkova ul.46, Homec",1125,528,0.4693,528,527,1,1.0,205,0.388994,322,0.611006
1517,VE 4000 - LJUBLJANA BEŽIGRAD,VO 4010 - DOMŽALE 1,6,"Osnovna šola Ihan, Šolska ul.5, Ihan",1875,877,0.4677,877,874,3,1.0,397,0.454233,477,0.545767
1518,VE 4000 - LJUBLJANA BEŽIGRAD,VO 4010 - DOMŽALE 1,7,"Samostan Mala Loka, Mala Loka 8",361,202,0.5596,202,202,0,1.0,100,0.49505,102,0.50495
1519,VE 4000 - LJUBLJANA BEŽIGRAD,VO 4010 - DOMŽALE 1,8,"Slamnikarski muzej, Kajuhova cesta 5, Domžale",587,193,0.3288,193,192,1,1.0,87,0.453125,105,0.546875
1520,VE 4000 - LJUBLJANA BEŽIGRAD,VO 4010 - DOMŽALE 1,9,"RD BISTRICA DOMŽALE, Krakovska 18a, Domžale",1109,507,0.4572,507,506,1,1.0,286,0.565217,220,0.434783
1521,VE 4000 - LJUBLJANA BEŽIGRAD,VO 4010 - DOMŽALE 1,10,"NOVI GASILSKI DOM ŠTUDA, Študljanska 103, Domžale ",689,309,0.4485,309,309,0,1.0,171,0.553398,138,0.446602
1522,VE 4000 - LJUBLJANA BEŽIGRAD,VO 4010 - DOMŽALE 1,11,"Kulturni dom Radomlje I, Prešernova cesta 43",850,415,0.4882,415,414,1,1.0,186,0.449275,228,0.550725
1523,VE 4000 - LJUBLJANA BEŽIGRAD,VO 4010 - DOMŽALE 1,12,"Kulturni dom Radomlje II, Prešernova cesta 43",1021,486,0.476,486,485,1,1.0,259,0.534021,226,0.465979
1524,VE 4000 - LJUBLJANA BEŽIGRAD,VO 4010 - DOMŽALE 1,13,"GD Rova, Žiška c.10, Rova",577,319,0.5529,319,318,1,1.0,124,0.389937,194,0.610063
1525,VE 4000 - LJUBLJANA BEŽIGRAD,VO 4010 - DOMŽALE 1,14,"Delavski dom Vir, Šaranovičeva c.19,Vir",1406,659,0.4687,659,658,1,1.0,366,0.556231,292,0.443769
1526,VE 4000 - LJUBLJANA BEŽIGRAD,VO 4010 - DOMŽALE 1,15,"Vrtec Palček Vir, Dvoržakova ul.15, Vir ",880,410,0.4659,410,409,1,1.0,220,0.537897,189,0.462103
1527,VE 4000 - LJUBLJANA BEŽIGRAD,VO 4010 - DOMŽALE 1,16,"VRTEC CICIDOM VIR, Šubičeva 12, Vir",963,442,0.459,442,439,3,1.0,209,0.476082,230,0.523918
1528,VE 4000 - LJUBLJANA BEŽIGRAD,VO 4010 - DOMŽALE 1,17,"Podružnična šola Krašnja, Krašnja 14a, Lukovica",624,285,0.4567,285,282,3,1.0,91,0.322695,191,0.677305
1529,VE 4000 - LJUBLJANA BEŽIGRAD,VO 4010 - DOMŽALE 1,18,"Kulturni dom Janka Kersnika Lukovica, Stari trg 1",1296,587,0.4529,587,584,3,1.0,230,0.393836,354,0.606164
1530,VE 4000 - LJUBLJANA BEŽIGRAD,VO 4010 - DOMŽALE 1,19,"Kulturni dom A.M.Slomška Šentvid, Veidrov trg 4",1094,531,0.4854,531,529,2,1.0,231,0.436673,298,0.563327
1531,VE 4000 - LJUBLJANA BEŽIGRAD,VO 4010 - DOMŽALE 1,20,"Športno turistično društvo Rafolče, Rafolče 11",434,228,0.5253,228,228,0,1.0,88,0.385965,140,0.614035
1532,VE 4000 - LJUBLJANA BEŽIGRAD,VO 4010 - DOMŽALE 1,21,"ŠD Zlato polje,Podgora pri Zlatem polju 1",237,129,0.5443,129,128,1,1.0,37,0.289062,91,0.710938
1533,VE 4000 - LJUBLJANA BEŽIGRAD,VO 4010 - DOMŽALE 1,22,"Podružnična šola Blagovica, Blagovica 33",473,202,0.4271,202,202,0,1.0,51,0.252475,151,0.747525
1534,VE 4000 - LJUBLJANA BEŽIGRAD,VO 4010 - DOMŽALE 1,23,"Večnamenski objekt, Češnjice 8, Blagovica",59,21,0.3559,21,21,0,1.0,5,0.238095,16,0.761905
1535,VE 4000 - LJUBLJANA BEŽIGRAD,VO 4010 - DOMŽALE 1,24,"ZADRUŽNI DOM TROJANE, Trojane 6",476,174,0.3655,174,173,1,1.0,65,0.375723,108,0.624277
1536,VE 4000 - LJUBLJANA BEŽIGRAD,VO 4010 - DOMŽALE 1,25,"Kulturni dom Moravče, Vegova ul.9",808,414,0.5124,414,410,4,1.0,161,0.392683,249,0.607317
1537,VE 4000 - LJUBLJANA BEŽIGRAD,VO 4010 - DOMŽALE 1,26,"Gost. lokal nad Logom,C. heroja Vasje 13, Moravče",637,307,0.4819,307,305,2,1.0,87,0.285246,218,0.714754
1538,VE 4000 - LJUBLJANA BEŽIGRAD,VO 4010 - DOMŽALE 1,27,"Pri Urankarju, Gabrje pod Limbarsko goro 6",339,171,0.5044,171,171,0,1.0,52,0.304094,119,0.695906
1539,VE 4000 - LJUBLJANA BEŽIGRAD,VO 4010 - DOMŽALE 1,28,"Pri Francu Majdiču, Negastrn 8",310,172,0.5548,172,172,0,1.0,26,0.151163,146,0.848837
1540,VE 4000 - LJUBLJANA BEŽIGRAD,VO 4010 - DOMŽALE 1,29,"PGD KRAŠCE, Krašce 4",612,311,0.5082,311,311,0,1.0,86,0.276527,225,0.723473
1541,VE 4000 - LJUBLJANA BEŽIGRAD,VO 4010 - DOMŽALE 1,30,"Gasilski dom Peče, Peče 50",478,281,0.5879,281,280,1,1.0,52,0.185714,228,0.814286
1542,VE 4000 - LJUBLJANA BEŽIGRAD,VO 4010 - DOMŽALE 1,31,"PLANINSKI DOM UŠTE - ŽERENK, Dešen 30, Kresnice",316,137,0.4335,137,137,0,1.0,33,0.240876,104,0.759124
1543,VE 4000 - LJUBLJANA BEŽIGRAD,VO 4010 - DOMŽALE 1,32,"KS Vrhpolje,Vrhpolje pri Moravčah 14",886,407,0.4594,407,404,3,1.0,116,0.287129,288,0.712871
1544,VE 4000 - LJUBLJANA BEŽIGRAD,VO 4010 - DOMŽALE 1,901,Predčasno glasovanje,0,528,0.0,528,527,1,1.0,294,0.557875,233,0.442125
1545,VE 4000 - LJUBLJANA BEŽIGRAD,VO 4010 - DOMŽALE 1,970,OMNIA od: 4010,0,109,0.0,109,109,0,1.0,56,0.513761,53,0.486239
1546,VE 4000 - LJUBLJANA BEŽIGRAD,VO 4010 - DOMŽALE 1,997,Po pošti v Sloveniji OVK,0,0,0.0,0,0,0,,0,0.0,0,0.0
1547,VE 4000 - LJUBLJANA BEŽIGRAD,VO 4010 - DOMŽALE 1,998,Po pošti v tujini OVK,0,0,0.0,0,0,0,,0,0.0,0,0.0
1548,VE 4000 - LJUBLJANA BEŽIGRAD,VO 4010 - DOMŽALE 1,999,Posebni volilni imenik,1108,0,0.0,0,0,0,,0,0.0,0,0.0
1549,VE 4000 - LJUBLJANA BEŽIGRAD,VO 4011 - DOMŽALE 2,1,"VRTEC BISTRA, Ul. Nikola Tesla 16, Domžale",1191,477,0.4005,477,474,3,1.0,282,0.594937,192,0.405063
1550,VE 4000 - LJUBLJANA BEŽIGRAD,VO 4011 - DOMŽALE 2,2,"Galerija Domžale, Mestni trg 1, Domžale",1336,509,0.381,509,508,1,1.0,276,0.543307,232,0.456693
1551,VE 4000 - LJUBLJANA BEŽIGRAD,VO 4011 - DOMŽALE 2,3,"VRTEC ČEŠMIN, Murnova ulica 14, Domžale",799,358,0.4481,358,355,3,1.0,190,0.535211,165,0.464789
1552,VE 4000 - LJUBLJANA BEŽIGRAD,VO 4011 - DOMŽALE 2,4,"OSNOVNA ŠOLA ROJE, Kettejeva ulica 15, Domžale",552,281,0.5091,281,281,0,1.0,161,0.572954,120,0.427046
1553,VE 4000 - LJUBLJANA BEŽIGRAD,VO 4011 - DOMŽALE 2,5,"Srednja šola Domžale - gimnazija, Cesta talcev 12",1449,568,0.392,568,566,2,1.0,325,0.574205,241,0.425795
1554,VE 4000 - LJUBLJANA BEŽIGRAD,VO 4011 - DOMŽALE 2,6,"PEKARNA JURČEK, Depala vas 93a, Domžale",410,199,0.4854,199,199,0,1.0,69,0.346734,130,0.653266
1555,VE 4000 - LJUBLJANA BEŽIGRAD,VO 4011 - DOMŽALE 2,7,"PGD STOB-DEPALA VAS, Ljubljanska cesta 55, Domžale",566,255,0.4505,255,255,0,1.0,118,0.462745,137,0.537255
1556,VE 4000 - LJUBLJANA BEŽIGRAD,VO 4011 - DOMŽALE 2,8,"DOMŽALSKI DOM, Ljubljanska cesta 58, Domžale",980,400,0.4082,400,398,2,1.0,200,0.502513,198,0.497487
1557,VE 4000 - LJUBLJANA BEŽIGRAD,VO 4011 - DOMŽALE 2,9,"VARNOST LJUBLJANA, Ljubljanska 68, Domžale",932,246,0.2639,246,245,1,1.0,141,0.57551,104,0.42449
1558,VE 4000 - LJUBLJANA BEŽIGRAD,VO 4011 - DOMŽALE 2,10,"Osnovna šola Dragomelj, Dragomelj 180",1062,567,0.5339,567,567,0,1.0,282,0.497354,285,0.502646
1559,VE 4000 - LJUBLJANA BEŽIGRAD,VO 4011 - DOMŽALE 2,11,"OŠ Jarše, Šolska ul.1a, Spodnje Jarše",1231,593,0.4817,593,593,0,1.0,297,0.500843,296,0.499157
1560,VE 4000 - LJUBLJANA BEŽIGRAD,VO 4011 - DOMŽALE 2,12,"GASILSKI DOM SREDNJE JARŠE,Jarška c. 37,Zg. Jarše",870,414,0.4759,414,411,3,1.0,159,0.386861,252,0.613139
1561,VE 4000 - LJUBLJANA BEŽIGRAD,VO 4011 - DOMŽALE 2,13,"OŠ Preserje pri Radomljah, Pelechova c. 83",1659,808,0.487,808,804,4,1.0,393,0.488806,411,0.511194
1562,VE 4000 - LJUBLJANA BEŽIGRAD,VO 4011 - DOMŽALE 2,14,"OŠ Trzin I, Mengeška cesta 7b, Trzin",1344,651,0.4844,651,648,3,1.0,325,0.501543,323,0.498457
1563,VE 4000 - LJUBLJANA BEŽIGRAD,VO 4011 - DOMŽALE 2,15,"OŠ Trzin II, Mengeška c. 7b, Trzin",889,457,0.5141,457,455,2,1.0,253,0.556044,202,0.443956
1564,VE 4000 - LJUBLJANA BEŽIGRAD,VO 4011 - DOMŽALE 2,16,"OŠ Trzin III, Mengeška cesta 7b, Trzin",718,331,0.461,331,331,0,1.0,190,0.574018,141,0.425982
1565,VE 4000 - LJUBLJANA BEŽIGRAD,VO 4011 - DOMŽALE 2,17,"Gasilski dom Topole, Topole 21",165,98,0.5939,98,96,2,1.0,28,0.291667,68,0.708333
1566,VE 4000 - LJUBLJANA BEŽIGRAD,VO 4011 - DOMŽALE 2,18,"Osnovna šola Mengeš I, Šolska ulica 11, Mengeš",919,456,0.4962,456,455,1,1.0,190,0.417582,265,0.582418
1567,VE 4000 - LJUBLJANA BEŽIGRAD,VO 4011 - DOMŽALE 2,19,"Osnovna šola Mengeš II, Šolska ulica 11, Mengeš",1000,472,0.472,472,469,3,1.0,214,0.45629,255,0.54371
1568,VE 4000 - LJUBLJANA BEŽIGRAD,VO 4011 - DOMŽALE 2,20,"Dom počitka Mengeš, Glavni trg 13",786,302,0.3842,302,302,0,1.0,137,0.453642,165,0.546358
1569,VE 4000 - LJUBLJANA BEŽIGRAD,VO 4011 - DOMŽALE 2,21,"Glasbena šola Mengeš I, Trdinov trg 8, Mengeš",521,277,0.5317,277,276,1,1.0,160,0.57971,116,0.42029
1570,VE 4000 - LJUBLJANA BEŽIGRAD,VO 4011 - DOMŽALE 2,22,"Glasbena šola Mengeš II, Trdinov trg 8, Mengeš",1181,614,0.5199,614,613,1,1.0,317,0.517129,296,0.482871
1571,VE 4000 - LJUBLJANA BEŽIGRAD,VO 4011 - DOMŽALE 2,23,"Vrtec Sonček, Zoranina 5, Mengeš",581,298,0.5129,298,298,0,1.0,172,0.577181,126,0.422819
1572,VE 4000 - LJUBLJANA BEŽIGRAD,VO 4011 - DOMŽALE 2,24,"Gasilski dom Loka pri Mengšu, Gasilska c.46",677,338,0.4993,338,336,2,1.0,134,0.39881,202,0.60119
1573,VE 4000 - LJUBLJANA BEŽIGRAD,VO 4011 - DOMŽALE 2,25,"KMEČKI turizem BLAŽ, Dobeno 9",246,129,0.5244,129,128,1,1.0,54,0.421875,74,0.578125
1574,VE 4000 - LJUBLJANA BEŽIGRAD,VO 4011 - DOMŽALE 2,901,Predčasno glasovanje,0,744,0.0,744,743,1,1.0,477,0.641992,266,0.358008
1575,VE 4000 - LJUBLJANA BEŽIGRAD,VO 4011 - DOMŽALE 2,997,Po pošti v Sloveniji OVK,0,24,0.0,24,24,0,1.0,6,0.25,18,0.75
1576,VE 4000 - LJUBLJANA BEŽIGRAD,VO 4011 - DOMŽALE 2,998,Po pošti v tujini OVK,0,0,0.0,0,0,0,,0,0.0,0,0.0
1577,VE 4000 - LJUBLJANA BEŽIGRAD,VO 4011 - DOMŽALE 2,999,Posebni volilni imenik,955,0,0.0,0,0,0,,0,0.0,0,0.0
1578,VE 5000 - CELJE,VO 5000 - CELJE,9705000,OMNIA od: 5000,0,0,0.0,0,0,0,,0,0.0,0,0.0
1579,VE 5000 - CELJE,VO 5000 - CELJE,9975000,Po pošti v Sloveniji VKVE,0,37,0.0,37,37,0,1.0,18,0.486486,19,0.513514
1580,VE 5000 - CELJE,VO 5000 - CELJE,9985000,Po pošti v tujini VKVE,0,10,0.0,10,10,0,1.0,7,0.7,3,0.3
1581,VE 5000 - CELJE,VO 5001 - ŠENTJUR,1,"OŠ Blagovna, Proseniško 22, Šentjur",798,334,0.4185,334,333,1,1.0,102,0.306306,231,0.693694
1582,VE 5000 - CELJE,VO 5001 - ŠENTJUR,2,"GD Lokarje, Dole 11, Šentjur",594,279,0.4697,279,279,0,1.0,88,0.315412,191,0.684588
1583,VE 5000 - CELJE,VO 5001 - ŠENTJUR,3,"OŠ Dramlje, Dramlje 7a, Dramlje",1414,622,0.4399,622,619,3,1.0,184,0.297254,435,0.702746
1584,VE 5000 - CELJE,VO 5001 - ŠENTJUR,4,"Bobnar, Pletovarje 3a, Dramlje",247,104,0.4211,104,102,2,1.0,19,0.186275,83,0.813725
1585,VE 5000 - CELJE,VO 5001 - ŠENTJUR,6,"Lenič, Razbor 30a, Dramlje",153,89,0.5817,89,89,0,1.0,27,0.303371,62,0.696629
1586,VE 5000 - CELJE,VO 5001 - ŠENTJUR,7,"GD Dolga Gora, Dolga Gora 50b, Ponikva",233,113,0.485,113,111,2,1.0,25,0.225225,86,0.774775
1587,VE 5000 - CELJE,VO 5001 - ŠENTJUR,8,"Prostori KS Grobelno,Tratna 46, Grobelno",750,353,0.4707,353,350,3,1.0,86,0.245714,264,0.754286
1588,VE 5000 - CELJE,VO 5001 - ŠENTJUR,9,"OŠ Kalobje, Kalobje 15, Kalobje",410,180,0.439,180,180,0,1.0,32,0.177778,148,0.822222
1589,VE 5000 - CELJE,VO 5001 - ŠENTJUR,10,"Šuster, Osredek 3, Šentjur",122,57,0.4672,57,57,0,1.0,8,0.140351,49,0.859649
1590,VE 5000 - CELJE,VO 5001 - ŠENTJUR,11,"GD Loka pri Žusmu, Loka 13, Loka pri Žusmu",313,119,0.3802,119,119,0,1.0,49,0.411765,70,0.588235
1591,VE 5000 - CELJE,VO 5001 - ŠENTJUR,12,"GD Dobrina, Dobrina 6b, Loka pri Žusmu",262,100,0.3817,100,99,1,1.0,21,0.212121,78,0.787879
1592,VE 5000 - CELJE,VO 5001 - ŠENTJUR,14,"OŠ Planina, Planina 69, Planina pri Sevnici",733,298,0.4065,298,297,1,1.0,80,0.26936,217,0.73064
1593,VE 5000 - CELJE,VO 5001 - ŠENTJUR,17,"KD Šentvid, Šentvid 6, Planina pri Sevnici",491,169,0.3442,169,168,1,1.0,47,0.279762,121,0.720238
1594,VE 5000 - CELJE,VO 5001 - ŠENTJUR,18,"OŠ B. Kocena, Ponikva 29a, Ponikva",1325,541,0.4083,541,540,1,1.0,145,0.268519,395,0.731481
1595,VE 5000 - CELJE,VO 5001 - ŠENTJUR,20,"Lavbič, Lutrje 16, Ponikva",403,165,0.4094,165,164,1,1.0,35,0.213415,129,0.786585
1596,VE 5000 - CELJE,VO 5001 - ŠENTJUR,21,"Večnamenski p. Prevorje, Lopaca 10, Prevorje",378,112,0.2963,112,111,1,1.0,31,0.279279,80,0.720721
1597,VE 5000 - CELJE,VO 5001 - ŠENTJUR,22,"Gostišče Obrez Milan, Žegar 2, Prevorje",203,59,0.2906,59,59,0,1.0,18,0.305085,41,0.694915
1598,VE 5000 - CELJE,VO 5001 - ŠENTJUR,23,"KD Gorica, Gorica 98, Gorica pri Slivnici",690,296,0.429,296,295,1,1.0,93,0.315254,202,0.684746
1599,VE 5000 - CELJE,VO 5001 - ŠENTJUR,24,"GVD Javorje, Javorje bš, Gorica pri Slivnici",203,95,0.468,95,95,0,1.0,32,0.336842,63,0.663158
1600,VE 5000 - CELJE,VO 5001 - ŠENTJUR,25,"GD Paridol, Paridol bš, Gorica pri Slivnici",193,75,0.3886,75,74,1,1.0,27,0.364865,47,0.635135
1601,VE 5000 - CELJE,VO 5001 - ŠENTJUR,26,"Krajnc, Voduce 22a, Gorica pri Slivnici",142,54,0.3803,54,54,0,1.0,13,0.240741,41,0.759259
1602,VE 5000 - CELJE,VO 5001 - ŠENTJUR,27,"Dom Gabernica, Slivnica bš, Gorica pri Slivnici",119,52,0.437,52,52,0,1.0,10,0.192308,42,0.807692
1603,VE 5000 - CELJE,VO 5001 - ŠENTJUR,28,"GD Bukovje, Bukovje bš, Gorica pri Slivnici",133,59,0.4436,59,59,0,1.0,12,0.20339,47,0.79661
1604,VE 5000 - CELJE,VO 5001 - ŠENTJUR,29,"SD Občine Šentjur, Mestni trg 10, Šentjur",998,356,0.3567,356,353,3,1.0,165,0.467422,188,0.532578
1605,VE 5000 - CELJE,VO 5001 - ŠENTJUR,30,"GD Šentjur, Ul. A. M. Slomška 2, Šentjur",819,322,0.3932,322,319,3,1.0,124,0.388715,195,0.611285
1606,VE 5000 - CELJE,VO 5001 - ŠENTJUR,31,"OŠ Hruševec 1, Gajstova pot 2a, Šentjur",671,316,0.4709,316,316,0,1.0,139,0.439873,177,0.560127
1607,VE 5000 - CELJE,VO 5001 - ŠENTJUR,32,"Gostišče Zanzibar,C.Kozjanskega odr. 87a,Šentjur",916,433,0.4727,433,431,2,1.0,141,0.327146,290,0.672854
1608,VE 5000 - CELJE,VO 5001 - ŠENTJUR,33,"OŠ Hruševec 2, Gajstova pot 2a, Šentjur",775,284,0.3665,284,284,0,1.0,63,0.221831,221,0.778169
1609,VE 5000 - CELJE,VO 5001 - ŠENTJUR,34,"Kovač-Reberšak, Vrbno 16, Šentjur",566,219,0.3869,219,216,3,1.0,70,0.324074,146,0.675926
1610,VE 5000 - CELJE,VO 5001 - ŠENTJUR,36,"KD Dobje, Dobje 26, Dobje pri Planini",412,164,0.3981,164,163,1,1.0,48,0.294479,115,0.705521
1611,VE 5000 - CELJE,VO 5001 - ŠENTJUR,39,"OŠ F. Malgaja, Ul. skl. Ipavcev 2, Šentjur",675,230,0.3407,230,230,0,1.0,105,0.456522,125,0.543478
1612,VE 5000 - CELJE,VO 5001 - ŠENTJUR,40,"OŠ Dobje, Dobje 20a, Dobje pri Planini",396,169,0.4268,169,169,0,1.0,31,0.183432,138,0.816568
1613,VE 5000 - CELJE,VO 5001 - ŠENTJUR,901,Predčasno glasovanje,0,449,0.0,449,448,1,1.0,230,0.513393,218,0.486607
1614,VE 5000 - CELJE,VO 5001 - ŠENTJUR,970,OMNIA od: 5001,0,15,0.0,15,15,0,1.0,8,0.533333,7,0.466667
1615,VE 5000 - CELJE,VO 5001 - ŠENTJUR,997,Po pošti v Sloveniji OVK,0,0,0.0,0,0,0,,0,0.0,0,0.0
1616,VE 5000 - CELJE,VO 5001 - ŠENTJUR,998,Po pošti v tujini OVK,0,0,0.0,0,0,0,,0,0.0,0,0.0
1617,VE 5000 - CELJE,VO 5001 - ŠENTJUR,999,Posebni volilni imenik,612,0,0.0,0,0,0,,0,0.0,0,0.0
1618,VE 5000 - CELJE,VO 5002 - CELJE 1,1,"OŠ Hudinja, Mariborska c. 125, Celje",1229,425,0.3458,425,423,2,1.0,190,0.449173,233,0.550827
1619,VE 5000 - CELJE,VO 5002 - CELJE 1,3,"Sedež MČ Hudinja, Ul. F. žrtev 17/a, Celje",771,288,0.3735,288,288,0,1.0,169,0.586806,119,0.413194
1620,VE 5000 - CELJE,VO 5002 - CELJE 1,4,"Hrastnik Miroslav, Vrhe 42, Teharje",199,114,0.5729,114,114,0,1.0,48,0.421053,66,0.578947
1621,VE 5000 - CELJE,VO 5002 - CELJE 1,5,"Ostrožnik - Horvat Karina, Bukovžlak 51/a",280,105,0.375,105,105,0,1.0,40,0.380952,65,0.619048
1622,VE 5000 - CELJE,VO 5002 - CELJE 1,6,"Dvorana KS Teharje, Teharje 14",266,119,0.4474,119,119,0,1.0,42,0.352941,77,0.647059
1623,VE 5000 - CELJE,VO 5002 - CELJE 1,7,"OŠ Lava, Pucova ul. 7, Celje",1121,439,0.3916,439,437,2,1.0,212,0.485126,225,0.514874
1624,VE 5000 - CELJE,VO 5002 - CELJE 1,8,"Sedež MČ Lava, Iršičeva ul. 2/a, Celje",889,362,0.4072,362,357,5,1.0,175,0.490196,182,0.509804
1625,VE 5000 - CELJE,VO 5002 - CELJE 1,9,"GD Ostrožno, C. na Ostrožno 90, Celje",1538,759,0.4935,759,757,2,1.0,464,0.612946,293,0.387054
1626,VE 5000 - CELJE,VO 5002 - CELJE 1,10,"GD Lopata, Lopata 49, Celje",482,210,0.4357,210,210,0,1.0,99,0.471429,111,0.528571
1627,VE 5000 - CELJE,VO 5002 - CELJE 1,11,"GD Lokrovec, Lokrovec 57, Celje",272,133,0.489,133,133,0,1.0,50,0.37594,83,0.62406
1628,VE 5000 - CELJE,VO 5002 - CELJE 1,12,"Klenovšek J., Dobrova 16, Celje",601,306,0.5092,306,306,0,1.0,158,0.51634,148,0.48366
1629,VE 5000 - CELJE,VO 5002 - CELJE 1,13,"Dom krajanov, Šmartno v Rožni dolini 5",1789,793,0.4433,792,790,2,1.0,275,0.348101,515,0.651899
1630,VE 5000 - CELJE,VO 5002 - CELJE 1,14,"Sedež KS Škofja vas, Škofja vas 38",1401,549,0.3919,549,547,2,1.0,224,0.409506,323,0.590494
1631,VE 5000 - CELJE,VO 5002 - CELJE 1,15,"Gostilna Tepež, Runtole 3, Škofja vas",350,144,0.4114,144,144,0,1.0,68,0.472222,76,0.527778
1632,VE 5000 - CELJE,VO 5002 - CELJE 1,19,"Dom KS Ljubečna, Kocbekova c. 45, Ljubečna",1312,578,0.4405,578,578,0,1.0,273,0.472318,305,0.527682
1633,VE 5000 - CELJE,VO 5002 - CELJE 1,21,"Športno društvo Začret, Začret",286,127,0.4441,127,127,0,1.0,51,0.401575,76,0.598425
1634,VE 5000 - CELJE,VO 5002 - CELJE 1,23,"IV. OŠ,  Dečkova cesta 60, Celje",2914,864,0.2965,864,864,0,1.0,478,0.553241,386,0.446759
1635,VE 5000 - CELJE,VO 5002 - CELJE 1,24,"GD Prožinska vas, Prožinska vas 33, Štore",476,221,0.4643,221,221,0,1.0,72,0.325792,149,0.674208
1636,VE 5000 - CELJE,VO 5002 - CELJE 1,25,"OŠ Kompole, Kompole 92, Štore",519,206,0.3969,206,206,0,1.0,77,0.373786,129,0.626214
1637,VE 5000 - CELJE,VO 5002 - CELJE 1,26,"Šuhel Pavel, Laška vas 41, Štore",189,71,0.3757,71,71,0,1.0,31,0.43662,40,0.56338
1638,VE 5000 - CELJE,VO 5002 - CELJE 1,27,"Zlatko Cmok, Pečovje 4/a, Štore",230,122,0.5304,122,122,0,1.0,51,0.418033,71,0.581967
1639,VE 5000 - CELJE,VO 5002 - CELJE 1,29,"KD Štore, C. XIV. divizije 29, Štore",259,72,0.278,72,72,0,1.0,25,0.347222,47,0.652778
1640,VE 5000 - CELJE,VO 5002 - CELJE 1,30,"Gobec Drago, Šentjanž nad Štorami 26",177,62,0.3503,62,62,0,1.0,16,0.258065,46,0.741935
1641,VE 5000 - CELJE,VO 5002 - CELJE 1,31,"OŠ Štore, Ul. Cvetke Jerin 5, Štore",997,326,0.327,326,326,0,1.0,152,0.466258,174,0.533742
1642,VE 5000 - CELJE,VO 5002 - CELJE 1,32,"Župnišče Svetina, Svetina 13, Štore",347,147,0.4236,147,145,2,1.0,26,0.17931,119,0.82069
1643,VE 5000 - CELJE,VO 5002 - CELJE 1,35,"OŠ A. Bezenška Frankolovo, Frankolovo 11 ",354,144,0.4068,144,144,0,1.0,45,0.3125,99,0.6875
1644,VE 5000 - CELJE,VO 5002 - CELJE 1,36,"Kračun Martin, Bezenškovo Bukovje 9/a",393,174,0.4427,174,174,0,1.0,30,0.172414,144,0.827586
1645,VE 5000 - CELJE,VO 5002 - CELJE 1,38,"Karo Janez, Lindek 7, Frankolovo",112,66,0.5893,66,66,0,1.0,9,0.136364,57,0.863636
1646,VE 5000 - CELJE,VO 5002 - CELJE 1,40,"GD Frankolovo, Stražica 2, Frankolovo",566,246,0.4346,246,246,0,1.0,81,0.329268,165,0.670732
1647,VE 5000 - CELJE,VO 5002 - CELJE 1,44,"Večnamenska dvorana, POŠ Nova Cerkev 41",1163,521,0.448,521,519,2,1.0,163,0.314066,356,0.685934
1648,VE 5000 - CELJE,VO 5002 - CELJE 1,45,"Gasilski dom Socka, Socka 64",584,256,0.4384,256,256,0,1.0,64,0.25,192,0.75
1649,VE 5000 - CELJE,VO 5002 - CELJE 1,47,"GD Lemberg, Lemberg pri Novi Cerkvi  19",268,146,0.5448,146,145,1,1.0,28,0.193103,117,0.806897
1650,VE 5000 - CELJE,VO 5002 - CELJE 1,51,"OŠ Vojnik, Prušnikova ul. 14, Vojnik",1200,527,0.4392,527,526,1,1.0,203,0.385932,323,0.614068
1651,VE 5000 - CELJE,VO 5002 - CELJE 1,52,"OŠ Vojnik, Prušnikova ul. 14, Vojnik",977,477,0.4882,477,477,0,1.0,207,0.433962,270,0.566038
1652,VE 5000 - CELJE,VO 5002 - CELJE 1,53,"OSTRI, Ravnak Ivan, Celjska c. 2/b, Vojnik",884,410,0.4638,410,409,1,1.0,98,0.239609,311,0.760391
1653,VE 5000 - CELJE,VO 5002 - CELJE 1,55,"Florjan Rečnik, Razgor 18b, Vojnik",556,245,0.4406,245,244,1,1.0,70,0.286885,174,0.713115
1654,VE 5000 - CELJE,VO 5002 - CELJE 1,56,"Avto Čepin, Pot v Lešje 1, Vojnik",423,218,0.5154,218,218,0,1.0,75,0.344037,143,0.655963
1655,VE 5000 - CELJE,VO 5002 - CELJE 1,58,"Društveni prostori v KD Dobrna,Dobrna 1/a,Dobrna",441,185,0.4195,185,185,0,1.0,90,0.486486,95,0.513514
1656,VE 5000 - CELJE,VO 5002 - CELJE 1,59,"KD Dobrna, Dobrna 1/a, Dobrna",1169,450,0.3849,450,450,0,1.0,123,0.273333,327,0.726667
1657,VE 5000 - CELJE,VO 5002 - CELJE 1,64,"OŠ Dobrna, Dobrna 1, Dobrna",126,37,0.2937,37,37,0,1.0,9,0.243243,28,0.756757
1658,VE 5000 - CELJE,VO 5002 - CELJE 1,901,Predčasno glasovanje,0,417,0.0,417,413,4,1.0,255,0.617433,158,0.382567
1659,VE 5000 - CELJE,VO 5002 - CELJE 1,997,Po pošti v Sloveniji OVK,0,16,0.0,16,16,0,1.0,7,0.4375,9,0.5625
1660,VE 5000 - CELJE,VO 5002 - CELJE 1,998,Po pošti v tujini OVK,0,0,0.0,0,0,0,,0,0.0,0,0.0
1661,VE 5000 - CELJE,VO 5002 - CELJE 1,999,Posebni volilni imenik,1419,0,0.0,0,0,0,,0,0.0,0,0.0
1662,VE 5000 - CELJE,VO 5003 - CELJE 2,2,"Sedež KS, Velika dvorana, Teharska cesta 2a,Celje",1395,502,0.3599,502,502,0,1.0,253,0.503984,249,0.496016
1663,VE 5000 - CELJE,VO 5003 - CELJE 2,4,"Franc Draksler, Tremerje 13, Tremerje",639,237,0.3709,237,234,3,1.0,86,0.367521,148,0.632479
1664,VE 5000 - CELJE,VO 5003 - CELJE 2,7,"Župnija Celje, Sv. Cecilija, Breg 18, Celje",333,119,0.3574,119,118,1,1.0,58,0.491525,60,0.508475
1665,VE 5000 - CELJE,VO 5003 - CELJE 2,8,"Dom krajanov, Zagrad 90, Celje",1497,583,0.3894,583,582,1,1.0,230,0.395189,352,0.604811
1666,VE 5000 - CELJE,VO 5003 - CELJE 2,10,"III.OŠ Celje - telovadnica, Vodnikova  4, Celje",942,301,0.3195,301,300,1,1.0,168,0.56,132,0.44
1667,VE 5000 - CELJE,VO 5003 - CELJE 2,11,"III.OŠ Celje - telovadnica, Vodnikova 4, Celje",1125,356,0.3164,356,355,1,1.0,199,0.560563,156,0.439437
1668,VE 5000 - CELJE,VO 5003 - CELJE 2,14,"Rdeči križ, OZ Celje, Delavska ulica 21, Celje",711,163,0.2293,163,163,0,1.0,78,0.478528,85,0.521472
1669,VE 5000 - CELJE,VO 5003 - CELJE 2,15,"Don Boskov center, Don Boskov trg 1, Celje",1424,467,0.3279,467,466,1,1.0,238,0.51073,228,0.48927
1670,VE 5000 - CELJE,VO 5003 - CELJE 2,16,"Sedež KS Medlog, Babno 3a, Celje",615,306,0.4976,306,306,0,1.0,149,0.486928,157,0.513072
1671,VE 5000 - CELJE,VO 5003 - CELJE 2,17,"Plava laguna, Ljubljanska  cesta 58, Celje",821,322,0.3922,322,321,1,1.0,210,0.654206,111,0.345794
1672,VE 5000 - CELJE,VO 5003 - CELJE 2,18,"Zarja Trnovlje, Kulturniška ulica 4, Celje",427,166,0.3888,166,166,0,1.0,89,0.536145,77,0.463855
1673,VE 5000 - CELJE,VO 5003 - CELJE 2,19,"KS Trnovlje pri Celju, Trnoveljska  82, Celje",566,273,0.4823,273,270,3,1.0,171,0.633333,99,0.366667
1674,VE 5000 - CELJE,VO 5003 - CELJE 2,21,"Dijaški dom, Ljubljanska cesta 21, Celje",1491,523,0.3508,523,519,4,1.0,319,0.614644,200,0.385356
1675,VE 5000 - CELJE,VO 5003 - CELJE 2,23,"AMZS d.d., PE Celje,  Ljubljanska cesta 35, Celje",979,333,0.3401,333,331,2,1.0,192,0.58006,139,0.41994
1676,VE 5000 - CELJE,VO 5003 - CELJE 2,25,"Šolski center Celje, Pot na Lavo 22, Celje",1172,444,0.3788,444,444,0,1.0,266,0.599099,178,0.400901
1677,VE 5000 - CELJE,VO 5003 - CELJE 2,26,"Družbeni prostori, Ul.V.prekomor.brigade 4, Celje",696,323,0.4641,323,320,3,1.0,196,0.6125,124,0.3875
1678,VE 5000 - CELJE,VO 5003 - CELJE 2,27,"I.OŠ Celje, Disloc.enota, Kosovelova 14, Celje",543,187,0.3444,187,186,1,1.0,109,0.586022,77,0.413978
1679,VE 5000 - CELJE,VO 5003 - CELJE 2,28,"Vrtec Zarja, Enota Ringa raja, Nušičeva 2c, Celje",1458,561,0.3848,561,560,1,1.0,320,0.571429,240,0.428571
1680,VE 5000 - CELJE,VO 5003 - CELJE 2,31,"Sedež MČ, Ulica bratov Vošnjakov 1, Celje",1487,519,0.349,519,518,1,1.0,316,0.610039,202,0.389961
1681,VE 5000 - CELJE,VO 5003 - CELJE 2,32,"Sedež MČ, Ulica bratov Vošnjakov 1, Celje",1373,460,0.335,460,457,3,1.0,219,0.479212,238,0.520788
1682,VE 5000 - CELJE,VO 5003 - CELJE 2,901,Predčasno glasovanje,0,767,0.0,767,764,3,1.0,495,0.647906,269,0.352094
1683,VE 5000 - CELJE,VO 5003 - CELJE 2,970,OMNIA od: 5003,0,63,0.0,63,63,0,1.0,32,0.507937,31,0.492063
1684,VE 5000 - CELJE,VO 5003 - CELJE 2,997,Po pošti v Sloveniji OVK,0,16,0.0,16,16,0,1.0,11,0.6875,5,0.3125
1685,VE 5000 - CELJE,VO 5003 - CELJE 2,998,Po pošti v tujini OVK,0,0,0.0,0,0,0,,0,0.0,0,0.0
1686,VE 5000 - CELJE,VO 5003 - CELJE 2,999,Posebni volilni imenik,1575,0,0.0,0,0,0,,0,0.0,0,0.0
1687,VE 5000 - CELJE,VO 5004 - ŽALEC 1,1,"Dom KS Vinska Gora, Vinska Gora 31b",1566,709,0.4527,709,701,8,1.0,262,0.373752,439,0.626248
1688,VE 5000 - CELJE,VO 5004 - ŽALEC 1,2,"POŠ Trje I, Galicija 18e",782,330,0.422,330,329,1,1.0,128,0.389058,201,0.610942
1689,VE 5000 - CELJE,VO 5004 - ŽALEC 1,3,"POŠ Trje II, Galicija 18e",887,373,0.4205,373,373,0,1.0,138,0.369973,235,0.630027
1690,VE 5000 - CELJE,VO 5004 - ŽALEC 1,4,"POŠ Ponikva, Ponikva pri Žalcu 17",1055,438,0.4152,438,438,0,1.0,140,0.319635,298,0.680365
1691,VE 5000 - CELJE,VO 5004 - ŽALEC 1,5,"Prostori KS Gotovlje, Gotovlje 40",1166,530,0.4545,530,529,1,1.0,239,0.451796,290,0.548204
1692,VE 5000 - CELJE,VO 5004 - ŽALEC 1,6,"OŠ Šempeter Volišče I, Šolska 2, Šempeter v S.d.",1010,427,0.4228,427,425,2,1.0,222,0.522353,203,0.477647
1693,VE 5000 - CELJE,VO 5004 - ŽALEC 1,7,"OŠ Šempeter, Volišče II, Šolska 2, Šempeter v S.d",1064,469,0.4408,469,469,0,1.0,165,0.351812,304,0.648188
1694,VE 5000 - CELJE,VO 5004 - ŽALEC 1,8,"Tavčar Alojz, Zg. Grušovlje 18",232,90,0.3879,90,90,0,1.0,31,0.344444,59,0.655556
1695,VE 5000 - CELJE,VO 5004 - ŽALEC 1,9,Dom Podeželskega društva Grče,220,98,0.4455,98,98,0,1.0,34,0.346939,64,0.653061
1696,VE 5000 - CELJE,VO 5004 - ŽALEC 1,10,"Šola Polzela, Volišče I, Šolska ul. 3, Polzela",1228,542,0.4414,542,539,3,1.0,211,0.391466,328,0.608534
1697,VE 5000 - CELJE,VO 5004 - ŽALEC 1,11,"Šola Polzela, Volišče II, Šolska ul. 3, Polzela",1388,575,0.4143,575,574,1,1.0,217,0.378049,357,0.621951
1698,VE 5000 - CELJE,VO 5004 - ŽALEC 1,12,"Šola Polzela, Volišče III, Šolska ul. 3, Polzela",860,356,0.414,356,354,2,1.0,184,0.519774,170,0.480226
1699,VE 5000 - CELJE,VO 5004 - ŽALEC 1,13,"Avtohiša Kos, Ločiška c. 10, Polzela",794,363,0.4572,363,363,0,1.0,179,0.493113,184,0.506887
1700,VE 5000 - CELJE,VO 5004 - ŽALEC 1,14,"Zadružni dom Andraž, Andraž nad Polzelo 9",830,428,0.5157,428,425,3,1.0,148,0.348235,277,0.651765
1701,VE 5000 - CELJE,VO 5004 - ŽALEC 1,15,"Savinov salon Žalec, Šlandrov trg 25,  Žalec",1260,467,0.3706,467,467,0,1.0,271,0.5803,196,0.4197
1702,VE 5000 - CELJE,VO 5004 - ŽALEC 1,16,"KD Žalec, Volišče I, Aškerčeva 9a, Žalec",929,290,0.3122,290,289,1,1.0,145,0.50173,144,0.49827
1703,VE 5000 - CELJE,VO 5004 - ŽALEC 1,17,"KD Žalec, Volišče II, Aškerčeva 9a, Žalec",1348,563,0.4177,563,561,2,1.0,331,0.590018,230,0.409982
1704,VE 5000 - CELJE,VO 5004 - ŽALEC 1,18,"GD Ložnica, Ložnica pri Žalcu 24",435,220,0.5057,220,219,1,1.0,113,0.515982,106,0.484018
1705,VE 5000 - CELJE,VO 5004 - ŽALEC 1,19,"DK Vrbje, Vrbje 68",465,216,0.4645,216,213,3,1.0,114,0.535211,99,0.464789
1706,VE 5000 - CELJE,VO 5004 - ŽALEC 1,901,Predčasno glasovanje,0,366,0.0,366,366,0,1.0,208,0.568306,158,0.431694
1707,VE 5000 - CELJE,VO 5004 - ŽALEC 1,970,OMNIA od: 5004,0,32,0.0,32,32,0,1.0,19,0.59375,13,0.40625
1708,VE 5000 - CELJE,VO 5004 - ŽALEC 1,997,Po pošti v Sloveniji OVK,0,0,0.0,0,0,0,,0,0.0,0,0.0
1709,VE 5000 - CELJE,VO 5004 - ŽALEC 1,998,Po pošti v tujini OVK,0,0,0.0,0,0,0,,0,0.0,0,0.0
1710,VE 5000 - CELJE,VO 5004 - ŽALEC 1,999,Posebni volilni imenik,766,0,0.0,0,0,0,,0,0.0,0,0.0
1711,VE 5000 - CELJE,VO 5005 - ŽALEC 2,1,"OŠ Liboje, Liboje 122",635,238,0.3748,238,236,2,1.0,112,0.474576,124,0.525424
1712,VE 5000 - CELJE,VO 5005 - ŽALEC 2,2,"KS Liboje, Kasaze 110",658,222,0.3374,222,222,0,1.0,121,0.545045,101,0.454955
1713,VE 5000 - CELJE,VO 5005 - ŽALEC 2,3,"OŠ Petrovče, Petrovče 32",1119,514,0.4593,514,510,4,1.0,266,0.521569,244,0.478431
1714,VE 5000 - CELJE,VO 5005 - ŽALEC 2,4,"GD Arja vas, Arja vas 62a",391,198,0.5064,198,197,1,1.0,93,0.472081,104,0.527919
1715,VE 5000 - CELJE,VO 5005 - ŽALEC 2,5,"DK Mala Pirešica, Mala Pirešica bš",155,64,0.4129,64,64,0,1.0,25,0.390625,39,0.609375
1716,VE 5000 - CELJE,VO 5005 - ŽALEC 2,6,"GD Drešinja vas, Drešinja vas 4a",205,97,0.4732,97,97,0,1.0,32,0.329897,65,0.670103
1717,VE 5000 - CELJE,VO 5005 - ŽALEC 2,7,"Vrtec Levec, Levec 46a",377,172,0.4562,172,172,0,1.0,98,0.569767,74,0.430233
1718,VE 5000 - CELJE,VO 5005 - ŽALEC 2,8,"OŠ Griže I, Griže 1a",715,297,0.4154,297,296,1,1.0,176,0.594595,120,0.405405
1719,VE 5000 - CELJE,VO 5005 - ŽALEC 2,9,"GD Zabukovica, Zabukovica 59b",597,237,0.397,237,236,1,1.0,113,0.478814,123,0.521186
1720,VE 5000 - CELJE,VO 5005 - ŽALEC 2,10,"Vrtec Pongrac, Pongrac 95b",350,116,0.3314,116,114,2,1.0,41,0.359649,73,0.640351
1721,VE 5000 - CELJE,VO 5005 - ŽALEC 2,11,"Dom kulture Šešče, Šešče pri Preboldu 51",395,176,0.4456,176,175,1,1.0,90,0.514286,85,0.485714
1722,VE 5000 - CELJE,VO 5005 - ŽALEC 2,12,"GD Matke, Matke 76a",301,138,0.4585,138,137,1,1.0,52,0.379562,85,0.620438
1723,VE 5000 - CELJE,VO 5005 - ŽALEC 2,13,"OŠ Prebold, Graščinska c. 7, Prebold",762,334,0.4383,334,333,1,1.0,195,0.585586,138,0.414414
1724,VE 5000 - CELJE,VO 5005 - ŽALEC 2,14,"DC Marof (Režajeva domačija), Dolenja vas 47",891,318,0.3569,318,317,1,1.0,201,0.634069,116,0.365931
1725,VE 5000 - CELJE,VO 5005 - ŽALEC 2,15,"GD Latkova vas, Latkova vas 41 ",853,388,0.4549,388,385,3,1.0,232,0.602597,153,0.397403
1726,VE 5000 - CELJE,VO 5005 - ŽALEC 2,16,"GD Kaplja vas, Kaplja vas 55",254,134,0.5276,134,134,0,1.0,68,0.507463,66,0.492537
1727,VE 5000 - CELJE,VO 5005 - ŽALEC 2,17,"GD Sv. Lovrenc, Sv. Lovrenc 25",339,140,0.413,140,140,0,1.0,68,0.485714,72,0.514286
1728,VE 5000 - CELJE,VO 5005 - ŽALEC 2,18,"PD Marija Reka, Marija Reka 35",233,78,0.3348,78,78,0,1.0,32,0.410256,46,0.589744
1729,VE 5000 - CELJE,VO 5005 - ŽALEC 2,19,"GD Trnava, Trnava 9",561,244,0.4349,244,244,0,1.0,122,0.5,122,0.5
1730,VE 5000 - CELJE,VO 5005 - ŽALEC 2,20,"Dom kulture Braslovče I, Braslovče 2a",770,278,0.361,278,277,1,1.0,129,0.465704,148,0.534296
1731,VE 5000 - CELJE,VO 5005 - ŽALEC 2,21,"GD Parižlje, Parižlje 13",700,393,0.5614,393,393,0,1.0,164,0.417303,229,0.582697
1732,VE 5000 - CELJE,VO 5005 - ŽALEC 2,22,"GD Dobrovlje, Dobrovlje 8a",98,65,0.6633,65,65,0,1.0,7,0.107692,58,0.892308
1733,VE 5000 - CELJE,VO 5005 - ŽALEC 2,23,"DK Gomilsko, Gomilsko 22a",300,150,0.5,150,150,0,1.0,28,0.186667,122,0.813333
1734,VE 5000 - CELJE,VO 5005 - ŽALEC 2,24,"ŠD Šmatevž, Šmatevž 29b",158,75,0.4747,75,75,0,1.0,36,0.48,39,0.52
1735,VE 5000 - CELJE,VO 5005 - ŽALEC 2,25,"GD Grajska vas, Grajska vas 15",280,158,0.5643,158,158,0,1.0,56,0.35443,102,0.64557
1736,VE 5000 - CELJE,VO 5005 - ŽALEC 2,26,"KD Letuš, Letuš 67a",815,399,0.4896,398,398,0,1.0,186,0.467337,212,0.532663
1737,VE 5000 - CELJE,VO 5005 - ŽALEC 2,27,"DK Tabor, Tabor 25",845,431,0.5101,431,425,6,1.0,162,0.381176,263,0.618824
1738,VE 5000 - CELJE,VO 5005 - ŽALEC 2,28,"GD Kapla, Kapla 45a",341,140,0.4106,140,139,1,1.0,29,0.208633,110,0.791367
1739,VE 5000 - CELJE,VO 5005 - ŽALEC 2,29,"GD Loke, Loke 21",240,128,0.5333,128,127,1,1.0,14,0.110236,113,0.889764
1740,VE 5000 - CELJE,VO 5005 - ŽALEC 2,30,"KD Vransko, Vransko 134",903,445,0.4928,445,442,3,1.0,166,0.375566,276,0.624434
1741,VE 5000 - CELJE,VO 5005 - ŽALEC 2,31,"GD Tešova, Tešova 14b",197,93,0.4721,93,93,0,1.0,15,0.16129,78,0.83871
1742,VE 5000 - CELJE,VO 5005 - ŽALEC 2,32,"GD Ločica, Ločica pri Vranskem 49",221,98,0.4434,98,98,0,1.0,20,0.204082,78,0.795918
1743,VE 5000 - CELJE,VO 5005 - ŽALEC 2,33," Kamp Podgrad, Prapreče 30, 3305 Vransko",252,132,0.5238,132,132,0,1.0,38,0.287879,94,0.712121
1744,VE 5000 - CELJE,VO 5005 - ŽALEC 2,34,"Alojz Ferme, Limovce 3",84,55,0.6548,55,55,0,1.0,7,0.127273,48,0.872727
1745,VE 5000 - CELJE,VO 5005 - ŽALEC 2,35,"GD Prekopa, Prekopa 9",344,169,0.4913,169,169,0,1.0,63,0.372781,106,0.627219
1746,VE 5000 - CELJE,VO 5005 - ŽALEC 2,36,"DK Čeplje, Čeplje 13b",179,74,0.4134,74,74,0,1.0,34,0.459459,40,0.540541
1747,VE 5000 - CELJE,VO 5005 - ŽALEC 2,37,"Dom kulture Braslovče II, Braslovče 2a",1069,480,0.449,480,477,3,1.0,231,0.484277,246,0.515723
1748,VE 5000 - CELJE,VO 5005 - ŽALEC 2,38,"OŠ Griže II, Griže 1a",662,262,0.3958,262,261,1,1.0,139,0.532567,122,0.467433
1749,VE 5000 - CELJE,VO 5005 - ŽALEC 2,901,Predčasno glasovanje,1,263,0.0,263,263,0,1.0,176,0.669202,87,0.330798
1750,VE 5000 - CELJE,VO 5005 - ŽALEC 2,997,Po pošti v Sloveniji OVK,0,0,0.0,0,0,0,,0,0.0,0,0.0
1751,VE 5000 - CELJE,VO 5005 - ŽALEC 2,998,Po pošti v tujini OVK,0,0,0.0,0,0,0,,0,0.0,0,0.0
1752,VE 5000 - CELJE,VO 5005 - ŽALEC 2,999,Posebni volilni imenik,649,0,0.0,0,0,0,,0,0.0,0,0.0
1753,VE 5000 - CELJE,VO 5006 - MOZIRJE,1,"KD Bočna, Bočna, Bočna 63",492,209,0.4248,209,208,1,1.0,83,0.399038,125,0.600962
1754,VE 5000 - CELJE,VO 5006 - MOZIRJE,2,"Galerija Štekl, Gornji Grad, Attemsov trg 2",996,478,0.4799,478,478,0,1.0,146,0.305439,332,0.694561
1755,VE 5000 - CELJE,VO 5006 - MOZIRJE,3,"KD Šmiklavž, Nova Štifta, Šmiklavž 3",482,202,0.4191,202,202,0,1.0,32,0.158416,170,0.841584
1756,VE 5000 - CELJE,VO 5006 - MOZIRJE,4,"OŠ Ljubno, Ljubno ob Savinji, Cesta v Rastke 10",1376,641,0.4658,641,640,1,1.0,223,0.348438,417,0.651562
1757,VE 5000 - CELJE,VO 5006 - MOZIRJE,5,"KD Radmirje, Radmirje 43",450,214,0.4756,214,214,0,1.0,67,0.313084,147,0.686916
1758,VE 5000 - CELJE,VO 5006 - MOZIRJE,6,"GD Okonina, Okonina 21",205,101,0.4927,101,101,0,1.0,32,0.316832,69,0.683168
1759,VE 5000 - CELJE,VO 5006 - MOZIRJE,7,"OŠ Luče, Luče 77",796,370,0.4648,370,369,1,1.0,59,0.159892,310,0.840108
1760,VE 5000 - CELJE,VO 5006 - MOZIRJE,8,"Gostilna Struge, Raduha 1",201,99,0.4925,99,99,0,1.0,14,0.141414,85,0.858586
1761,VE 5000 - CELJE,VO 5006 - MOZIRJE,9,"Gostilna Polanšek, Podvolovljek 35",181,95,0.5249,95,95,0,1.0,11,0.115789,84,0.884211
1762,VE 5000 - CELJE,VO 5006 - MOZIRJE,10,"Center Rinka, Sejna soba, Solčava 29",428,221,0.5164,221,220,1,1.0,48,0.218182,172,0.781818
1763,VE 5000 - CELJE,VO 5006 - MOZIRJE,11,"OŠ Mozirje, Mozirje, Šolska ul. 23",1034,391,0.3781,391,391,0,1.0,191,0.488491,200,0.511509
1764,VE 5000 - CELJE,VO 5006 - MOZIRJE,12,"Kmetija Levc, Loke pri Mozirju 19",468,271,0.5791,271,268,3,1.0,105,0.391791,163,0.608209
1765,VE 5000 - CELJE,VO 5006 - MOZIRJE,13,"Upravni center Mozirje, Mozirje, Šmihelska c. 2",1351,550,0.4071,550,549,1,1.0,140,0.255009,409,0.744991
1766,VE 5000 - CELJE,VO 5006 - MOZIRJE,14,"Šola Lepa Njiva, Lepa Njiva 87",417,201,0.482,201,201,0,1.0,33,0.164179,168,0.835821
1767,VE 5000 - CELJE,VO 5006 - MOZIRJE,15,"Šola Šmihel, Šmihel nad Mozirjem 28",169,115,0.6805,115,114,1,1.0,4,0.035088,110,0.964912
1768,VE 5000 - CELJE,VO 5006 - MOZIRJE,16,"Kmetija Žagar, Dobrovlje pri Mozirju 17",57,21,0.3684,21,21,0,1.0,3,0.142857,18,0.857143
1769,VE 5000 - CELJE,VO 5006 - MOZIRJE,17,"Medgeneracijski center, Rečica ob Savinji 61",969,442,0.4561,442,441,1,1.0,114,0.258503,327,0.741497
1770,VE 5000 - CELJE,VO 5006 - MOZIRJE,18,"Gostilna Markelj, Spodnja Rečica 63",196,92,0.4694,92,92,0,1.0,45,0.48913,47,0.51087
1771,VE 5000 - CELJE,VO 5006 - MOZIRJE,19,"Tehnično pregledni center A.M. Miklavc, Nizka 21",389,178,0.4576,178,178,0,1.0,87,0.488764,91,0.511236
1772,VE 5000 - CELJE,VO 5006 - MOZIRJE,20,"GD Spodnje Pobrežje, Sp. Pobrežje 2",219,99,0.4521,99,99,0,1.0,25,0.252525,74,0.747475
1773,VE 5000 - CELJE,VO 5006 - MOZIRJE,21,"GD Lačja vas, Lačja vas 8",419,167,0.3986,167,166,1,1.0,63,0.379518,103,0.620482
1774,VE 5000 - CELJE,VO 5006 - MOZIRJE,22,"Šola Šmartno ob Dreti, Šmartno ob Dreti 27",576,274,0.4757,274,272,2,1.0,82,0.301471,190,0.698529
1775,VE 5000 - CELJE,VO 5006 - MOZIRJE,23,"DK Nazarje, Nazarje, Savinjska c. 2",1105,489,0.4425,489,488,1,1.0,185,0.379098,303,0.620902
1776,VE 5000 - CELJE,VO 5006 - MOZIRJE,901,Predčasno glasovanje,0,285,0.0,285,285,0,1.0,142,0.498246,143,0.501754
1777,VE 5000 - CELJE,VO 5006 - MOZIRJE,970,OMNIA od: 5006,0,13,0.0,13,13,0,1.0,4,0.307692,9,0.692308
1778,VE 5000 - CELJE,VO 5006 - MOZIRJE,997,Po pošti v Sloveniji OVK,0,13,0.0,13,13,0,1.0,0,0.0,13,1.0
1779,VE 5000 - CELJE,VO 5006 - MOZIRJE,998,Po pošti v tujini OVK,0,0,0.0,0,0,0,,0,0.0,0,0.0
1780,VE 5000 - CELJE,VO 5006 - MOZIRJE,999,Posebni volilni imenik,586,0,0.0,0,0,0,,0,0.0,0,0.0
1781,VE 5000 - CELJE,VO 5007 - VELENJE 1,1,"DK Bevče, Bevče 24",303,132,0.4356,132,131,1,1.0,59,0.450382,72,0.549618
1782,VE 5000 - CELJE,VO 5007 - VELENJE 1,2,"OŠ Cirkovce, Škalske Cirkovce 11",204,81,0.3971,81,81,0,1.0,30,0.37037,51,0.62963
1783,VE 5000 - CELJE,VO 5007 - VELENJE 1,3,"DK Paka, Paka pri Velenju 68",643,216,0.3359,216,216,0,1.0,74,0.342593,142,0.657407
1784,VE 5000 - CELJE,VO 5007 - VELENJE 1,4,"DK Šentilj, Arnače 1",932,482,0.5172,482,481,1,1.0,157,0.326403,324,0.673597
1785,VE 5000 - CELJE,VO 5007 - VELENJE 1,5,"GD Škale, Škale 85",1004,466,0.4641,466,466,0,1.0,201,0.43133,265,0.56867
1786,VE 5000 - CELJE,VO 5007 - VELENJE 1,7,"Sejna dvorana MO Velenje, Titov trg 1",1085,302,0.2783,302,302,0,1.0,131,0.433775,171,0.566225
1787,VE 5000 - CELJE,VO 5007 - VELENJE 1,8,"Prostori MČ LBZ, Cesta F. Foita 2",1151,356,0.3093,356,355,1,1.0,183,0.515493,172,0.484507
1788,VE 5000 - CELJE,VO 5007 - VELENJE 1,10,"DK Konovo, Konovska c. 21",803,390,0.4857,390,390,0,1.0,202,0.517949,188,0.482051
1789,VE 5000 - CELJE,VO 5007 - VELENJE 1,11,"Selo, PE Jakopec, Kosovelova 16",815,317,0.389,317,316,1,1.0,165,0.522152,151,0.477848
1790,VE 5000 - CELJE,VO 5007 - VELENJE 1,12,"Stara vas - Dom KS Stara vas, Koroška 40b",737,296,0.4016,296,296,0,1.0,199,0.672297,97,0.327703
1791,VE 5000 - CELJE,VO 5007 - VELENJE 1,13,"OŠ Gorica I, Goriška c. 48",858,313,0.3648,313,313,0,1.0,159,0.507987,154,0.492013
1792,VE 5000 - CELJE,VO 5007 - VELENJE 1,14,"OŠ Gorica II, Goriška c. 48",946,298,0.315,298,298,0,1.0,136,0.456376,162,0.543624
1793,VE 5000 - CELJE,VO 5007 - VELENJE 1,15,"KS Gorica, Goriška c. 46",1399,549,0.3924,549,547,2,1.0,293,0.535649,254,0.464351
1794,VE 5000 - CELJE,VO 5007 - VELENJE 1,17,"DK Šmartno, Šmarska c. 24 a",1092,467,0.4277,467,467,0,1.0,271,0.5803,196,0.4197
1795,VE 5000 - CELJE,VO 5007 - VELENJE 1,18,"Prostor MČ LBV I, Kardeljev trg 7",751,212,0.2823,212,211,1,1.0,104,0.492891,107,0.507109
1796,VE 5000 - CELJE,VO 5007 - VELENJE 1,20,"Prostor MČ LBV II, Kardeljev trg 5",942,263,0.2792,263,263,0,1.0,133,0.505703,130,0.494297
1797,VE 5000 - CELJE,VO 5007 - VELENJE 1,21,"OŠ Šalek, Šalek 87",1339,459,0.3428,459,458,1,1.0,193,0.421397,265,0.578603
1798,VE 5000 - CELJE,VO 5007 - VELENJE 1,901,Predčasno glasovanje,0,406,0.0,406,404,2,1.0,245,0.606436,159,0.393564
1799,VE 5000 - CELJE,VO 5007 - VELENJE 1,970,OMNIA od: 5007,0,19,0.0,19,19,0,1.0,13,0.684211,6,0.315789
1800,VE 5000 - CELJE,VO 5007 - VELENJE 1,997,Po pošti v Sloveniji OVK,0,0,0.0,0,0,0,,0,0.0,0,0.0
1801,VE 5000 - CELJE,VO 5007 - VELENJE 1,998,Po pošti v tujini OVK,0,0,0.0,0,0,0,,0,0.0,0,0.0
1802,VE 5000 - CELJE,VO 5007 - VELENJE 1,999,Posebni volilni imenik,1044,0,0.0,0,0,0,,0,0.0,0,0.0
1803,VE 5000 - CELJE,VO 5008 - VELENJE 2,1,"OŠ Bele Vode, Bele Vode 18a",211,103,0.4882,103,103,0,1.0,18,0.174757,85,0.825243
1804,VE 5000 - CELJE,VO 5008 - VELENJE 2,2,"GD Gaberke, Gaberke 100",562,265,0.4715,265,265,0,1.0,93,0.350943,172,0.649057
1805,VE 5000 - CELJE,VO 5008 - VELENJE 2,3,"GD Paška vas, Paška vas 9b",617,300,0.4862,300,300,0,1.0,99,0.33,201,0.67
1806,VE 5000 - CELJE,VO 5008 - VELENJE 2,4,"KD Gorenje, Gorenje 2",362,174,0.4807,174,169,5,1.0,57,0.337278,112,0.662722
1807,VE 5000 - CELJE,VO 5008 - VELENJE 2,5,"DKS Lokovica, Lokovica 144",766,382,0.4987,382,382,0,1.0,120,0.314136,262,0.685864
1808,VE 5000 - CELJE,VO 5008 - VELENJE 2,6,"OŠ Plešivec, Plešivec 32",336,144,0.4286,144,144,0,1.0,42,0.291667,102,0.708333
1809,VE 5000 - CELJE,VO 5008 - VELENJE 2,7,"Avto Korelc, Podkraj pri Velenju 10r",724,312,0.4309,312,311,1,1.0,145,0.466238,166,0.533762
1810,VE 5000 - CELJE,VO 5008 - VELENJE 2,8,"KS Kavče, Kavče 15",425,202,0.4753,202,201,1,1.0,111,0.552239,90,0.447761
1811,VE 5000 - CELJE,VO 5008 - VELENJE 2,10,"ND REKS, Ravne 195",857,463,0.5403,463,463,0,1.0,101,0.218143,362,0.781857
1812,VE 5000 - CELJE,VO 5008 - VELENJE 2,11,"KS Skorno-Florjan, Skorno pri Š. 55a",333,125,0.3754,125,125,0,1.0,37,0.296,88,0.704
1813,VE 5000 - CELJE,VO 5008 - VELENJE 2,12,"Gostišče Acman, Skorno pri Š. 62a",621,301,0.4847,301,300,1,1.0,85,0.283333,215,0.716667
1814,VE 5000 - CELJE,VO 5008 - VELENJE 2,13,"KD Šmartno ob Paki, Šmartno ob P. 69",671,309,0.4605,309,307,2,1.0,129,0.420195,178,0.579805
1815,VE 5000 - CELJE,VO 5008 - VELENJE 2,14,"MC Šmartno ob Paki, Šmartno ob P. 13",543,268,0.4936,268,268,0,1.0,92,0.343284,176,0.656716
1816,VE 5000 - CELJE,VO 5008 - VELENJE 2,15,"OŠ Bratov Letonja, Šmartno ob P. 117",526,245,0.4658,245,245,0,1.0,91,0.371429,154,0.628571
1817,VE 5000 - CELJE,VO 5008 - VELENJE 2,16,"OŠ Šoštanj I., Koroška c. 7",989,314,0.3175,314,313,1,1.0,134,0.428115,179,0.571885
1818,VE 5000 - CELJE,VO 5008 - VELENJE 2,17,"OŠ Šoštanj II., Koroška c. 7",871,287,0.3295,287,287,0,1.0,129,0.449477,158,0.550523
1819,VE 5000 - CELJE,VO 5008 - VELENJE 2,18,"DK Topolšica, Topolšica 81a",776,338,0.4356,338,337,1,1.0,106,0.31454,231,0.68546
1820,VE 5000 - CELJE,VO 5008 - VELENJE 2,19,"Letališče Lajše, Topolšica 207d",238,105,0.4412,105,105,0,1.0,32,0.304762,73,0.695238
1821,VE 5000 - CELJE,VO 5008 - VELENJE 2,20,"OŠ MPT I., Kidričeva c. 21",1463,475,0.3247,475,474,1,1.0,243,0.512658,231,0.487342
1822,VE 5000 - CELJE,VO 5008 - VELENJE 2,21,"OŠ MPT II., Kidričeva c. 21",801,219,0.2734,219,219,0,1.0,102,0.465753,117,0.534247
1823,VE 5000 - CELJE,VO 5008 - VELENJE 2,22,"Prostori MČ DB I., Kersnikova 1",846,248,0.2931,248,248,0,1.0,119,0.479839,129,0.520161
1824,VE 5000 - CELJE,VO 5008 - VELENJE 2,23,"Prostori MČ DB II, Kersnikova 1",817,229,0.2803,229,227,2,1.0,110,0.484581,117,0.515419
1825,VE 5000 - CELJE,VO 5008 - VELENJE 2,24,"DK Pesje, Podgorska c. 1",901,401,0.4451,401,401,0,1.0,199,0.496259,202,0.503741
1826,VE 5000 - CELJE,VO 5008 - VELENJE 2,25,"Vila Bianca, Stari trg 3",883,287,0.325,287,287,0,1.0,157,0.547038,130,0.452962
1827,VE 5000 - CELJE,VO 5008 - VELENJE 2,26,"VD Zavodnje, Zavodnje 27a",275,144,0.5236,144,143,1,1.0,20,0.13986,123,0.86014
1828,VE 5000 - CELJE,VO 5008 - VELENJE 2,901,Predčasno glasovanje,0,270,0.0,270,270,0,1.0,179,0.662963,91,0.337037
1829,VE 5000 - CELJE,VO 5008 - VELENJE 2,997,Po pošti v Sloveniji OVK,0,0,0.0,0,0,0,,0,0.0,0,0.0
1830,VE 5000 - CELJE,VO 5008 - VELENJE 2,998,Po pošti v tujini OVK,0,0,0.0,0,0,0,,0,0.0,0,0.0
1831,VE 5000 - CELJE,VO 5008 - VELENJE 2,999,Posebni volilni imenik,797,0,0.0,0,0,0,,0,0.0,0,0.0
1832,VE 5000 - CELJE,VO 5009 - SLOVENJ GRADEC,1,"PGD Dovže, Dovže 50",416,199,0.4784,199,199,0,1.0,68,0.341709,131,0.658291
1833,VE 5000 - CELJE,VO 5009 - SLOVENJ GRADEC,2,"PC Lopan, Šolska c. 55",1413,564,0.3992,564,564,0,1.0,261,0.462766,303,0.537234
1834,VE 5000 - CELJE,VO 5009 - SLOVENJ GRADEC,3,"KD Šentilj, Šentilj pod Turjakom 45",594,291,0.4899,291,290,1,1.0,109,0.375862,181,0.624138
1835,VE 5000 - CELJE,VO 5009 - SLOVENJ GRADEC,4,"OŠ Završe, Završe 55",284,107,0.3768,107,107,0,1.0,28,0.261682,79,0.738318
1836,VE 5000 - CELJE,VO 5009 - SLOVENJ GRADEC,5,"ŠD Dolič, Gornji Dolič 42A",448,201,0.4487,201,200,1,1.0,69,0.345,131,0.655
1837,VE 5000 - CELJE,VO 5009 - SLOVENJ GRADEC,6,"OŠ Dolič, Srednji Dolič 4",649,287,0.4422,287,287,0,1.0,70,0.243902,217,0.756098
1838,VE 5000 - CELJE,VO 5009 - SLOVENJ GRADEC,7,"Bivši MKC, Celjska c. 22",966,364,0.3768,364,362,2,1.0,194,0.535912,168,0.464088
1839,VE 5000 - CELJE,VO 5009 - SLOVENJ GRADEC,8,"DU Slovenj Gradec, Šolska ul. 10",1366,454,0.3324,454,453,1,1.0,239,0.527594,214,0.472406
1840,VE 5000 - CELJE,VO 5009 - SLOVENJ GRADEC,9,"VDC Slovenj Gradec, Prešernova ul. 3B",861,377,0.4379,377,375,2,1.0,197,0.525333,178,0.474667
1841,VE 5000 - CELJE,VO 5009 - SLOVENJ GRADEC,10,"Prva OŠ, Šercerjeva ul. 7",1143,530,0.4637,530,529,1,1.0,286,0.540643,243,0.459357
1842,VE 5000 - CELJE,VO 5009 - SLOVENJ GRADEC,11,"KD Stari Trg, Stari trg 32",1152,461,0.4002,461,460,1,1.0,235,0.51087,225,0.48913
1843,VE 5000 - CELJE,VO 5009 - SLOVENJ GRADEC,12,"OŠ Pameče, Pameče 134",1349,543,0.4025,543,542,1,1.0,217,0.400369,325,0.599631
1844,VE 5000 - CELJE,VO 5009 - SLOVENJ GRADEC,13,"Gradišče Prošt, Gradišče 38",262,87,0.3321,87,87,0,1.0,38,0.436782,49,0.563218
1845,VE 5000 - CELJE,VO 5009 - SLOVENJ GRADEC,14,"OŠ Sele Vrhe, Sele 1",497,220,0.4427,220,217,3,1.0,86,0.396313,131,0.603687
1846,VE 5000 - CELJE,VO 5009 - SLOVENJ GRADEC,15,"Klančnik Sele, Sele 21",143,55,0.3846,55,54,1,1.0,20,0.37037,34,0.62963
1847,VE 5000 - CELJE,VO 5009 - SLOVENJ GRADEC,16,"OŠ Podgorje, Podgorje 172",818,345,0.4218,345,344,1,1.0,142,0.412791,202,0.587209
1848,VE 5000 - CELJE,VO 5009 - SLOVENJ GRADEC,17,"OŠ Razbor, Zgornji Razbor 8",199,67,0.3367,67,67,0,1.0,11,0.164179,56,0.835821
1849,VE 5000 - CELJE,VO 5009 - SLOVENJ GRADEC,18,"Praprotnik Rihter, Spodnji Razbor 48",41,24,0.5854,24,24,0,1.0,7,0.291667,17,0.708333
1850,VE 5000 - CELJE,VO 5009 - SLOVENJ GRADEC,19,"OŠ Šmiklavž, Vodriž 8",290,123,0.4241,123,123,0,1.0,56,0.455285,67,0.544715
1851,VE 5000 - CELJE,VO 5009 - SLOVENJ GRADEC,20,"PGD Šmartno, Šmartno pri Slov. Gradcu 70",1264,527,0.4169,527,525,2,1.0,251,0.478095,274,0.521905
1852,VE 5000 - CELJE,VO 5009 - SLOVENJ GRADEC,21,"PGD Turiška vas, Turiška vas 19B",995,416,0.4181,416,413,3,1.0,167,0.404358,246,0.595642
1853,VE 5000 - CELJE,VO 5009 - SLOVENJ GRADEC,22,"PGD Golavabuka, Tomaška vas 7",174,89,0.5115,89,89,0,1.0,35,0.393258,54,0.606742
1854,VE 5000 - CELJE,VO 5009 - SLOVENJ GRADEC,23,"PGD Legen, Legen 126",791,283,0.3578,283,283,0,1.0,125,0.441696,158,0.558304
1855,VE 5000 - CELJE,VO 5009 - SLOVENJ GRADEC,24,"Vornšek Raduše, Raduše 36",190,66,0.3474,66,66,0,1.0,34,0.515152,32,0.484848
1856,VE 5000 - CELJE,VO 5009 - SLOVENJ GRADEC,25,"Vrtec Slovenj Gradec, Maistrova ul. 2A",949,359,0.3783,359,359,0,1.0,204,0.568245,155,0.431755
1857,VE 5000 - CELJE,VO 5009 - SLOVENJ GRADEC,901,Predčasno glasovanje,0,451,0.0,451,450,1,1.0,280,0.622222,170,0.377778
1858,VE 5000 - CELJE,VO 5009 - SLOVENJ GRADEC,970,OMNIA od: 5009,0,26,0.0,26,26,0,1.0,17,0.653846,9,0.346154
1859,VE 5000 - CELJE,VO 5009 - SLOVENJ GRADEC,997,Po pošti v Sloveniji OVK,0,0,0.0,0,0,0,,0,0.0,0,0.0
1860,VE 5000 - CELJE,VO 5009 - SLOVENJ GRADEC,998,Po pošti v tujini OVK,0,0,0.0,0,0,0,,0,0.0,0,0.0
1861,VE 5000 - CELJE,VO 5009 - SLOVENJ GRADEC,999,Posebni volilni imenik,711,0,0.0,0,0,0,,0,0.0,0,0.0
1862,VE 5000 - CELJE,VO 5010 - RAVNE NA KOROŠKEM,1,"Občina Črna na Koroškem, Center 101",1085,494,0.4553,494,489,5,1.0,239,0.488753,250,0.511247
1863,VE 5000 - CELJE,VO 5010 - RAVNE NA KOROŠKEM,2,"Koroška kmetijska zadruga, Rudarjevo 5a, Črna ",648,262,0.4043,262,261,1,1.0,136,0.521073,125,0.478927
1864,VE 5000 - CELJE,VO 5010 - RAVNE NA KOROŠKEM,3,"Pri Plazniku V Bistri, Bistra 14, Črna na Koroškem",69,27,0.3913,27,27,0,1.0,16,0.592593,11,0.407407
1865,VE 5000 - CELJE,VO 5010 - RAVNE NA KOROŠKEM,4,"OŠ Koprivna, Koprivna 10, Črna na Koroškem",109,40,0.367,40,40,0,1.0,8,0.2,32,0.8
1866,VE 5000 - CELJE,VO 5010 - RAVNE NA KOROŠKEM,5,"Prhanija-Ludranski Vrh, Ludranski vrh 13a, Črna ",56,18,0.3214,18,18,0,1.0,6,0.333333,12,0.666667
1867,VE 5000 - CELJE,VO 5010 - RAVNE NA KOROŠKEM,6,"Helena-Pisarna Vaške Skupnosti, Podpeca 21, Črna",79,29,0.3671,29,28,1,1.0,19,0.678571,9,0.321429
1868,VE 5000 - CELJE,VO 5010 - RAVNE NA KOROŠKEM,7,"TIC Topla, Podpeca 78, Črna na Koroškem",75,37,0.4933,37,37,0,1.0,18,0.486486,19,0.513514
1869,VE 5000 - CELJE,VO 5010 - RAVNE NA KOROŠKEM,8,"""Pri Juvanu"" Javorje, Javorje 24, Črna na Koroškem",65,32,0.4923,32,32,0,1.0,11,0.34375,21,0.65625
1870,VE 5000 - CELJE,VO 5010 - RAVNE NA KOROŠKEM,9,"Knjižnica Žerjav, Žerjav 21, Črna na Koroškem",268,96,0.3582,96,96,0,1.0,67,0.697917,29,0.302083
1871,VE 5000 - CELJE,VO 5010 - RAVNE NA KOROŠKEM,10,"Pri Karničniku v Jazbini, Jazbina 13, Črna na K.",33,10,0.303,10,10,0,1.0,0,0.0,10,1.0
1872,VE 5000 - CELJE,VO 5010 - RAVNE NA KOROŠKEM,11,"Občina Mežica, Trg svobode 1, Mežica",1474,581,0.3942,581,577,4,1.0,288,0.499133,289,0.500867
1873,VE 5000 - CELJE,VO 5010 - RAVNE NA KOROŠKEM,12,"Narodni dom Mežica , Trg 4.aprila 4, Mežica",1205,439,0.3643,439,438,1,1.0,199,0.454338,239,0.545662
1874,VE 5000 - CELJE,VO 5010 - RAVNE NA KOROŠKEM,13,"Večnamenska dvorana Kotlje, Kotlje 7k, Kotlje",960,428,0.4458,428,427,1,1.0,229,0.5363,198,0.4637
1875,VE 5000 - CELJE,VO 5010 - RAVNE NA KOROŠKEM,14,"Brdinje-Podvratnik, Brdinje 78, Ravne na Koroškem",413,178,0.431,178,178,0,1.0,81,0.455056,97,0.544944
1876,VE 5000 - CELJE,VO 5010 - RAVNE NA KOROŠKEM,15,"Oš Koroški jeklarji 1, Javornik 35, Ravne na K.",1046,371,0.3547,371,370,1,1.0,193,0.521622,177,0.478378
1877,VE 5000 - CELJE,VO 5010 - RAVNE NA KOROŠKEM,16,"Oš Koroški jeklarji 2, Javornik 35, Ravne na K.",1052,403,0.3831,403,403,0,1.0,199,0.493797,204,0.506203
1878,VE 5000 - CELJE,VO 5010 - RAVNE NA KOROŠKEM,17,"OŠ Prežihovega Voranca 1, Gozdarska pot 11, Ravne",772,256,0.3316,256,256,0,1.0,130,0.507812,126,0.492188
1879,VE 5000 - CELJE,VO 5010 - RAVNE NA KOROŠKEM,18,"OŠ Prežihovega Voranca 2, Gozdarska pot 11, Ravne",807,295,0.3656,295,295,0,1.0,170,0.576271,125,0.423729
1880,VE 5000 - CELJE,VO 5010 - RAVNE NA KOROŠKEM,19,"Občina Ravne na Koroškem 1, Gačnikova pot 5, Ravne",915,297,0.3246,297,297,0,1.0,127,0.427609,170,0.572391
1881,VE 5000 - CELJE,VO 5010 - RAVNE NA KOROŠKEM,20,"Občina Ravne na Koroškem 2, Gačnikova pot 5, Ravne",248,76,0.3065,76,76,0,1.0,37,0.486842,39,0.513158
1882,VE 5000 - CELJE,VO 5010 - RAVNE NA KOROŠKEM,21,"Čistilna naprava Ravne, Dobrije 9a, Ravne na Kor.",332,172,0.5181,172,172,0,1.0,69,0.401163,103,0.598837
1883,VE 5000 - CELJE,VO 5010 - RAVNE NA KOROŠKEM,22,"Strojnska Reka - Mladinski dom, Stražišče 15",704,298,0.4233,298,298,0,1.0,139,0.466443,159,0.533557
1884,VE 5000 - CELJE,VO 5010 - RAVNE NA KOROŠKEM,23,"""KMETIJA LIZI"",  Zelen breg 8, Ravne na Koroškem",148,50,0.3378,50,49,1,1.0,15,0.306122,34,0.693878
1885,VE 5000 - CELJE,VO 5010 - RAVNE NA KOROŠKEM,24,"OŠ Strojna, Strojna 22, Ravne na Koroškem",96,50,0.5208,50,49,1,1.0,13,0.265306,36,0.734694
1886,VE 5000 - CELJE,VO 5010 - RAVNE NA KOROŠKEM,25,"Dobja vas - MPIK1, Dobja vas 185, Ravne na Kor.",633,245,0.387,245,245,0,1.0,138,0.563265,107,0.436735
1887,VE 5000 - CELJE,VO 5010 - RAVNE NA KOROŠKEM,26,"Oš Prevalje 1, Polje 4, Prevalje",591,252,0.4264,252,252,0,1.0,127,0.503968,125,0.496032
1888,VE 5000 - CELJE,VO 5010 - RAVNE NA KOROŠKEM,27,"Oš Prevalje 2, Polje 4, Prevalje",977,484,0.4954,484,483,1,1.0,199,0.412008,284,0.587992
1889,VE 5000 - CELJE,VO 5010 - RAVNE NA KOROŠKEM,28,"Družbeni dom Prevalje 1, Trg 2a, Prevalje",559,217,0.3882,217,217,0,1.0,121,0.557604,96,0.442396
1890,VE 5000 - CELJE,VO 5010 - RAVNE NA KOROŠKEM,29,"Družbeni dom Prevalje 2, Trg 2a, Prevalje",547,226,0.4132,226,226,0,1.0,117,0.517699,109,0.482301
1891,VE 5000 - CELJE,VO 5010 - RAVNE NA KOROŠKEM,30,"Družbeni dom Prevalje 3, Trg 2a, Prevalje",747,236,0.3159,236,236,0,1.0,125,0.529661,111,0.470339
1892,VE 5000 - CELJE,VO 5010 - RAVNE NA KOROŠKEM,31,"Družbeni dom Prevalje 4, Trg 2a, Prevalje",416,165,0.3966,165,165,0,1.0,100,0.606061,65,0.393939
1893,VE 5000 - CELJE,VO 5010 - RAVNE NA KOROŠKEM,32,"Poljana - Bistro kocka, Poljana 20a, Prevalje",145,52,0.3586,52,52,0,1.0,28,0.538462,24,0.461538
1894,VE 5000 - CELJE,VO 5010 - RAVNE NA KOROŠKEM,33,"OŠ Šentanel, Šentanel 13, Prevalje",283,147,0.5194,147,147,0,1.0,25,0.170068,122,0.829932
1895,VE 5000 - CELJE,VO 5010 - RAVNE NA KOROŠKEM,34,"OŠ Leše, Leše 30, Prevalje",461,174,0.3774,174,174,0,1.0,94,0.54023,80,0.45977
1896,VE 5000 - CELJE,VO 5010 - RAVNE NA KOROŠKEM,35,"OŠ Holmec, Dolga brda 37a, Prevalje",371,175,0.4717,175,174,1,1.0,88,0.505747,86,0.494253
1897,VE 5000 - CELJE,VO 5010 - RAVNE NA KOROŠKEM,36,"Gasilski dom Kotlje, Kotlje 4a, Kotlje",619,285,0.4604,285,285,0,1.0,147,0.515789,138,0.484211
1898,VE 5000 - CELJE,VO 5010 - RAVNE NA KOROŠKEM,901,Predčasno glasovanje,0,466,0.0,466,466,0,1.0,287,0.61588,179,0.38412
1899,VE 5000 - CELJE,VO 5010 - RAVNE NA KOROŠKEM,970,OMNIA od: 5010,0,18,0.0,18,18,0,1.0,11,0.611111,7,0.388889
1900,VE 5000 - CELJE,VO 5010 - RAVNE NA KOROŠKEM,997,Po pošti v Sloveniji OVK,0,0,0.0,0,0,0,,0,0.0,0,0.0
1901,VE 5000 - CELJE,VO 5010 - RAVNE NA KOROŠKEM,998,Po pošti v tujini OVK,0,0,0.0,0,0,0,,0,0.0,0,0.0
1902,VE 5000 - CELJE,VO 5010 - RAVNE NA KOROŠKEM,999,Posebni volilni imenik,1494,0,0.0,0,0,0,,0,0.0,0,0.0
1903,VE 5000 - CELJE,VO 5011 - RADLJE,1,"Občina Dravograd, Trg 4. julija 7, Dravograd",483,150,0.3106,150,150,0,1.0,59,0.393333,91,0.606667
1904,VE 5000 - CELJE,VO 5011 - RADLJE,2,"OŠ Dravograd, Trg 4. julija 64, Dravograd",572,203,0.3549,203,201,2,1.0,112,0.557214,89,0.442786
1905,VE 5000 - CELJE,VO 5011 - RADLJE,3,"UE Dravograd, Meža 10, Dravograd",568,159,0.2799,159,159,0,1.0,73,0.459119,86,0.540881
1906,VE 5000 - CELJE,VO 5011 - RADLJE,4,"FURS urad Dravograd, Mariborska c. 3, Dravograd",586,214,0.3652,214,213,1,1.0,107,0.502347,106,0.497653
1907,VE 5000 - CELJE,VO 5011 - RADLJE,5,"Vrtec Robindvor, Robindvor 60, Dravograd",574,277,0.4826,277,277,0,1.0,137,0.494585,140,0.505415
1908,VE 5000 - CELJE,VO 5011 - RADLJE,6,"TK Vrajenk, Vič 16, Dravograd",315,158,0.5016,158,157,1,1.0,73,0.464968,84,0.535032
1909,VE 5000 - CELJE,VO 5011 - RADLJE,7,"Podružnična šola Ojstrica, Ojstrica 27, Dravograd",213,65,0.3052,65,65,0,1.0,18,0.276923,47,0.723077
1910,VE 5000 - CELJE,VO 5011 - RADLJE,8,"Jamnik Otiški Vrh, Otiški Vrh 56, Šentjanž pri Dr",217,80,0.3687,80,80,0,1.0,41,0.5125,39,0.4875
1911,VE 5000 - CELJE,VO 5011 - RADLJE,9,"Župnišče Šempeter, Otiški Vrh 92, Šentjanž pri Dr",243,91,0.3745,91,91,0,1.0,24,0.263736,67,0.736264
1912,VE 5000 - CELJE,VO 5011 - RADLJE,10,"OŠ Šentjanž pri Dravogradu, Šentjanž 88",1179,447,0.3791,447,444,3,1.0,186,0.418919,258,0.581081
1913,VE 5000 - CELJE,VO 5011 - RADLJE,11,"Podružnična šola Trbonje, Trbonje 26, Trbonje",582,186,0.3196,186,186,0,1.0,52,0.27957,134,0.72043
1914,VE 5000 - CELJE,VO 5011 - RADLJE,12,"Bičivnek, Libeliče bš, Libeliče",466,210,0.4506,210,210,0,1.0,103,0.490476,107,0.509524
1915,VE 5000 - CELJE,VO 5011 - RADLJE,13,"GD Črneče, Črneče 145, Dravograd",735,272,0.3701,272,272,0,1.0,134,0.492647,138,0.507353
1916,VE 5000 - CELJE,VO 5011 - RADLJE,14,"Dvorana Kienhofen, Glavni trg 17, Muta",1115,451,0.4045,451,449,2,1.0,190,0.423163,259,0.576837
1917,VE 5000 - CELJE,VO 5011 - RADLJE,15,"Godbeni dom Muta, Livarska ul. 4, Muta",852,373,0.4378,373,372,1,1.0,148,0.397849,224,0.602151
1918,VE 5000 - CELJE,VO 5011 - RADLJE,16,"Dvorana Gortina, Gortina 71, Muta",540,217,0.4019,217,217,0,1.0,66,0.304147,151,0.695853
1919,VE 5000 - CELJE,VO 5011 - RADLJE,17,"Glasbeni dom Bistriški jarek, Pernice 10a, Muta",237,81,0.3418,81,81,0,1.0,11,0.135802,70,0.864198
1920,VE 5000 - CELJE,VO 5011 - RADLJE,18,"KD Podvelka, Podvelka 55, Podvelka",349,122,0.3496,122,122,0,1.0,60,0.491803,62,0.508197
1921,VE 5000 - CELJE,VO 5011 - RADLJE,19,"OŠ Brezno-Podvelka, Brezno 78, Podvelka",475,198,0.4168,198,198,0,1.0,100,0.505051,98,0.494949
1922,VE 5000 - CELJE,VO 5011 - RADLJE,20,"Dvorana Ožbalt, Ožbalt 3, Ožbalt",371,125,0.3369,125,125,0,1.0,40,0.32,85,0.68
1923,VE 5000 - CELJE,VO 5011 - RADLJE,21,"Podružnična šola Kapla, Sp. Kapla 2, Kapla",406,149,0.367,149,148,1,1.0,32,0.216216,116,0.783784
1924,VE 5000 - CELJE,VO 5011 - RADLJE,22,"Podružnična šola Lehen, Lehen na Poh. 49, Podvelka",283,96,0.3392,96,96,0,1.0,43,0.447917,53,0.552083
1925,VE 5000 - CELJE,VO 5011 - RADLJE,23,"OŠ Ribnica na Pohorju, Ribnica na Poh. 29",594,235,0.3956,235,235,0,1.0,72,0.306383,163,0.693617
1926,VE 5000 - CELJE,VO 5011 - RADLJE,24,"KD Josipdol, Josipdol 29, Ribnica na Pohorju",325,110,0.3385,110,110,0,1.0,54,0.490909,56,0.509091
1927,VE 5000 - CELJE,VO 5011 - RADLJE,25,"ZD Radlje ob Dravi, Mariborska c. 37",743,285,0.3836,285,285,0,1.0,122,0.42807,163,0.57193
1928,VE 5000 - CELJE,VO 5011 - RADLJE,26,"DRU Radlje ob Dravi, Mariborska c. 26",1382,535,0.3871,535,532,3,1.0,236,0.443609,296,0.556391
1929,VE 5000 - CELJE,VO 5011 - RADLJE,27,"OŠ Radlje ob Dravi, Koroška c. 17, Radlje ob Dravi",723,273,0.3776,273,273,0,1.0,130,0.47619,143,0.52381
1930,VE 5000 - CELJE,VO 5011 - RADLJE,28,"Ribiški dom Radlje ob Dravi, Zg. Vižinga 1",362,104,0.2873,104,104,0,1.0,36,0.346154,68,0.653846
1931,VE 5000 - CELJE,VO 5011 - RADLJE,29,"Bar Vas, Vas 32, Radlje ob Dravi",359,143,0.3983,143,143,0,1.0,49,0.342657,94,0.657343
1932,VE 5000 - CELJE,VO 5011 - RADLJE,30,"KS Sv. Anton na Pohorju, Sv. Anton na Poh. 59",145,25,0.1724,25,25,0,1.0,7,0.28,18,0.72
1933,VE 5000 - CELJE,VO 5011 - RADLJE,31,"VD Vuhred, Vuhred 1, Vuhred",658,281,0.4271,281,279,2,1.0,97,0.34767,182,0.65233
1934,VE 5000 - CELJE,VO 5011 - RADLJE,32,"Dvorana KS Remšnik, Remšnik 5, Podvelka",443,137,0.3093,137,137,0,1.0,38,0.277372,99,0.722628
1935,VE 5000 - CELJE,VO 5011 - RADLJE,33,"OŠ Vuzenica, Mladinska ul. 3, Vuzenica",668,279,0.4177,279,279,0,1.0,129,0.462366,150,0.537634
1936,VE 5000 - CELJE,VO 5011 - RADLJE,34,"Kulturno upravni center, Sejmarska ul. 2, Vuzenica",737,282,0.3826,282,281,1,1.0,151,0.537367,130,0.462633
1937,VE 5000 - CELJE,VO 5011 - RADLJE,35,"Društveni prostori Sv. Vid, Sv. Vid bš, Vuzenica",342,128,0.3743,128,126,2,1.0,34,0.269841,92,0.730159
1938,VE 5000 - CELJE,VO 5011 - RADLJE,36,"DK Sv. Primož na Pohorju, Sv.Primož na Poh. 22",177,56,0.3164,56,56,0,1.0,17,0.303571,39,0.696429
1939,VE 5000 - CELJE,VO 5011 - RADLJE,37,"Gostišče Prodnar, Sv. Primož na Poh. 1, Vuzenica",222,83,0.3739,83,83,0,1.0,34,0.409639,49,0.590361
1940,VE 5000 - CELJE,VO 5011 - RADLJE,901,Predčasno glasovanje - Radlje,0,188,0.0,188,188,0,1.0,123,0.654255,65,0.345745
1941,VE 5000 - CELJE,VO 5011 - RADLJE,902,Predčasno glasovanje  - Dravograd,0,118,0.0,118,118,0,1.0,64,0.542373,54,0.457627
1942,VE 5000 - CELJE,VO 5011 - RADLJE,970,OMNIA od: 5011,0,7,0.0,7,7,0,1.0,4,0.571429,3,0.428571
1943,VE 5000 - CELJE,VO 5011 - RADLJE,997,Po pošti v Sloveniji OVK,0,0,0.0,0,0,0,,0,0.0,0,0.0
1944,VE 5000 - CELJE,VO 5011 - RADLJE,998,Po pošti v tujini OVK,0,0,0.0,0,0,0,,0,0.0,0,0.0
1945,VE 5000 - CELJE,VO 5011 - RADLJE,999,Posebni volilni imenik,1125,0,0.0,0,0,0,,0,0.0,0,0.0
1946,VE 6000 - NOVO MESTO,VO 6000 - NOVO MESTO,9706000,OMNIA od: 6000,0,0,0.0,0,0,0,,0,0.0,0,0.0
1947,VE 6000 - NOVO MESTO,VO 6000 - NOVO MESTO,9976000,Po pošti v Sloveniji VKVE,0,42,0.0,42,42,0,1.0,24,0.571429,18,0.428571
1948,VE 6000 - NOVO MESTO,VO 6000 - NOVO MESTO,9986000,Po pošti v tujini VKVE,0,16,0.0,16,16,0,1.0,10,0.625,6,0.375
1949,VE 6000 - NOVO MESTO,VO 6001 - ČRNOMELJ,1,"OŠ Loka, Kidričeva ul. 18, 8340 Črnomelj",609,210,0.3448,210,210,0,1.0,108,0.514286,102,0.485714
1950,VE 6000 - NOVO MESTO,VO 6001 - ČRNOMELJ,2,"ŠDNŠ Bela krajina, Pri stadionu 2, 8340 Črnomelj",522,216,0.4138,216,213,3,1.0,109,0.511737,104,0.488263
1951,VE 6000 - NOVO MESTO,VO 6001 - ČRNOMELJ,4,"OŠ M. Jarca, Ul. O. Župančiča 8, 8340 Črnomelj",871,344,0.3949,344,342,2,1.0,178,0.520468,164,0.479532
1952,VE 6000 - NOVO MESTO,VO 6001 - ČRNOMELJ,6,"GD Vranoviči, Vranoviči 17, 8340 Črnomelj",105,44,0.419,44,44,0,1.0,13,0.295455,31,0.704545
1953,VE 6000 - NOVO MESTO,VO 6001 - ČRNOMELJ,7,"DO Črnomelj, Ulica 21.oktobra 10, 8340 Črnomelj",980,354,0.3612,354,352,2,1.0,152,0.431818,200,0.568182
1954,VE 6000 - NOVO MESTO,VO 6001 - ČRNOMELJ,10,"OV Čardak, Čardak 1, 8340 Črnomelj",962,336,0.3493,336,332,4,1.0,178,0.536145,154,0.463855
1955,VE 6000 - NOVO MESTO,VO 6001 - ČRNOMELJ,11,"KD Adlešiči, Adlešiči 13a, 8341 Adlešiči",584,202,0.3459,202,202,0,1.0,93,0.460396,109,0.539604
1956,VE 6000 - NOVO MESTO,VO 6001 - ČRNOMELJ,15,"GD Žuniči, Žuniči 1a, 8341 Adlešiči",74,37,0.5,37,37,0,1.0,15,0.405405,22,0.594595
1957,VE 6000 - NOVO MESTO,VO 6001 - ČRNOMELJ,16,"GD Butoraj, Butoraj 29, 8340 Črnomelj",161,84,0.5217,84,84,0,1.0,25,0.297619,59,0.702381
1958,VE 6000 - NOVO MESTO,VO 6001 - ČRNOMELJ,17,"GD Dobliče, Dobliče 22, 8340 Črnomelj",404,179,0.4431,179,179,0,1.0,56,0.312849,123,0.687151
1959,VE 6000 - NOVO MESTO,VO 6001 - ČRNOMELJ,18,"Picerija PRI DELIČU, Kanižarica 15a, 8340 Črnomelj",551,158,0.2868,158,156,2,1.0,60,0.384615,96,0.615385
1960,VE 6000 - NOVO MESTO,VO 6001 - ČRNOMELJ,20,"KD Dragatuš, Dragatuš 19a, 8343 Dragatuš",461,190,0.4121,190,189,1,1.0,89,0.470899,100,0.529101
1961,VE 6000 - NOVO MESTO,VO 6001 - ČRNOMELJ,22,"GD Tanča Gora, Tanča Gora 17b, 8343 Dragatuš",406,163,0.4015,163,163,0,1.0,65,0.398773,98,0.601227
1962,VE 6000 - NOVO MESTO,VO 6001 - ČRNOMELJ,23,"M.Nerajec pri J.Panjanu,M.Nerajec 10,8343 Dragatuš",287,112,0.3902,112,112,0,1.0,48,0.428571,64,0.571429
1963,VE 6000 - NOVO MESTO,VO 6001 - ČRNOMELJ,24,"OŠ Griblje, Griblje 38, 8332 Gradac",321,138,0.4299,138,137,1,1.0,27,0.19708,110,0.80292
1964,VE 6000 - NOVO MESTO,VO 6001 - ČRNOMELJ,26,"Lokve Bar Nina Bela, Lokve 9a, 8340 Črnomelj",374,64,0.1711,64,64,0,1.0,28,0.4375,36,0.5625
1965,VE 6000 - NOVO MESTO,VO 6001 - ČRNOMELJ,27,"GD Petrova vas, Mihelja vas 4, 8340 Črnomelj",312,140,0.4487,140,140,0,1.0,31,0.221429,109,0.778571
1966,VE 6000 - NOVO MESTO,VO 6001 - ČRNOMELJ,29,"KS Sinji Vrh, Sinji Vrh 1a, 8344 Vinica",182,77,0.4231,77,76,1,1.0,39,0.513158,37,0.486842
1967,VE 6000 - NOVO MESTO,VO 6001 - ČRNOMELJ,31,"GD Radenci, G. Radenci 7a,8242 Stari trg ob Kolpi",66,41,0.6212,41,40,1,1.0,19,0.475,21,0.525
1968,VE 6000 - NOVO MESTO,VO 6001 - ČRNOMELJ,32,"OŠ Stari trg ob Kolpi, Stari trg ob Kolpi 7",162,80,0.4938,80,79,1,1.0,27,0.341772,52,0.658228
1969,VE 6000 - NOVO MESTO,VO 6001 - ČRNOMELJ,33,"OŠ Zagozdac, Zagozdac bš, 8342 Stari trg ob Kolpi",45,21,0.4667,21,21,0,1.0,6,0.285714,15,0.714286
1970,VE 6000 - NOVO MESTO,VO 6001 - ČRNOMELJ,34,"GD Rodine, Rodine 14a, 8340 Črnomelj",140,60,0.4286,60,60,0,1.0,24,0.4,36,0.6
1971,VE 6000 - NOVO MESTO,VO 6001 - ČRNOMELJ,35,"GD Otovec, Otovec 4a, 8340 Črnomelj",119,64,0.5378,64,63,1,1.0,20,0.31746,43,0.68254
1972,VE 6000 - NOVO MESTO,VO 6001 - ČRNOMELJ,36,"GD Mavrlen, Mavrlen 2a, 8340 Črnomelj",387,142,0.3669,142,142,0,1.0,64,0.450704,78,0.549296
1973,VE 6000 - NOVO MESTO,VO 6001 - ČRNOMELJ,37,"GD Tribuče, Tribuče 34a, 8340 Črnomelj",250,112,0.448,112,112,0,1.0,54,0.482143,58,0.517857
1974,VE 6000 - NOVO MESTO,VO 6001 - ČRNOMELJ,38,"Desinec pri S. Sedlarju, Desinec 1a,8340 Črnomelj",128,42,0.3281,42,42,0,1.0,11,0.261905,31,0.738095
1975,VE 6000 - NOVO MESTO,VO 6001 - ČRNOMELJ,39,"GD Hrast pri Vinici, H. pri Vinici 18,8344 Vinica",169,53,0.3136,53,53,0,1.0,12,0.226415,41,0.773585
1976,VE 6000 - NOVO MESTO,VO 6001 - ČRNOMELJ,40,"GD Preloka, Preloka 17, 8344 Vinica",89,47,0.5281,47,46,1,1.0,6,0.130435,40,0.869565
1977,VE 6000 - NOVO MESTO,VO 6001 - ČRNOMELJ,41,"Stara Lipa pri Tomec J., S. Lipa 1a, 8344 Vinica",182,88,0.4835,88,88,0,1.0,16,0.181818,72,0.818182
1978,VE 6000 - NOVO MESTO,VO 6001 - ČRNOMELJ,43,"DK Vinica, Vinica 44, 8344 Vinica",675,273,0.4044,273,271,2,1.0,99,0.365314,172,0.634686
1979,VE 6000 - NOVO MESTO,VO 6001 - ČRNOMELJ,44,"GD Zilje, Zilje 37, 8344 Vinica",152,78,0.5132,78,78,0,1.0,37,0.474359,41,0.525641
1980,VE 6000 - NOVO MESTO,VO 6001 - ČRNOMELJ,45,"GD Bojanci, Bojanci 1, 8344 Vinica",68,33,0.4853,33,33,0,1.0,24,0.727273,9,0.272727
1981,VE 6000 - NOVO MESTO,VO 6001 - ČRNOMELJ,47,"DK Božakovo, Božakovo 24, 8330 Metlika",172,87,0.5058,87,86,1,1.0,16,0.186047,70,0.813953
1982,VE 6000 - NOVO MESTO,VO 6001 - ČRNOMELJ,48,"GD Krivoglavice, Krivoglavice 10, 8332 Gradac",175,52,0.2971,52,51,1,1.0,29,0.568627,22,0.431373
1983,VE 6000 - NOVO MESTO,VO 6001 - ČRNOMELJ,49,"GD Drašiči, Drašiči 35, 8330 Metlika",237,113,0.4768,113,113,0,1.0,22,0.19469,91,0.80531
1984,VE 6000 - NOVO MESTO,VO 6001 - ČRNOMELJ,50,"GD Grabrovec, Grabrovec 3b, 8330 Metlika",141,62,0.4397,62,62,0,1.0,23,0.370968,39,0.629032
1985,VE 6000 - NOVO MESTO,VO 6001 - ČRNOMELJ,51,"GD Gradac, Gradac 142, 8332 Gradac",379,165,0.4354,165,164,1,1.0,90,0.54878,74,0.45122
1986,VE 6000 - NOVO MESTO,VO 6001 - ČRNOMELJ,52,"KS Jugorje, Jugorje pri Metliki 5a, 8331 Suhor",91,32,0.3516,32,32,0,1.0,17,0.53125,15,0.46875
1987,VE 6000 - NOVO MESTO,VO 6001 - ČRNOMELJ,53,"GD Dolnja Lokvica, Do. Lokvica 2a, 8330 Metlika",305,158,0.518,158,158,0,1.0,47,0.297468,111,0.702532
1988,VE 6000 - NOVO MESTO,VO 6001 - ČRNOMELJ,54,"MC Metlika, CBE 43, 8330  Metlika",512,208,0.4062,208,206,2,1.0,109,0.529126,97,0.470874
1989,VE 6000 - NOVO MESTO,VO 6001 - ČRNOMELJ,55,"GD Metlika, Črnomaljska c. 3, 8330 Metlika",333,115,0.3453,115,114,1,1.0,57,0.5,57,0.5
1990,VE 6000 - NOVO MESTO,VO 6001 - ČRNOMELJ,56,"Metlika STATUS doo, Ul.Bel.odreda 19, 8330 Metlika",672,231,0.3438,231,231,0,1.0,129,0.558442,102,0.441558
1991,VE 6000 - NOVO MESTO,VO 6001 - ČRNOMELJ,58,"OV Metlika, Župančičeva c. 1 , 8330 Metlika",450,145,0.3222,145,145,0,1.0,91,0.627586,54,0.372414
1992,VE 6000 - NOVO MESTO,VO 6001 - ČRNOMELJ,59,"OOZ Metlika, Partizanski trg 5, 8330 Metlika",504,178,0.3532,178,177,1,1.0,71,0.40113,106,0.59887
1993,VE 6000 - NOVO MESTO,VO 6001 - ČRNOMELJ,61,"GD Podzemelj, Podzemelj 16b, 8332 Gradac",522,240,0.4598,240,240,0,1.0,104,0.433333,136,0.566667
1994,VE 6000 - NOVO MESTO,VO 6001 - ČRNOMELJ,62,"GD Krasinec, Krasinec 3b, 8332 Gradac",145,88,0.6069,88,88,0,1.0,18,0.204545,70,0.795455
1995,VE 6000 - NOVO MESTO,VO 6001 - ČRNOMELJ,64,"OŠ Radovica, Radovica 23, 8330 Metlika",340,132,0.3882,132,132,0,1.0,40,0.30303,92,0.69697
1996,VE 6000 - NOVO MESTO,VO 6001 - ČRNOMELJ,65,"GD Rosalnice, Rosalnice 80, 8330 Metlika",593,195,0.3288,195,195,0,1.0,82,0.420513,113,0.579487
1997,VE 6000 - NOVO MESTO,VO 6001 - ČRNOMELJ,66,"GD Slamna vas, Slamna vas 8a, 8330 Metlika",131,66,0.5038,66,65,1,1.0,22,0.338462,43,0.661538
1998,VE 6000 - NOVO MESTO,VO 6001 - ČRNOMELJ,67,"GD D. Suhor pri Metliki, D. Suhor pri Metliki 25",754,273,0.3621,273,272,1,1.0,134,0.492647,138,0.507353
1999,VE 6000 - NOVO MESTO,VO 6001 - ČRNOMELJ,68,"GD Črmošnjice, Črmošnjice 24, 8333 Semič",232,60,0.2586,60,60,0,1.0,17,0.283333,43,0.716667
2000,VE 6000 - NOVO MESTO,VO 6001 - ČRNOMELJ,69,"GD Cerovec pri Črešnjevcu,Cerov. pri Črešnjevcu 4",197,94,0.4772,94,94,0,1.0,33,0.351064,61,0.648936
2001,VE 6000 - NOVO MESTO,VO 6001 - ČRNOMELJ,71,"GD Spodnje Gorenjce, Sp.Gorenjce 32, 8333 Semič",441,182,0.4127,182,181,1,1.0,80,0.441989,101,0.558011
2002,VE 6000 - NOVO MESTO,VO 6001 - ČRNOMELJ,72,"Nestoplja vas pri M.Pečavarju, Nestoplja vas 1",106,45,0.4245,45,45,0,1.0,7,0.155556,38,0.844444
2003,VE 6000 - NOVO MESTO,VO 6001 - ČRNOMELJ,73,"KC Semič, Prosvetna ul. 4, 8333 Semič",1212,506,0.4175,506,505,1,1.0,235,0.465347,270,0.534653
2004,VE 6000 - NOVO MESTO,VO 6001 - ČRNOMELJ,74,"VS Osojnik, Osojnik 23, 8333 Semič",146,78,0.5342,78,78,0,1.0,18,0.230769,60,0.769231
2005,VE 6000 - NOVO MESTO,VO 6001 - ČRNOMELJ,75,"GD Rožni Dol, Rožni Dol 5, 8333 Semič",106,46,0.434,46,46,0,1.0,18,0.391304,28,0.608696
2006,VE 6000 - NOVO MESTO,VO 6001 - ČRNOMELJ,76,"GD Stranska vas pri Semiču,Praprot 15, 8333 Semič",224,125,0.558,125,125,0,1.0,34,0.272,91,0.728
2007,VE 6000 - NOVO MESTO,VO 6001 - ČRNOMELJ,77,"POŠ Štrekljevec, Štrekljevec 2, 8333 Semič",420,167,0.3976,167,166,1,1.0,55,0.331325,111,0.668675
2008,VE 6000 - NOVO MESTO,VO 6001 - ČRNOMELJ,80,"Črnomelj trgovina NINA,Prečna ul.4, 8340 Črnomelj",337,141,0.4184,141,141,0,1.0,70,0.496454,71,0.503546
2009,VE 6000 - NOVO MESTO,VO 6001 - ČRNOMELJ,901,Predčasno glasovanje,0,238,0.0,238,237,1,1.0,145,0.611814,92,0.388186
2010,VE 6000 - NOVO MESTO,VO 6001 - ČRNOMELJ,902,Predčasno glasovanje UE Metlika,0,86,0.0,86,85,1,1.0,47,0.552941,38,0.447059
2011,VE 6000 - NOVO MESTO,VO 6001 - ČRNOMELJ,970,OMNIA od: 6001,0,25,0.0,25,25,0,1.0,6,0.24,19,0.76
2012,VE 6000 - NOVO MESTO,VO 6001 - ČRNOMELJ,997,Po pošti v Sloveniji OVK,0,0,0.0,0,0,0,,0,0.0,0,0.0
2013,VE 6000 - NOVO MESTO,VO 6001 - ČRNOMELJ,998,Po pošti v tujini OVK,0,0,0.0,0,0,0,,0,0.0,0,0.0
2014,VE 6000 - NOVO MESTO,VO 6001 - ČRNOMELJ,999,Posebni volilni imenik,2097,0,0.0,0,0,0,,0,0.0,0,0.0
2015,VE 6000 - NOVO MESTO,VO 6002 - NOVO MESTO 1,1,"OŠ Šmihel, Podr. šola Birčna vas, Birčna vas 1",397,165,0.4156,165,165,0,1.0,66,0.4,99,0.6
2016,VE 6000 - NOVO MESTO,VO 6002 - NOVO MESTO 1,2,"KC Dol.Toplice, Sokolski trg 4, 8350 Dol. Toplice",1101,484,0.4396,484,484,0,1.0,247,0.510331,237,0.489669
2017,VE 6000 - NOVO MESTO,VO 6002 - NOVO MESTO 1,3,"GD Dolž, Lipnica 5, 8000 Novo mesto",494,184,0.3725,184,184,0,1.0,39,0.211957,145,0.788043
2018,VE 6000 - NOVO MESTO,VO 6002 - NOVO MESTO 1,4,"Hiša žive dediščine - dvorana, Bela Cerkev 6",775,324,0.4181,324,322,2,1.0,108,0.335404,214,0.664596
2019,VE 6000 - NOVO MESTO,VO 6002 - NOVO MESTO 1,5,"KD Gomile, Gomile 10, 8321 Brusnice",554,204,0.3682,204,204,0,1.0,65,0.318627,139,0.681373
2020,VE 6000 - NOVO MESTO,VO 6002 - NOVO MESTO 1,6,"Vaški dom Dolenje Sušice, Dolenje. Sušice bš",425,153,0.36,153,153,0,1.0,36,0.235294,117,0.764706
2021,VE 6000 - NOVO MESTO,VO 6002 - NOVO MESTO 1,7,"KS kletni prostori - Hrušica, Hrušica bš",202,85,0.4208,85,82,3,1.0,22,0.268293,60,0.731707
2022,VE 6000 - NOVO MESTO,VO 6002 - NOVO MESTO 1,8,"KD Šmarjeta-dvorana,Šmarjeta 66, 8220 Šm. Toplice",1476,630,0.4268,630,630,0,1.0,227,0.360317,403,0.639683
2023,VE 6000 - NOVO MESTO,VO 6002 - NOVO MESTO 1,9,"GD Mali Podljuben,M. Podljuben 20,8000 Novo mesto",163,75,0.4601,75,75,0,1.0,18,0.24,57,0.76
2024,VE 6000 - NOVO MESTO,VO 6002 - NOVO MESTO 1,10,"GD Orešje, Orešje 17, 8220 Šmarješke Toplice",217,84,0.3871,84,84,0,1.0,40,0.47619,44,0.52381
2025,VE 6000 - NOVO MESTO,VO 6002 - NOVO MESTO 1,12,"GD Zbure, Zbure 29a, 8220 Šmarješke Toplice",285,116,0.407,116,114,2,1.0,41,0.359649,73,0.640351
2026,VE 6000 - NOVO MESTO,VO 6002 - NOVO MESTO 1,13,"Občina Mirna Peč, Trg 8, 8216 Mirna Peč",974,480,0.4928,480,479,1,1.0,118,0.246347,361,0.753653
2027,VE 6000 - NOVO MESTO,VO 6002 - NOVO MESTO 1,14,"OŠ T. Pavčka, Postaja 1, 8216 Mirna Peč",917,440,0.4798,440,439,1,1.0,115,0.261959,324,0.738041
2028,VE 6000 - NOVO MESTO,VO 6002 - NOVO MESTO 1,15,"GD Jablan, Jablan 20, 8216 Mirna Peč",398,187,0.4698,187,186,1,1.0,39,0.209677,147,0.790323
2029,VE 6000 - NOVO MESTO,VO 6002 - NOVO MESTO 1,16,"GD Gorenji Globodol,G. Globodol 38,8216 Mirna Peč",174,89,0.5115,89,89,0,1.0,18,0.202247,71,0.797753
2030,VE 6000 - NOVO MESTO,VO 6002 - NOVO MESTO 1,18,"GD Podgrad, Podgrad 38, 8000 Novo mesto",739,302,0.4087,302,302,0,1.0,79,0.261589,223,0.738411
2031,VE 6000 - NOVO MESTO,VO 6002 - NOVO MESTO 1,19,"Prosvetni dom Podhosta,Podhosta bš,8350 D.Toplice",598,293,0.49,293,293,0,1.0,105,0.358362,188,0.641638
2032,VE 6000 - NOVO MESTO,VO 6002 - NOVO MESTO 1,20,"GD Podturn pri D.Toplicah,Podt. pri D.Toplicah 12",502,170,0.3386,170,170,0,1.0,53,0.311765,117,0.688235
2033,VE 6000 - NOVO MESTO,VO 6002 - NOVO MESTO 1,22,"GD Ratež, Ratež 47, 8321 Brusnice",425,183,0.4306,183,181,2,1.0,67,0.370166,114,0.629834
2034,VE 6000 - NOVO MESTO,VO 6002 - NOVO MESTO 1,24,"GD Soteska, Soteska 38,8351 Straža pri Novem mest",206,75,0.3641,75,74,1,1.0,32,0.432432,42,0.567568
2035,VE 6000 - NOVO MESTO,VO 6002 - NOVO MESTO 1,25,"GD Stopiče, Stopiče 3, 8322 Stopiče",1346,639,0.4747,639,638,1,1.0,200,0.31348,438,0.68652
2036,VE 6000 - NOVO MESTO,VO 6002 - NOVO MESTO 1,26,"GD Stranska vas, Stranska vas 70, 8000 Novo mesto",533,226,0.424,226,225,1,1.0,81,0.36,144,0.64
2037,VE 6000 - NOVO MESTO,VO 6002 - NOVO MESTO 1,29," ZDD Uršna sela, Vaška c. 4 , 8323  Uršna sela",592,231,0.3902,231,231,0,1.0,120,0.519481,111,0.480519
2038,VE 6000 - NOVO MESTO,VO 6002 - NOVO MESTO 1,31,"OŠ Brusnice, Velike Brusnice 101, 8321 Brusnice",695,308,0.4432,308,308,0,1.0,98,0.318182,210,0.681818
2039,VE 6000 - NOVO MESTO,VO 6002 - NOVO MESTO 1,32,"OŠ Žužemberk, Baragova c. 1, 8360 Žužemberk",1017,504,0.4956,504,502,2,1.0,133,0.26494,369,0.73506
2040,VE 6000 - NOVO MESTO,VO 6002 - NOVO MESTO 1,33,"Kartuzija Pleterje, Drča 1, 8310 Šentjernej",214,86,0.4019,86,86,0,1.0,15,0.174419,71,0.825581
2041,VE 6000 - NOVO MESTO,VO 6002 - NOVO MESTO 1,34,"GD Cerov Log, Cerov Log 1, 8310 Šentjernej",192,103,0.5365,103,102,1,1.0,30,0.294118,72,0.705882
2042,VE 6000 - NOVO MESTO,VO 6002 - NOVO MESTO 1,35,"Karlovček d.o.o.,Vrh pri Šentj. 5,8310 Šentjernej",495,262,0.5293,262,262,0,1.0,56,0.21374,206,0.78626
2043,VE 6000 - NOVO MESTO,VO 6002 - NOVO MESTO 1,36,"T. Pirnar - Dolenja Brezovica, Dolenja Brezovica 1",335,200,0.597,200,197,3,1.0,66,0.335025,131,0.664975
2044,VE 6000 - NOVO MESTO,VO 6002 - NOVO MESTO 1,37,"GD Dolenja Stara vas, Dolenja Stara vas 43",342,161,0.4708,161,161,0,1.0,27,0.167702,134,0.832298
2045,VE 6000 - NOVO MESTO,VO 6002 - NOVO MESTO 1,38,"GD Dol. Mokro Polje, D.M.Polje 4, 8310 Šentjernej",294,161,0.5476,161,161,0,1.0,37,0.229814,124,0.770186
2046,VE 6000 - NOVO MESTO,VO 6002 - NOVO MESTO 1,39,"GD Dol. Maharovec, D.Maharovec 19,8310 Šentjernej",359,175,0.4875,175,174,1,1.0,38,0.218391,136,0.781609
2047,VE 6000 - NOVO MESTO,VO 6002 - NOVO MESTO 1,40,"M. Tajčman-Gorenja Gomila, Gorenja Gomila 5",189,110,0.582,110,110,0,1.0,26,0.236364,84,0.763636
2048,VE 6000 - NOVO MESTO,VO 6002 - NOVO MESTO 1,41,"GD Gorenja Stara vas,G.St. vas 21,8310 Šentjernej",145,73,0.5034,73,73,0,1.0,14,0.191781,59,0.808219
2049,VE 6000 - NOVO MESTO,VO 6002 - NOVO MESTO 1,42,"GD Gorenje Vrhpolje,G.Vrhpolje 86,8310 Šentjernej",510,240,0.4706,240,238,2,1.0,72,0.302521,166,0.697479
2050,VE 6000 - NOVO MESTO,VO 6002 - NOVO MESTO 1,43,"GD Groblje pri Prekopi, Groblje pri Prekopi 36",451,206,0.4568,206,203,3,1.0,32,0.157635,171,0.842365
2051,VE 6000 - NOVO MESTO,VO 6002 - NOVO MESTO 1,44,"GD Orehovica, Orehovica 57, 8310 Šentjernej",482,217,0.4502,217,217,0,1.0,70,0.322581,147,0.677419
2052,VE 6000 - NOVO MESTO,VO 6002 - NOVO MESTO 1,45,"A. Turk - Roje, Roje 12, 8310 Šentjernej",276,115,0.4167,115,114,1,1.0,21,0.184211,93,0.815789
2053,VE 6000 - NOVO MESTO,VO 6002 - NOVO MESTO 1,46,"Mizarstvo Cvelbar, Mršeča vas 1, 8310 Šentjernej",178,92,0.5169,92,92,0,1.0,16,0.173913,76,0.826087
2054,VE 6000 - NOVO MESTO,VO 6002 - NOVO MESTO 1,48,"OŠ Šentjernej, Prvomajska c. 9, 8310 Šentjernej",635,295,0.4646,295,294,1,1.0,102,0.346939,192,0.653061
2055,VE 6000 - NOVO MESTO,VO 6002 - NOVO MESTO 1,49,"KC P. Trubarja Šentjernej, Trubarjeva c. 13",629,299,0.4754,299,299,0,1.0,128,0.428094,171,0.571906
2056,VE 6000 - NOVO MESTO,VO 6002 - NOVO MESTO 1,50,"GD Reber, Reber 16, 8360 Žužemberk",126,73,0.5794,73,73,0,1.0,12,0.164384,61,0.835616
2057,VE 6000 - NOVO MESTO,VO 6002 - NOVO MESTO 1,51,"GD Vrh pri Križu, Vrh pri Križu 17,8360 Žužemberk",113,72,0.6372,72,71,1,1.0,17,0.239437,54,0.760563
2058,VE 6000 - NOVO MESTO,VO 6002 - NOVO MESTO 1,52,"DK Veliko Lipje, Veliko Lipje 3, 8360 Žužemberk",122,67,0.5492,67,67,0,1.0,11,0.164179,56,0.835821
2059,VE 6000 - NOVO MESTO,VO 6002 - NOVO MESTO 1,53,"GD Šmihel pri Žužemberku, Šm. pri  Žužemberku 38",382,167,0.4372,167,167,0,1.0,28,0.167665,139,0.832335
2060,VE 6000 - NOVO MESTO,VO 6002 - NOVO MESTO 1,54,"GD Dolnji Ajdovec, Dolnji Ajdovec 21, 8361 Dvor",456,233,0.511,233,233,0,1.0,31,0.133047,202,0.866953
2061,VE 6000 - NOVO MESTO,VO 6002 - NOVO MESTO 1,55,"GD Hinje, Hinje 38, 8362 Hinje",157,71,0.4522,71,71,0,1.0,11,0.15493,60,0.84507
2062,VE 6000 - NOVO MESTO,VO 6002 - NOVO MESTO 1,56,"OŠ Prevole, Prevole 32, 8362 Hinje",97,46,0.4742,46,45,1,1.0,7,0.155556,38,0.844444
2063,VE 6000 - NOVO MESTO,VO 6002 - NOVO MESTO 1,57,"E.Škufca-Sela pri Hinjah,S.pri Hinjah11,8362Hinje",150,80,0.5333,80,80,0,1.0,7,0.0875,73,0.9125
2064,VE 6000 - NOVO MESTO,VO 6002 - NOVO MESTO 1,58,"GD Žvirče, Žvirče bš, 8362 Hinje",101,60,0.5941,60,60,0,1.0,7,0.116667,53,0.883333
2065,VE 6000 - NOVO MESTO,VO 6002 - NOVO MESTO 1,59,"OŠ Žužemberk, Podr. šola Dvor, 23d, 8361 Dvor",1056,571,0.5407,570,568,2,1.0,109,0.191901,459,0.808099
2066,VE 6000 - NOVO MESTO,VO 6002 - NOVO MESTO 1,901,Predčasno glasovanje,0,119,0.0,119,119,0,1.0,39,0.327731,80,0.672269
2067,VE 6000 - NOVO MESTO,VO 6002 - NOVO MESTO 1,997,Po pošti v Sloveniji OVK,0,13,0.0,13,13,0,1.0,0,0.0,13,1.0
2068,VE 6000 - NOVO MESTO,VO 6002 - NOVO MESTO 1,998,Po pošti v tujini OVK,0,0,0.0,0,0,0,,0,0.0,0,0.0
2069,VE 6000 - NOVO MESTO,VO 6002 - NOVO MESTO 1,999,Posebni volilni imenik,806,0,0.0,0,0,0,,0,0.0,0,0.0
2070,VE 6000 - NOVO MESTO,VO 6003 - NOVO MESTO 2,1,"RIC, Topliška c. 2, 8000 Novo mesto",957,422,0.441,422,417,5,1.0,181,0.434053,236,0.565947
2071,VE 6000 - NOVO MESTO,VO 6003 - NOVO MESTO 2,2,"Stara OŠ, Dolenje Karteljevo 29, 8000 Novo mesto",231,121,0.5238,121,121,0,1.0,36,0.297521,85,0.702479
2072,VE 6000 - NOVO MESTO,VO 6003 - NOVO MESTO 2,4,"Vrtec Pedenjped, Šegova ul. 22, 8000 Novo mesto",1141,482,0.4224,482,479,3,1.0,238,0.496868,241,0.503132
2073,VE 6000 - NOVO MESTO,VO 6003 - NOVO MESTO 2,5,"Prostori KS, Ul. Slavka Gruma 9, 8000 Novo mesto",1282,461,0.3596,461,459,2,1.0,231,0.503268,228,0.496732
2074,VE 6000 - NOVO MESTO,VO 6003 - NOVO MESTO 2,6,"Janez Miklič, Gorenje Kamence 9, 8000 Novo mesto",252,100,0.3968,100,100,0,1.0,18,0.18,82,0.82
2075,VE 6000 - NOVO MESTO,VO 6003 - NOVO MESTO 2,8,"DK KS Gotna vas, Jedinščica 58, 8000 Novo mesto",888,399,0.4493,399,398,1,1.0,163,0.409548,235,0.590452
2076,VE 6000 - NOVO MESTO,VO 6003 - NOVO MESTO 2,9,"OŠ Mali Slatnik, Mali Slatnik 7, 8000 Novo mesto",1166,559,0.4794,559,557,2,1.0,216,0.387792,341,0.612208
2077,VE 6000 - NOVO MESTO,VO 6003 - NOVO MESTO 2,10,"GD Križe, Križe 27, 8000 Novo mesto",385,175,0.4545,175,173,2,1.0,48,0.277457,125,0.722543
2078,VE 6000 - NOVO MESTO,VO 6003 - NOVO MESTO 2,11,"DK Regrča vas, Regrča vas 101, 8000 Novo  mesto",839,382,0.4553,382,382,0,1.0,199,0.520942,183,0.479058
2079,VE 6000 - NOVO MESTO,VO 6003 - NOVO MESTO 2,12,"GD Straža, Novomeška c. 1, 8351 Straža",615,288,0.4683,288,288,0,1.0,90,0.3125,198,0.6875
2080,VE 6000 - NOVO MESTO,VO 6003 - NOVO MESTO 2,13,"GD Dolenje Kamence,Dol. Kamence 3,8000 Novo mesto",1230,576,0.4683,576,572,4,1.0,194,0.339161,378,0.660839
2081,VE 6000 - NOVO MESTO,VO 6003 - NOVO MESTO 2,14,"KC J. Trdine, Novi trg 5, 8000 Novo mesto",582,230,0.3952,230,230,0,1.0,118,0.513043,112,0.486957
2082,VE 6000 - NOVO MESTO,VO 6003 - NOVO MESTO 2,15,"Vrtec Ciciban I, Ragovska ul. 18, 8000 Novo mesto",970,402,0.4144,402,399,3,1.0,222,0.556391,177,0.443609
2083,VE 6000 - NOVO MESTO,VO 6003 - NOVO MESTO 2,17,"OŠ Bršljin I, Kočevarjeva ul. 40, 8000 Novo mesto",1038,448,0.4316,448,448,0,1.0,216,0.482143,232,0.517857
2084,VE 6000 - NOVO MESTO,VO 6003 - NOVO MESTO 2,18,"Vrtec Ciciban II, Ragovska ul. 18,8000 Novo mesto",836,367,0.439,367,366,1,1.0,206,0.562842,160,0.437158
2085,VE 6000 - NOVO MESTO,VO 6003 - NOVO MESTO 2,19,"DC, Seidlova c. 28, 8000 Novo mesto",1159,484,0.4176,484,480,4,1.0,230,0.479167,250,0.520833
2086,VE 6000 - NOVO MESTO,VO 6003 - NOVO MESTO 2,20,"Gimnazija Novo mesto,Seidlova c.9,8000 Novo mesto",885,306,0.3458,306,303,3,1.0,149,0.491749,154,0.508251
2087,VE 6000 - NOVO MESTO,VO 6003 - NOVO MESTO 2,22,"DK KS Žabja vas, Šentjernejska c. 10, 8000 NM",691,363,0.5253,363,360,3,1.0,158,0.438889,202,0.561111
2088,VE 6000 - NOVO MESTO,VO 6003 - NOVO MESTO 2,23,"OŠ Grm, Trdinova ul. 7, 8000 Novo mesto",1580,620,0.3924,620,620,0,1.0,317,0.51129,303,0.48871
2089,VE 6000 - NOVO MESTO,VO 6003 - NOVO MESTO 2,24,"OŠ Bršljin II, Kočevarjeva ul. 40,8000 Novo mesto",505,231,0.4574,231,228,3,1.0,118,0.517544,110,0.482456
2090,VE 6000 - NOVO MESTO,VO 6003 - NOVO MESTO 2,25,"Vrtec Žabjak, Brezje 8, 8000 Novo mesto",330,3,0.0091,3,3,0,1.0,0,0.0,3,1.0
2091,VE 6000 - NOVO MESTO,VO 6003 - NOVO MESTO 2,26,"MD Drganja sela, Drganja sela 3, 8351 Straža",210,103,0.4905,103,103,0,1.0,48,0.466019,55,0.533981
2092,VE 6000 - NOVO MESTO,VO 6003 - NOVO MESTO 2,27,"GD Otočec, Šentpeter 1, 8222 Otočec",1517,688,0.4535,688,685,3,1.0,254,0.370803,431,0.629197
2093,VE 6000 - NOVO MESTO,VO 6003 - NOVO MESTO 2,28,"Matjaževa domačija, Paha 3, 8222 Otočec ",318,149,0.4686,149,148,1,1.0,50,0.337838,98,0.662162
2094,VE 6000 - NOVO MESTO,VO 6003 - NOVO MESTO 2,29,"KD Straža, Pod Srobotnikom 4, 8351 Straža",1072,428,0.3993,428,427,1,1.0,200,0.468384,227,0.531616
2095,VE 6000 - NOVO MESTO,VO 6003 - NOVO MESTO 2,30,"Stara OŠ, Prečna  8, 8000 Novo mesto",923,403,0.4366,403,401,2,1.0,155,0.386534,246,0.613466
2096,VE 6000 - NOVO MESTO,VO 6003 - NOVO MESTO 2,31,"MD Prapreče, Prapreče 22, 8351 Straža",316,153,0.4842,153,151,2,1.0,58,0.384106,93,0.615894
2097,VE 6000 - NOVO MESTO,VO 6003 - NOVO MESTO 2,32,"OŠ Vavta vas, Vavta vas 1, 8351 Straža",443,197,0.4447,197,194,3,1.0,74,0.381443,120,0.618557
2098,VE 6000 - NOVO MESTO,VO 6003 - NOVO MESTO 2,33,"MD Rumanja vas, Rumanja vas bš, 8351 Straža",196,113,0.5765,113,113,0,1.0,44,0.389381,69,0.610619
2099,VE 6000 - NOVO MESTO,VO 6003 - NOVO MESTO 2,34,"Inpro d.o.o. Novo mesto, Loke 4, 8351 Straža",180,76,0.4222,76,76,0,1.0,38,0.5,38,0.5
2100,VE 6000 - NOVO MESTO,VO 6003 - NOVO MESTO 2,35,"OŠ Šmihel, Šmihel 2, 8000 Novo mesto",1245,542,0.4353,542,539,3,1.0,261,0.48423,278,0.51577
2101,VE 6000 - NOVO MESTO,VO 6003 - NOVO MESTO 2,36,"GD Ždinja vas, Ždinja vas 14, 8000 Novo mesto",324,137,0.4228,137,133,4,1.0,45,0.338346,88,0.661654
2102,VE 6000 - NOVO MESTO,VO 6003 - NOVO MESTO 2,901,Predčasno glasovanje,0,351,0.0,351,351,0,1.0,213,0.606838,138,0.393162
2103,VE 6000 - NOVO MESTO,VO 6003 - NOVO MESTO 2,970,OMNIA od: 6003,0,57,0.0,57,57,0,1.0,31,0.54386,26,0.45614
2104,VE 6000 - NOVO MESTO,VO 6003 - NOVO MESTO 2,997,Po pošti v Sloveniji OVK,0,0,0.0,0,0,0,,0,0.0,0,0.0
2105,VE 6000 - NOVO MESTO,VO 6003 - NOVO MESTO 2,998,Po pošti v tujini OVK,0,0,0.0,0,0,0,,0,0.0,0,0.0
2106,VE 6000 - NOVO MESTO,VO 6003 - NOVO MESTO 2,999,Posebni volilni imenik,1586,0,0.0,0,0,0,,0,0.0,0,0.0
2107,VE 6000 - NOVO MESTO,VO 6004 - TREBNJE,1,"GD ČATEŽ, Čatež 19, 8212 VELIKA LOKA",459,218,0.4749,218,218,0,1.0,61,0.279817,157,0.720183
2108,VE 6000 - NOVO MESTO,VO 6004 - TREBNJE,2,"Glivar Darko, Korita 6, 8211 Dobrnič",179,106,0.5922,106,106,0,1.0,13,0.122642,93,0.877358
2109,VE 6000 - NOVO MESTO,VO 6004 - TREBNJE,3,"Smolič Pavle, Dobrava 22, 8211 Dobrnič",206,105,0.5097,105,105,0,1.0,27,0.257143,78,0.742857
2110,VE 6000 - NOVO MESTO,VO 6004 - TREBNJE,4,"KD Dobrnič, Dobrnič 9, 8211 Dobrnič",354,198,0.5593,198,197,1,1.0,27,0.137056,170,0.862944
2111,VE 6000 - NOVO MESTO,VO 6004 - TREBNJE,5,"OŠ Dol. Nemška vas I.,Dol.Nem.vas 21,8210 Trebnje",402,191,0.4751,191,190,1,1.0,45,0.236842,145,0.763158
2112,VE 6000 - NOVO MESTO,VO 6004 - TREBNJE,6,"OŠ Dol.Nemška vas II.,Dol.Nem.vas 21, 8210Trebnje",439,185,0.4214,185,185,0,1.0,57,0.308108,128,0.691892
2113,VE 6000 - NOVO MESTO,VO 6004 - TREBNJE,7,"Novi GD Lukovek, Lukovek 52, 8210 Trebnje",495,234,0.4727,234,234,0,1.0,54,0.230769,180,0.769231
2114,VE 6000 - NOVO MESTO,VO 6004 - TREBNJE,8,"KS Knežja vas (vaško središče), Dol. Selce 21",334,173,0.518,173,173,0,1.0,21,0.121387,152,0.878613
2115,VE 6000 - NOVO MESTO,VO 6004 - TREBNJE,9,"GD Ševnica, Ševnica 22, 8233 Mirna",202,88,0.4356,88,88,0,1.0,46,0.522727,42,0.477273
2116,VE 6000 - NOVO MESTO,VO 6004 - TREBNJE,11,"OŠ Mirna I., Cesta na Fužine 1, 8233 Mirna",630,253,0.4016,253,252,1,1.0,87,0.345238,165,0.654762
2117,VE 6000 - NOVO MESTO,VO 6004 - TREBNJE,12,"Dom Partizan Mirna, Sokolska ulica 2, 8233 Mirna",431,197,0.4571,197,197,0,1.0,98,0.497462,99,0.502538
2118,VE 6000 - NOVO MESTO,VO 6004 - TREBNJE,13,"OŠ Mirna II., Cesta na Fužine 1, 8233 Mirna",706,318,0.4504,318,318,0,1.0,153,0.481132,165,0.518868
2119,VE 6000 - NOVO MESTO,VO 6004 - TREBNJE,14,"GD Selo pri Mirni, Sajenice 12, 8233 Mirna",163,72,0.4417,72,72,0,1.0,22,0.305556,50,0.694444
2120,VE 6000 - NOVO MESTO,VO 6004 - TREBNJE,16,"KUČIČ DANIJEL, Gor. Laknice 15a, 8230 MOKRONOG",168,52,0.3095,52,52,0,1.0,20,0.384615,32,0.615385
2121,VE 6000 - NOVO MESTO,VO 6004 - TREBNJE,17,"KD Mokronog, Pod gradom 2, 8230 Mokronog",567,235,0.4145,235,234,1,1.0,102,0.435897,132,0.564103
2122,VE 6000 - NOVO MESTO,VO 6004 - TREBNJE,18,"GD Mokronog, Florijanska c. 33, 8230 Mokronog",345,160,0.4638,160,159,1,1.0,54,0.339623,105,0.660377
2123,VE 6000 - NOVO MESTO,VO 6004 - TREBNJE,19,"GD Beli Grič, Beli Grič 19, 8230 Mokronog",295,145,0.4915,145,145,0,1.0,67,0.462069,78,0.537931
2124,VE 6000 - NOVO MESTO,VO 6004 - TREBNJE,20,"GD Račje selo, Račjo selo 20, 8210 Trebnje",451,115,0.255,115,114,1,1.0,28,0.245614,86,0.754386
2125,VE 6000 - NOVO MESTO,VO 6004 - TREBNJE,21,"GD Sela Šumberk, Sela pri Šum. 32, 8360 Žužemberk",169,62,0.3669,62,62,0,1.0,13,0.209677,49,0.790323
2126,VE 6000 - NOVO MESTO,VO 6004 - TREBNJE,22,"GD Log, Log pri Žužemberku 6, 8360 Žužemberk",128,62,0.4844,62,62,0,1.0,10,0.16129,52,0.83871
2127,VE 6000 - NOVO MESTO,VO 6004 - TREBNJE,23,"Prost. PGD Vrhe(bivša šola),Gor.Vrh 1,8211Dobrnič",308,136,0.4416,136,136,0,1.0,43,0.316176,93,0.683824
2128,VE 6000 - NOVO MESTO,VO 6004 - TREBNJE,24,"KD Šentlovrenc, Šentlovrenc 15a, 8212 Velika Loka",587,248,0.4225,248,248,0,1.0,75,0.302419,173,0.697581
2129,VE 6000 - NOVO MESTO,VO 6004 - TREBNJE,25,"GD Dol. Jesenice, Dol.Jesenice 17,8232 Šentrupert",235,127,0.5404,127,127,0,1.0,41,0.322835,86,0.677165
2130,VE 6000 - NOVO MESTO,VO 6004 - TREBNJE,26,"INFOTOČKA DEŽELE KOZOLCEV, Šentrupert 5",388,181,0.4665,181,181,0,1.0,41,0.226519,140,0.773481
2131,VE 6000 - NOVO MESTO,VO 6004 - TREBNJE,27,"OŠ ŠENTRUPERT I., Šentrupert 57, 8232 Šentrupert",594,277,0.4663,277,275,2,1.0,81,0.294545,194,0.705455
2132,VE 6000 - NOVO MESTO,VO 6004 - TREBNJE,28,"OŠ ŠENTRUPERT II., Šentrupert 57, 8232 Šentrupert",683,303,0.4436,303,303,0,1.0,88,0.290429,215,0.709571
2133,VE 6000 - NOVO MESTO,VO 6004 - TREBNJE,29,"Gostilna Mišič,Štefan pri Trebnjem 10,8210Trebnje",562,239,0.4253,239,239,0,1.0,77,0.322176,162,0.677824
2134,VE 6000 - NOVO MESTO,VO 6004 - TREBNJE,30,"Večnamenski dom Trebelno,Trebelno 19,8231Trebelno",275,120,0.4364,120,120,0,1.0,52,0.433333,68,0.566667
2135,VE 6000 - NOVO MESTO,VO 6004 - TREBNJE,31,"Žagar Štefan, Češnjice 35, 8231 Trebelno",208,113,0.5433,113,113,0,1.0,29,0.256637,84,0.743363
2136,VE 6000 - NOVO MESTO,VO 6004 - TREBNJE,32,"GD Štatenberk, Ornuška vas 11, 8231 Trebelno",326,137,0.4202,137,136,1,1.0,22,0.161765,114,0.838235
2137,VE 6000 - NOVO MESTO,VO 6004 - TREBNJE,33,"GD Velika Strmica,Velika Strmica 16,8231 Trebelno",251,111,0.4422,111,111,0,1.0,15,0.135135,96,0.864865
2138,VE 6000 - NOVO MESTO,VO 6004 - TREBNJE,34,"KULT. DOM TREBNJE I., Baragov trg 6, 8210 Trebnje",857,396,0.4621,396,392,4,1.0,152,0.387755,240,0.612245
2139,VE 6000 - NOVO MESTO,VO 6004 - TREBNJE,35,"KULT. DOM TREBNJE II., Baragov trg 6, 8210 Trebnje",724,296,0.4088,296,296,0,1.0,141,0.476351,155,0.523649
2140,VE 6000 - NOVO MESTO,VO 6004 - TREBNJE,36,"DSO TREBNJE I., Stari trg 63, 8210 Trebnje",663,332,0.5008,332,331,1,1.0,140,0.422961,191,0.577039
2141,VE 6000 - NOVO MESTO,VO 6004 - TREBNJE,37,"DSO TREBNJE II., Stari trg 63, 8210 Trebnje",680,321,0.4721,321,319,2,1.0,121,0.37931,198,0.62069
2142,VE 6000 - NOVO MESTO,VO 6004 - TREBNJE,38,"GD Vrhtrebnje, Vrhtrebnje 24, 8210 Trebnje",180,82,0.4556,82,82,0,1.0,26,0.317073,56,0.682927
2143,VE 6000 - NOVO MESTO,VO 6004 - TREBNJE,39,"KD Velika Loka, Velika Loka 6, 8212 Velika Loka",465,202,0.4344,202,200,2,1.0,65,0.325,135,0.675
2144,VE 6000 - NOVO MESTO,VO 6004 - TREBNJE,40,"Bregar Janez, Stehanja vas 14, 8213 Velik Gaber",124,69,0.5565,69,69,0,1.0,18,0.26087,51,0.73913
2145,VE 6000 - NOVO MESTO,VO 6004 - TREBNJE,41,"GD Zagorica, Zagorica pri V. Gabru 46",379,181,0.4776,181,180,1,1.0,37,0.205556,143,0.794444
2146,VE 6000 - NOVO MESTO,VO 6004 - TREBNJE,42,"KS Veliki Gaber, Veliki Gaber 90,8213Veliki Gaber",629,292,0.4642,292,291,1,1.0,85,0.292096,206,0.707904
2147,VE 6000 - NOVO MESTO,VO 6004 - TREBNJE,43,"Peter Žibert, Sv. Vrh 3, 8230 Mokronog",115,55,0.4783,55,55,0,1.0,19,0.345455,36,0.654545
2148,VE 6000 - NOVO MESTO,VO 6004 - TREBNJE,44,"Končina Peter, Okrog 11a, 8232 Šentrupert",116,62,0.5345,62,62,0,1.0,17,0.274194,45,0.725806
2149,VE 6000 - NOVO MESTO,VO 6004 - TREBNJE,901,Predčasno glasovanje,0,342,0.0,342,342,0,1.0,190,0.555556,152,0.444444
2150,VE 6000 - NOVO MESTO,VO 6004 - TREBNJE,970,OMNIA od: 6004,0,29,0.0,29,29,0,1.0,8,0.275862,21,0.724138
2151,VE 6000 - NOVO MESTO,VO 6004 - TREBNJE,997,Po pošti v Sloveniji OVK,0,0,0.0,0,0,0,,0,0.0,0,0.0
2152,VE 6000 - NOVO MESTO,VO 6004 - TREBNJE,998,Po pošti v tujini OVK,0,0,0.0,0,0,0,,0,0.0,0,0.0
2153,VE 6000 - NOVO MESTO,VO 6004 - TREBNJE,999,Posebni volilni imenik,754,0,0.0,0,0,0,,0,0.0,0,0.0
2154,VE 6000 - NOVO MESTO,VO 6005 - BREŽICE,1,"Občina Brežice, CPB 18, 8250 Brežice",643,205,0.3188,205,204,1,1.0,95,0.465686,109,0.534314
2155,VE 6000 - NOVO MESTO,VO 6005 - BREŽICE,2,"(I)MC Brežice, Gubčeva ul. 10a, 8250 Brežice",517,163,0.3153,163,162,1,1.0,88,0.54321,74,0.45679
2156,VE 6000 - NOVO MESTO,VO 6005 - BREŽICE,3,"OŠ Brežice, Levstikova ul.18, 8250 Brežice",328,107,0.3262,107,107,0,1.0,71,0.663551,36,0.336449
2157,VE 6000 - NOVO MESTO,VO 6005 - BREŽICE,4,"Vrtec Mavrica, vhod B, Šolska ul. 5, 8250 Brežice",314,104,0.3312,104,103,1,1.0,66,0.640777,37,0.359223
2158,VE 6000 - NOVO MESTO,VO 6005 - BREŽICE,5,"(II)MC Brežice, Gubčeva ul. 10a, 8250 Brežice",342,124,0.3626,124,124,0,1.0,64,0.516129,60,0.483871
2159,VE 6000 - NOVO MESTO,VO 6005 - BREŽICE,6,"GD Bukošek, Bukošek 28a, 8250 Brežice",247,102,0.413,102,101,1,1.0,51,0.50495,50,0.49505
2160,VE 6000 - NOVO MESTO,VO 6005 - BREŽICE,7,"(I)SIC Brežice, Bizeljska c. 45, 8250 Brežice",1050,417,0.3971,417,416,1,1.0,231,0.555288,185,0.444712
2161,VE 6000 - NOVO MESTO,VO 6005 - BREŽICE,8,"(II)SIC Brežice, Bizeljska c. 45, 8250 Brežice",514,173,0.3366,173,173,0,1.0,95,0.549133,78,0.450867
2162,VE 6000 - NOVO MESTO,VO 6005 - BREŽICE,9,"Nogometni stadion, C.b.Milavcev 18, 8250  Brežice",371,141,0.3801,141,141,0,1.0,66,0.468085,75,0.531915
2163,VE 6000 - NOVO MESTO,VO 6005 - BREŽICE,10,"(I)GD Šentlenart, C.b. Milavcev 105, 8250 Brežice",572,233,0.4073,233,232,1,1.0,132,0.568966,100,0.431034
2164,VE 6000 - NOVO MESTO,VO 6005 - BREŽICE,11,"(II)GD Šentlenart, C.b.Milavcev 105, 8250 Brežice",586,223,0.3805,223,223,0,1.0,109,0.488789,114,0.511211
2165,VE 6000 - NOVO MESTO,VO 6005 - BREŽICE,12,"Prosvetni d. Artiče, Artiče 38, 8253 Artiče",681,277,0.4068,277,277,0,1.0,148,0.534296,129,0.465704
2166,VE 6000 - NOVO MESTO,VO 6005 - BREŽICE,13,"OŠ Artiče, Artiče 39, 8253 Artiče",753,273,0.3625,273,273,0,1.0,114,0.417582,159,0.582418
2167,VE 6000 - NOVO MESTO,VO 6005 - BREŽICE,14,"Nek. OŠ Pečice, Pečice 3, 3257 Podsreda",83,26,0.3133,26,26,0,1.0,12,0.461538,14,0.538462
2168,VE 6000 - NOVO MESTO,VO 6005 - BREŽICE,15,"DK Sromlje, Sromlje 10, 8256 Sromlje",488,146,0.2992,146,145,1,1.0,48,0.331034,97,0.668966
2169,VE 6000 - NOVO MESTO,VO 6005 - BREŽICE,16,"(I)Prosvetni d. Globoko, Globoko 5, 8254 Globoko",706,249,0.3527,249,248,1,1.0,115,0.46371,133,0.53629
2170,VE 6000 - NOVO MESTO,VO 6005 - BREŽICE,17,"(II)Prosvetni d. Globoko, Globoko 5, 8254 Globoko",232,72,0.3103,72,72,0,1.0,24,0.333333,48,0.666667
2171,VE 6000 - NOVO MESTO,VO 6005 - BREŽICE,18,"Večnamenski d. Pišece, Pišece 27a, 8255 Pišece",435,143,0.3287,143,143,0,1.0,56,0.391608,87,0.608392
2172,VE 6000 - NOVO MESTO,VO 6005 - BREŽICE,19,"OŠ Pišece, Pišece 34, 8255 Pišece",445,151,0.3393,151,150,1,1.0,41,0.273333,109,0.726667
2173,VE 6000 - NOVO MESTO,VO 6005 - BREŽICE,20,"GD Gabrje, Gabrje pri Dobovi 20, 8257 Dobova",185,69,0.373,69,68,1,1.0,15,0.220588,53,0.779412
2174,VE 6000 - NOVO MESTO,VO 6005 - BREŽICE,21,"GD Mali Obrež, Mali Obrež 16a, 8257 Dobova",107,50,0.4673,50,50,0,1.0,17,0.34,33,0.66
2175,VE 6000 - NOVO MESTO,VO 6005 - BREŽICE,22,"GD Veliki Obrež, Veliki Obrež 13, 8257 Dobova",227,74,0.326,74,74,0,1.0,41,0.554054,33,0.445946
2176,VE 6000 - NOVO MESTO,VO 6005 - BREŽICE,23,"Brodarska hišica Mostec, Mostec 51, 8257 Dobova",167,76,0.4551,76,76,0,1.0,34,0.447368,42,0.552632
2177,VE 6000 - NOVO MESTO,VO 6005 - BREŽICE,24,"GD Mihalovec, Mihalovec 17a, 8257 Dobova",218,86,0.3945,86,86,0,1.0,26,0.302326,60,0.697674
2178,VE 6000 - NOVO MESTO,VO 6005 - BREŽICE,25,"GD Loče, Loče 22, 8257 Dobova",156,70,0.4487,70,70,0,1.0,26,0.371429,44,0.628571
2179,VE 6000 - NOVO MESTO,VO 6005 - BREŽICE,26,"KS Dobova, Ul. b. Gerjovičev 48, 8257 Dobova",553,209,0.3779,209,209,0,1.0,114,0.545455,95,0.454545
2180,VE 6000 - NOVO MESTO,VO 6005 - BREŽICE,27,"GD Rigonce, Rigonce 29, 8257 Dobova",130,65,0.5,65,65,0,1.0,19,0.292308,46,0.707692
2181,VE 6000 - NOVO MESTO,VO 6005 - BREŽICE,28,"GD Sela, Sela pri Dobovi 46b, 8257 Dobova",465,187,0.4022,187,187,0,1.0,93,0.497326,94,0.502674
2182,VE 6000 - NOVO MESTO,VO 6005 - BREŽICE,29,"GD Kapele, Kapele 13, 8258 Kapele",270,100,0.3704,100,99,1,1.0,49,0.494949,50,0.505051
2183,VE 6000 - NOVO MESTO,VO 6005 - BREŽICE,30,"GD Rakovec, Rakovec 15, 8258 Kapele",150,62,0.4133,62,62,0,1.0,27,0.435484,35,0.564516
2184,VE 6000 - NOVO MESTO,VO 6005 - BREŽICE,31,"GD Župelevec, Župelevec 53a, 8258 Kapele",448,144,0.3214,144,144,0,1.0,73,0.506944,71,0.493056
2185,VE 6000 - NOVO MESTO,VO 6005 - BREŽICE,32,"OŠ Bizeljsko, Bizeljska c. 78, 8259 Bizeljsko",856,283,0.3306,283,283,0,1.0,134,0.473498,149,0.526502
2186,VE 6000 - NOVO MESTO,VO 6005 - BREŽICE,33,"GD Orešje, Orešje na Biz. 59, 8259 Bizeljsko",189,51,0.2698,51,51,0,1.0,16,0.313725,35,0.686275
2187,VE 6000 - NOVO MESTO,VO 6005 - BREŽICE,34,"GD Stara vas, Stara vas 68a, 8259 Bizeljsko",272,70,0.2574,70,70,0,1.0,42,0.6,28,0.4
2188,VE 6000 - NOVO MESTO,VO 6005 - BREŽICE,35,"GD Cerklje, Cerklje ob K. 56, 8263 Cerklje ob K.",519,236,0.4547,236,236,0,1.0,98,0.415254,138,0.584746
2189,VE 6000 - NOVO MESTO,VO 6005 - BREŽICE,36,"OŠ Cerklje, Cerklje ob K. 3, 8263 Cerklje ob K.",477,185,0.3878,185,185,0,1.0,46,0.248649,139,0.751351
2190,VE 6000 - NOVO MESTO,VO 6005 - BREŽICE,37,"Nek. OŠ Bušeča v., Bušeča v.38,8263 Cerklje ob K.",271,113,0.417,113,113,0,1.0,29,0.256637,84,0.743363
2191,VE 6000 - NOVO MESTO,VO 6005 - BREŽICE,38,"GD D.Pirošica, D.Pirošica 4a, 8263 Cerklje ob K.",292,111,0.3801,111,110,1,1.0,35,0.318182,75,0.681818
2192,VE 6000 - NOVO MESTO,VO 6005 - BREŽICE,39,"KS Čatež, Čateška ul. 3, 8250 Brežice",449,198,0.441,198,198,0,1.0,76,0.383838,122,0.616162
2193,VE 6000 - NOVO MESTO,VO 6005 - BREŽICE,40,"GD Cerina, Cerina 14a, 8250 Brežice",382,158,0.4136,158,158,0,1.0,50,0.316456,108,0.683544
2194,VE 6000 - NOVO MESTO,VO 6005 - BREŽICE,41,"GD Krška vas, Krška vas 100, 8262 Krška vas",429,172,0.4009,171,169,2,1.0,82,0.485207,87,0.514793
2195,VE 6000 - NOVO MESTO,VO 6005 - BREŽICE,42,"GD Skopice, G. Skopice 1, 8262 Krška vas",302,134,0.4437,134,132,2,1.0,41,0.310606,91,0.689394
2196,VE 6000 - NOVO MESTO,VO 6005 - BREŽICE,43,"DK V. Malence, V. Malence 18a, 8262 Krška vas",249,97,0.3896,97,96,1,1.0,47,0.489583,49,0.510417
2197,VE 6000 - NOVO MESTO,VO 6005 - BREŽICE,44,"Nek. OŠ Mrzlava vas, Mrzlava v. 21a,8262 Krška v.",229,103,0.4498,103,103,0,1.0,40,0.38835,63,0.61165
2198,VE 6000 - NOVO MESTO,VO 6005 - BREŽICE,45,"KS V. Dolina, V. Dolina 9, 8261 Jesenice na Dol.",355,130,0.3662,130,130,0,1.0,49,0.376923,81,0.623077
2199,VE 6000 - NOVO MESTO,VO 6005 - BREŽICE,46,"Prosvetni dom, V. Dolina 34, 8261 Jesenice na Dol.",360,102,0.2833,102,101,1,1.0,36,0.356436,65,0.643564
2200,VE 6000 - NOVO MESTO,VO 6005 - BREŽICE,47,"KS Jesenice, Jesenice 11a, 8261 Jesenice na Dol.",256,71,0.2773,71,70,1,1.0,33,0.471429,37,0.528571
2201,VE 6000 - NOVO MESTO,VO 6005 - BREŽICE,48,"GD Obrežje, Obrežje 32, 8261 Jesenice na Dol.",549,137,0.2495,137,137,0,1.0,69,0.50365,68,0.49635
2202,VE 6000 - NOVO MESTO,VO 6005 - BREŽICE,49,"KS Križe, Križe 21, 8282 Koprivnica",102,43,0.4216,43,43,0,1.0,18,0.418605,25,0.581395
2203,VE 6000 - NOVO MESTO,VO 6005 - BREŽICE,901,Predčasno glasovanje,0,391,0.0,391,389,2,1.0,210,0.539846,179,0.460154
2204,VE 6000 - NOVO MESTO,VO 6005 - BREŽICE,970,OMNIA od: 6005,0,41,0.0,41,41,0,1.0,19,0.463415,22,0.536585
2205,VE 6000 - NOVO MESTO,VO 6005 - BREŽICE,997,Po pošti v Sloveniji OVK,0,11,0.0,11,11,0,1.0,6,0.545455,5,0.454545
2206,VE 6000 - NOVO MESTO,VO 6005 - BREŽICE,998,Po pošti v tujini OVK,0,0,0.0,0,0,0,,0,0.0,0,0.0
2207,VE 6000 - NOVO MESTO,VO 6005 - BREŽICE,999,Posebni volilni imenik,2221,0,0.0,0,0,0,,0,0.0,0,0.0
2208,VE 6000 - NOVO MESTO,VO 6006 - KRŠKO,1,"OŠ Koprivnica, Koprivnica 2",227,90,0.3965,90,90,0,1.0,31,0.344444,59,0.655556
2209,VE 6000 - NOVO MESTO,VO 6006 - KRŠKO,3,"GD Veliki Kamen, Veliki Kamen 13a",309,90,0.2913,90,90,0,1.0,32,0.355556,58,0.644444
2210,VE 6000 - NOVO MESTO,VO 6006 - KRŠKO,4,"Dom XIV. divizije Senovo I, Trg XIV. divizije 1",534,187,0.3502,187,187,0,1.0,95,0.508021,92,0.491979
2211,VE 6000 - NOVO MESTO,VO 6006 - KRŠKO,5,"Dom XIV. divizije Senovo II, Trg XIV. divizije 1",505,169,0.3347,169,169,0,1.0,85,0.502959,84,0.497041
2212,VE 6000 - NOVO MESTO,VO 6006 - KRŠKO,6,"GD Senovo, Titova c. 95",478,132,0.2762,132,132,0,1.0,67,0.507576,65,0.492424
2213,VE 6000 - NOVO MESTO,VO 6006 - KRŠKO,7,"GD Mali Kamen, Mali Kamen 66a",229,96,0.4192,96,96,0,1.0,43,0.447917,53,0.552083
2214,VE 6000 - NOVO MESTO,VO 6006 - KRŠKO,8,"Vaška soba strojnica Reštanj, Reštanj bš",165,56,0.3394,56,56,0,1.0,21,0.375,35,0.625
2215,VE 6000 - NOVO MESTO,VO 6006 - KRŠKO,9,"GD Stranje, Stranje 13",129,60,0.4651,60,60,0,1.0,13,0.216667,47,0.783333
2216,VE 6000 - NOVO MESTO,VO 6006 - KRŠKO,10,"LD Brezje pri Dovškem I, Brezje pri Dovškem 33a",131,59,0.4504,59,59,0,1.0,19,0.322034,40,0.677966
2217,VE 6000 - NOVO MESTO,VO 6006 - KRŠKO,11,"LD Brezje pri Dovškem II, Brezje pri Dovškem 33a",481,147,0.3056,147,147,0,1.0,42,0.285714,105,0.714286
2218,VE 6000 - NOVO MESTO,VO 6006 - KRŠKO,12,"OŠ A.Bohoriča, Šolska cesta 29",939,361,0.3845,361,360,1,1.0,187,0.519444,173,0.480556
2219,VE 6000 - NOVO MESTO,VO 6006 - KRŠKO,15,"LK Dolenji Leskovec, Dolenji Leskovec 51a",248,100,0.4032,100,100,0,1.0,46,0.46,54,0.54
2220,VE 6000 - NOVO MESTO,VO 6006 - KRŠKO,16,"Ribiška družina Brestanica II, Raztez 1a",124,35,0.2823,35,35,0,1.0,3,0.085714,32,0.914286
2221,VE 6000 - NOVO MESTO,VO 6006 - KRŠKO,17,"Ribiška družina Brestanica I, Raztez 1a",228,73,0.3202,73,73,0,1.0,30,0.410959,43,0.589041
2222,VE 6000 - NOVO MESTO,VO 6006 - KRŠKO,18,"VD Dolenja vas, Dolenja vas pri Krškem 53",867,321,0.3702,321,319,2,1.0,137,0.429467,182,0.570533
2223,VE 6000 - NOVO MESTO,VO 6006 - KRŠKO,19,"KS Rožno - Presladol, Rožno 62",317,129,0.4069,129,128,1,1.0,46,0.359375,82,0.640625
2224,VE 6000 - NOVO MESTO,VO 6006 - KRŠKO,20,"DK Zdole, Zdole 20",629,240,0.3816,240,239,1,1.0,117,0.48954,122,0.51046
2225,VE 6000 - NOVO MESTO,VO 6006 - KRŠKO,21,"Dular Bogdan, Kostanjek 20",107,42,0.3925,42,42,0,1.0,14,0.333333,28,0.666667
2226,VE 6000 - NOVO MESTO,VO 6006 - KRŠKO,22,"GD Gora, Gora 31",444,201,0.4527,201,201,0,1.0,58,0.288557,143,0.711443
2227,VE 6000 - NOVO MESTO,VO 6006 - KRŠKO,24,"GD Krško, Bohoričeva ul. 14",550,218,0.3964,218,218,0,1.0,124,0.568807,94,0.431193
2228,VE 6000 - NOVO MESTO,VO 6006 - KRŠKO,25,"Zavod za mladino in šport, C. krških žrtev 105",621,243,0.3913,243,241,2,1.0,120,0.497925,121,0.502075
2229,VE 6000 - NOVO MESTO,VO 6006 - KRŠKO,26,"DSO Krško, Kovinarska ul. 13",776,317,0.4085,317,316,1,1.0,174,0.550633,142,0.449367
2230,VE 6000 - NOVO MESTO,VO 6006 - KRŠKO,27,"Radej Vida, Sremič 37",215,76,0.3535,76,76,0,1.0,27,0.355263,49,0.644737
2231,VE 6000 - NOVO MESTO,VO 6006 - KRŠKO,28,"OŠ Dr. M.Rostoharja, C.4. julija 33",505,208,0.4119,208,207,1,1.0,118,0.570048,89,0.429952
2232,VE 6000 - NOVO MESTO,VO 6006 - KRŠKO,29,"OŠ J. Dalmatina II, Šolska ulica 1, Krško",491,151,0.3075,151,151,0,1.0,85,0.562914,66,0.437086
2233,VE 6000 - NOVO MESTO,VO 6006 - KRŠKO,30,"OŠ J. Dalmatina III, Šolska ulica 1, Krško",501,158,0.3154,158,156,2,1.0,90,0.576923,66,0.423077
2234,VE 6000 - NOVO MESTO,VO 6006 - KRŠKO,31,"KD Krško, Trg Matije Gubca 2",814,296,0.3636,296,294,2,1.0,163,0.554422,131,0.445578
2235,VE 6000 - NOVO MESTO,VO 6006 - KRŠKO,32,"OŠ J. Dalmatina I, Šolska ul. 1, Krško",778,309,0.3972,309,308,1,1.0,148,0.480519,160,0.519481
2236,VE 6000 - NOVO MESTO,VO 6006 - KRŠKO,34,"Slavko Božič, Gornje Pijavško 30",84,37,0.4405,37,37,0,1.0,14,0.378378,23,0.621622
2237,VE 6000 - NOVO MESTO,VO 6006 - KRŠKO,35,"GD Drnovo, Drnovo 29a",283,107,0.3781,107,107,0,1.0,30,0.280374,77,0.719626
2238,VE 6000 - NOVO MESTO,VO 6006 - KRŠKO,36,"GD Brege, Brege 16",154,70,0.4545,70,70,0,1.0,24,0.342857,46,0.657143
2239,VE 6000 - NOVO MESTO,VO 6006 - KRŠKO,37,"Mlekarna Mrtvice, Mrtvice bš",177,73,0.4124,73,73,0,1.0,23,0.315068,50,0.684932
2240,VE 6000 - NOVO MESTO,VO 6006 - KRŠKO,38,"GD Vihre, Vihre 44",128,60,0.4688,60,60,0,1.0,19,0.316667,41,0.683333
2241,VE 6000 - NOVO MESTO,VO 6006 - KRŠKO,39,"Vaška soba na Gorici, Gorica bš",367,104,0.2834,104,103,1,1.0,34,0.330097,69,0.669903
2242,VE 6000 - NOVO MESTO,VO 6006 - KRŠKO,40,"Dvorana v Velikem Podlogu, Veliki Podlog 60",309,131,0.4239,131,131,0,1.0,55,0.419847,76,0.580153
2243,VE 6000 - NOVO MESTO,VO 6006 - KRŠKO,41,"Vaška soba v Gržeči vasi, Gržeča vas bš",170,92,0.5412,92,92,0,1.0,21,0.228261,71,0.771739
2244,VE 6000 - NOVO MESTO,VO 6006 - KRŠKO,42,"GD Senuše, Senuše 51",444,205,0.4617,205,205,0,1.0,55,0.268293,150,0.731707
2245,VE 6000 - NOVO MESTO,VO 6006 - KRŠKO,43,"DK Leskovec pri Krškem, Ulica 11. novembra 24",928,447,0.4817,447,446,1,1.0,175,0.392377,271,0.607623
2246,VE 6000 - NOVO MESTO,VO 6006 - KRŠKO,44,"Arh Zvone, Selce pri Leskovcu 6",224,81,0.3616,81,81,0,1.0,20,0.246914,61,0.753086
2247,VE 6000 - NOVO MESTO,VO 6006 - KRŠKO,45,"GD Velika vas, Gorenja vas pri Leskovcu 30",556,275,0.4946,275,274,1,1.0,94,0.343066,180,0.656934
2248,VE 6000 - NOVO MESTO,VO 6006 - KRŠKO,46,"KS Raka, Raka 40",984,386,0.3923,386,385,1,1.0,90,0.233766,295,0.766234
2249,VE 6000 - NOVO MESTO,VO 6006 - KRŠKO,47,"GD Smednik, Smednik 1b",570,276,0.4842,276,275,1,1.0,46,0.167273,229,0.832727
2250,VE 6000 - NOVO MESTO,VO 6006 - KRŠKO,48,"KD Albina Rudana, Veliki Trn 18",588,233,0.3963,233,232,1,1.0,55,0.237069,177,0.762931
2251,VE 6000 - NOVO MESTO,VO 6006 - KRŠKO,49,"Pešič Dejan, Dolšce 19a",239,85,0.3556,85,85,0,1.0,17,0.2,68,0.8
2252,VE 6000 - NOVO MESTO,VO 6006 - KRŠKO,50,"Bivša OŠ Črneča vas, Črneča vas bš",130,60,0.4615,60,60,0,1.0,19,0.316667,41,0.683333
2253,VE 6000 - NOVO MESTO,VO 6006 - KRŠKO,51,"GD Prekopa, Dolnja Prekopa 21b",310,174,0.5613,174,172,2,1.0,62,0.360465,110,0.639535
2254,VE 6000 - NOVO MESTO,VO 6006 - KRŠKO,52,"OŠ J.Gorjupa, Gorjanska c. 2",961,441,0.4589,441,439,2,1.0,178,0.405467,261,0.594533
2255,VE 6000 - NOVO MESTO,VO 6006 - KRŠKO,53,"Colarič Milan, Orehovec 37",218,98,0.4495,98,98,0,1.0,34,0.346939,64,0.653061
2256,VE 6000 - NOVO MESTO,VO 6006 - KRŠKO,54,"Grubar Jože, Kočarija 14",173,67,0.3873,67,67,0,1.0,16,0.238806,51,0.761194
2257,VE 6000 - NOVO MESTO,VO 6006 - KRŠKO,55,"KD Podbočje, Podbočje 70",473,225,0.4757,225,223,2,1.0,57,0.255605,166,0.744395
2258,VE 6000 - NOVO MESTO,VO 6006 - KRŠKO,56,"GD Malo Mraševo, Malo Mraševo 35",313,153,0.4888,153,153,0,1.0,43,0.281046,110,0.718954
2259,VE 6000 - NOVO MESTO,VO 6006 - KRŠKO,57,"Vaški dom Veliko Mraševo, Veliko Mraševo bš",220,110,0.5,110,108,2,1.0,40,0.37037,68,0.62963
2260,VE 6000 - NOVO MESTO,VO 6006 - KRŠKO,58,"Kodrič Martin, Brezje v Podbočju 2",173,43,0.2486,43,43,0,1.0,7,0.162791,36,0.837209
2261,VE 6000 - NOVO MESTO,VO 6006 - KRŠKO,59,"Burja Boštjan, Šutna 26",172,75,0.436,75,75,0,1.0,33,0.44,42,0.56
2262,VE 6000 - NOVO MESTO,VO 6006 - KRŠKO,901,Predčasno glasovanje,0,308,0.0,308,308,0,1.0,163,0.529221,145,0.470779
2263,VE 6000 - NOVO MESTO,VO 6006 - KRŠKO,970,OMNIA od: 6006,0,10,0.0,10,10,0,1.0,6,0.6,4,0.4
2264,VE 6000 - NOVO MESTO,VO 6006 - KRŠKO,997,Po pošti v Sloveniji OVK,0,17,0.0,17,17,0,1.0,8,0.470588,9,0.529412
2265,VE 6000 - NOVO MESTO,VO 6006 - KRŠKO,998,Po pošti v tujini OVK,0,0,0.0,0,0,0,,0,0.0,0,0.0
2266,VE 6000 - NOVO MESTO,VO 6006 - KRŠKO,999,Posebni volilni imenik,1528,0,0.0,0,0,0,,0,0.0,0,0.0
2267,VE 6000 - NOVO MESTO,VO 6007 - SEVNICA,1,"KD Blanca, Blanca 24",653,249,0.3813,249,249,0,1.0,87,0.349398,162,0.650602
2268,VE 6000 - NOVO MESTO,VO 6007 - SEVNICA,2,"GD Poklek nad Blanco, Poklek nad Blanco 2 B",231,96,0.4156,96,94,2,1.0,15,0.159574,79,0.840426
2269,VE 6000 - NOVO MESTO,VO 6007 - SEVNICA,3,"TVD Partizan, Boštanj 31",872,411,0.4713,411,411,0,1.0,167,0.406326,244,0.593674
2270,VE 6000 - NOVO MESTO,VO 6007 - SEVNICA,4,"VD Kompolje, Kompolje bš",121,68,0.562,68,68,0,1.0,29,0.426471,39,0.573529
2271,VE 6000 - NOVO MESTO,VO 6007 - SEVNICA,5,"VD Šmarčna, Šmarčna 4 B",74,46,0.6216,46,46,0,1.0,14,0.304348,32,0.695652
2272,VE 6000 - NOVO MESTO,VO 6007 - SEVNICA,6,"Dom gasilcev in vaščanov Okič,Vrh pri Boštanju 112",204,90,0.4412,90,90,0,1.0,39,0.433333,51,0.566667
2273,VE 6000 - NOVO MESTO,VO 6007 - SEVNICA,7,"VO Log, Log 59",235,116,0.4936,116,116,0,1.0,41,0.353448,75,0.646552
2274,VE 6000 - NOVO MESTO,VO 6007 - SEVNICA,8,"Zavetišče pod Sv. Rokom, Taborniška ul. 14",337,150,0.4451,150,150,0,1.0,86,0.573333,64,0.426667
2275,VE 6000 - NOVO MESTO,VO 6007 - SEVNICA,9,"Pod vaškim kozolcem na Jablanici, Jablanica 24 A",184,64,0.3478,64,64,0,1.0,28,0.4375,36,0.5625
2276,VE 6000 - NOVO MESTO,VO 6007 - SEVNICA,10,"ŽP Jelovec, Jelovec 5",124,61,0.4919,61,61,0,1.0,13,0.213115,48,0.786885
2277,VE 6000 - NOVO MESTO,VO 6007 - SEVNICA,11,"Konjsko - Jože Mervič, Konjsko 10",88,50,0.5682,50,49,1,1.0,5,0.102041,44,0.897959
2278,VE 6000 - NOVO MESTO,VO 6007 - SEVNICA,12,"KD Lukovec, Lukovec 38",159,67,0.4214,67,67,0,1.0,15,0.223881,52,0.776119
2279,VE 6000 - NOVO MESTO,VO 6007 - SEVNICA,13,"Sejna soba Občine Sevnica, Glavni trg 19 A",769,298,0.3875,298,298,0,1.0,116,0.389262,182,0.610738
2280,VE 6000 - NOVO MESTO,VO 6007 - SEVNICA,14,"OŠ Krmelj, Krmelj  25",740,358,0.4838,358,357,1,1.0,138,0.386555,219,0.613445
2281,VE 6000 - NOVO MESTO,VO 6007 - SEVNICA,15,"GD Breg, Šentjur na Polju 18 A",179,81,0.4525,81,81,0,1.0,20,0.246914,61,0.753086
2282,VE 6000 - NOVO MESTO,VO 6007 - SEVNICA,16,"GD Loka pri ZM, Loka pri Zidanem Mostu 40",569,207,0.3638,207,207,0,1.0,98,0.47343,109,0.52657
2283,VE 6000 - NOVO MESTO,VO 6007 - SEVNICA,17,"DK Razbor, Razbor 11 A",206,90,0.4369,90,90,0,1.0,18,0.2,72,0.8
2284,VE 6000 - NOVO MESTO,VO 6007 - SEVNICA,18,"GD Primož, Primož 6",250,107,0.428,107,107,0,1.0,28,0.261682,79,0.738318
2285,VE 6000 - NOVO MESTO,VO 6007 - SEVNICA,19,"Gostilna Kregl, Gornje Brezovo 3",602,249,0.4136,249,247,2,1.0,72,0.291498,175,0.708502
2286,VE 6000 - NOVO MESTO,VO 6007 - SEVNICA,20,"Ledina - Stanislav Možič, Ledina 80",171,66,0.386,66,66,0,1.0,27,0.409091,39,0.590909
2287,VE 6000 - NOVO MESTO,VO 6007 - SEVNICA,21,"Drožanje - Ivan Jazbec, Drožanje 13",214,79,0.3692,79,79,0,1.0,27,0.341772,52,0.658228
2288,VE 6000 - NOVO MESTO,VO 6007 - SEVNICA,22,"GD Orešje nad Sevnico, Orešje nad Sevnico 12 B",264,81,0.3068,81,81,0,1.0,33,0.407407,48,0.592593
2289,VE 6000 - NOVO MESTO,VO 6007 - SEVNICA,23,"GD Sevnica, Kvedrova c. 25",369,147,0.3984,147,147,0,1.0,74,0.503401,73,0.496599
2290,VE 6000 - NOVO MESTO,VO 6007 - SEVNICA,24,"VVO Ciciban Sevnica, Naselje heroja Maroka 22",673,242,0.3596,242,242,0,1.0,122,0.504132,120,0.495868
2291,VE 6000 - NOVO MESTO,VO 6007 - SEVNICA,25,"OŠ Sava Kladnika, Trg svobode 42",415,155,0.3735,155,155,0,1.0,82,0.529032,73,0.470968
2292,VE 6000 - NOVO MESTO,VO 6007 - SEVNICA,26,"Komunala Sevnica, Naselje heroja Maroka 17",992,403,0.4062,403,401,2,1.0,182,0.453865,219,0.546135
2293,VE 6000 - NOVO MESTO,VO 6007 - SEVNICA,27,"GD Studenec, Studenec 43",487,213,0.4374,213,212,1,1.0,69,0.325472,143,0.674528
2294,VE 6000 - NOVO MESTO,VO 6007 - SEVNICA,28,"Zavratec - Marko Rupar, Zavratec 10",124,48,0.3871,48,48,0,1.0,14,0.291667,34,0.708333
2295,VE 6000 - NOVO MESTO,VO 6007 - SEVNICA,29,"Kladje pri K.-Žan Bunderšek,Kladje pri Krmelju 10",106,41,0.3868,41,41,0,1.0,6,0.146341,35,0.853659
2296,VE 6000 - NOVO MESTO,VO 6007 - SEVNICA,30,"KD Šentjanž, Šentjanž 22",953,404,0.4239,404,403,1,1.0,155,0.384615,248,0.615385
2297,VE 6000 - NOVO MESTO,VO 6007 - SEVNICA,31,"GD Veliki Cirnik, Veliki Cirnik 1 A",98,39,0.398,39,39,0,1.0,11,0.282051,28,0.717949
2298,VE 6000 - NOVO MESTO,VO 6007 - SEVNICA,32,"LD Tržišče, Tržišče 23",441,210,0.4762,210,209,1,1.0,50,0.239234,159,0.760766
2299,VE 6000 - NOVO MESTO,VO 6007 - SEVNICA,33,"Pijavice - Henrik Hočevar, Pijavice 3",296,119,0.402,119,118,1,1.0,34,0.288136,84,0.711864
2300,VE 6000 - NOVO MESTO,VO 6007 - SEVNICA,34,"Vinski dvor Malkovec, Malkovec 11",313,131,0.4185,131,131,0,1.0,55,0.419847,76,0.580153
2301,VE 6000 - NOVO MESTO,VO 6007 - SEVNICA,35,"GD Telče, Telče 12 B",318,122,0.3836,122,122,0,1.0,23,0.188525,99,0.811475
2302,VE 6000 - NOVO MESTO,VO 6007 - SEVNICA,36,"GD Zabukovje nad Sevnico, Zabukovje nad S. 16 D",236,89,0.3771,89,89,0,1.0,29,0.325843,60,0.674157
2303,VE 6000 - NOVO MESTO,VO 6007 - SEVNICA,37,"GD Trnovec, Trnovec 3 A",342,142,0.4152,142,141,1,1.0,47,0.333333,94,0.666667
2304,VE 6000 - NOVO MESTO,VO 6007 - SEVNICA,38,"Podgorje - Janez Podlesnik, Podgorje ob S. 17 B",95,44,0.4632,44,44,0,1.0,10,0.227273,34,0.772727
2305,VE 6000 - NOVO MESTO,VO 6007 - SEVNICA,39,"OŠ Bučka, Bučka 27",507,214,0.4221,214,214,0,1.0,53,0.247664,161,0.752336
2306,VE 6000 - NOVO MESTO,VO 6007 - SEVNICA,40,"GD Zagrad, Zagrad 36",356,153,0.4298,153,153,0,1.0,47,0.30719,106,0.69281
2307,VE 6000 - NOVO MESTO,VO 6007 - SEVNICA,41,"GD Dolenje Dole, Dolenje Dole 24b",173,79,0.4566,79,79,0,1.0,9,0.113924,70,0.886076
2308,VE 6000 - NOVO MESTO,VO 6007 - SEVNICA,42,"Dvorana Metelkovega doma Škocjan, Škocjan 35",775,343,0.4426,343,343,0,1.0,96,0.279883,247,0.720117
2309,VE 6000 - NOVO MESTO,VO 6007 - SEVNICA,43,"Novi GD Grmovlje, Grmovlje 50",497,171,0.3441,171,171,0,1.0,36,0.210526,135,0.789474
2310,VE 6000 - NOVO MESTO,VO 6007 - SEVNICA,44,"GD Dobrava pri Škocjanu, Dobrava pri Škocjanu 59",185,116,0.627,116,116,0,1.0,24,0.206897,92,0.793103
2311,VE 6000 - NOVO MESTO,VO 6007 - SEVNICA,45,"GD Tomažja vas, Tomažja vas 35",164,84,0.5122,84,83,1,1.0,40,0.481928,43,0.518072
2312,VE 6000 - NOVO MESTO,VO 6007 - SEVNICA,901,Predčasno glasovanje,0,346,0.0,346,346,0,1.0,171,0.49422,175,0.50578
2313,VE 6000 - NOVO MESTO,VO 6007 - SEVNICA,970,OMNIA od: 6007,0,19,0.0,19,19,0,1.0,9,0.473684,10,0.526316
2314,VE 6000 - NOVO MESTO,VO 6007 - SEVNICA,997,Po pošti v Sloveniji OVK,0,0,0.0,0,0,0,,0,0.0,0,0.0
2315,VE 6000 - NOVO MESTO,VO 6007 - SEVNICA,998,Po pošti v tujini OVK,0,0,0.0,0,0,0,,0,0.0,0,0.0
2316,VE 6000 - NOVO MESTO,VO 6007 - SEVNICA,999,Posebni volilni imenik,842,0,0.0,0,0,0,,0,0.0,0,0.0
2317,VE 6000 - NOVO MESTO,VO 6008 - LAŠKO,1,"Center starejših, Savinjsko nabrežje 6",1147,368,0.3208,368,366,2,1.0,193,0.527322,173,0.472678
2318,VE 6000 - NOVO MESTO,VO 6008 - LAŠKO,2,"Kulturni center, Trg svobode 6 ",909,305,0.3355,305,305,0,1.0,138,0.452459,167,0.547541
2319,VE 6000 - NOVO MESTO,VO 6008 - LAŠKO,3,"OŠ Debro, Poženelova ul. 26",1253,472,0.3767,472,469,3,1.0,207,0.441365,262,0.558635
2320,VE 6000 - NOVO MESTO,VO 6008 - LAŠKO,4,"ZASTOR d.o.o., Sp. Rečica 80D",487,169,0.347,169,168,1,1.0,83,0.494048,85,0.505952
2321,VE 6000 - NOVO MESTO,VO 6008 - LAŠKO,5,"Sindikalni dom, Huda Jama 1",613,214,0.3491,214,214,0,1.0,65,0.303738,149,0.696262
2322,VE 6000 - NOVO MESTO,VO 6008 - LAŠKO,6,"Kulturni dom, Marija Gradec 29",754,294,0.3899,294,294,0,1.0,110,0.37415,184,0.62585
2323,VE 6000 - NOVO MESTO,VO 6008 - LAŠKO,7,"Zvonka Dečman, Lahomšek 4",329,135,0.4103,135,134,1,1.0,66,0.492537,68,0.507463
2324,VE 6000 - NOVO MESTO,VO 6008 - LAŠKO,8,"Na Slogah, Tevče 2 ",550,194,0.3527,194,194,0,1.0,33,0.170103,161,0.829897
2325,VE 6000 - NOVO MESTO,VO 6008 - LAŠKO,9,"Gasilski dom, Vrh nad Laškim 9a ",625,234,0.3744,234,234,0,1.0,69,0.294872,165,0.705128
2326,VE 6000 - NOVO MESTO,VO 6008 - LAŠKO,10,"OŠ Šentrupert, Šentrupert 89",339,126,0.3717,126,126,0,1.0,13,0.103175,113,0.896825
2327,VE 6000 - NOVO MESTO,VO 6008 - LAŠKO,11,"Strelski dom, Mala Breza 37c ",167,50,0.2994,50,50,0,1.0,12,0.24,38,0.76
2328,VE 6000 - NOVO MESTO,VO 6008 - LAŠKO,12,"Kulturni dom, Trobni dol 38a",139,55,0.3957,55,55,0,1.0,13,0.236364,42,0.763636
2329,VE 6000 - NOVO MESTO,VO 6008 - LAŠKO,13,"OŠ A. Aškerc, Aškerčeva c. 1",970,443,0.4567,442,438,4,1.0,183,0.417808,255,0.582192
2330,VE 6000 - NOVO MESTO,VO 6008 - LAŠKO,14,"Šola Lažiše, Laziše 27 ",147,72,0.4898,72,72,0,1.0,14,0.194444,58,0.805556
2331,VE 6000 - NOVO MESTO,VO 6008 - LAŠKO,15,"Karel Veber, Brodnice 12 ",190,57,0.3,57,57,0,1.0,13,0.22807,44,0.77193
2332,VE 6000 - NOVO MESTO,VO 6008 - LAŠKO,16,"Matevž Deželak, Lože 1 ",145,79,0.5448,79,79,0,1.0,20,0.253165,59,0.746835
2333,VE 6000 - NOVO MESTO,VO 6008 - LAŠKO,17,"OŠ Jurklošter, Jurklošter 23",192,71,0.3698,71,71,0,1.0,18,0.253521,53,0.746479
2334,VE 6000 - NOVO MESTO,VO 6008 - LAŠKO,18,"Bife Racman, Mrzlo Polje 8a ",186,87,0.4677,87,87,0,1.0,25,0.287356,62,0.712644
2335,VE 6000 - NOVO MESTO,VO 6008 - LAŠKO,19,"Anton Vresk, Polana 21 ",238,63,0.2647,63,63,0,1.0,23,0.365079,40,0.634921
2336,VE 6000 - NOVO MESTO,VO 6008 - LAŠKO,20,"OŠ Sedraž, Sedraž 21 ",560,241,0.4304,241,241,0,1.0,101,0.419087,140,0.580913
2337,VE 6000 - NOVO MESTO,VO 6008 - LAŠKO,21,"OŠ Zidani Most, Zidani Most 34",311,121,0.3891,121,121,0,1.0,67,0.553719,54,0.446281
2338,VE 6000 - NOVO MESTO,VO 6008 - LAŠKO,22,"Gasilski dom, Zidani Most 12 ",222,67,0.3018,67,67,0,1.0,33,0.492537,34,0.507463
2339,VE 6000 - NOVO MESTO,VO 6008 - LAŠKO,23,"Dom kulture, Gledališka pot 2",394,142,0.3604,142,140,2,1.0,74,0.528571,66,0.471429
2340,VE 6000 - NOVO MESTO,VO 6008 - LAŠKO,24,"Knjižnica Radeče, Ul. OF 2",479,189,0.3946,189,189,0,1.0,128,0.677249,61,0.322751
2341,VE 6000 - NOVO MESTO,VO 6008 - LAŠKO,25,"Prostor društva inv., Titova ul. 107",523,217,0.4149,217,217,0,1.0,119,0.548387,98,0.451613
2342,VE 6000 - NOVO MESTO,VO 6008 - LAŠKO,26,"Vrtec Radeče, Kolenov graben 6 ",524,188,0.3588,188,186,2,1.0,89,0.478495,97,0.521505
2343,VE 6000 - NOVO MESTO,VO 6008 - LAŠKO,27,"Ribič Rado, Obrežje 21 ",111,41,0.3694,41,41,0,1.0,24,0.585366,17,0.414634
2344,VE 6000 - NOVO MESTO,VO 6008 - LAŠKO,28,"Gostilna Strnad, Hotemež 6 ",184,83,0.4511,83,83,0,1.0,41,0.493976,42,0.506024
2345,VE 6000 - NOVO MESTO,VO 6008 - LAŠKO,29,"Plaznik Leopold,  Jelovo 7 ",139,60,0.4317,60,60,0,1.0,20,0.333333,40,0.666667
2346,VE 6000 - NOVO MESTO,VO 6008 - LAŠKO,30,"Gasilski dom, Jagnjenica 14 ",337,151,0.4481,151,150,1,1.0,58,0.386667,92,0.613333
2347,VE 6000 - NOVO MESTO,VO 6008 - LAŠKO,31,"PGD Svibno, Svibno 18a",297,147,0.4949,147,147,0,1.0,39,0.265306,108,0.734694
2348,VE 6000 - NOVO MESTO,VO 6008 - LAŠKO,32," KS Vrhovo, Vrhovo 43a",405,190,0.4691,190,190,0,1.0,76,0.4,114,0.6
2349,VE 6000 - NOVO MESTO,VO 6008 - LAŠKO,901,Predčasno glasovanje - Energetsko svetovalna pisarna Laško,0,406,0.0,406,405,1,1.0,237,0.585185,168,0.414815
2350,VE 6000 - NOVO MESTO,VO 6008 - LAŠKO,902,Predčasno glasovanje - Kulturni dom Radeče,0,119,0.0,119,119,0,1.0,76,0.638655,43,0.361345
2351,VE 6000 - NOVO MESTO,VO 6008 - LAŠKO,970,OMNIA od: 6008,0,16,0.0,16,16,0,1.0,5,0.3125,11,0.6875
2352,VE 6000 - NOVO MESTO,VO 6008 - LAŠKO,997,Po pošti v Sloveniji OVK,0,0,0.0,0,0,0,,0,0.0,0,0.0
2353,VE 6000 - NOVO MESTO,VO 6008 - LAŠKO,998,Po pošti v tujini OVK,0,0,0.0,0,0,0,,0,0.0,0,0.0
2354,VE 6000 - NOVO MESTO,VO 6008 - LAŠKO,999,Posebni volilni imenik,716,0,0.0,0,0,0,,0,0.0,0,0.0
2355,VE 6000 - NOVO MESTO,VO 6009 - LITIJA,1,"GD SOBRAČE, Sobrače 16",196,125,0.6378,125,125,0,1.0,12,0.096,113,0.904
2356,VE 6000 - NOVO MESTO,VO 6009 - LITIJA,2,"Pri Kovaču, Graška c. 64",797,354,0.4442,354,353,1,1.0,174,0.492918,179,0.507082
2357,VE 6000 - NOVO MESTO,VO 6009 - LITIJA,3,"OŠ Gradec, Bevkova ul.3",793,350,0.4414,350,348,2,1.0,214,0.614943,134,0.385057
2358,VE 6000 - NOVO MESTO,VO 6009 - LITIJA,4,"Dvorana TNS, Trg na Stavbah 8",673,202,0.3001,202,202,0,1.0,87,0.430693,115,0.569307
2359,VE 6000 - NOVO MESTO,VO 6009 - LITIJA,5,"Občina Litija, Jerebova  ul. 14",469,123,0.2623,123,122,1,1.0,43,0.352459,79,0.647541
2360,VE 6000 - NOVO MESTO,VO 6009 - LITIJA,6,"OŠ Litija, Ul. Mire Pregljeve 3",807,270,0.3346,270,268,2,1.0,146,0.544776,122,0.455224
2361,VE 6000 - NOVO MESTO,VO 6009 - LITIJA,7,"ŠD Litija, Ul. Mire Pregljeve 1",542,167,0.3081,167,166,1,1.0,93,0.560241,73,0.439759
2362,VE 6000 - NOVO MESTO,VO 6009 - LITIJA,8,"ZD Litija, Partizanska p. 8a",1075,416,0.387,416,413,3,1.0,216,0.523002,197,0.476998
2363,VE 6000 - NOVO MESTO,VO 6009 - LITIJA,9,"GD Sp. Hotič, Sp. Hotič 26",315,135,0.4286,135,132,3,1.0,69,0.522727,63,0.477273
2364,VE 6000 - NOVO MESTO,VO 6009 - LITIJA,10,"OŠ Zg. Hotič, Zg. Hotič 6",402,209,0.5199,209,209,0,1.0,97,0.464115,112,0.535885
2365,VE 6000 - NOVO MESTO,VO 6009 - LITIJA,11,"OŠ Vače, Vače 24",820,343,0.4183,342,340,2,1.0,137,0.402941,203,0.597059
2366,VE 6000 - NOVO MESTO,VO 6009 - LITIJA,12,"ZDD Jevnica, Jevnica 36",891,408,0.4579,408,404,4,1.0,190,0.470297,214,0.529703
2367,VE 6000 - NOVO MESTO,VO 6009 - LITIJA,13,"OŠ Kresnice, Kresnice 26a",787,355,0.4511,355,354,1,1.0,172,0.485876,182,0.514124
2368,VE 6000 - NOVO MESTO,VO 6009 - LITIJA,14,"OŠ Sava, Sava 21",458,209,0.4563,209,208,1,1.0,91,0.4375,117,0.5625
2369,VE 6000 - NOVO MESTO,VO 6009 - LITIJA,15,"Avla v OŠ Polšnik, Polšnik 25c",453,179,0.3951,179,179,0,1.0,57,0.318436,122,0.681564
2370,VE 6000 - NOVO MESTO,VO 6009 - LITIJA,16,"Verbajs Jože in Klara, Mamolj 20a",135,59,0.437,59,59,0,1.0,14,0.237288,45,0.762712
2371,VE 6000 - NOVO MESTO,VO 6009 - LITIJA,17,"DK Konjšica, Konjšica - del 14",117,61,0.5214,61,60,1,1.0,27,0.45,33,0.55
2372,VE 6000 - NOVO MESTO,VO 6009 - LITIJA,18,"GD Breg pri Litiji, Tenetiše 2",316,152,0.481,152,150,2,1.0,63,0.42,87,0.58
2373,VE 6000 - NOVO MESTO,VO 6009 - LITIJA,19,"GD Zg. Jablanica, Zg. Jablanica 1",591,301,0.5093,301,298,3,1.0,105,0.352349,193,0.647651
2374,VE 6000 - NOVO MESTO,VO 6009 - LITIJA,20,"KD Šmartno, Za povrtmi 4",569,290,0.5097,290,290,0,1.0,156,0.537931,134,0.462069
2375,VE 6000 - NOVO MESTO,VO 6009 - LITIJA,21,"GD Zavrstnik, Zavrstnik 26",298,131,0.4396,131,131,0,1.0,47,0.358779,84,0.641221
2376,VE 6000 - NOVO MESTO,VO 6009 - LITIJA,22,"GD Štangarske Poljane, Štang. Poljane 1a",241,118,0.4896,118,117,1,1.0,40,0.34188,77,0.65812
2377,VE 6000 - NOVO MESTO,VO 6009 - LITIJA,23,"Dom Tisje, Črni potok 13",434,221,0.5092,221,221,0,1.0,48,0.217195,173,0.782805
2378,VE 6000 - NOVO MESTO,VO 6009 - LITIJA,24,"GD Javorje, Javorje 14a",151,61,0.404,61,61,0,1.0,8,0.131148,53,0.868852
2379,VE 6000 - NOVO MESTO,VO 6009 - LITIJA,25,"GD Velika Kostrevnica, Velika Kostrevnica 38",564,301,0.5337,301,300,1,1.0,78,0.26,222,0.74
2380,VE 6000 - NOVO MESTO,VO 6009 - LITIJA,26,"GD Liberga, Liberga 10",235,130,0.5532,130,130,0,1.0,20,0.153846,110,0.846154
2381,VE 6000 - NOVO MESTO,VO 6009 - LITIJA,27,"Dom KS Ribče, Ribče 14",195,105,0.5385,105,105,0,1.0,40,0.380952,65,0.619048
2382,VE 6000 - NOVO MESTO,VO 6009 - LITIJA,28,"OŠ Primskovo, Gradišče 28",431,188,0.4362,188,188,0,1.0,59,0.31383,129,0.68617
2383,VE 6000 - NOVO MESTO,VO 6009 - LITIJA,29,"TIC-bivša pošta, Dole pri Litiji 8a",475,210,0.4421,210,210,0,1.0,62,0.295238,148,0.704762
2384,VE 6000 - NOVO MESTO,VO 6009 - LITIJA,30,"DK Gradišče, Gradišče-K. o. Št. Lovrenc 10",94,57,0.6064,57,57,0,1.0,10,0.175439,47,0.824561
2385,VE 6000 - NOVO MESTO,VO 6009 - LITIJA,31,"OŠ Gabrovka, Gabrovka 30",512,240,0.4688,240,239,1,1.0,90,0.376569,149,0.623431
2386,VE 6000 - NOVO MESTO,VO 6009 - LITIJA,32,"GD Tihaboj, Tihaboj 32",144,74,0.5139,74,74,0,1.0,24,0.324324,50,0.675676
2387,VE 6000 - NOVO MESTO,VO 6009 - LITIJA,33,"Resnik D. - st. hiša, Moravče pri Gabrovki 16",530,188,0.3547,188,188,0,1.0,67,0.356383,121,0.643617
2388,VE 6000 - NOVO MESTO,VO 6009 - LITIJA,34,"DK Velika Štanga, Velika Štanga 9",186,101,0.543,101,101,0,1.0,33,0.326733,68,0.673267
2389,VE 6000 - NOVO MESTO,VO 6009 - LITIJA,35,"Černe Franc, Gozd Reka 1",121,73,0.6033,73,72,1,1.0,8,0.111111,64,0.888889
2390,VE 6000 - NOVO MESTO,VO 6009 - LITIJA,36,"Sp. Log-brunarica pri igrišču, Sp. Log 16",184,108,0.587,108,107,1,1.0,53,0.495327,54,0.504673
2391,VE 6000 - NOVO MESTO,VO 6009 - LITIJA,37,"OŠ Šmartno pri Litiji, Pungrt 9",626,319,0.5096,319,317,2,1.0,94,0.29653,223,0.70347
2392,VE 6000 - NOVO MESTO,VO 6009 - LITIJA,901,Predčasno glasovanje,0,480,0.0,480,480,0,1.0,290,0.604167,190,0.395833
2393,VE 6000 - NOVO MESTO,VO 6009 - LITIJA,970,OMNIA od: 6009,0,26,0.0,26,26,0,1.0,14,0.538462,12,0.461538
2394,VE 6000 - NOVO MESTO,VO 6009 - LITIJA,997,Po pošti v Sloveniji OVK,0,0,0.0,0,0,0,,0,0.0,0,0.0
2395,VE 6000 - NOVO MESTO,VO 6009 - LITIJA,998,Po pošti v tujini OVK,0,0,0.0,0,0,0,,0,0.0,0,0.0
2396,VE 6000 - NOVO MESTO,VO 6009 - LITIJA,999,Posebni volilni imenik,659,0,0.0,0,0,0,,0,0.0,0,0.0
2397,VE 6000 - NOVO MESTO,VO 6010 - HRASTNIK-TRBOVLJE,1,"KNJIŽNICA ANTONA SOVRETA , Trg Franca Kozarja 7",620,221,0.3565,221,220,1,1.0,153,0.695455,67,0.304545
2398,VE 6000 - NOVO MESTO,VO 6010 - HRASTNIK-TRBOVLJE,2,"DRUŠTVO UPOKOJENCEV HRASTNIK, N.A. Kaple 6a",401,119,0.2968,119,118,1,1.0,76,0.644068,42,0.355932
2399,VE 6000 - NOVO MESTO,VO 6010 - HRASTNIK-TRBOVLJE,3,GALERIJA DELAVSKEGA DOMA HRASTNIK,501,174,0.3473,174,174,0,1.0,114,0.655172,60,0.344828
2400,VE 6000 - NOVO MESTO,VO 6010 - HRASTNIK-TRBOVLJE,4,OSNOVNA ŠOLA NARODNEGA HEROJA RAJKA HRASTNIK,835,235,0.2814,235,235,0,1.0,164,0.697872,71,0.302128
2401,VE 6000 - NOVO MESTO,VO 6010 - HRASTNIK-TRBOVLJE,5,OSNOVNA ŠOLA NARODNEGA HEROJA RAJKA HRASTNIK,676,182,0.2692,182,182,0,1.0,114,0.626374,68,0.373626
2402,VE 6000 - NOVO MESTO,VO 6010 - HRASTNIK-TRBOVLJE,6,GLASBENA ŠOLA HRASTNIK,298,110,0.3691,110,110,0,1.0,83,0.754545,27,0.245455
2403,VE 6000 - NOVO MESTO,VO 6010 - HRASTNIK-TRBOVLJE,7,"ZB ZA VREDNOTE NOB HRASTNIK, Cesta 1. maja 52",203,44,0.2167,44,44,0,1.0,26,0.590909,18,0.409091
2404,VE 6000 - NOVO MESTO,VO 6010 - HRASTNIK-TRBOVLJE,8,VEČNAMENSKI OBJEKT PODKRAJ 91 A,365,117,0.3205,117,116,1,1.0,69,0.594828,47,0.405172
2405,VE 6000 - NOVO MESTO,VO 6010 - HRASTNIK-TRBOVLJE,9,"OŠ NH RAJKA HRASTNIK, PODRUŽNICA DOL PRI HRASTNIK",603,221,0.3665,221,221,0,1.0,147,0.665158,74,0.334842
2406,VE 6000 - NOVO MESTO,VO 6010 - HRASTNIK-TRBOVLJE,10,"OŠ NH RAJKA HRASTNIK, PODRUŽNICA DOL PRI HRASTNIKU",726,244,0.3361,244,243,1,1.0,153,0.62963,90,0.37037
2407,VE 6000 - NOVO MESTO,VO 6010 - HRASTNIK-TRBOVLJE,11,prostori PLANINSKEGA DOMA NA KALU,33,12,0.3636,12,12,0,1.0,7,0.583333,5,0.416667
2408,VE 6000 - NOVO MESTO,VO 6010 - HRASTNIK-TRBOVLJE,12,"prostori KRAJEVNE SKUPNOSTI MARNO, MARNO 44 A",448,181,0.404,181,181,0,1.0,95,0.524862,86,0.475138
2409,VE 6000 - NOVO MESTO,VO 6010 - HRASTNIK-TRBOVLJE,13,BIVŠA OSNOVNA ŠOLA TURJE,365,174,0.4767,174,173,1,1.0,91,0.526012,82,0.473988
2410,VE 6000 - NOVO MESTO,VO 6010 - HRASTNIK-TRBOVLJE,14,KRAJEVNA SKUPNOST KOVK,96,36,0.375,36,36,0,1.0,17,0.472222,19,0.527778
2411,VE 6000 - NOVO MESTO,VO 6010 - HRASTNIK-TRBOVLJE,15,"prostori DRUŽINE MEJAČ, ŠAVNA PEČ 5",74,31,0.4189,31,31,0,1.0,11,0.354839,20,0.645161
2412,VE 6000 - NOVO MESTO,VO 6010 - HRASTNIK-TRBOVLJE,16,"prostori STANOVANJSKE HIŠE KMETIČ, KRNICE 15b",113,26,0.2301,26,26,0,1.0,20,0.769231,6,0.230769
2413,VE 6000 - NOVO MESTO,VO 6010 - HRASTNIK-TRBOVLJE,17,BIVŠA OSNOVNA ŠOLA PODKRAJ,102,32,0.3137,32,32,0,1.0,8,0.25,24,0.75
2414,VE 6000 - NOVO MESTO,VO 6010 - HRASTNIK-TRBOVLJE,18,ZADRUŽNI DOM PRAPRETNO,193,88,0.456,88,88,0,1.0,47,0.534091,41,0.465909
2415,VE 6000 - NOVO MESTO,VO 6010 - HRASTNIK-TRBOVLJE,19,ZADRUŽNI DOM ČEČE,405,148,0.3654,148,148,0,1.0,94,0.635135,54,0.364865
2416,VE 6000 - NOVO MESTO,VO 6010 - HRASTNIK-TRBOVLJE,20,"Osnovna šola Alojza Hohkrauta, Trg  revolucije 19",1024,331,0.3232,331,331,0,1.0,217,0.655589,114,0.344411
2417,VE 6000 - NOVO MESTO,VO 6010 - HRASTNIK-TRBOVLJE,21,"OŠ ALOJZA HOHKRAUTA, TRG REVOLUCIJE 19, TRBOVLJE",891,219,0.2458,219,219,0,1.0,148,0.675799,71,0.324201
2418,VE 6000 - NOVO MESTO,VO 6010 - HRASTNIK-TRBOVLJE,22,"Delavski Dom Trbovlje, Trg svobode 11a, avla doma",911,311,0.3414,311,311,0,1.0,216,0.694534,95,0.305466
2419,VE 6000 - NOVO MESTO,VO 6010 - HRASTNIK-TRBOVLJE,23,"DKD Svoboda Dobrna, Ribnik 17",249,65,0.261,65,65,0,1.0,31,0.476923,34,0.523077
2420,VE 6000 - NOVO MESTO,VO 6010 - HRASTNIK-TRBOVLJE,24,"Srednja tehniška in poklicna šola, Šuštarjeva 7a",617,224,0.363,224,224,0,1.0,147,0.65625,77,0.34375
2421,VE 6000 - NOVO MESTO,VO 6010 - HRASTNIK-TRBOVLJE,25,"Dom upokojencev Franc Salamon, Kol.1.maja 21",1054,281,0.2666,281,279,2,1.0,183,0.655914,96,0.344086
2422,VE 6000 - NOVO MESTO,VO 6010 - HRASTNIK-TRBOVLJE,26,"Osnovna šola Tončke Čeč, Keršičeva cesta 50",314,95,0.3025,95,95,0,1.0,64,0.673684,31,0.326316
2423,VE 6000 - NOVO MESTO,VO 6010 - HRASTNIK-TRBOVLJE,27,"Srednja tehniška in poklicna šola, Novi dom 60",787,285,0.3621,285,284,1,1.0,190,0.669014,94,0.330986
2424,VE 6000 - NOVO MESTO,VO 6010 - HRASTNIK-TRBOVLJE,28,"Sejna dvorana Občine Trbovlje, Mestni trg 4",950,301,0.3168,301,300,1,1.0,184,0.613333,116,0.386667
2425,VE 6000 - NOVO MESTO,VO 6010 - HRASTNIK-TRBOVLJE,29,"KD Svoboda Trbovlje, Trg Franca Fakina 4",668,243,0.3638,243,243,0,1.0,160,0.658436,83,0.341564
2426,VE 6000 - NOVO MESTO,VO 6010 - HRASTNIK-TRBOVLJE,30,"JP Komunala Trbovlje, Savinjska cesta 11a",617,254,0.4117,254,254,0,1.0,169,0.665354,85,0.334646
2427,VE 6000 - NOVO MESTO,VO 6010 - HRASTNIK-TRBOVLJE,31,"Gasilsko društvoTrbovlje, Savinjska cesta 35",535,163,0.3047,163,162,1,1.0,115,0.709877,47,0.290123
2428,VE 6000 - NOVO MESTO,VO 6010 - HRASTNIK-TRBOVLJE,32,"ŠD Rudar, Rudarska cesta 6, vhod spodaj",502,134,0.2669,134,134,0,1.0,101,0.753731,33,0.246269
2429,VE 6000 - NOVO MESTO,VO 6010 - HRASTNIK-TRBOVLJE,33,"Sejna dvorana Občine Trbovlje, Mestni trg 4",682,242,0.3548,242,242,0,1.0,166,0.68595,76,0.31405
2430,VE 6000 - NOVO MESTO,VO 6010 - HRASTNIK-TRBOVLJE,34,"Osnovna šola Trbovlje, Mestni trg 6, telovadnica",529,152,0.2873,152,152,0,1.0,103,0.677632,49,0.322368
2431,VE 6000 - NOVO MESTO,VO 6010 - HRASTNIK-TRBOVLJE,35,"Sejna soba KS Franc Salamon, Gabrsko 40/a",469,201,0.4286,201,201,0,1.0,109,0.542289,92,0.457711
2432,VE 6000 - NOVO MESTO,VO 6010 - HRASTNIK-TRBOVLJE,36,"CEMENTARNA HOLCIM d.o.o., KOLODVORSKA C. 5",316,72,0.2278,72,72,0,1.0,49,0.680556,23,0.319444
2433,VE 6000 - NOVO MESTO,VO 6010 - HRASTNIK-TRBOVLJE,37,"Gasilski dom Čeče, Čeče 4/a",437,192,0.4394,192,192,0,1.0,102,0.53125,90,0.46875
2434,VE 6000 - NOVO MESTO,VO 6010 - HRASTNIK-TRBOVLJE,38,"Prostovoljno gasilsko društvo Dobovec, Dobovec 24",387,143,0.3695,143,143,0,1.0,50,0.34965,93,0.65035
2435,VE 6000 - NOVO MESTO,VO 6010 - HRASTNIK-TRBOVLJE,39,"Dom Tončke Čeč, Klek 32",395,164,0.4152,164,164,0,1.0,91,0.554878,73,0.445122
2436,VE 6000 - NOVO MESTO,VO 6010 - HRASTNIK-TRBOVLJE,40,"Šola na Sveti Planini, Sveta Planina 28",105,48,0.4571,48,48,0,1.0,29,0.604167,19,0.395833
2437,VE 6000 - NOVO MESTO,VO 6010 - HRASTNIK-TRBOVLJE,901,Predčasno glasovanje,0,615,0.0,615,612,3,1.0,450,0.735294,162,0.264706
2438,VE 6000 - NOVO MESTO,VO 6010 - HRASTNIK-TRBOVLJE,902,Predčasno glasovanje,0,198,0.0,198,196,2,1.0,134,0.683673,62,0.316327
2439,VE 6000 - NOVO MESTO,VO 6010 - HRASTNIK-TRBOVLJE,970,OMNIA od: 6010,0,10,0.0,10,10,0,1.0,5,0.5,5,0.5
2440,VE 6000 - NOVO MESTO,VO 6010 - HRASTNIK-TRBOVLJE,997,Po pošti v Sloveniji OVK,0,30,0.0,30,29,1,1.0,15,0.517241,14,0.482759
2441,VE 6000 - NOVO MESTO,VO 6010 - HRASTNIK-TRBOVLJE,998,Po pošti v tujini OVK,0,0,0.0,0,0,0,,0,0.0,0,0.0
2442,VE 6000 - NOVO MESTO,VO 6010 - HRASTNIK-TRBOVLJE,999,Posebni volilni imenik,1228,0,0.0,0,0,0,,0,0.0,0,0.0
2443,VE 6000 - NOVO MESTO,VO 6011 - ZAGORJE,1,"Delavski dom I, Cesta 9. avgusta 1, Zagorje      ",848,283,0.3337,283,283,0,1.0,161,0.568905,122,0.431095
2444,VE 6000 - NOVO MESTO,VO 6011 - ZAGORJE,2,"Delavski dom II, Cesta 9. avgusta 1, Zagorje",1011,316,0.3126,316,314,2,1.0,188,0.598726,126,0.401274
2445,VE 6000 - NOVO MESTO,VO 6011 - ZAGORJE,3,"Glasbena šola Zagorje ob Savi I, Kolodvorska c. 2",764,268,0.3508,268,267,1,1.0,166,0.621723,101,0.378277
2446,VE 6000 - NOVO MESTO,VO 6011 - ZAGORJE,4,"Glasbena šola Zagorje ob Savi II,Kolodvorska c.2 ",1056,423,0.4006,423,422,1,1.0,245,0.580569,177,0.419431
2447,VE 6000 - NOVO MESTO,VO 6011 - ZAGORJE,6,"OŠ Toneta Okrogarja, Šolska ulica 1, Zagorje",810,214,0.2642,214,213,1,1.0,107,0.502347,106,0.497653
2448,VE 6000 - NOVO MESTO,VO 6011 - ZAGORJE,7,"PGD Ravenska vas, Ravenska vas 3, Zagorje ob Savi",212,81,0.3821,81,81,0,1.0,49,0.604938,32,0.395062
2449,VE 6000 - NOVO MESTO,VO 6011 - ZAGORJE,8,"PGD Kotredež, Kotredež 12, Zagorje ob Savi",522,198,0.3793,198,196,2,1.0,82,0.418367,114,0.581633
2450,VE 6000 - NOVO MESTO,VO 6011 - ZAGORJE,9,"VDC, Cesta 9.avgusta 59c, Zagorje ob Savi",872,353,0.4048,353,352,1,1.0,193,0.548295,159,0.451705
2451,VE 6000 - NOVO MESTO,VO 6011 - ZAGORJE,11,"PGD Loke, Loke pri Zagorju 37,Kisovec",310,150,0.4839,150,148,2,1.0,61,0.412162,87,0.587838
2452,VE 6000 - NOVO MESTO,VO 6011 - ZAGORJE,12,"Dom Kulture Kisovec,Trg Pohorskega bataljona 24",930,384,0.4129,384,384,0,1.0,273,0.710938,111,0.289062
2453,VE 6000 - NOVO MESTO,VO 6011 - ZAGORJE,13,"NK Svoboda Kisovec, Naselje na Šahtu 37, Kisovec",363,110,0.303,110,110,0,1.0,55,0.5,55,0.5
2454,VE 6000 - NOVO MESTO,VO 6011 - ZAGORJE,14,"PGD Čolnišče, Čolnišče 12, Zagorje ob Savi",251,89,0.3546,89,88,1,1.0,39,0.443182,49,0.556818
2455,VE 6000 - NOVO MESTO,VO 6011 - ZAGORJE,15,"OŠ Ivana Kavčiča I, Izlake 4, Izlake",828,368,0.4444,368,363,5,1.0,189,0.520661,174,0.479339
2456,VE 6000 - NOVO MESTO,VO 6011 - ZAGORJE,16,"Hiša Zorec Dejana, Smučidol 4, Izlake",177,87,0.4915,87,87,0,1.0,24,0.275862,63,0.724138
2457,VE 6000 - NOVO MESTO,VO 6011 - ZAGORJE,17,"OŠ Ivana Kavčiča II, Izlake 4, Izlake",592,267,0.451,267,266,1,1.0,142,0.533835,124,0.466165
2458,VE 6000 - NOVO MESTO,VO 6011 - ZAGORJE,19,"TD Šentgotard, Šentgotard 12, Trojane",232,119,0.5129,119,119,0,1.0,38,0.319328,81,0.680672
2459,VE 6000 - NOVO MESTO,VO 6011 - ZAGORJE,20,"PGD Čemšenik, Čemšenik 16, Čemšenik",476,221,0.4643,221,220,1,1.0,61,0.277273,159,0.722727
2460,VE 6000 - NOVO MESTO,VO 6011 - ZAGORJE,21,"hiša Sotenšek Doroteje, Jesenovo 31, Čemšenik",193,106,0.5492,106,106,0,1.0,18,0.169811,88,0.830189
2461,VE 6000 - NOVO MESTO,VO 6011 - ZAGORJE,22,"Hiša Rozina Leonide, Jesenovo 38c, Čemšenik",152,71,0.4671,71,70,1,1.0,17,0.242857,53,0.757143
2462,VE 6000 - NOVO MESTO,VO 6011 - ZAGORJE,23,"OŠ Mlinše, Mlinše 14, Izlake",338,171,0.5059,171,171,0,1.0,89,0.520468,82,0.479532
2463,VE 6000 - NOVO MESTO,VO 6011 - ZAGORJE,25,"hiša Hribar Zorana, Breznik 1, Izlake",139,57,0.4101,57,55,2,1.0,19,0.345455,36,0.654545
2464,VE 6000 - NOVO MESTO,VO 6011 - ZAGORJE,26,"PGD Kandrše, Kandrše - del 6, Vače",317,157,0.4953,157,156,1,1.0,56,0.358974,100,0.641026
2465,VE 6000 - NOVO MESTO,VO 6011 - ZAGORJE,27,"PGD Kolovrat, Kolovrat 19, Izlake",228,128,0.5614,128,128,0,1.0,41,0.320312,87,0.679688
2466,VE 6000 - NOVO MESTO,VO 6011 - ZAGORJE,28,"hiša Rome Janeza, Briše 17, Izlake",86,39,0.4535,39,39,0,1.0,12,0.307692,27,0.692308
2467,VE 6000 - NOVO MESTO,VO 6011 - ZAGORJE,29,"PGD Šentlambert, Šentlambert 9, Zagorje ob Savi",288,104,0.3611,104,104,0,1.0,56,0.538462,48,0.461538
2468,VE 6000 - NOVO MESTO,VO 6011 - ZAGORJE,30,"Hiša Vozelj Rada, Kal 3, Zagorje ob Savi",173,70,0.4046,70,70,0,1.0,49,0.7,21,0.3
2469,VE 6000 - NOVO MESTO,VO 6011 - ZAGORJE,31,"PGD Tirna, Tirna 16, Zagorje ob Savi",205,98,0.478,98,98,0,1.0,45,0.459184,53,0.540816
2470,VE 6000 - NOVO MESTO,VO 6011 - ZAGORJE,33,"PGD Podkum, Podkum 16, Podkum",370,160,0.4324,160,160,0,1.0,72,0.45,88,0.55
2471,VE 6000 - NOVO MESTO,VO 6011 - ZAGORJE,35,"PGD Padež, Padež 1, Podkum",76,30,0.3947,30,30,0,1.0,12,0.4,18,0.6
2472,VE 6000 - NOVO MESTO,VO 6011 - ZAGORJE,36,"Športno društvo Šklendrovec, ID 1889-1019, Podkum",217,91,0.4194,91,90,1,1.0,38,0.422222,52,0.577778
2473,VE 6000 - NOVO MESTO,VO 6011 - ZAGORJE,901,Predčasno glasovanje,0,502,0.0,502,500,2,1.0,351,0.702,149,0.298
2474,VE 6000 - NOVO MESTO,VO 6011 - ZAGORJE,970,OMNIA od: 6011,0,14,0.0,14,14,0,1.0,7,0.5,7,0.5
2475,VE 6000 - NOVO MESTO,VO 6011 - ZAGORJE,997,Po pošti v Sloveniji OVK,0,0,0.0,0,0,0,,0,0.0,0,0.0
2476,VE 6000 - NOVO MESTO,VO 6011 - ZAGORJE,998,Po pošti v tujini OVK,0,0,0.0,0,0,0,,0,0.0,0,0.0
2477,VE 6000 - NOVO MESTO,VO 6011 - ZAGORJE,999,Posebni volilni imenik,568,0,0.0,0,0,0,,0,0.0,0,0.0
2478,VE 7000 - MARIBOR,VO 7000 - MARIBOR,9707000,OMNIA od: 7000,0,0,0.0,0,0,0,,0,0.0,0,0.0
2479,VE 7000 - MARIBOR,VO 7000 - MARIBOR,9977000,Po pošti v Sloveniji VKVE,0,27,0.0,27,27,0,1.0,19,0.703704,8,0.296296
2480,VE 7000 - MARIBOR,VO 7000 - MARIBOR,9987000,Po pošti v tujini VKVE,0,16,0.0,16,16,0,1.0,9,0.5625,7,0.4375
2481,VE 7000 - MARIBOR,VO 7001 - ŠMARJE PRI JELŠAH,1,"KD B.ob Sotli, B. ob Sotli 9, 3256 B. ob Sotli",1159,393,0.3391,393,393,0,1.0,127,0.323155,266,0.676845
2482,VE 7000 - MARIBOR,VO 7001 - ŠMARJE PRI JELŠAH,2,"GD Buče, Vr. Gorca 4a, 3255 Buče",339,124,0.3658,124,124,0,1.0,30,0.241935,94,0.758065
2483,VE 7000 - MARIBOR,VO 7001 - ŠMARJE PRI JELŠAH,3,"Sejna soba Občine Kozje, Kozje 37, 3260 Kozje",835,302,0.3617,302,300,2,1.0,99,0.33,201,0.67
2484,VE 7000 - MARIBOR,VO 7001 - ŠMARJE PRI JELŠAH,4,"KD Lesično, Lesično 5c, 3261 Lesično",624,242,0.3878,242,241,1,1.0,82,0.340249,159,0.659751
2485,VE 7000 - MARIBOR,VO 7001 - ŠMARJE PRI JELŠAH,5,"DK Osredek, Osr./Podsredi 19a, 3257 Podsreda",53,28,0.5283,28,28,0,1.0,4,0.142857,24,0.857143
2486,VE 7000 - MARIBOR,VO 7001 - ŠMARJE PRI JELŠAH,6,"DK Podsreda, Podsreda 31, 3257 Podsreda",449,146,0.3252,146,146,0,1.0,43,0.294521,103,0.705479
2487,VE 7000 - MARIBOR,VO 7001 - ŠMARJE PRI JELŠAH,7,"DK Zagorje, Zagorje 47, 3261 Lesično ",225,89,0.3956,89,89,0,1.0,17,0.191011,72,0.808989
2488,VE 7000 - MARIBOR,VO 7001 - ŠMARJE PRI JELŠAH,8,"GD Podčetrtek, Slake 3, 3254 Podčetrtek",703,288,0.4097,288,288,0,1.0,99,0.34375,189,0.65625
2489,VE 7000 - MARIBOR,VO 7001 - ŠMARJE PRI JELŠAH,9,"GD Imeno, Imeno 38a, 3254 Podčetrtek",413,185,0.4479,185,185,0,1.0,61,0.32973,124,0.67027
2490,VE 7000 - MARIBOR,VO 7001 - ŠMARJE PRI JELŠAH,10,"DKG Polje ob Sotli,  Polje ob Sotli 4, 3255 Buče",376,143,0.3803,143,142,1,1.0,35,0.246479,107,0.753521
2491,VE 7000 - MARIBOR,VO 7001 - ŠMARJE PRI JELŠAH,11,"TPOŠ Pristava, Pr./Mestinju 27, 3253 Pr./Mestinju",888,304,0.3423,304,302,2,1.0,112,0.370861,190,0.629139
2492,VE 7000 - MARIBOR,VO 7001 - ŠMARJE PRI JELŠAH,12,"KD Virštanj, Virštanj 11, 3254 Podčetrtek",496,180,0.3629,180,180,0,1.0,46,0.255556,134,0.744444
2493,VE 7000 - MARIBOR,VO 7001 - ŠMARJE PRI JELŠAH,13,"GD Kostrivnica, Zg. Kostrivnica 10a, 3241 Podplat",818,278,0.3399,278,278,0,1.0,78,0.280576,200,0.719424
2494,VE 7000 - MARIBOR,VO 7001 - ŠMARJE PRI JELŠAH,14,"Aleš Tadina PP, Sp. Gabernik 35, 3241 Podplat",361,152,0.4211,152,152,0,1.0,62,0.407895,90,0.592105
2495,VE 7000 - MARIBOR,VO 7001 - ŠMARJE PRI JELŠAH,15,"Rusl Jožef, Brestovec 1, 3250 Rog. Slatina",1111,383,0.3447,383,382,1,1.0,106,0.277487,276,0.722513
2496,VE 7000 - MARIBOR,VO 7001 - ŠMARJE PRI JELŠAH,17,"Kovačič Marija, Kamence 24, 3250 Rog. Slatina",264,72,0.2727,72,72,0,1.0,23,0.319444,49,0.680556
2497,VE 7000 - MARIBOR,VO 7001 - ŠMARJE PRI JELŠAH,18,"GD, Prvomajska ul.15a, 3250 Rog. Slatina ",770,270,0.3506,270,270,0,1.0,129,0.477778,141,0.522222
2498,VE 7000 - MARIBOR,VO 7001 - ŠMARJE PRI JELŠAH,19,"II.OŠ Rog. Sl., Ul. Kozj. odr. 4,3250 Rog.Slatina",1122,380,0.3387,380,380,0,1.0,183,0.481579,197,0.518421
2499,VE 7000 - MARIBOR,VO 7001 - ŠMARJE PRI JELŠAH,20,"Golub Zvonimir, Sp. Negonje 18, 3250 Rog. Slatina",613,191,0.3116,191,191,0,1.0,61,0.319372,130,0.680628
2500,VE 7000 - MARIBOR,VO 7001 - ŠMARJE PRI JELŠAH,21,"I.OŠ Rog. Sl., Kidričeva ul. 24,3250 Rog. Slatina",582,229,0.3935,229,229,0,1.0,108,0.471616,121,0.528384
2501,VE 7000 - MARIBOR,VO 7001 - ŠMARJE PRI JELŠAH,22,"Servis Žgajner, Sp. Sečovo 14, 3250 Rog. Slatina",508,168,0.3307,168,168,0,1.0,41,0.244048,127,0.755952
2502,VE 7000 - MARIBOR,VO 7001 - ŠMARJE PRI JELŠAH,23,"Vrtni center, Cer. p. Bočem 22a,3250 Rog. Slatina",517,202,0.3907,202,202,0,1.0,62,0.306931,140,0.693069
2503,VE 7000 - MARIBOR,VO 7001 - ŠMARJE PRI JELŠAH,24,"GD PGD Steklarna, Ul. talcev 1, 3250 Rog. Slatina",1142,344,0.3012,344,342,2,1.0,127,0.371345,215,0.628655
2504,VE 7000 - MARIBOR,VO 7001 - ŠMARJE PRI JELŠAH,25,"KC Rog. Slatina, Celjska c. 3a, 3250 Rog. Slatina",455,170,0.3736,170,170,0,1.0,75,0.441176,95,0.558824
2505,VE 7000 - MARIBOR,VO 7001 - ŠMARJE PRI JELŠAH,26,"OŠ Sv. Florijan, Sv Florijan 60,3250 Rog. Slatina",435,146,0.3356,146,146,0,1.0,20,0.136986,126,0.863014
2506,VE 7000 - MARIBOR,VO 7001 - ŠMARJE PRI JELŠAH,27,"VGD Dobovec, Dob./Rogatcu 35d, 3252 Rogatec",451,128,0.2838,128,128,0,1.0,36,0.28125,92,0.71875
2507,VE 7000 - MARIBOR,VO 7001 - ŠMARJE PRI JELŠAH,28,"VGD Donačka Gora, Donačka Gora 4c, 3252 Rogatec",745,246,0.3302,246,246,0,1.0,45,0.182927,201,0.817073
2508,VE 7000 - MARIBOR,VO 7001 - ŠMARJE PRI JELŠAH,29,"Dvorana KD Rogatec,Strmolska ul. 6, 3252 Rogatec",1169,374,0.3199,374,374,0,1.0,162,0.433155,212,0.566845
2509,VE 7000 - MARIBOR,VO 7001 - ŠMARJE PRI JELŠAH,30,"Marjan Petauer, Dol/Pristavi 2b,3253 Pr./Mestinju",80,47,0.5875,47,47,0,1.0,7,0.148936,40,0.851064
2510,VE 7000 - MARIBOR,VO 7001 - ŠMARJE PRI JELŠAH,31,"GKD Kristan vrh, Kristan Vrh 53a, 3241 Podplat",760,281,0.3697,281,281,0,1.0,90,0.320285,191,0.679715
2511,VE 7000 - MARIBOR,VO 7001 - ŠMARJE PRI JELŠAH,32,"OŠ Lemberg, Lemberg/Šmarju 13, 3241 Podplat",113,36,0.3186,36,36,0,1.0,13,0.361111,23,0.638889
2512,VE 7000 - MARIBOR,VO 7001 - ŠMARJE PRI JELŠAH,33,"GD Mestinje, Mestinje 19, 3241 Podplat",575,197,0.3426,197,197,0,1.0,68,0.345178,129,0.654822
2513,VE 7000 - MARIBOR,VO 7001 - ŠMARJE PRI JELŠAH,34,"DKG Sl. Gora, Sl. Gora 3c, 3240 Šm./Jelšah",478,193,0.4038,193,192,1,1.0,55,0.286458,137,0.713542
2514,VE 7000 - MARIBOR,VO 7001 - ŠMARJE PRI JELŠAH,35,"GD Sv. Štefan, Sv. Štefan 51, 3264 Sv. Štefan",731,271,0.3707,271,269,2,1.0,88,0.327138,181,0.672862
2515,VE 7000 - MARIBOR,VO 7001 - ŠMARJE PRI JELŠAH,36,"Golež Stanislav, Rakovec 8, 3231 Grobelno",86,43,0.5,43,42,1,1.0,5,0.119048,37,0.880952
2516,VE 7000 - MARIBOR,VO 7001 - ŠMARJE PRI JELŠAH,37,"GKD Šentvid, Šentvid 30, 3231 Grobelno",699,281,0.402,281,281,0,1.0,96,0.341637,185,0.658363
2517,VE 7000 - MARIBOR,VO 7001 - ŠMARJE PRI JELŠAH,38,"Bar Kincel, Grobelno-del 21,3231 Grobelno",470,219,0.466,219,219,0,1.0,88,0.401826,131,0.598174
2518,VE 7000 - MARIBOR,VO 7001 - ŠMARJE PRI JELŠAH,39,"KD Šm./Jelšah, Aškerčev trg 20, 3240 Šm./Jelšah",1858,620,0.3337,620,619,1,1.0,277,0.447496,342,0.552504
2519,VE 7000 - MARIBOR,VO 7001 - ŠMARJE PRI JELŠAH,40,"VD na Tinskem pri igrišču, bš, 3223 Loka/Žusmu",182,82,0.4505,82,82,0,1.0,21,0.256098,61,0.743902
2520,VE 7000 - MARIBOR,VO 7001 - ŠMARJE PRI JELŠAH,41,"GD Zibika, Zibika 4a, 3253 Prist/Mestinju",634,261,0.4117,261,260,1,1.0,70,0.269231,190,0.730769
2521,VE 7000 - MARIBOR,VO 7001 - ŠMARJE PRI JELŠAH,42,"GD Šm./Jelšah, Obrtniška ul. 4, 3240 Šm./Jelšah",1766,634,0.359,634,632,2,1.0,132,0.208861,500,0.791139
2522,VE 7000 - MARIBOR,VO 7001 - ŠMARJE PRI JELŠAH,901,Predčasno glasovanje,0,407,0.0,407,406,1,1.0,195,0.480296,211,0.519704
2523,VE 7000 - MARIBOR,VO 7001 - ŠMARJE PRI JELŠAH,970,OMNIA od: 7001,0,26,0.0,26,26,0,1.0,8,0.307692,18,0.692308
2524,VE 7000 - MARIBOR,VO 7001 - ŠMARJE PRI JELŠAH,997,Po pošti v Sloveniji OVK,0,57,0.0,57,56,1,1.0,20,0.357143,36,0.642857
2525,VE 7000 - MARIBOR,VO 7001 - ŠMARJE PRI JELŠAH,998,Po pošti v tujini OVK,0,0,0.0,0,0,0,,0,0.0,0,0.0
2526,VE 7000 - MARIBOR,VO 7001 - ŠMARJE PRI JELŠAH,999,Posebni volilni imenik,1833,0,0.0,0,0,0,,0,0.0,0,0.0
2527,VE 7000 - MARIBOR,VO 7002 - SLOVENSKA BISTRICA,1,"Slomškov dom Slov. Bistrica, Trg Alfonza Šarha 2",692,297,0.4292,297,297,0,1.0,171,0.575758,126,0.424242
2528,VE 7000 - MARIBOR,VO 7002 - SLOVENSKA BISTRICA,2,"Dom vaščanov Devina, Devina 36a",457,196,0.4289,196,196,0,1.0,63,0.321429,133,0.678571
2529,VE 7000 - MARIBOR,VO 7002 - SLOVENSKA BISTRICA,3,"Klopce - Bar ""Grega"", Klopce 19",138,72,0.5217,72,72,0,1.0,42,0.583333,30,0.416667
2530,VE 7000 - MARIBOR,VO 7002 - SLOVENSKA BISTRICA,4,"Tirgot, KS Impol, Levstikova ul. 2",620,297,0.479,297,297,0,1.0,198,0.666667,99,0.333333
2531,VE 7000 - MARIBOR,VO 7002 - SLOVENSKA BISTRICA,5,"Jelen Franc, Visole 116",479,153,0.3194,153,152,1,1.0,74,0.486842,78,0.513158
2532,VE 7000 - MARIBOR,VO 7002 - SLOVENSKA BISTRICA,6,"Repnik Franc, Nova Gora nad Slovensko Bistrico 75",121,51,0.4215,51,51,0,1.0,23,0.45098,28,0.54902
2533,VE 7000 - MARIBOR,VO 7002 - SLOVENSKA BISTRICA,7,"Stopar Janez, Kovača vas 135",422,171,0.4052,171,171,0,1.0,88,0.51462,83,0.48538
2534,VE 7000 - MARIBOR,VO 7002 - SLOVENSKA BISTRICA,8,"GD Zgornja Bistrica, Kajuhova ul. 87",544,225,0.4136,225,224,1,1.0,128,0.571429,96,0.428571
2535,VE 7000 - MARIBOR,VO 7002 - SLOVENSKA BISTRICA,9,"Srednja šola, Ul. Dr. Jožeta Pučnika 21",1357,582,0.4289,582,578,4,1.0,279,0.482699,299,0.517301
2536,VE 7000 - MARIBOR,VO 7002 - SLOVENSKA BISTRICA,11,"OŠ Pohorski odred Slovenska Bistrica, Kopališka 1",846,295,0.3487,295,294,1,1.0,190,0.646259,104,0.353741
2537,VE 7000 - MARIBOR,VO 7002 - SLOVENSKA BISTRICA,12,"OŠ Pohorski odred Slovenska Bistrica, Kopališka 1",810,244,0.3012,244,243,1,1.0,142,0.584362,101,0.415638
2538,VE 7000 - MARIBOR,VO 7002 - SLOVENSKA BISTRICA,13,"Pušnik Olga, Spodnja Ložnica 35",127,43,0.3386,43,43,0,1.0,15,0.348837,28,0.651163
2539,VE 7000 - MARIBOR,VO 7002 - SLOVENSKA BISTRICA,14,"Avtohiša Jurič Slovenska Bistrica,  Lackova ul. 3",376,158,0.4202,158,158,0,1.0,88,0.556962,70,0.443038
2540,VE 7000 - MARIBOR,VO 7002 - SLOVENSKA BISTRICA,15,"Center za starejše, Leskovarjeva ul. 16",964,337,0.3496,337,337,0,1.0,181,0.537092,156,0.462908
2541,VE 7000 - MARIBOR,VO 7002 - SLOVENSKA BISTRICA,16,"Vaški dom Sp. Nova vas, Spodnja Nova vas 35a",220,96,0.4364,96,96,0,1.0,36,0.375,60,0.625
2542,VE 7000 - MARIBOR,VO 7002 - SLOVENSKA BISTRICA,17,"DK Cigonca, Cigonca 12a",309,135,0.4369,135,135,0,1.0,59,0.437037,76,0.562963
2543,VE 7000 - MARIBOR,VO 7002 - SLOVENSKA BISTRICA,19,"Furman Vida, Preloge 10a",278,119,0.4281,119,119,0,1.0,34,0.285714,85,0.714286
2544,VE 7000 - MARIBOR,VO 7002 - SLOVENSKA BISTRICA,20,"KS Vrhole-Preloge, Vrhole pri Slov. Konjicah 29",376,184,0.4894,184,184,0,1.0,47,0.255435,137,0.744565
2545,VE 7000 - MARIBOR,VO 7002 - SLOVENSKA BISTRICA,21,"OŠ Zgornja Ložnica, Zgornja Ložnica 43",698,269,0.3854,269,268,1,1.0,86,0.320896,182,0.679104
2546,VE 7000 - MARIBOR,VO 7002 - SLOVENSKA BISTRICA,22,"Košir Janez, Gladomes 77",344,166,0.4826,166,165,1,1.0,53,0.321212,112,0.678788
2547,VE 7000 - MARIBOR,VO 7002 - SLOVENSKA BISTRICA,23,"DK in GD, Veliko Tinje 33",560,215,0.3839,215,215,0,1.0,65,0.302326,150,0.697674
2548,VE 7000 - MARIBOR,VO 7002 - SLOVENSKA BISTRICA,24,"Avguštin Zdenka, Tinjska Gora 10",171,70,0.4094,70,70,0,1.0,22,0.314286,48,0.685714
2549,VE 7000 - MARIBOR,VO 7002 - SLOVENSKA BISTRICA,25,"Tič Peter, Planina pod Šumikom 19",67,31,0.4627,31,31,0,1.0,6,0.193548,25,0.806452
2550,VE 7000 - MARIBOR,VO 7002 - SLOVENSKA BISTRICA,26,"KS Šmartno na Pohorju, Šmartno na Pohorju 19",415,157,0.3783,157,156,1,1.0,41,0.262821,115,0.737179
2551,VE 7000 - MARIBOR,VO 7002 - SLOVENSKA BISTRICA,27,"Pečovnik Janko, Spodnje Prebukovje 11",187,82,0.4385,82,82,0,1.0,22,0.268293,60,0.731707
2552,VE 7000 - MARIBOR,VO 7002 - SLOVENSKA BISTRICA,28,"Furman Vilibald, Ošelj 1",223,89,0.3991,89,89,0,1.0,26,0.292135,63,0.707865
2553,VE 7000 - MARIBOR,VO 7002 - SLOVENSKA BISTRICA,38,"Večnamenska dvorana KS, Leskovec 65",739,279,0.3775,279,279,0,1.0,142,0.508961,137,0.491039
2554,VE 7000 - MARIBOR,VO 7002 - SLOVENSKA BISTRICA,39,"Društvo delovnih invalidov, Črešnjevec 94",533,227,0.4259,227,227,0,1.0,98,0.431718,129,0.568282
2555,VE 7000 - MARIBOR,VO 7002 - SLOVENSKA BISTRICA,40,"Ilić Marko, Vrhloga 29",278,90,0.3237,90,90,0,1.0,46,0.511111,44,0.488889
2556,VE 7000 - MARIBOR,VO 7002 - SLOVENSKA BISTRICA,41,"Polajžer Matej, Pretrež 15b",188,82,0.4362,82,82,0,1.0,34,0.414634,48,0.585366
2557,VE 7000 - MARIBOR,VO 7002 - SLOVENSKA BISTRICA,42,"GD Laporje, Laporje 30",362,161,0.4448,161,161,0,1.0,58,0.360248,103,0.639752
2558,VE 7000 - MARIBOR,VO 7002 - SLOVENSKA BISTRICA,43,"Potisk Ivan, Kočno ob Ložnici 17",309,138,0.4466,138,138,0,1.0,38,0.275362,100,0.724638
2559,VE 7000 - MARIBOR,VO 7002 - SLOVENSKA BISTRICA,44,"Čebular Branko, Hošnica 52",167,68,0.4072,68,68,0,1.0,17,0.25,51,0.75
2560,VE 7000 - MARIBOR,VO 7002 - SLOVENSKA BISTRICA,45,"Prostori društva za šport Žabljek, Žabljek b.š.",309,132,0.4272,132,131,1,1.0,57,0.435115,74,0.564885
2561,VE 7000 - MARIBOR,VO 7002 - SLOVENSKA BISTRICA,46,"Košič Anton, Križni Vrh 96",354,133,0.3757,133,133,0,1.0,48,0.360902,85,0.639098
2562,VE 7000 - MARIBOR,VO 7002 - SLOVENSKA BISTRICA,47,"Občina Poljčane, Bistriška c. 65",1090,465,0.4266,465,463,2,1.0,208,0.449244,255,0.550756
2563,VE 7000 - MARIBOR,VO 7002 - SLOVENSKA BISTRICA,48,"Dom Dr. Jožeta Potrča Poljčane, Potrčeva ul. 1",552,212,0.3841,212,212,0,1.0,100,0.471698,112,0.528302
2564,VE 7000 - MARIBOR,VO 7002 - SLOVENSKA BISTRICA,49,"DK Poljčane, Bistriška c. 91",545,208,0.3817,208,207,1,1.0,85,0.410628,122,0.589372
2565,VE 7000 - MARIBOR,VO 7002 - SLOVENSKA BISTRICA,50,"OŠ Sp. Poljčane, Dravinjska c. 26",492,236,0.4797,236,236,0,1.0,117,0.495763,119,0.504237
2566,VE 7000 - MARIBOR,VO 7002 - SLOVENSKA BISTRICA,51,"KUD Andreja Stefancioza, Studenice 52",732,242,0.3306,242,242,0,1.0,104,0.429752,138,0.570248
2567,VE 7000 - MARIBOR,VO 7002 - SLOVENSKA BISTRICA,52,"OŠ Anice Černejeve Makole, Makole 24",642,236,0.3676,236,235,1,1.0,58,0.246809,177,0.753191
2568,VE 7000 - MARIBOR,VO 7002 - SLOVENSKA BISTRICA,54,"Koren Branko, Ložnica 28",110,56,0.5091,56,56,0,1.0,21,0.375,35,0.625
2569,VE 7000 - MARIBOR,VO 7002 - SLOVENSKA BISTRICA,57,"Vrabič Gabrijel, Varoš 34",169,41,0.2426,41,41,0,1.0,5,0.121951,36,0.878049
2570,VE 7000 - MARIBOR,VO 7002 - SLOVENSKA BISTRICA,58,"Jančič Robert, Pečke 22B",224,97,0.433,97,96,1,1.0,36,0.375,60,0.625
2571,VE 7000 - MARIBOR,VO 7002 - SLOVENSKA BISTRICA,59,"Berglez Jožef, Mostečno 4",164,77,0.4695,77,77,0,1.0,16,0.207792,61,0.792208
2572,VE 7000 - MARIBOR,VO 7002 - SLOVENSKA BISTRICA,60,"ŠD Stopno, Stopno b.š.",211,98,0.4645,98,98,0,1.0,35,0.357143,63,0.642857
2573,VE 7000 - MARIBOR,VO 7002 - SLOVENSKA BISTRICA,61,"Skledar Štefka, Štatenberg 66a",182,43,0.2363,43,43,0,1.0,20,0.465116,23,0.534884
2574,VE 7000 - MARIBOR,VO 7002 - SLOVENSKA BISTRICA,62,"Športna dvorana Milenij, Ul. Poh. bataljona 19",705,318,0.4511,318,318,0,1.0,95,0.298742,223,0.701258
2575,VE 7000 - MARIBOR,VO 7002 - SLOVENSKA BISTRICA,63,"Občina Oplotnica - KTC, Goriška c. 4",909,420,0.462,420,418,2,1.0,147,0.351675,271,0.648325
2576,VE 7000 - MARIBOR,VO 7002 - SLOVENSKA BISTRICA,64,"Trgovina Jurič Leopold, Čadram 48",350,154,0.44,154,153,1,1.0,47,0.30719,106,0.69281
2577,VE 7000 - MARIBOR,VO 7002 - SLOVENSKA BISTRICA,65,"Dečar Marjan, Koritno 7",242,88,0.3636,88,88,0,1.0,16,0.181818,72,0.818182
2578,VE 7000 - MARIBOR,VO 7002 - SLOVENSKA BISTRICA,67,"Pišotek Janez, Ugovec 5a",369,137,0.3713,137,136,1,1.0,35,0.257353,101,0.742647
2579,VE 7000 - MARIBOR,VO 7002 - SLOVENSKA BISTRICA,68,"Rakovnik Anton, Malahorna 7",322,148,0.4596,148,148,0,1.0,57,0.385135,91,0.614865
2580,VE 7000 - MARIBOR,VO 7002 - SLOVENSKA BISTRICA,71,"Večnamenska dvorana Prihova, Prihova b.š.",431,239,0.5545,239,238,1,1.0,69,0.289916,169,0.710084
2581,VE 7000 - MARIBOR,VO 7002 - SLOVENSKA BISTRICA,73,"KS Kebelj, Kebelj 26a",248,112,0.4516,112,112,0,1.0,26,0.232143,86,0.767857
2582,VE 7000 - MARIBOR,VO 7002 - SLOVENSKA BISTRICA,74,"Smogavc Marija, Kot na Pohorju 30",31,26,0.8387,26,26,0,1.0,5,0.192308,21,0.807692
2583,VE 7000 - MARIBOR,VO 7002 - SLOVENSKA BISTRICA,75,"Fridrih Mihael, Kot na Pohorju 9",97,42,0.433,42,42,0,1.0,6,0.142857,36,0.857143
2584,VE 7000 - MARIBOR,VO 7002 - SLOVENSKA BISTRICA,76,"Ribič Janez, Modrič 24",105,44,0.419,44,44,0,1.0,8,0.181818,36,0.818182
2585,VE 7000 - MARIBOR,VO 7002 - SLOVENSKA BISTRICA,77,"Podgrajšek Jože, Zlakova 12",132,57,0.4318,57,57,0,1.0,12,0.210526,45,0.789474
2586,VE 7000 - MARIBOR,VO 7002 - SLOVENSKA BISTRICA,901,Predčasno glasovanje,0,406,0.0,406,404,2,1.0,242,0.59901,162,0.40099
2587,VE 7000 - MARIBOR,VO 7002 - SLOVENSKA BISTRICA,970,OMNIA od: 7002,0,23,0.0,23,23,0,1.0,14,0.608696,9,0.391304
2588,VE 7000 - MARIBOR,VO 7002 - SLOVENSKA BISTRICA,997,Po pošti v Sloveniji OVK,0,0,0.0,0,0,0,,0,0.0,0,0.0
2589,VE 7000 - MARIBOR,VO 7002 - SLOVENSKA BISTRICA,998,Po pošti v tujini OVK,0,0,0.0,0,0,0,,0,0.0,0,0.0
2590,VE 7000 - MARIBOR,VO 7002 - SLOVENSKA BISTRICA,999,Posebni volilni imenik,1101,0,0.0,0,0,0,,0,0.0,0,0.0
2591,VE 7000 - MARIBOR,VO 7003 - SLOVENSKE KONJICE,1,"Dom krajanov Bezina, Slov. Konjice",706,308,0.4363,308,307,1,1.0,98,0.319218,209,0.680782
2592,VE 7000 - MARIBOR,VO 7003 - SLOVENSKE KONJICE,2,"Dom krajanov v Gaju, Vešenik, Slov. Konjice",525,229,0.4362,228,228,0,1.0,97,0.425439,131,0.574561
2593,VE 7000 - MARIBOR,VO 7003 - SLOVENSKE KONJICE,3,"ZZ Vertačnik,Dobrava pri Konjicah 3b,Slov.Konjice",115,54,0.4696,54,54,0,1.0,20,0.37037,34,0.62963
2594,VE 7000 - MARIBOR,VO 7003 - SLOVENSKE KONJICE,4,"Pisarna KS Konjiška vas, Slov. Konjice",401,164,0.409,164,164,0,1.0,38,0.231707,126,0.768293
2595,VE 7000 - MARIBOR,VO 7003 - SLOVENSKE KONJICE,5,"Dom krajanov Polene, Slov. Konjice",179,86,0.4804,86,86,0,1.0,35,0.406977,51,0.593023
2596,VE 7000 - MARIBOR,VO 7003 - SLOVENSKE KONJICE,6,"Pri Pohorcu, Sojek 1, Slov. Konjice",185,71,0.3838,71,71,0,1.0,10,0.140845,61,0.859155
2597,VE 7000 - MARIBOR,VO 7003 - SLOVENSKE KONJICE,7,"OŠ Špitalič, Slov. Konjice",289,131,0.4533,131,131,0,1.0,35,0.267176,96,0.732824
2598,VE 7000 - MARIBOR,VO 7003 - SLOVENSKE KONJICE,8,"OŠ Pod goro-U, Šolska ul. 3, Slov. Konjice",668,243,0.3638,243,242,1,1.0,89,0.367769,153,0.632231
2599,VE 7000 - MARIBOR,VO 7003 - SLOVENSKE KONJICE,9,"Dom krajanov Draža vas, Loče",396,203,0.5126,203,203,0,1.0,56,0.275862,147,0.724138
2600,VE 7000 - MARIBOR,VO 7003 - SLOVENSKE KONJICE,10,"Dom krajanov Žiče, Loče",454,223,0.4912,223,222,1,1.0,69,0.310811,153,0.689189
2601,VE 7000 - MARIBOR,VO 7003 - SLOVENSKE KONJICE,11,"Dom krajanov Jernej, Loče",477,211,0.4423,211,211,0,1.0,45,0.21327,166,0.78673
2602,VE 7000 - MARIBOR,VO 7003 - SLOVENSKE KONJICE,12,"Čonč Neža, Ličenca 30, Loče",193,94,0.487,94,94,0,1.0,23,0.244681,71,0.755319
2603,VE 7000 - MARIBOR,VO 7003 - SLOVENSKE KONJICE,13,"Dom krajanov Zbelovo, Loče",621,277,0.4461,277,277,0,1.0,75,0.270758,202,0.729242
2604,VE 7000 - MARIBOR,VO 7003 - SLOVENSKE KONJICE,14,"Dom krajanov, Sp. Grušovje 30, Slov. Konjice",156,90,0.5769,90,90,0,1.0,21,0.233333,69,0.766667
2605,VE 7000 - MARIBOR,VO 7003 - SLOVENSKE KONJICE,15,"Dom krajanov Tepanje, Slov. Konjice",751,338,0.4501,338,338,0,1.0,102,0.301775,236,0.698225
2606,VE 7000 - MARIBOR,VO 7003 - SLOVENSKE KONJICE,16,"DVORANA KONJIČANKA, STARI TRG 41, SLOV. KONJICE",1141,456,0.3996,456,456,0,1.0,214,0.469298,242,0.530702
2607,VE 7000 - MARIBOR,VO 7003 - SLOVENSKE KONJICE,17,"OŠ Pod goro, Šolska ul. 3, Slov. Konjice",486,203,0.4177,203,202,1,1.0,97,0.480198,105,0.519802
2608,VE 7000 - MARIBOR,VO 7003 - SLOVENSKE KONJICE,18,"Kulturni dom, Mestni trg 4, Slov. Konjice",1204,493,0.4095,493,491,2,1.0,249,0.507128,242,0.492872
2609,VE 7000 - MARIBOR,VO 7003 - SLOVENSKE KONJICE,20,"OŠ ob Dravinji I.,Ul.Dušana Jereba 1,Slov.Konjice",759,308,0.4058,308,307,1,1.0,153,0.498371,154,0.501629
2610,VE 7000 - MARIBOR,VO 7003 - SLOVENSKE KONJICE,22,"OŠ ob Dravinji II,Ul.Dušana Jereba 1,Slov.Konjice",373,164,0.4397,164,164,0,1.0,61,0.371951,103,0.628049
2611,VE 7000 - MARIBOR,VO 7003 - SLOVENSKE KONJICE,23,"Osnovna šola Loče I., Šolska ul. 5, Loče",941,342,0.3634,342,341,1,1.0,142,0.416422,199,0.583578
2612,VE 7000 - MARIBOR,VO 7003 - SLOVENSKE KONJICE,24,"Osnovna šola Loče II., Šolska ul. 5, Loče",159,64,0.4025,64,64,0,1.0,13,0.203125,51,0.796875
2613,VE 7000 - MARIBOR,VO 7003 - SLOVENSKE KONJICE,25,"Hiša dediščine, Mlače, Loče",217,110,0.5069,110,110,0,1.0,40,0.363636,70,0.636364
2614,VE 7000 - MARIBOR,VO 7003 - SLOVENSKE KONJICE,27,"Občina Vitanje, Grajski trg 1, Vitanje",777,359,0.462,359,357,2,1.0,115,0.322129,242,0.677871
2615,VE 7000 - MARIBOR,VO 7003 - SLOVENSKE KONJICE,28,"Kušar Zdenko, Stenica 44, Vitanje",404,173,0.4282,173,173,0,1.0,28,0.16185,145,0.83815
2616,VE 7000 - MARIBOR,VO 7003 - SLOVENSKE KONJICE,29,"Hrovat Milan, Hudinja 23, Vitanje",137,67,0.4891,67,67,0,1.0,7,0.104478,60,0.895522
2617,VE 7000 - MARIBOR,VO 7003 - SLOVENSKE KONJICE,30,"Brodej Jože, Brezen 55, Vitanje",138,54,0.3913,54,54,0,1.0,6,0.111111,48,0.888889
2618,VE 7000 - MARIBOR,VO 7003 - SLOVENSKE KONJICE,31,"NAVRŠNIK ALENKA, PAKA 42, VITANJE",160,82,0.5125,82,82,0,1.0,11,0.134146,71,0.865854
2619,VE 7000 - MARIBOR,VO 7003 - SLOVENSKE KONJICE,32,"Center Noordung, Na vasi 18, Vitanje",137,72,0.5255,72,72,0,1.0,7,0.097222,65,0.902778
2620,VE 7000 - MARIBOR,VO 7003 - SLOVENSKE KONJICE,33,"Zeleni apartma, Loška gora pri Zrečah 39, Zreče",319,125,0.3918,125,123,2,1.0,32,0.260163,91,0.739837
2621,VE 7000 - MARIBOR,VO 7003 - SLOVENSKE KONJICE,34,"VEČGENERACIJSKI CENTER ZREČE,C. NA ROGLO 13B,ZREČE",773,315,0.4075,315,315,0,1.0,110,0.349206,205,0.650794
2622,VE 7000 - MARIBOR,VO 7003 - SLOVENSKE KONJICE,35,"PROSTORI BIVŠE BANKE ZREČE, C. NA ROGLO 13B, ZREČE",813,349,0.4293,349,348,1,1.0,164,0.471264,184,0.528736
2623,VE 7000 - MARIBOR,VO 7003 - SLOVENSKE KONJICE,37,"Osnovna šola Zreče, Šolska c. 3, Zreče",1002,503,0.502,503,502,1,1.0,155,0.308765,347,0.691235
2624,VE 7000 - MARIBOR,VO 7003 - SLOVENSKE KONJICE,39,"CŠOD GORENJE, GORENJE PRI ZREČAH 19",592,279,0.4713,279,279,0,1.0,57,0.204301,222,0.795699
2625,VE 7000 - MARIBOR,VO 7003 - SLOVENSKE KONJICE,40,"Dom krajanov Resnik, Zreče",98,39,0.398,39,39,0,1.0,7,0.179487,32,0.820513
2626,VE 7000 - MARIBOR,VO 7003 - SLOVENSKE KONJICE,41,"Taborniški dom, Skomarje 32, Zreče",136,68,0.5,68,68,0,1.0,15,0.220588,53,0.779412
2627,VE 7000 - MARIBOR,VO 7003 - SLOVENSKE KONJICE,42,"Dom krajanov Stranice, Zreče",938,420,0.4478,420,419,1,1.0,103,0.245823,316,0.754177
2628,VE 7000 - MARIBOR,VO 7003 - SLOVENSKE KONJICE,43,"Dom krajanov Dobrovlje, Dobrava 78, Zreče",326,162,0.4969,162,161,1,1.0,58,0.360248,103,0.639752
2629,VE 7000 - MARIBOR,VO 7003 - SLOVENSKE KONJICE,901,Predčasno glasovanje,0,362,0.0,362,359,3,1.0,192,0.534819,167,0.465181
2630,VE 7000 - MARIBOR,VO 7003 - SLOVENSKE KONJICE,970,OMNIA od: 7003,0,11,0.0,11,11,0,1.0,5,0.454545,6,0.545455
2631,VE 7000 - MARIBOR,VO 7003 - SLOVENSKE KONJICE,997,Po pošti v Sloveniji OVK,0,0,0.0,0,0,0,,0,0.0,0,0.0
2632,VE 7000 - MARIBOR,VO 7003 - SLOVENSKE KONJICE,998,Po pošti v tujini OVK,0,0,0.0,0,0,0,,0,0.0,0,0.0
2633,VE 7000 - MARIBOR,VO 7003 - SLOVENSKE KONJICE,999,Posebni volilni imenik,881,0,0.0,0,0,0,,0,0.0,0,0.0
2634,VE 7000 - MARIBOR,VO 7004 - RUŠE,1,"DK Bistrica ob Dravi, Ulica 27. decembra 2",1158,439,0.3791,439,437,2,1.0,241,0.551487,196,0.448513
2635,VE 7000 - MARIBOR,VO 7004 - RUŠE,3,"Gostilna Koper, Log 84",339,154,0.4543,154,154,0,1.0,92,0.597403,62,0.402597
2636,VE 7000 - MARIBOR,VO 7004 - RUŠE,5,"Občina Lovrenc, Spodnji trg 8",939,334,0.3557,333,333,0,1.0,183,0.54955,150,0.45045
2637,VE 7000 - MARIBOR,VO 7004 - RUŠE,7,"OŠ Lovrenc, Šolska ul. 6",465,191,0.4108,191,191,0,1.0,113,0.591623,78,0.408377
2638,VE 7000 - MARIBOR,VO 7004 - RUŠE,8,"PC Lovrenc, Gornji trg 62",703,267,0.3798,267,267,0,1.0,120,0.449438,147,0.550562
2639,VE 7000 - MARIBOR,VO 7004 - RUŠE,10,"Pošta Činžat, Činžat 28",358,123,0.3436,123,122,1,1.0,48,0.393443,74,0.606557
2640,VE 7000 - MARIBOR,VO 7004 - RUŠE,11,"DK Bezena, Bezena 17",477,179,0.3753,179,179,0,1.0,113,0.631285,66,0.368715
2641,VE 7000 - MARIBOR,VO 7004 - RUŠE,12,"LD Lobnica, Lobnica 20 c",112,29,0.2589,29,29,0,1.0,7,0.241379,22,0.758621
2642,VE 7000 - MARIBOR,VO 7004 - RUŠE,14,"RO Ruše, Mariborska c. 5",1358,376,0.2769,376,376,0,1.0,202,0.537234,174,0.462766
2643,VE 7000 - MARIBOR,VO 7004 - RUŠE,16,"Knjižnica J.G. Ruše, Falska c. 18",1023,393,0.3842,393,392,1,1.0,244,0.622449,148,0.377551
2644,VE 7000 - MARIBOR,VO 7004 - RUŠE,17,"GD Slemen, Sp. Slemen 27",514,167,0.3249,167,167,0,1.0,89,0.532934,78,0.467066
2645,VE 7000 - MARIBOR,VO 7004 - RUŠE,18,"KZ Zadružnik, Sp.Selnica 5",581,211,0.3632,211,211,0,1.0,90,0.42654,121,0.57346
2646,VE 7000 - MARIBOR,VO 7004 - RUŠE,19,"OŠ Selnica, Mariborska c.30",1213,534,0.4402,534,534,0,1.0,285,0.533708,249,0.466292
2647,VE 7000 - MARIBOR,VO 7004 - RUŠE,20,"Gostilna Hojnik, Janževa gora 28",1039,346,0.333,346,345,1,1.0,171,0.495652,174,0.504348
2648,VE 7000 - MARIBOR,VO 7004 - RUŠE,21,"OŠ Gradišče, Gradišče na Kozjaku 39",128,56,0.4375,56,56,0,1.0,16,0.285714,40,0.714286
2649,VE 7000 - MARIBOR,VO 7004 - RUŠE,22,"DLO Duh, Sv. Duh na Ostr. vrhu 47",176,45,0.2557,45,45,0,1.0,1,0.022222,44,0.977778
2650,VE 7000 - MARIBOR,VO 7004 - RUŠE,23,"GD Smolnik, Gasilska ul. 7",696,228,0.3276,228,228,0,1.0,121,0.530702,107,0.469298
2651,VE 7000 - MARIBOR,VO 7004 - RUŠE,24,"DK Smolnik, Glazerjeva ul. 29",513,195,0.3801,195,194,1,1.0,115,0.592784,79,0.407216
2652,VE 7000 - MARIBOR,VO 7004 - RUŠE,26,"Gostilna Drozg, Fala 18",49,16,0.3265,16,16,0,1.0,3,0.1875,13,0.8125
2653,VE 7000 - MARIBOR,VO 7004 - RUŠE,901,Predčasno glasovanje,0,200,0.0,200,199,1,1.0,107,0.537688,92,0.462312
2654,VE 7000 - MARIBOR,VO 7004 - RUŠE,970,OMNIA od: 7004,0,17,0.0,17,17,0,1.0,7,0.411765,10,0.588235
2655,VE 7000 - MARIBOR,VO 7004 - RUŠE,997,Po pošti v Sloveniji OVK,0,0,0.0,0,0,0,,0,0.0,0,0.0
2656,VE 7000 - MARIBOR,VO 7004 - RUŠE,998,Po pošti v tujini OVK,0,0,0.0,0,0,0,,0,0.0,0,0.0
2657,VE 7000 - MARIBOR,VO 7004 - RUŠE,999,Posebni volilni imenik,686,0,0.0,0,0,0,,0,0.0,0,0.0
2658,VE 7000 - MARIBOR,VO 7005 - MARIBOR 1,1,"OŠ Reka Pohorje, Hočko Pohorje 1",1084,398,0.3672,398,396,2,1.0,214,0.540404,182,0.459596
2659,VE 7000 - MARIBOR,VO 7005 - MARIBOR 1,2,"Hotel Tisa, Hočko Pohorje 40",249,75,0.3012,74,74,0,1.0,27,0.364865,47,0.635135
2660,VE 7000 - MARIBOR,VO 7005 - MARIBOR 1,3,"DK Bresternica, Na gaj 2",1256,495,0.3941,493,491,2,1.0,280,0.570265,211,0.429735
2661,VE 7000 - MARIBOR,VO 7005 - MARIBOR 1,5,"Šolska zgradba, Šober 1",326,113,0.3466,113,113,0,1.0,26,0.230088,87,0.769912
2662,VE 7000 - MARIBOR,VO 7005 - MARIBOR 1,6,"OŠ R. Robiča, Limbuška c. 62",1115,430,0.3857,430,429,1,1.0,251,0.585082,178,0.414918
2663,VE 7000 - MARIBOR,VO 7005 - MARIBOR 1,8,"Vrtec Studenci, enota Pekre, Bezjakova ul. 2",1008,371,0.3681,370,370,0,1.0,206,0.556757,164,0.443243
2664,VE 7000 - MARIBOR,VO 7005 - MARIBOR 1,9,"Vrtec Studenci, enota Pekre, Bezjakova ul. 2",734,340,0.4632,340,340,0,1.0,201,0.591176,139,0.408824
2665,VE 7000 - MARIBOR,VO 7005 - MARIBOR 1,10,"KD Kamnica, Vrbanska c. 97",1282,476,0.3713,476,473,3,1.0,261,0.551797,212,0.448203
2666,VE 7000 - MARIBOR,VO 7005 - MARIBOR 1,11,"KD Kamnica, Vrbanska c. 97",1131,397,0.351,397,397,0,1.0,209,0.526448,188,0.473552
2667,VE 7000 - MARIBOR,VO 7005 - MARIBOR 1,13,"Center za sluh in govor MB,Vinarska ul. 6",896,391,0.4364,391,388,3,1.0,261,0.67268,127,0.32732
2668,VE 7000 - MARIBOR,VO 7005 - MARIBOR 1,14,"OŠ P. Voranca MB, Gosposvetska c. 10",947,377,0.3981,377,377,0,1.0,204,0.541114,173,0.458886
2669,VE 7000 - MARIBOR,VO 7005 - MARIBOR 1,15,"OŠ P. Voranca MB, Gosposvetska c. 10",493,195,0.3955,195,195,0,1.0,131,0.671795,64,0.328205
2670,VE 7000 - MARIBOR,VO 7005 - MARIBOR 1,18,"GD Fram,Turnerjeva ul. 105",1263,529,0.4188,529,529,0,1.0,268,0.506616,261,0.493384
2671,VE 7000 - MARIBOR,VO 7005 - MARIBOR 1,20,"Vaški dom Požeg, Požeg 17",551,217,0.3938,217,217,0,1.0,115,0.529954,102,0.470046
2672,VE 7000 - MARIBOR,VO 7005 - MARIBOR 1,21,"Vaški dom Morje, Priolova c. 54",840,319,0.3798,319,318,1,1.0,188,0.591195,130,0.408805
2673,VE 7000 - MARIBOR,VO 7005 - MARIBOR 1,22,"Vaški dom Loka, Loka pri Framu 13",116,43,0.3707,43,43,0,1.0,12,0.27907,31,0.72093
2674,VE 7000 - MARIBOR,VO 7005 - MARIBOR 1,23,"Vaški dom Kopivnik, Kopivnik 4 a",201,82,0.408,82,82,0,1.0,36,0.439024,46,0.560976
2675,VE 7000 - MARIBOR,VO 7005 - MARIBOR 1,24,"Vaški dom Ranče, Ranče 174",227,91,0.4009,91,90,1,1.0,34,0.377778,56,0.622222
2676,VE 7000 - MARIBOR,VO 7005 - MARIBOR 1,25,"Vaški dom Planica, Planica 17c",105,23,0.219,23,23,0,1.0,8,0.347826,15,0.652174
2677,VE 7000 - MARIBOR,VO 7005 - MARIBOR 1,26,"OŠ Rače, Grajski trg 1",1478,555,0.3755,555,554,1,1.0,248,0.447653,306,0.552347
2678,VE 7000 - MARIBOR,VO 7005 - MARIBOR 1,27,"OŠ Rače, Grajski trg 1",854,265,0.3103,265,264,1,1.0,144,0.545455,120,0.454545
2679,VE 7000 - MARIBOR,VO 7005 - MARIBOR 1,28,"GD Podova, Podova 26",476,201,0.4223,201,201,0,1.0,90,0.447761,111,0.552239
2680,VE 7000 - MARIBOR,VO 7005 - MARIBOR 1,29,"GD Gorica, Sp. Gorica 55a",330,133,0.403,133,132,1,1.0,58,0.439394,74,0.560606
2681,VE 7000 - MARIBOR,VO 7005 - MARIBOR 1,31,"OŠ R. Robiča, Limbuška c. 62",857,335,0.3909,335,335,0,1.0,191,0.570149,144,0.429851
2682,VE 7000 - MARIBOR,VO 7005 - MARIBOR 1,32,"KD Zg. Polskava, Mladinska ul. 12",1227,476,0.3879,476,476,0,1.0,281,0.590336,195,0.409664
2683,VE 7000 - MARIBOR,VO 7005 - MARIBOR 1,34,"LD Polskava, Bukovec 2",730,289,0.3959,289,286,3,1.0,168,0.587413,118,0.412587
2684,VE 7000 - MARIBOR,VO 7005 - MARIBOR 1,35,"Kalan Olga, Ogljenšak 10",232,87,0.375,87,87,0,1.0,38,0.436782,49,0.563218
2685,VE 7000 - MARIBOR,VO 7005 - MARIBOR 1,36,"Amon Rudolf, Sele pri Polskavi 35",152,59,0.3882,59,59,0,1.0,24,0.40678,35,0.59322
2686,VE 7000 - MARIBOR,VO 7005 - MARIBOR 1,37,"KS Sp. Polskava, Sp. Polskava 270",733,317,0.4325,317,317,0,1.0,146,0.460568,171,0.539432
2687,VE 7000 - MARIBOR,VO 7005 - MARIBOR 1,38,"MD Pokoše, Pokoše 25d",184,84,0.4565,84,83,1,1.0,41,0.493976,42,0.506024
2688,VE 7000 - MARIBOR,VO 7005 - MARIBOR 1,39,"Društvo KKS Pragersko, Kolodvorska ul. 9",918,359,0.3911,359,354,5,1.0,204,0.576271,150,0.423729
2689,VE 7000 - MARIBOR,VO 7005 - MARIBOR 1,40,"Varga Cirila, Šarhova ul. 14",514,219,0.4261,219,219,0,1.0,122,0.557078,97,0.442922
2690,VE 7000 - MARIBOR,VO 7005 - MARIBOR 1,901,Predčasno glasovanje,0,200,0.0,200,200,0,1.0,127,0.635,73,0.365
2691,VE 7000 - MARIBOR,VO 7005 - MARIBOR 1,902,Predčasno glasovanje,0,89,0.0,89,88,1,1.0,52,0.590909,36,0.409091
2692,VE 7000 - MARIBOR,VO 7005 - MARIBOR 1,997,Po pošti v Sloveniji OVK,0,0,0.0,0,0,0,,0,0.0,0,0.0
2693,VE 7000 - MARIBOR,VO 7005 - MARIBOR 1,998,Po pošti v tujini OVK,0,0,0.0,0,0,0,,0,0.0,0,0.0
2694,VE 7000 - MARIBOR,VO 7005 - MARIBOR 1,999,Posebni volilni imenik,1166,0,0.0,0,0,0,,0,0.0,0,0.0
2695,VE 7000 - MARIBOR,VO 7006 - MARIBOR 2,1,"OŠ M. Konšak, Prekmurska ul. 67",1050,389,0.3705,389,385,4,1.0,223,0.579221,162,0.420779
2696,VE 7000 - MARIBOR,VO 7006 - MARIBOR 2,2,"MČ Tezno, Panonska ul. 12",735,259,0.3524,259,259,0,1.0,138,0.532819,121,0.467181
2697,VE 7000 - MARIBOR,VO 7006 - MARIBOR 2,3,"MČ Tezno, Panonska ul. 12",877,335,0.382,333,332,1,1.0,180,0.542169,152,0.457831
2698,VE 7000 - MARIBOR,VO 7006 - MARIBOR 2,4,"KS Marjeta, Marjeta 57a",380,149,0.3921,149,149,0,1.0,64,0.42953,85,0.57047
2699,VE 7000 - MARIBOR,VO 7006 - MARIBOR 2,5,"GD Trniče, Trniče 30",373,183,0.4906,183,183,0,1.0,79,0.431694,104,0.568306
2700,VE 7000 - MARIBOR,VO 7006 - MARIBOR 2,6,"ŠD Loka Rošnja, Loka 23a",232,107,0.4612,107,106,1,1.0,34,0.320755,72,0.679245
2701,VE 7000 - MARIBOR,VO 7006 - MARIBOR 2,7,"KD Rošnja, Rošnja 40a",312,136,0.4359,136,135,1,1.0,64,0.474074,71,0.525926
2702,VE 7000 - MARIBOR,VO 7006 - MARIBOR 2,8,"GD Zlatoličje, Zlatoličje 10",627,249,0.3971,249,249,0,1.0,109,0.437751,140,0.562249
2703,VE 7000 - MARIBOR,VO 7006 - MARIBOR 2,9,"ZP Starše, Starše 78c",647,259,0.4003,259,259,0,1.0,132,0.509653,127,0.490347
2704,VE 7000 - MARIBOR,VO 7006 - MARIBOR 2,10,"KS Prepolje, Prepolje 62",445,165,0.3708,165,165,0,1.0,73,0.442424,92,0.557576
2705,VE 7000 - MARIBOR,VO 7006 - MARIBOR 2,11,"OŠ Slivnica, Mariborska c. 4",806,302,0.3747,302,299,3,1.0,170,0.568562,129,0.431438
2706,VE 7000 - MARIBOR,VO 7006 - MARIBOR 2,12,"OŠ Slivnica, Mariborska c. 4",1506,526,0.3493,526,526,0,1.0,307,0.58365,219,0.41635
2707,VE 7000 - MARIBOR,VO 7006 - MARIBOR 2,13,"AMD Orehova vas, Orehova c. 26",348,138,0.3966,138,138,0,1.0,58,0.42029,80,0.57971
2708,VE 7000 - MARIBOR,VO 7006 - MARIBOR 2,14,"KC Hotinja vas, Hotinjska c. 127",1099,422,0.384,422,421,1,1.0,229,0.543943,192,0.456057
2709,VE 7000 - MARIBOR,VO 7006 - MARIBOR 2,15,"Knjižnica Hoče, Sršakova ul. 2",988,436,0.4413,436,435,1,1.0,242,0.556322,193,0.443678
2710,VE 7000 - MARIBOR,VO 7006 - MARIBOR 2,16,"KD Hoče, Pohorska c. 15",963,403,0.4185,403,402,1,1.0,210,0.522388,192,0.477612
2711,VE 7000 - MARIBOR,VO 7006 - MARIBOR 2,17,"FKBV Pivola, Pivola 10",335,101,0.3015,101,101,0,1.0,54,0.534653,47,0.465347
2712,VE 7000 - MARIBOR,VO 7006 - MARIBOR 2,18,"VeGeC Rogoza, Rogoška c. 60",1217,478,0.3928,478,478,0,1.0,288,0.60251,190,0.39749
2713,VE 7000 - MARIBOR,VO 7006 - MARIBOR 2,19,"VO Bohova, Bohova 2a",201,96,0.4776,96,93,3,1.0,53,0.569892,40,0.430108
2714,VE 7000 - MARIBOR,VO 7006 - MARIBOR 2,20,"KD Hoče, Pohorska c. 15",289,132,0.4567,132,131,1,1.0,66,0.503817,65,0.496183
2715,VE 7000 - MARIBOR,VO 7006 - MARIBOR 2,21,"KS Dravski Dvor, Kidričeva c. 9",587,221,0.3765,221,221,0,1.0,128,0.579186,93,0.420814
2716,VE 7000 - MARIBOR,VO 7006 - MARIBOR 2,22,"OŠ Miklavž-Dobrovce, Šolska ul. 1",644,270,0.4193,268,265,3,1.0,127,0.479245,138,0.520755
2717,VE 7000 - MARIBOR,VO 7006 - MARIBOR 2,23,"KS Skoke, Uskoška ul. 58",860,334,0.3884,334,333,1,1.0,170,0.510511,163,0.489489
2718,VE 7000 - MARIBOR,VO 7006 - MARIBOR 2,24,"KD Miklavž, Cesta v Rogozo 11",1237,467,0.3775,467,467,0,1.0,242,0.518201,225,0.481799
2719,VE 7000 - MARIBOR,VO 7006 - MARIBOR 2,25,"KD Miklavž, Cesta v Rogozo 11",956,369,0.386,369,368,1,1.0,240,0.652174,128,0.347826
2720,VE 7000 - MARIBOR,VO 7006 - MARIBOR 2,26,"Bell Center, Ptujska c. 13",1079,374,0.3466,374,371,3,1.0,217,0.584906,154,0.415094
2721,VE 7000 - MARIBOR,VO 7006 - MARIBOR 2,27,"MČ Tezno, Panonska ul. 12",899,293,0.3259,293,292,1,1.0,168,0.575342,124,0.424658
2722,VE 7000 - MARIBOR,VO 7006 - MARIBOR 2,30,"DK Brunšvik, Brunšvik 49b",342,115,0.3363,115,113,2,1.0,58,0.513274,55,0.486726
2723,VE 7000 - MARIBOR,VO 7006 - MARIBOR 2,901,Predčasno glasovanje - KD Hoče,0,152,0.0,152,152,0,1.0,99,0.651316,53,0.348684
2724,VE 7000 - MARIBOR,VO 7006 - MARIBOR 2,902,Predčasno glasovanje - MČ Tezno,0,62,0.0,62,62,0,1.0,43,0.693548,19,0.306452
2725,VE 7000 - MARIBOR,VO 7006 - MARIBOR 2,997,Po pošti v Sloveniji OVK,0,17,0.0,17,17,0,1.0,10,0.588235,7,0.411765
2726,VE 7000 - MARIBOR,VO 7006 - MARIBOR 2,998,Po pošti v tujini OVK,0,0,0.0,0,0,0,,0,0.0,0,0.0
2727,VE 7000 - MARIBOR,VO 7006 - MARIBOR 2,999,Posebni volilni imenik,1081,0,0.0,0,0,0,,0,0.0,0,0.0
2728,VE 7000 - MARIBOR,VO 7007 - MARIBOR 3,1,"OŠ Žitečka vas, Zg. Duplek 98",1478,546,0.3694,546,546,0,1.0,260,0.47619,286,0.52381
2729,VE 7000 - MARIBOR,VO 7007 - MARIBOR 3,2,"Občina Duplek, Trg slovenske osamosvojitve 1",1426,504,0.3534,504,503,1,1.0,210,0.417495,293,0.582505
2730,VE 7000 - MARIBOR,VO 7007 - MARIBOR 3,3,"OŠ Dvorjane, Dvorjane 15",792,280,0.3535,280,280,0,1.0,141,0.503571,139,0.496429
2731,VE 7000 - MARIBOR,VO 7007 - MARIBOR 3,4,"KD Vurberk, Vurberk 95",334,135,0.4042,135,133,2,1.0,51,0.383459,82,0.616541
2732,VE 7000 - MARIBOR,VO 7007 - MARIBOR 3,5,"Večnamenski prostor pri igrišču, Zimica 46c",490,135,0.2755,135,135,0,1.0,50,0.37037,85,0.62963
2733,VE 7000 - MARIBOR,VO 7007 - MARIBOR 3,6,"GD Korena, Zg. Korena 27",1134,397,0.3501,397,396,1,1.0,117,0.295455,279,0.704545
2734,VE 7000 - MARIBOR,VO 7007 - MARIBOR 3,7,"GD Brezje, Dupleška 35",881,341,0.3871,341,339,2,1.0,161,0.474926,178,0.525074
2735,VE 7000 - MARIBOR,VO 7007 - MARIBOR 3,8,"MČ Brezje, Na trati 2",1027,389,0.3788,389,389,0,1.0,212,0.544987,177,0.455013
2736,VE 7000 - MARIBOR,VO 7007 - MARIBOR 3,9,"GD Dogoše, Dupleška 237",607,230,0.3789,230,230,0,1.0,80,0.347826,150,0.652174
2737,VE 7000 - MARIBOR,VO 7007 - MARIBOR 3,10,"KS Malečnik, Malečnik 51",711,264,0.3713,264,263,1,1.0,130,0.494297,133,0.505703
2738,VE 7000 - MARIBOR,VO 7007 - MARIBOR 3,11,"OŠ Malečnik, Malečnik 61",1023,402,0.393,402,401,1,1.0,165,0.411471,236,0.588529
2739,VE 7000 - MARIBOR,VO 7007 - MARIBOR 3,12,"Bivša KS, Ruperče 1",556,210,0.3777,210,210,0,1.0,86,0.409524,124,0.590476
2740,VE 7000 - MARIBOR,VO 7007 - MARIBOR 3,13,"OŠ Tone Čufar, Zrkovska 67",901,312,0.3463,312,312,0,1.0,198,0.634615,114,0.365385
2741,VE 7000 - MARIBOR,VO 7007 - MARIBOR 3,14,"OŠ Tone Čufar, Zrkovska 67",851,324,0.3807,324,324,0,1.0,193,0.595679,131,0.404321
2742,VE 7000 - MARIBOR,VO 7007 - MARIBOR 3,15,"OŠ Tone Čufar, Zrkovska 67",1038,354,0.341,354,351,3,1.0,193,0.549858,158,0.450142
2743,VE 7000 - MARIBOR,VO 7007 - MARIBOR 3,16,"GD Zrkovci, Zrkovci 73",544,255,0.4688,255,253,2,1.0,117,0.462451,136,0.537549
2744,VE 7000 - MARIBOR,VO 7007 - MARIBOR 3,17,"OŠ Tone Čufar, Zrkovska 67",720,222,0.3083,222,222,0,1.0,128,0.576577,94,0.423423
2745,VE 7000 - MARIBOR,VO 7007 - MARIBOR 3,18,"Waldorfski vrtec, Wilsonova 18",1000,336,0.336,336,335,1,1.0,188,0.561194,147,0.438806
2746,VE 7000 - MARIBOR,VO 7007 - MARIBOR 3,20,"DK, Počehovska 19",836,324,0.3876,324,322,2,1.0,163,0.506211,159,0.493789
2747,VE 7000 - MARIBOR,VO 7007 - MARIBOR 3,901,Predčasno glasovanje,0,190,0.0,190,190,0,1.0,102,0.536842,88,0.463158
2748,VE 7000 - MARIBOR,VO 7007 - MARIBOR 3,997,Po pošti v Sloveniji OVK,0,10,0.0,10,10,0,1.0,5,0.5,5,0.5
2749,VE 7000 - MARIBOR,VO 7007 - MARIBOR 3,998,Po pošti v tujini OVK,0,0,0.0,0,0,0,,0,0.0,0,0.0
2750,VE 7000 - MARIBOR,VO 7007 - MARIBOR 3,999,Posebni volilni imenik,1065,0,0.0,0,0,0,,0,0.0,0,0.0
2751,VE 7000 - MARIBOR,VO 7008 - MARIBOR 4,2,"Razstavni salon, Grajska ul. 7",1497,401,0.2679,401,401,0,1.0,249,0.620948,152,0.379052
2752,VE 7000 - MARIBOR,VO 7008 - MARIBOR 4,3,"Razstavni salon, Grajska ul.7",980,333,0.3398,333,331,2,1.0,191,0.577039,140,0.422961
2753,VE 7000 - MARIBOR,VO 7008 - MARIBOR 4,4,"Sr.gradbena šola,Smetanova 35",519,129,0.2486,129,129,0,1.0,73,0.565891,56,0.434109
2754,VE 7000 - MARIBOR,VO 7008 - MARIBOR 4,6,"DK Krčevina, Šubičeva ul. 11",705,282,0.4,282,280,2,1.0,184,0.657143,96,0.342857
2755,VE 7000 - MARIBOR,VO 7008 - MARIBOR 4,7,"OŠ B. Polančič, Prešernova 19",730,321,0.4397,321,321,0,1.0,215,0.669782,106,0.330218
2756,VE 7000 - MARIBOR,VO 7008 - MARIBOR 4,8,"OŠ F.R. Stane, Kersnikova 10",987,377,0.382,377,377,0,1.0,240,0.636605,137,0.363395
2757,VE 7000 - MARIBOR,VO 7008 - MARIBOR 4,10,"OŠ F.R. Stane, Kersnikova 10",701,279,0.398,279,278,1,1.0,159,0.571942,119,0.428058
2758,VE 7000 - MARIBOR,VO 7008 - MARIBOR 4,11,"OŠ B. Polančič, Prešernova 19",526,223,0.424,223,220,3,1.0,145,0.659091,75,0.340909
2759,VE 7000 - MARIBOR,VO 7008 - MARIBOR 4,12,"DK , V zavoju 40 b",1051,338,0.3216,338,338,0,1.0,165,0.488166,173,0.511834
2760,VE 7000 - MARIBOR,VO 7008 - MARIBOR 4,15,"Slovenska filantropija, Kacova 1",1018,316,0.3104,316,315,1,1.0,186,0.590476,129,0.409524
2761,VE 7000 - MARIBOR,VO 7008 - MARIBOR 4,17,"Sr.gradbena šola,Smetanova 35",518,172,0.332,172,172,0,1.0,106,0.616279,66,0.383721
2762,VE 7000 - MARIBOR,VO 7008 - MARIBOR 4,18,"Sr.gradbena šola,Smetanova 35",998,307,0.3076,307,305,2,1.0,191,0.62623,114,0.37377
2763,VE 7000 - MARIBOR,VO 7008 - MARIBOR 4,19,"Sr.gradbena šola,Smetanova 35",656,251,0.3826,251,251,0,1.0,168,0.669323,83,0.330677
2764,VE 7000 - MARIBOR,VO 7008 - MARIBOR 4,20,"Sr.gradbena šola,Smetanova 35",782,294,0.376,294,294,0,1.0,177,0.602041,117,0.397959
2765,VE 7000 - MARIBOR,VO 7008 - MARIBOR 4,901,Predčasno glasovanje,0,633,0.0,633,632,1,1.0,465,0.735759,167,0.264241
2766,VE 7000 - MARIBOR,VO 7008 - MARIBOR 4,970,OMNIA od: 7008,0,220,0.0,220,220,0,1.0,128,0.581818,92,0.418182
2767,VE 7000 - MARIBOR,VO 7008 - MARIBOR 4,997,Po pošti v Sloveniji OVK,0,12,0.0,12,12,0,1.0,8,0.666667,4,0.333333
2768,VE 7000 - MARIBOR,VO 7008 - MARIBOR 4,998,Po pošti v tujini OVK,0,0,0.0,0,0,0,,0,0.0,0,0.0
2769,VE 7000 - MARIBOR,VO 7008 - MARIBOR 4,999,Posebni volilni imenik,2177,0,0.0,0,0,0,,0,0.0,0,0.0
2770,VE 7000 - MARIBOR,VO 7009 - MARIBOR 5,1,"OŠ Janko Padežnik, Iztokova ul.6",678,168,0.2478,168,168,0,1.0,91,0.541667,77,0.458333
2771,VE 7000 - MARIBOR,VO 7009 - MARIBOR 5,2,"OŠ Janko Padežnik, Iztokova ul.6",1007,351,0.3486,351,351,0,1.0,179,0.509972,172,0.490028
2772,VE 7000 - MARIBOR,VO 7009 - MARIBOR 5,3,"Dom pod Gorco, Pekrska 56",1170,520,0.4444,520,519,1,1.0,333,0.641618,186,0.358382
2773,VE 7000 - MARIBOR,VO 7009 - MARIBOR 5,4,"Prometna šola, Preradovičeva ul.33",1099,371,0.3376,371,371,0,1.0,232,0.625337,139,0.374663
2774,VE 7000 - MARIBOR,VO 7009 - MARIBOR 5,5,"Prometna šola, Preradovičeva ul.33",704,255,0.3622,255,255,0,1.0,152,0.596078,103,0.403922
2775,VE 7000 - MARIBOR,VO 7009 - MARIBOR 5,6,"Prometna šola, Preradovičeva ul.33",1224,423,0.3456,423,423,0,1.0,251,0.593381,172,0.406619
2776,VE 7000 - MARIBOR,VO 7009 - MARIBOR 5,7,"Prometna šola, Preradovičeva ul.33",785,194,0.2471,194,194,0,1.0,101,0.520619,93,0.479381
2777,VE 7000 - MARIBOR,VO 7009 - MARIBOR 5,8,"MČ Magdalena, Preradovičeva ul. 1",563,199,0.3535,199,199,0,1.0,127,0.638191,72,0.361809
2778,VE 7000 - MARIBOR,VO 7009 - MARIBOR 5,9,"Društvo AMD Maribor-Tabor, Ul. heroja Zidanška 8",978,295,0.3016,295,295,0,1.0,181,0.613559,114,0.386441
2779,VE 7000 - MARIBOR,VO 7009 - MARIBOR 5,10,"Dom Lizike Jančar, Titova c. 24a",1152,350,0.3038,350,349,1,1.0,203,0.581662,146,0.418338
2780,VE 7000 - MARIBOR,VO 7009 - MARIBOR 5,11,"Dom Lizike Jančar, Titova c. 24a",898,342,0.3808,342,341,1,1.0,221,0.648094,120,0.351906
2781,VE 7000 - MARIBOR,VO 7009 - MARIBOR 5,12,"Dom Lizike Jančar, Titova c. 24a",748,195,0.2607,195,195,0,1.0,109,0.558974,86,0.441026
2782,VE 7000 - MARIBOR,VO 7009 - MARIBOR 5,13,"OŠ borcev za severno mejo, Borcev za sev.mejo 16",1085,359,0.3309,359,358,1,1.0,204,0.569832,154,0.430168
2783,VE 7000 - MARIBOR,VO 7009 - MARIBOR 5,14,"OŠ Draga Kobala, Tolstojeva ul.3",921,271,0.2942,271,271,0,1.0,148,0.546125,123,0.453875
2784,VE 7000 - MARIBOR,VO 7009 - MARIBOR 5,15,"OŠ Draga Kobala, Tolstojeva ul. 3",931,348,0.3738,348,345,3,1.0,223,0.646377,122,0.353623
2785,VE 7000 - MARIBOR,VO 7009 - MARIBOR 5,16,"OŠ Draga Kobala, Tolstojeva ul. 3",1057,370,0.35,370,369,1,1.0,220,0.596206,149,0.403794
2786,VE 7000 - MARIBOR,VO 7009 - MARIBOR 5,17,"OŠ Draga Kobala, Tolstojeva ul.3",500,136,0.272,136,136,0,1.0,80,0.588235,56,0.411765
2787,VE 7000 - MARIBOR,VO 7009 - MARIBOR 5,901,Predčasno glasovanje,0,224,0.0,224,224,0,1.0,147,0.65625,77,0.34375
2788,VE 7000 - MARIBOR,VO 7009 - MARIBOR 5,997,Po pošti v Sloveniji OVK,0,20,0.0,20,17,3,1.0,9,0.529412,8,0.470588
2789,VE 7000 - MARIBOR,VO 7009 - MARIBOR 5,998,Po pošti v tujini OVK,0,0,0.0,0,0,0,,0,0.0,0,0.0
2790,VE 7000 - MARIBOR,VO 7009 - MARIBOR 5,999,Posebni volilni imenik,1500,0,0.0,0,0,0,,0,0.0,0,0.0
2791,VE 7000 - MARIBOR,VO 7010 - MARIBOR 6,1,"OŠ L. Pliberška, Lackova c. 4",1399,581,0.4153,581,580,1,1.0,356,0.613793,224,0.386207
2792,VE 7000 - MARIBOR,VO 7010 - MARIBOR 6,2,"Hišni svet, Borova vas 24",1269,482,0.3798,481,478,3,1.0,265,0.554393,213,0.445607
2793,VE 7000 - MARIBOR,VO 7010 - MARIBOR 6,3,"MČ Radvanje, Lackova c. 43b",1106,438,0.396,438,435,3,1.0,259,0.595402,176,0.404598
2794,VE 7000 - MARIBOR,VO 7010 - MARIBOR 6,4,"Vrtec Radvanje, Grizoldova ul. 1",880,381,0.433,381,379,2,1.0,221,0.583113,158,0.416887
2795,VE 7000 - MARIBOR,VO 7010 - MARIBOR 6,5,"DRAŠ Center, Pohorska ul. 57",848,312,0.3679,312,312,0,1.0,177,0.567308,135,0.432692
2796,VE 7000 - MARIBOR,VO 7010 - MARIBOR 6,8,"MČ Nova vas, Radvanjska c. 65",792,345,0.4356,345,344,1,1.0,190,0.552326,154,0.447674
2797,VE 7000 - MARIBOR,VO 7010 - MARIBOR 6,9,"OŠ Tabor I, Ul. A. Tovornika 21",1344,539,0.401,539,537,2,1.0,335,0.623836,202,0.376164
2798,VE 7000 - MARIBOR,VO 7010 - MARIBOR 6,10,"ZD Nova vas, C. prol. brigad 71",662,277,0.4184,277,277,0,1.0,192,0.693141,85,0.306859
2799,VE 7000 - MARIBOR,VO 7010 - MARIBOR 6,11,"OŠ L. Štuklja, Klinetova ul. 18",756,318,0.4206,318,317,1,1.0,208,0.656151,109,0.343849
2800,VE 7000 - MARIBOR,VO 7010 - MARIBOR 6,12,"OŠ L. Štuklja, Klinetova ul. 18",771,357,0.463,357,356,1,1.0,215,0.603933,141,0.396067
2801,VE 7000 - MARIBOR,VO 7010 - MARIBOR 6,14,"OŠ Tabor I, Ul. A. Tovornika 21",731,279,0.3817,279,279,0,1.0,183,0.655914,96,0.344086
2802,VE 7000 - MARIBOR,VO 7010 - MARIBOR 6,15,"Hišni svet, Knafelčeva ul. 28",1340,521,0.3888,521,520,1,1.0,325,0.625,195,0.375
2803,VE 7000 - MARIBOR,VO 7010 - MARIBOR 6,16,"GRAWE zavarovalnica d.d. Betnava, Ul. Eve Lovše 19",546,182,0.3333,182,182,0,1.0,113,0.620879,69,0.379121
2804,VE 7000 - MARIBOR,VO 7010 - MARIBOR 6,17,"GRAWE zavarovalnica d.d. Betnava, Ul. Eve Lovše 19",1113,337,0.3028,337,336,1,1.0,179,0.532738,157,0.467262
2805,VE 7000 - MARIBOR,VO 7010 - MARIBOR 6,19,"Dom krajanov, Razvanjska c. 22",1105,493,0.4462,493,489,4,1.0,258,0.527607,231,0.472393
2806,VE 7000 - MARIBOR,VO 7010 - MARIBOR 6,901,Predčasno glasovanje,0,221,0.0,221,220,1,1.0,165,0.75,55,0.25
2807,VE 7000 - MARIBOR,VO 7010 - MARIBOR 6,997,Po pošti v Sloveniji OVK,0,10,0.0,10,10,0,1.0,8,0.8,2,0.2
2808,VE 7000 - MARIBOR,VO 7010 - MARIBOR 6,998,Po pošti v tujini OVK,0,0,0.0,0,0,0,,0,0.0,0,0.0
2809,VE 7000 - MARIBOR,VO 7010 - MARIBOR 6,999,Posebni volilni imenik,1095,0,0.0,0,0,0,,0,0.0,0,0.0
2810,VE 7000 - MARIBOR,VO 7011 - MARIBOR 7,1,"Vrtec Jadvige Golež, Betnavska c.100",739,230,0.3112,230,230,0,1.0,165,0.717391,65,0.282609
2811,VE 7000 - MARIBOR,VO 7011 - MARIBOR 7,2,"HS, Radvanjska c. 61",475,151,0.3179,151,149,2,1.0,93,0.624161,56,0.375839
2812,VE 7000 - MARIBOR,VO 7011 - MARIBOR 7,3,"HS, Radvanjska c. 61",914,361,0.395,360,360,0,1.0,218,0.605556,142,0.394444
2813,VE 7000 - MARIBOR,VO 7011 - MARIBOR 7,5,"Vrtec Jadvige Golež, Betnavska c. 100",781,287,0.3675,287,285,2,1.0,187,0.65614,98,0.34386
2814,VE 7000 - MARIBOR,VO 7011 - MARIBOR 7,6,"DRU, Gorkega ul. 48",710,271,0.3817,271,271,0,1.0,142,0.523985,129,0.476015
2815,VE 7000 - MARIBOR,VO 7011 - MARIBOR 7,7,"OŠ A. Besednjak, Celjska ul. 11",595,222,0.3731,222,220,2,1.0,140,0.636364,80,0.363636
2816,VE 7000 - MARIBOR,VO 7011 - MARIBOR 7,8,"OŠ A. Besednjak, Celjska ul. 11",965,336,0.3482,336,335,1,1.0,192,0.573134,143,0.426866
2817,VE 7000 - MARIBOR,VO 7011 - MARIBOR 7,10,"OŠ A. Besednjak, Celjska ul. 11",791,219,0.2769,219,219,0,1.0,131,0.598174,88,0.401826
2818,VE 7000 - MARIBOR,VO 7011 - MARIBOR 7,11,"MČ Tabor, Metelkova 63",740,233,0.3149,233,233,0,1.0,155,0.665236,78,0.334764
2819,VE 7000 - MARIBOR,VO 7011 - MARIBOR 7,13,"OŠ borcev za sev. mejo, Borcev za sev. mejo 16",1520,527,0.3467,527,526,1,1.0,302,0.574144,224,0.425856
2820,VE 7000 - MARIBOR,VO 7011 - MARIBOR 7,15,"OŠ S. Klavore, Štrekljeva ul. 31",972,286,0.2942,286,284,2,1.0,160,0.56338,124,0.43662
2821,VE 7000 - MARIBOR,VO 7011 - MARIBOR 7,17,"OŠ S. Klavore, Štrekljeva ul. 31",1247,453,0.3633,453,448,5,1.0,257,0.573661,191,0.426339
2822,VE 7000 - MARIBOR,VO 7011 - MARIBOR 7,19,"OŠ M. Konšak, Prekmurska ul. 67",702,218,0.3105,218,218,0,1.0,109,0.5,109,0.5
2823,VE 7000 - MARIBOR,VO 7011 - MARIBOR 7,20,"OŠ M. Konšak, Prekmurska ul. 67",934,245,0.2623,245,244,1,1.0,130,0.532787,114,0.467213
2824,VE 7000 - MARIBOR,VO 7011 - MARIBOR 7,901,Predčasno glasovanje,0,234,0.0,234,234,0,1.0,161,0.688034,73,0.311966
2825,VE 7000 - MARIBOR,VO 7011 - MARIBOR 7,997,Po pošti v Sloveniji OVK,0,0,0.0,0,0,0,,0,0.0,0,0.0
2826,VE 7000 - MARIBOR,VO 7011 - MARIBOR 7,998,Po pošti v tujini OVK,0,0,0.0,0,0,0,,0,0.0,0,0.0
2827,VE 7000 - MARIBOR,VO 7011 - MARIBOR 7,999,Posebni volilni imenik,1232,0,0.0,0,0,0,,0,0.0,0,0.0
2828,VE 8000 - PTUJ,VO 8000 - PTUJ,9708000,OMNIA od: 8000,0,0,0.0,0,0,0,,0,0.0,0,0.0
2829,VE 8000 - PTUJ,VO 8000 - PTUJ,9978000,Po pošti v Sloveniji VKVE,0,22,0.0,22,20,2,1.0,11,0.55,9,0.45
2830,VE 8000 - PTUJ,VO 8000 - PTUJ,9988000,Po pošti v tujini VKVE,0,14,0.0,14,14,0,1.0,8,0.571429,6,0.428571
2831,VE 8000 - PTUJ,VO 8001 - LENDAVA,1,"Center za zaščito in reševanje,Velika Polana 109a",710,248,0.3493,248,248,0,1.0,83,0.334677,165,0.665323
2832,VE 8000 - PTUJ,VO 8001 - LENDAVA,2,"Medgeneracijski center (Bukovje),Mala Polana 42",279,146,0.5233,146,145,1,1.0,32,0.22069,113,0.77931
2833,VE 8000 - PTUJ,VO 8001 - LENDAVA,3,"Medgeneracijski center, Brezovica 47a",169,68,0.4024,68,68,0,1.0,14,0.205882,54,0.794118
2834,VE 8000 - PTUJ,VO 8001 - LENDAVA,4,"Črenšovci I,Kulturna dvorana, Ul. Prekm. čete 23",408,168,0.4118,168,168,0,1.0,60,0.357143,108,0.642857
2835,VE 8000 - PTUJ,VO 8001 - LENDAVA,5,"Vaški dom Trnje, Trnje 46",468,182,0.3889,182,182,0,1.0,42,0.230769,140,0.769231
2836,VE 8000 - PTUJ,VO 8001 - LENDAVA,6,"Vaški dom Žižki, Žižki 48b",450,199,0.4422,199,199,0,1.0,69,0.346734,130,0.653266
2837,VE 8000 - PTUJ,VO 8001 - LENDAVA,7,"Gasilski muzej PGD, Dolnja Bistrica 72c ",471,165,0.3503,165,163,2,1.0,55,0.337423,108,0.662577
2838,VE 8000 - PTUJ,VO 8001 - LENDAVA,8,"Gasilski dom, Srednja Bistrica 52a",384,143,0.3724,143,143,0,1.0,50,0.34965,93,0.65035
2839,VE 8000 - PTUJ,VO 8001 - LENDAVA,9,"Gasilski dom, Gornja Bistica 116a",586,215,0.3669,215,214,1,1.0,77,0.359813,137,0.640187
2840,VE 8000 - PTUJ,VO 8001 - LENDAVA,10,"Športno medgeneracijski center, Kobilje 16a",439,201,0.4579,201,200,1,1.0,65,0.325,135,0.675
2841,VE 8000 - PTUJ,VO 8001 - LENDAVA,11,"Zadružni dom, Pince Marof 30",61,19,0.3115,19,19,0,1.0,14,0.736842,5,0.263158
2842,VE 8000 - PTUJ,VO 8001 - LENDAVA,12,"Gasilski dom, Pince, Lendavska cesta 45",162,43,0.2654,43,41,2,1.0,8,0.195122,33,0.804878
2843,VE 8000 - PTUJ,VO 8001 - LENDAVA,13,"Vaško-gasilski dom Dolina, Dolina,Glavna ul.29",272,87,0.3199,87,87,0,1.0,31,0.356322,56,0.643678
2844,VE 8000 - PTUJ,VO 8001 - LENDAVA,14,"Vaški dom Čentiba, Čentiba, Glavna ul.92",650,215,0.3308,215,215,0,1.0,85,0.395349,130,0.604651
2845,VE 8000 - PTUJ,VO 8001 - LENDAVA,15,"Petišovci I, gasilski dom, Rudarska ul. 24",462,135,0.2922,135,135,0,1.0,65,0.481481,70,0.518519
2846,VE 8000 - PTUJ,VO 8001 - LENDAVA,16,"Petišovci II, gasilski dom, Rudarska ul. 24",143,44,0.3077,44,44,0,1.0,27,0.613636,17,0.386364
2847,VE 8000 - PTUJ,VO 8001 - LENDAVA,17,"Večnam. objekt, Lendavske Gorice 222 (vaški dom)",551,175,0.3176,175,174,1,1.0,104,0.597701,70,0.402299
2848,VE 8000 - PTUJ,VO 8001 - LENDAVA,18,"Večnam. objekt, Lendavske Gorice 222 (vaški dom)",269,63,0.2342,63,63,0,1.0,27,0.428571,36,0.571429
2849,VE 8000 - PTUJ,VO 8001 - LENDAVA,19,"Vaški dom Dolga vas, Opekarniška c.2",506,129,0.2549,129,129,0,1.0,60,0.465116,69,0.534884
2850,VE 8000 - PTUJ,VO 8001 - LENDAVA,20,"Vaški dom Trimlini, Trimlini 33",248,98,0.3952,98,98,0,1.0,61,0.622449,37,0.377551
2851,VE 8000 - PTUJ,VO 8001 - LENDAVA,21,"Lendava I - DOŠ I Lendava, Kranjčeva ulica 44",649,194,0.2989,194,194,0,1.0,117,0.603093,77,0.396907
2852,VE 8000 - PTUJ,VO 8001 - LENDAVA,22,"Lendava II-Center za zaš. in reševanje,Glavna u.96",638,177,0.2774,177,177,0,1.0,76,0.429379,101,0.570621
2853,VE 8000 - PTUJ,VO 8001 - LENDAVA,23,"Lendava III-Dvoj. srednja šola, Kolodvorska ul. 2e",806,218,0.2705,218,218,0,1.0,121,0.555046,97,0.444954
2854,VE 8000 - PTUJ,VO 8001 - LENDAVA,24,"Mostje - NK Mostje, Mostje brez hš.",335,86,0.2567,86,86,0,1.0,36,0.418605,50,0.581395
2855,VE 8000 - PTUJ,VO 8001 - LENDAVA,25,"DOŠ, Genterovci, Šolska ul.2",138,41,0.2971,41,41,0,1.0,26,0.634146,15,0.365854
2856,VE 8000 - PTUJ,VO 8001 - LENDAVA,26,"Vaški dom Kamovci, Kamovci 53",83,29,0.3494,29,29,0,1.0,12,0.413793,17,0.586207
2857,VE 8000 - PTUJ,VO 8001 - LENDAVA,27,"Vaško gasilski dom Žitkovci, Žitkovci 32",85,33,0.3882,33,33,0,1.0,11,0.333333,22,0.666667
2858,VE 8000 - PTUJ,VO 8001 - LENDAVA,28,"Gasilski dom, Radmožanci 39a",179,48,0.2682,48,48,0,1.0,6,0.125,42,0.875
2859,VE 8000 - PTUJ,VO 8001 - LENDAVA,29,"Vaško gasilski dom Strehovci, Strehovci 29",173,91,0.526,91,90,1,1.0,30,0.333333,60,0.666667
2860,VE 8000 - PTUJ,VO 8001 - LENDAVA,30,"Dobrovnik I - kulturni dom, Dobrovnik 297",250,83,0.332,83,81,2,1.0,34,0.419753,47,0.580247
2861,VE 8000 - PTUJ,VO 8001 - LENDAVA,31,"Stara šola Gornji Lakoš, G.Lakoš,Glavna ul.61",300,113,0.3767,113,113,0,1.0,50,0.442478,63,0.557522
2862,VE 8000 - PTUJ,VO 8001 - LENDAVA,32,"Vaški dom, Dolnji Lakoš, Gasilska ul. 1",191,77,0.4031,77,77,0,1.0,25,0.324675,52,0.675325
2863,VE 8000 - PTUJ,VO 8001 - LENDAVA,33,"Vaški dom Gaberje, Gaberje, Glavna ul.52",398,131,0.3291,131,131,0,1.0,48,0.366412,83,0.633588
2864,VE 8000 - PTUJ,VO 8001 - LENDAVA,34,"Stara šola Kapca, Kapca, Glavna ul.6",355,140,0.3944,140,139,1,1.0,48,0.345324,91,0.654676
2865,VE 8000 - PTUJ,VO 8001 - LENDAVA,35,"Vaški dom Kot, Kot, Mlinska ulica 21",89,46,0.5169,46,46,0,1.0,12,0.26087,34,0.73913
2866,VE 8000 - PTUJ,VO 8001 - LENDAVA,36,"Zadružni dom Hotiza, Hotiza, Petrova ul. 30",635,237,0.3732,237,237,0,1.0,91,0.383966,146,0.616034
2867,VE 8000 - PTUJ,VO 8001 - LENDAVA,37,"Odranci I, Vaški dom Odranci, Panonska ul.33",455,151,0.3319,151,151,0,1.0,31,0.205298,120,0.794702
2868,VE 8000 - PTUJ,VO 8001 - LENDAVA,38,"Odranci II, Vaški dom Odranci, Panonska ul.33",405,140,0.3457,140,140,0,1.0,33,0.235714,107,0.764286
2869,VE 8000 - PTUJ,VO 8001 - LENDAVA,39,"Odranci III, Vaški dom Odranci, Panonska ul.33",445,154,0.3461,154,154,0,1.0,43,0.279221,111,0.720779
2870,VE 8000 - PTUJ,VO 8001 - LENDAVA,40,"Vaško,kulturni in gasil.dom Gomilica, Gomilica 49",497,182,0.3662,182,182,0,1.0,50,0.274725,132,0.725275
2871,VE 8000 - PTUJ,VO 8001 - LENDAVA,41,"Vaško gasilski dom Nedelica, Nedelica 132",446,170,0.3812,170,170,0,1.0,44,0.258824,126,0.741176
2872,VE 8000 - PTUJ,VO 8001 - LENDAVA,42,"Vaško gasilski dom Renkovci, Renkovci 68",492,235,0.4776,235,235,0,1.0,69,0.293617,166,0.706383
2873,VE 8000 - PTUJ,VO 8001 - LENDAVA,43,"Turnišče I, Občina Turnišče, Ul. Št. Kovača 73",626,225,0.3594,225,223,2,1.0,76,0.340807,147,0.659193
2874,VE 8000 - PTUJ,VO 8001 - LENDAVA,44,"Dobrovnik II, DOŠ Dobrovnik,Dobrovnik 266j",523,157,0.3002,157,157,0,1.0,65,0.414013,92,0.585987
2875,VE 8000 - PTUJ,VO 8001 - LENDAVA,45,"Benica, zadružni dom, Pince Marof 30",56,21,0.375,21,20,1,1.0,14,0.7,6,0.3
2876,VE 8000 - PTUJ,VO 8001 - LENDAVA,46,"Črenšovci II,Kulturna dvorana, Ul. Prekm. čete 23",515,172,0.334,172,172,0,1.0,64,0.372093,108,0.627907
2877,VE 8000 - PTUJ,VO 8001 - LENDAVA,47,"Turnišče II,OŠ Turnišče,Turnišče,Prešernova ul.2",569,209,0.3673,209,209,0,1.0,95,0.454545,114,0.545455
2878,VE 8000 - PTUJ,VO 8001 - LENDAVA,901,Predčasno glasovanje,0,157,0.0,157,157,0,1.0,108,0.687898,49,0.312102
2879,VE 8000 - PTUJ,VO 8001 - LENDAVA,970,OMNIA od: 8001,0,17,0.0,17,17,0,1.0,11,0.647059,6,0.352941
2880,VE 8000 - PTUJ,VO 8001 - LENDAVA,997,Po pošti v Sloveniji OVK,0,12,0.0,12,12,0,1.0,1,0.083333,11,0.916667
2881,VE 8000 - PTUJ,VO 8001 - LENDAVA,998,Po pošti v tujini OVK,0,0,0.0,0,0,0,,0,0.0,0,0.0
2882,VE 8000 - PTUJ,VO 8001 - LENDAVA,999,Posebni volilni imenik,3152,0,0.0,0,0,0,,0,0.0,0,0.0
2883,VE 8000 - PTUJ,VO 8002 - ORMOŽ,1,"Šola Runeč, Runeč 26",215,80,0.3721,80,80,0,1.0,31,0.3875,49,0.6125
2884,VE 8000 - PTUJ,VO 8002 - ORMOŽ,3,"Mlakar Franc, Pavlovski Vrh 1",174,48,0.2759,48,48,0,1.0,17,0.354167,31,0.645833
2885,VE 8000 - PTUJ,VO 8002 - ORMOŽ,4,"KS Ivanjkovci, Ivanjkovci 1",582,207,0.3557,207,207,0,1.0,108,0.521739,99,0.478261
2886,VE 8000 - PTUJ,VO 8002 - ORMOŽ,5,"Petek Nives, Cerovec Stanka Vraza 31",99,36,0.3636,36,36,0,1.0,25,0.694444,11,0.305556
2887,VE 8000 - PTUJ,VO 8002 - ORMOŽ,6,"GD Žerovinci, Žerovinci 7",253,99,0.3913,99,99,0,1.0,50,0.505051,49,0.494949
2888,VE 8000 - PTUJ,VO 8002 - ORMOŽ,7,"Trstenjak Marija, Lahonci 1",269,70,0.2602,70,70,0,1.0,31,0.442857,39,0.557143
2889,VE 8000 - PTUJ,VO 8002 - ORMOŽ,8,"Gorjak Zorica, Stanovno 47",170,87,0.5118,87,85,2,1.0,36,0.423529,49,0.576471
2890,VE 8000 - PTUJ,VO 8002 - ORMOŽ,9,"GD Trnovci, Trnovci 4",378,153,0.4048,153,153,0,1.0,41,0.267974,112,0.732026
2891,VE 8000 - PTUJ,VO 8002 - ORMOŽ,10,"GD Ključarovci, Spodnji Ključarovci 13",274,113,0.4124,113,113,0,1.0,31,0.274336,82,0.725664
2892,VE 8000 - PTUJ,VO 8002 - ORMOŽ,11,"GD Pršetinci, Pršetinci 24",131,58,0.4427,58,58,0,1.0,27,0.465517,31,0.534483
2893,VE 8000 - PTUJ,VO 8002 - ORMOŽ,12,"GD Koračice, Koračice 15",134,56,0.4179,56,56,0,1.0,14,0.25,42,0.75
2894,VE 8000 - PTUJ,VO 8002 - ORMOŽ,13,"DK Sveti Tomaž, Sveti Tomaž 44",616,232,0.3766,232,230,2,1.0,89,0.386957,141,0.613043
2895,VE 8000 - PTUJ,VO 8002 - ORMOŽ,14,"GD Savci, Savci 68",248,112,0.4516,112,110,2,1.0,38,0.345455,72,0.654545
2896,VE 8000 - PTUJ,VO 8002 - ORMOŽ,15,"GD Vitan, Vitan 4",181,61,0.337,61,61,0,1.0,20,0.327869,41,0.672131
2897,VE 8000 - PTUJ,VO 8002 - ORMOŽ,16,"KS Kog, Kog 7",435,123,0.2828,123,123,0,1.0,50,0.406504,73,0.593496
2898,VE 8000 - PTUJ,VO 8002 - ORMOŽ,17,"Balažic Marijana, Gomila pri Kogu 25",123,41,0.3333,41,41,0,1.0,13,0.317073,28,0.682927
2899,VE 8000 - PTUJ,VO 8002 - ORMOŽ,18,"Janežič Avgust, Veliki Brebrovnik 41",162,68,0.4198,68,68,0,1.0,33,0.485294,35,0.514706
2900,VE 8000 - PTUJ,VO 8002 - ORMOŽ,19,"GVD Hermanci, Hermanci 55a",200,64,0.32,64,64,0,1.0,19,0.296875,45,0.703125
2901,VE 8000 - PTUJ,VO 8002 - ORMOŽ,20,"DK Miklavž pri Ormožu, Miklavž pri Ormožu 35",581,203,0.3494,203,201,2,1.0,86,0.427861,115,0.572139
2902,VE 8000 - PTUJ,VO 8002 - ORMOŽ,22,"OŠ Središče ob Dravi, Slovenska c. 22",792,312,0.3939,312,312,0,1.0,156,0.5,156,0.5
2903,VE 8000 - PTUJ,VO 8002 - ORMOŽ,23,"ČD Grabe, Grabe 31",97,53,0.5464,53,53,0,1.0,28,0.528302,25,0.471698
2904,VE 8000 - PTUJ,VO 8002 - ORMOŽ,24,"Brunarica RD Godeninci, Godeninci bš",106,38,0.3585,38,38,0,1.0,9,0.236842,29,0.763158
2905,VE 8000 - PTUJ,VO 8002 - ORMOŽ,25,"DK Obrež, Obrež 85",400,136,0.34,136,135,1,1.0,51,0.377778,84,0.622222
2906,VE 8000 - PTUJ,VO 8002 - ORMOŽ,26,"Zajc Jože, Šalovci 12",152,61,0.4013,61,61,0,1.0,12,0.196721,49,0.803279
2907,VE 8000 - PTUJ,VO 8002 - ORMOŽ,27,"VD Lešnica, Lešnica 20a",198,52,0.2626,52,52,0,1.0,11,0.211538,41,0.788462
2908,VE 8000 - PTUJ,VO 8002 - ORMOŽ,28,"Bogša Ivan, Litmerk 15b",127,50,0.3937,50,50,0,1.0,17,0.34,33,0.66
2909,VE 8000 - PTUJ,VO 8002 - ORMOŽ,29,"VD Dobrava, Dobrava 17b",102,46,0.451,46,46,0,1.0,20,0.434783,26,0.565217
2910,VE 8000 - PTUJ,VO 8002 - ORMOŽ,30,"GD Hardek, Hardek 15",233,109,0.4678,109,109,0,1.0,65,0.59633,44,0.40367
2911,VE 8000 - PTUJ,VO 8002 - ORMOŽ,31,"Kralj Ludvik, Pavlovci 28",177,65,0.3672,65,65,0,1.0,27,0.415385,38,0.584615
2912,VE 8000 - PTUJ,VO 8002 - ORMOŽ,32,"Stara šola Hum, Hum pri Ormožu 1",249,91,0.3655,91,90,1,1.0,40,0.444444,50,0.555556
2913,VE 8000 - PTUJ,VO 8002 - ORMOŽ,33,"GD Loperšice, Loperšice 3",148,55,0.3716,55,55,0,1.0,23,0.418182,32,0.581818
2914,VE 8000 - PTUJ,VO 8002 - ORMOŽ,34,"VD Frankovci, Frankovci 26a",137,76,0.5547,76,76,0,1.0,42,0.552632,34,0.447368
2915,VE 8000 - PTUJ,VO 8002 - ORMOŽ,35,"VD Pušenci, Pušenci 27a",196,85,0.4337,85,85,0,1.0,49,0.576471,36,0.423529
2916,VE 8000 - PTUJ,VO 8002 - ORMOŽ,36,"DD Ormož, Ljutomerska c. 30",496,217,0.4375,217,217,0,1.0,113,0.520737,104,0.479263
2917,VE 8000 - PTUJ,VO 8002 - ORMOŽ,37,"DK Ormož, Skolibrova ul. 17",616,198,0.3214,198,198,0,1.0,128,0.646465,70,0.353535
2918,VE 8000 - PTUJ,VO 8002 - ORMOŽ,38,"Dom MZU Ormož, Ul. dr. Hrovata 8",406,137,0.3374,137,137,0,1.0,88,0.642336,49,0.357664
2919,VE 8000 - PTUJ,VO 8002 - ORMOŽ,39,"Leben Miran, Hajndl 1",120,56,0.4667,56,56,0,1.0,34,0.607143,22,0.392857
2920,VE 8000 - PTUJ,VO 8002 - ORMOŽ,40,"GD Velika Nedelja, Velika Nedelja 8a",433,178,0.4111,178,177,1,1.0,84,0.474576,93,0.525424
2921,VE 8000 - PTUJ,VO 8002 - ORMOŽ,41,"GD Senešci, Senešci 9",413,159,0.385,159,158,1,1.0,39,0.246835,119,0.753165
2922,VE 8000 - PTUJ,VO 8002 - ORMOŽ,42,"Cimerman Janko, Šardinje 54a",196,69,0.352,69,69,0,1.0,18,0.26087,51,0.73913
2923,VE 8000 - PTUJ,VO 8002 - ORMOŽ,43,"GD Trgovišče, Trgovišče 31",163,95,0.5828,95,94,1,1.0,27,0.287234,67,0.712766
2924,VE 8000 - PTUJ,VO 8002 - ORMOŽ,44,"Bombekova hiša, Velika Nedelja 10",302,123,0.4073,123,122,1,1.0,53,0.434426,69,0.565574
2925,VE 8000 - PTUJ,VO 8002 - ORMOŽ,45,"Vesenjak Mihaela, Vičanci 10",221,59,0.267,59,59,0,1.0,18,0.305085,41,0.694915
2926,VE 8000 - PTUJ,VO 8002 - ORMOŽ,46,"GD Cvetkovci, Cvetkovci bš",377,160,0.4244,160,160,0,1.0,33,0.20625,127,0.79375
2927,VE 8000 - PTUJ,VO 8002 - ORMOŽ,47,"VD Osluševci, Osluševci 20",175,92,0.5257,92,92,0,1.0,27,0.293478,65,0.706522
2928,VE 8000 - PTUJ,VO 8002 - ORMOŽ,48,"KS Podgorci, Podgorci 23b",421,166,0.3943,166,166,0,1.0,59,0.355422,107,0.644578
2929,VE 8000 - PTUJ,VO 8002 - ORMOŽ,49,"GD Bresnica, Bresnica 19",242,102,0.4215,102,102,0,1.0,31,0.303922,71,0.696078
2930,VE 8000 - PTUJ,VO 8002 - ORMOŽ,50,"Megla Albin, Strjanci 19",111,48,0.4324,48,48,0,1.0,9,0.1875,39,0.8125
2931,VE 8000 - PTUJ,VO 8002 - ORMOŽ,901,Predčasno glasovanje,0,173,0.0,173,173,0,1.0,91,0.526012,82,0.473988
2932,VE 8000 - PTUJ,VO 8002 - ORMOŽ,970,OMNIA od: 8002,0,22,0.0,22,22,0,1.0,9,0.409091,13,0.590909
2933,VE 8000 - PTUJ,VO 8002 - ORMOŽ,997,Po pošti v Sloveniji OVK,0,0,0.0,0,0,0,,0,0.0,0,0.0
2934,VE 8000 - PTUJ,VO 8002 - ORMOŽ,998,Po pošti v tujini OVK,0,0,0.0,0,0,0,,0,0.0,0,0.0
2935,VE 8000 - PTUJ,VO 8002 - ORMOŽ,999,Posebni volilni imenik,1033,0,0.0,0,0,0,,0,0.0,0,0.0
2936,VE 8000 - PTUJ,VO 8003 - LJUTOMER,1,"Cezanjevci-Gasilski dom, Cezanjevci 46a",307,117,0.3811,117,117,0,1.0,52,0.444444,65,0.555556
2937,VE 8000 - PTUJ,VO 8003 - LJUTOMER,2,"Vogričevci-Gasilski dom,Vogričevci 13a",249,77,0.3092,77,77,0,1.0,28,0.363636,49,0.636364
2938,VE 8000 - PTUJ,VO 8003 - LJUTOMER,3,"Cven-Gasilski dom, Cven 49a",474,188,0.3966,188,188,0,1.0,105,0.558511,83,0.441489
2939,VE 8000 - PTUJ,VO 8003 - LJUTOMER,4,"Mota-Gasilski dom, Mota 16b",276,128,0.4638,128,128,0,1.0,54,0.421875,74,0.578125
2940,VE 8000 - PTUJ,VO 8003 - LJUTOMER,5,"Krapje-Gasilski dom Sp. Krapje, Krapje 43",241,97,0.4025,97,97,0,1.0,29,0.298969,68,0.701031
2941,VE 8000 - PTUJ,VO 8003 - LJUTOMER,6,"Šalinci-Gasilski dom, Šalinci 29",291,143,0.4914,143,143,0,1.0,68,0.475524,75,0.524476
2942,VE 8000 - PTUJ,VO 8003 - LJUTOMER,7,Kulturni dom Križevci pri Ljutomeru 11,840,278,0.331,278,276,2,1.0,140,0.507246,136,0.492754
2943,VE 8000 - PTUJ,VO 8003 - LJUTOMER,8,"Stara Nova vas-Gasilski dom, Stara Nova vas 27a",323,158,0.4892,158,158,0,1.0,58,0.367089,100,0.632911
2944,VE 8000 - PTUJ,VO 8003 - LJUTOMER,9,"Bučečovci-Gasilski dom, Bučečovci 19",252,85,0.3373,85,85,0,1.0,49,0.576471,36,0.423529
2945,VE 8000 - PTUJ,VO 8003 - LJUTOMER,10,"Vučja vas-Gasilski dom, Vučja vas 2",178,59,0.3315,59,59,0,1.0,24,0.40678,35,0.59322
2946,VE 8000 - PTUJ,VO 8003 - LJUTOMER,11,"Trgovina MS, Ključarovci pri Ljutomeru 19",380,151,0.3974,151,151,0,1.0,75,0.496689,76,0.503311
2947,VE 8000 - PTUJ,VO 8003 - LJUTOMER,12,"Lukavci-Gasilski dom, Lukavci 8",318,119,0.3742,119,118,1,1.0,49,0.415254,69,0.584746
2948,VE 8000 - PTUJ,VO 8003 - LJUTOMER,13,"Ljutomer-Dom kulture, Prešernova ulica 20",942,367,0.3896,367,365,2,1.0,195,0.534247,170,0.465753
2949,VE 8000 - PTUJ,VO 8003 - LJUTOMER,14,"Ljutomer-Gimnazija F.Miklošiča, Prešernova ul. 34",519,205,0.395,205,204,1,1.0,109,0.534314,95,0.465686
2950,VE 8000 - PTUJ,VO 8003 - LJUTOMER,15,"Ljutomer-Dom upokojencev, Ormoška cesta 33",1060,406,0.383,406,404,2,1.0,205,0.507426,199,0.492574
2951,VE 8000 - PTUJ,VO 8003 - LJUTOMER,16,"Babinci/Noršinci-Gasilski dom Babinci, Babinci 20",394,156,0.3959,156,155,1,1.0,70,0.451613,85,0.548387
2952,VE 8000 - PTUJ,VO 8003 - LJUTOMER,17,"Sp. Kamenščak-Gasillski dom, Sp. Kamenščak 35f",323,124,0.3839,124,124,0,1.0,77,0.620968,47,0.379032
2953,VE 8000 - PTUJ,VO 8003 - LJUTOMER,18,"Logarovci-bivša KS, Logarovci 22",477,164,0.3438,164,164,0,1.0,80,0.487805,84,0.512195
2954,VE 8000 - PTUJ,VO 8003 - LJUTOMER,19,"Mala Nedelja-Kulturni dom, Mala Nedelja 21",626,172,0.2748,172,171,1,1.0,63,0.368421,108,0.631579
2955,VE 8000 - PTUJ,VO 8003 - LJUTOMER,20,"Moravci v Sl.gor.-Bioterme, Moravci v Sl. gor.34b",303,86,0.2838,86,86,0,1.0,35,0.406977,51,0.593023
2956,VE 8000 - PTUJ,VO 8003 - LJUTOMER,21,"Radoslavci-Gasilski dom, Radoslavci 15c",459,155,0.3377,155,154,1,1.0,66,0.428571,88,0.571429
2957,VE 8000 - PTUJ,VO 8003 - LJUTOMER,22,"Radomerje-Gasilski dom, Radomerje 2",560,189,0.3375,189,189,0,1.0,94,0.497354,95,0.502646
2958,VE 8000 - PTUJ,VO 8003 - LJUTOMER,23,"Šafarsko-Dom kulture, Šafarsko 42",614,225,0.3664,225,225,0,1.0,73,0.324444,152,0.675556
2959,VE 8000 - PTUJ,VO 8003 - LJUTOMER,24,"Veščica-Gostilna Marinka,Veščica 5",372,159,0.4274,159,159,0,1.0,50,0.314465,109,0.685535
2960,VE 8000 - PTUJ,VO 8003 - LJUTOMER,25,"Stara cesta-Gasilski dom Mekotnjak, Mekotnjak 29",518,172,0.332,172,171,1,1.0,72,0.421053,99,0.578947
2961,VE 8000 - PTUJ,VO 8003 - LJUTOMER,26,"Stročja vas-Osnovna šola, Stročja vas 101",794,271,0.3413,271,270,1,1.0,125,0.462963,145,0.537037
2962,VE 8000 - PTUJ,VO 8003 - LJUTOMER,27,"Pristava-Gasilski dom, Pristava 30d",195,67,0.3436,67,67,0,1.0,34,0.507463,33,0.492537
2963,VE 8000 - PTUJ,VO 8003 - LJUTOMER,28,"Podgradje-Gasilski dom, Podgradje 17",502,188,0.3745,188,188,0,1.0,77,0.409574,111,0.590426
2964,VE 8000 - PTUJ,VO 8003 - LJUTOMER,29,"Veržej-Občina Veržej, Ul. bratstva in enotnosti 8",1112,463,0.4164,462,462,0,1.0,209,0.452381,253,0.547619
2965,VE 8000 - PTUJ,VO 8003 - LJUTOMER,901,Predčasno glasovanje,0,143,0.0,143,142,1,1.0,74,0.521127,68,0.478873
2966,VE 8000 - PTUJ,VO 8003 - LJUTOMER,970,OMNIA od: 8003,0,17,0.0,17,17,0,1.0,7,0.411765,10,0.588235
2967,VE 8000 - PTUJ,VO 8003 - LJUTOMER,997,Po pošti v Sloveniji OVK,0,0,0.0,0,0,0,,0,0.0,0,0.0
2968,VE 8000 - PTUJ,VO 8003 - LJUTOMER,998,Po pošti v tujini OVK,0,0,0.0,0,0,0,,0,0.0,0,0.0
2969,VE 8000 - PTUJ,VO 8003 - LJUTOMER,999,Posebni volilni imenik,1185,0,0.0,0,0,0,,0,0.0,0,0.0
2970,VE 8000 - PTUJ,VO 8004 - MURSKA SOBOTA 1,1,"Vaško-gasilski dom Cankova, Cankova 30a",379,167,0.4406,167,167,0,1.0,64,0.383234,103,0.616766
2971,VE 8000 - PTUJ,VO 8004 - MURSKA SOBOTA 1,2,"Vaško-gasilski dom Domajinci, Domajinci 19a",178,72,0.4045,72,71,1,1.0,21,0.295775,50,0.704225
2972,VE 8000 - PTUJ,VO 8004 - MURSKA SOBOTA 1,3,"Vaško-gasilski dom Gerlinci, Gerlinci 26",266,110,0.4135,110,110,0,1.0,38,0.345455,72,0.654545
2973,VE 8000 - PTUJ,VO 8004 - MURSKA SOBOTA 1,4,"Vaško-gasilski dom Korovci, Korovci 25",153,67,0.4379,67,67,0,1.0,23,0.343284,44,0.656716
2974,VE 8000 - PTUJ,VO 8004 - MURSKA SOBOTA 1,5,"Gasilsko-vaški dom Krašči, Krašči 69",205,64,0.3122,64,63,1,1.0,17,0.269841,46,0.730159
2975,VE 8000 - PTUJ,VO 8004 - MURSKA SOBOTA 1,6,"Vaško-gasilski dom Gornji Črnci, Gornji Črnci 11",109,38,0.3486,38,38,0,1.0,13,0.342105,25,0.657895
2976,VE 8000 - PTUJ,VO 8004 - MURSKA SOBOTA 1,7,"Gasilsko-vaški dom Skakovci, Skakovci 47",172,49,0.2849,49,49,0,1.0,15,0.306122,34,0.693878
2977,VE 8000 - PTUJ,VO 8004 - MURSKA SOBOTA 1,8,"Vaško-kulturni dom Topolovci, Topolovci b.š.",49,25,0.5102,25,25,0,1.0,7,0.28,18,0.72
2978,VE 8000 - PTUJ,VO 8004 - MURSKA SOBOTA 1,9,"Vaško-gasilski dom Tišina, Tišina 47",346,171,0.4942,171,171,0,1.0,81,0.473684,90,0.526316
2979,VE 8000 - PTUJ,VO 8004 - MURSKA SOBOTA 1,10,"Vaško-gasilski dom Borejci, Borejci 49",185,72,0.3892,72,71,1,1.0,38,0.535211,33,0.464789
2980,VE 8000 - PTUJ,VO 8004 - MURSKA SOBOTA 1,11,"Športno rekreacijski center Gradišče,Gradišče 62b",260,122,0.4692,122,120,2,1.0,70,0.583333,50,0.416667
2981,VE 8000 - PTUJ,VO 8004 - MURSKA SOBOTA 1,12,"Vaško-gasilski dom Murski Črnci, Murski Črnci 43",384,151,0.3932,151,149,2,1.0,68,0.456376,81,0.543624
2982,VE 8000 - PTUJ,VO 8004 - MURSKA SOBOTA 1,13,"Vaško-gasilski dom Petanjci, Petanjci 65",540,226,0.4185,226,224,2,1.0,84,0.375,140,0.625
2983,VE 8000 - PTUJ,VO 8004 - MURSKA SOBOTA 1,14,"Vaško-gasilski dom Rankovci, Rankovci 33",205,88,0.4293,88,88,0,1.0,22,0.25,66,0.75
2984,VE 8000 - PTUJ,VO 8004 - MURSKA SOBOTA 1,15,"Vaško-gasilski dom Tropovci, Kolesarska ulica 64",386,154,0.399,154,154,0,1.0,63,0.409091,91,0.590909
2985,VE 8000 - PTUJ,VO 8004 - MURSKA SOBOTA 1,16,"Vaško-gasilski dom Vanča vas, Vanča vas 43b",396,96,0.2424,96,95,1,1.0,41,0.431579,54,0.568421
2986,VE 8000 - PTUJ,VO 8004 - MURSKA SOBOTA 1,17,"Vaško-gasilski dom Gederovci, Gederovci b.š.",147,48,0.3265,48,48,0,1.0,20,0.416667,28,0.583333
2987,VE 8000 - PTUJ,VO 8004 - MURSKA SOBOTA 1,18,"Vaško-gasilski dom Krajna, Krajna 25",223,103,0.4619,103,103,0,1.0,43,0.417476,60,0.582524
2988,VE 8000 - PTUJ,VO 8004 - MURSKA SOBOTA 1,19,"Vaško-gasilski dom Mur.Petrovci, Mur. Petrovci 24",108,43,0.3981,43,43,0,1.0,23,0.534884,20,0.465116
2989,VE 8000 - PTUJ,VO 8004 - MURSKA SOBOTA 1,20,"Vaško-gasilski dom Sodišinci, Sodišinci b.š.",176,86,0.4886,86,86,0,1.0,33,0.383721,53,0.616279
2990,VE 8000 - PTUJ,VO 8004 - MURSKA SOBOTA 1,21,"Vaško-gasilski dom Križevci, Križevci 153b",305,88,0.2885,88,88,0,1.0,45,0.511364,43,0.488636
2991,VE 8000 - PTUJ,VO 8004 - MURSKA SOBOTA 1,22,"Športni center Košarovci, Košarovci b.š.",48,17,0.3542,17,17,0,1.0,6,0.352941,11,0.647059
2992,VE 8000 - PTUJ,VO 8004 - MURSKA SOBOTA 1,23,"Vaško-gasilski dom Kukeč, Kukeč 21",50,14,0.28,14,14,0,1.0,9,0.642857,5,0.357143
2993,VE 8000 - PTUJ,VO 8004 - MURSKA SOBOTA 1,24,"Vaško-gasilski dom Panovci, Panovci 31",29,13,0.4483,13,13,0,1.0,8,0.615385,5,0.384615
2994,VE 8000 - PTUJ,VO 8004 - MURSKA SOBOTA 1,25,"Vaška dvorana Gornji Petrovci, Gornji Petrovci 32",342,137,0.4006,137,137,0,1.0,81,0.591241,56,0.408759
2995,VE 8000 - PTUJ,VO 8004 - MURSKA SOBOTA 1,26,"Vaško-gasilski dom Peskovci, Peskovci 30",59,18,0.3051,18,17,1,1.0,3,0.176471,14,0.823529
2996,VE 8000 - PTUJ,VO 8004 - MURSKA SOBOTA 1,27,"Vaško-gasilski dom Šulinci, Šulinci 44",135,69,0.5111,69,68,1,1.0,49,0.720588,19,0.279412
2997,VE 8000 - PTUJ,VO 8004 - MURSKA SOBOTA 1,28,"Vaško-gasilski dom Adrijanci, Adrijanci 53",105,49,0.4667,49,49,0,1.0,24,0.489796,25,0.510204
2998,VE 8000 - PTUJ,VO 8004 - MURSKA SOBOTA 1,29,"Vaško-gasilski dom Boreča, Boreča 31",76,40,0.5263,40,40,0,1.0,8,0.2,32,0.8
2999,VE 8000 - PTUJ,VO 8004 - MURSKA SOBOTA 1,30,"Vaško-gasilski dom Lucova, Lucova 44",97,25,0.2577,25,25,0,1.0,7,0.28,18,0.72
3000,VE 8000 - PTUJ,VO 8004 - MURSKA SOBOTA 1,31,"Vaško-gasilski dom Martinje, Martinje 25",76,31,0.4079,31,31,0,1.0,9,0.290323,22,0.709677
3001,VE 8000 - PTUJ,VO 8004 - MURSKA SOBOTA 1,32,"Vaško-gasilski dom Neradnovci, Neradnovci 63a",120,43,0.3583,43,43,0,1.0,24,0.55814,19,0.44186
3002,VE 8000 - PTUJ,VO 8004 - MURSKA SOBOTA 1,33,"Vaško-gasilski dom Stanjevci, Stanjevci 36a",153,66,0.4314,66,66,0,1.0,26,0.393939,40,0.606061
3003,VE 8000 - PTUJ,VO 8004 - MURSKA SOBOTA 1,34,"Vaško-gasilski dom Ženavlje, Ženavlje 14",77,38,0.4935,38,38,0,1.0,16,0.421053,22,0.578947
3004,VE 8000 - PTUJ,VO 8004 - MURSKA SOBOTA 1,35,"Vaško-gasilski dom Domanjševci, Domanjševci 67",211,53,0.2512,53,53,0,1.0,32,0.603774,21,0.396226
3005,VE 8000 - PTUJ,VO 8004 - MURSKA SOBOTA 1,36,"Zadružni dom Šalovci, Šalovci 162",314,115,0.3662,115,115,0,1.0,62,0.53913,53,0.46087
3006,VE 8000 - PTUJ,VO 8004 - MURSKA SOBOTA 1,38,"Vaški dom Dolenci, Dolenci 31",140,72,0.5143,72,71,1,1.0,27,0.380282,44,0.619718
3007,VE 8000 - PTUJ,VO 8004 - MURSKA SOBOTA 1,39,"Zadružni dom Čepinci, Čepinci 10",208,70,0.3365,70,69,1,1.0,21,0.304348,48,0.695652
3008,VE 8000 - PTUJ,VO 8004 - MURSKA SOBOTA 1,40,"Vaški dom Budinci, Budinci 21",86,32,0.3721,32,32,0,1.0,13,0.40625,19,0.59375
3009,VE 8000 - PTUJ,VO 8004 - MURSKA SOBOTA 1,41,"Vaško-gasilski dom Markovci, Markovci 11a",195,55,0.2821,55,54,1,1.0,21,0.388889,33,0.611111
3010,VE 8000 - PTUJ,VO 8004 - MURSKA SOBOTA 1,42,"Vaško-kulturni dom Hodoš, Hodoš 52",171,51,0.2982,51,51,0,1.0,30,0.588235,21,0.411765
3011,VE 8000 - PTUJ,VO 8004 - MURSKA SOBOTA 1,43,"Vaško-gasilski dom Krplivnik, Krplivnik 30",56,20,0.3571,20,20,0,1.0,13,0.65,7,0.35
3012,VE 8000 - PTUJ,VO 8004 - MURSKA SOBOTA 1,44,"Gasilski dom Grad, Grad 170",498,189,0.3795,189,189,0,1.0,57,0.301587,132,0.698413
3013,VE 8000 - PTUJ,VO 8004 - MURSKA SOBOTA 1,45,"Vaško-gasilski dom Dol.Slaveči, Dol. Slaveči 50",331,93,0.281,93,93,0,1.0,24,0.258065,69,0.741935
3014,VE 8000 - PTUJ,VO 8004 - MURSKA SOBOTA 1,46,"Vaško-gasilski dom Kovačevci, Kovačevci 6a",75,22,0.2933,22,22,0,1.0,4,0.181818,18,0.818182
3015,VE 8000 - PTUJ,VO 8004 - MURSKA SOBOTA 1,47,"Vaško-gasilski dom Kruplivnik, Kruplivnik 10",151,48,0.3179,48,48,0,1.0,18,0.375,30,0.625
3016,VE 8000 - PTUJ,VO 8004 - MURSKA SOBOTA 1,48,"Gasilsko-vaški dom Motovilci, Motovilci 38a",232,94,0.4052,94,93,1,1.0,43,0.462366,50,0.537634
3017,VE 8000 - PTUJ,VO 8004 - MURSKA SOBOTA 1,49,"Gasilski dom Radovci, Radovci 26",151,67,0.4437,67,67,0,1.0,31,0.462687,36,0.537313
3018,VE 8000 - PTUJ,VO 8004 - MURSKA SOBOTA 1,50,"Vaško-gasilski dom Vidonci, Vidonci 82",250,102,0.408,102,102,0,1.0,22,0.215686,80,0.784314
3019,VE 8000 - PTUJ,VO 8004 - MURSKA SOBOTA 1,51,"Gasilski dom Kuzma, Kuzma 24",332,96,0.2892,96,96,0,1.0,28,0.291667,68,0.708333
3020,VE 8000 - PTUJ,VO 8004 - MURSKA SOBOTA 1,52,"Zadružni dom Dolič, Dolič 22",290,91,0.3138,91,91,0,1.0,40,0.43956,51,0.56044
3021,VE 8000 - PTUJ,VO 8004 - MURSKA SOBOTA 1,53,"Gasilski dom Gornji Slaveči, Gornji Slaveči 18",364,145,0.3984,145,145,0,1.0,38,0.262069,107,0.737931
3022,VE 8000 - PTUJ,VO 8004 - MURSKA SOBOTA 1,54,"Gasilski dom Matjaševci, Matjaševci 6",141,60,0.4255,60,60,0,1.0,19,0.316667,41,0.683333
3023,VE 8000 - PTUJ,VO 8004 - MURSKA SOBOTA 1,55,"Gasilski dom Trdkova, Trdkova 22",160,73,0.4562,73,73,0,1.0,17,0.232877,56,0.767123
3024,VE 8000 - PTUJ,VO 8004 - MURSKA SOBOTA 1,56,"Vaško-gasilski dom Martjanci, Martjanci 19",427,197,0.4614,197,197,0,1.0,100,0.507614,97,0.492386
3025,VE 8000 - PTUJ,VO 8004 - MURSKA SOBOTA 1,57,"Vaško-gasilski dom Andrejci, Andrejci 17",177,75,0.4237,75,74,1,1.0,45,0.608108,29,0.391892
3026,VE 8000 - PTUJ,VO 8004 - MURSKA SOBOTA 1,58,"Vaško-gasilski dom Krnci, Krnci 20a",52,23,0.4423,23,23,0,1.0,1,0.043478,22,0.956522
3027,VE 8000 - PTUJ,VO 8004 - MURSKA SOBOTA 1,59,"Vaško-gasilski dom Noršinci, Noršinci 3b",204,87,0.4265,87,87,0,1.0,36,0.413793,51,0.586207
3028,VE 8000 - PTUJ,VO 8004 - MURSKA SOBOTA 1,60,"Vaško-gasilski dom Sebeborci, Sebeborci 45",421,145,0.3444,145,144,1,1.0,70,0.486111,74,0.513889
3029,VE 8000 - PTUJ,VO 8004 - MURSKA SOBOTA 1,61,"Stari gasilski dom Prosenjakovci,Prosenjakovci 21",138,50,0.3623,50,50,0,1.0,11,0.22,39,0.78
3030,VE 8000 - PTUJ,VO 8004 - MURSKA SOBOTA 1,62,"Vaško-gasilski dom Berkovci, Berkovci 13",38,23,0.6053,23,23,0,1.0,13,0.565217,10,0.434783
3031,VE 8000 - PTUJ,VO 8004 - MURSKA SOBOTA 1,63,"Vaško-gasilski dom Čikečka vas,Čikečka vas 20",75,20,0.2667,20,20,0,1.0,12,0.6,8,0.4
3032,VE 8000 - PTUJ,VO 8004 - MURSKA SOBOTA 1,64,"Vaško-gasilski dom Ivanjševci, Ivanjševci 12",33,20,0.6061,20,20,0,1.0,12,0.6,8,0.4
3033,VE 8000 - PTUJ,VO 8004 - MURSKA SOBOTA 1,65,"Vaško-gasilski dom Motvarjevci, Motvarjevci 47",116,46,0.3966,46,45,1,1.0,24,0.533333,21,0.466667
3034,VE 8000 - PTUJ,VO 8004 - MURSKA SOBOTA 1,66,"Vaški dom Pordašinci, Pordašinci 10",29,12,0.4138,12,12,0,1.0,4,0.333333,8,0.666667
3035,VE 8000 - PTUJ,VO 8004 - MURSKA SOBOTA 1,67,"Vaško - gasilski dom Središče, Središče 11",33,18,0.5455,18,18,0,1.0,4,0.222222,14,0.777778
3036,VE 8000 - PTUJ,VO 8004 - MURSKA SOBOTA 1,68,"Vaško-gasilski dom Ratkovci, Ratkovci 20a",47,23,0.4894,23,23,0,1.0,9,0.391304,14,0.608696
3037,VE 8000 - PTUJ,VO 8004 - MURSKA SOBOTA 1,69,"Vaško-gasilski dom Ivanovci, Ivanovci 26a",124,42,0.3387,42,42,0,1.0,33,0.785714,9,0.214286
3038,VE 8000 - PTUJ,VO 8004 - MURSKA SOBOTA 1,70,"Vaško-gasilski dom Kančevci, Kančevci 8a",56,27,0.4821,27,27,0,1.0,19,0.703704,8,0.296296
3039,VE 8000 - PTUJ,VO 8004 - MURSKA SOBOTA 1,71,"Vaško-gasilski dom Lončarovci,Lončarovci 39a",46,25,0.5435,25,25,0,1.0,18,0.72,7,0.28
3040,VE 8000 - PTUJ,VO 8004 - MURSKA SOBOTA 1,72,"Vaško-gasilski dom Selo, Selo 32b",227,69,0.304,69,68,1,1.0,47,0.691176,21,0.308824
3041,VE 8000 - PTUJ,VO 8004 - MURSKA SOBOTA 1,73,"Osnovna šola Fokovci, Fokovci 32",169,68,0.4024,68,68,0,1.0,33,0.485294,35,0.514706
3042,VE 8000 - PTUJ,VO 8004 - MURSKA SOBOTA 1,74,"Podružnična šola Krog, Trubarjeva ul. 77",982,348,0.3544,348,346,2,1.0,142,0.410405,204,0.589595
3043,VE 8000 - PTUJ,VO 8004 - MURSKA SOBOTA 1,75,"Gasilski dom Satahovci, Satahovci 26",223,109,0.4888,109,108,1,1.0,30,0.277778,78,0.722222
3044,VE 8000 - PTUJ,VO 8004 - MURSKA SOBOTA 1,76,"Vaško-gasilski dom Nemčavci, Nemčavci 39d",215,96,0.4465,96,96,0,1.0,70,0.729167,26,0.270833
3045,VE 8000 - PTUJ,VO 8004 - MURSKA SOBOTA 1,77,"Gasilski dom Markišavci, Markišavci 18a",172,91,0.5291,91,90,1,1.0,58,0.644444,32,0.355556
3046,VE 8000 - PTUJ,VO 8004 - MURSKA SOBOTA 1,78,"Gasilski dom Mačkovci, Mačkovci 48a",175,53,0.3029,53,53,0,1.0,36,0.679245,17,0.320755
3047,VE 8000 - PTUJ,VO 8004 - MURSKA SOBOTA 1,79,"Gasilski dom Dankovci, Dankovci 24",116,47,0.4052,47,47,0,1.0,20,0.425532,27,0.574468
3048,VE 8000 - PTUJ,VO 8004 - MURSKA SOBOTA 1,80,"Gasilski dom Kuštanovci, Kuštanovci 10a",133,34,0.2556,34,34,0,1.0,26,0.764706,8,0.235294
3049,VE 8000 - PTUJ,VO 8004 - MURSKA SOBOTA 1,81,"Gasilski dom Moščanci, Moščanci 36a",207,75,0.3623,75,75,0,1.0,46,0.613333,29,0.386667
3050,VE 8000 - PTUJ,VO 8004 - MURSKA SOBOTA 1,82,"Gasilski dom Otovci, Otovci 59",183,80,0.4372,80,80,0,1.0,34,0.425,46,0.575
3051,VE 8000 - PTUJ,VO 8004 - MURSKA SOBOTA 1,83,"Gasilski dom Pečarovci, Pečarovci 91a",328,133,0.4055,133,132,1,1.0,61,0.462121,71,0.537879
3052,VE 8000 - PTUJ,VO 8004 - MURSKA SOBOTA 1,84,"Gasilski dom Poznanovci, Poznanovci 19a",142,51,0.3592,51,51,0,1.0,36,0.705882,15,0.294118
3053,VE 8000 - PTUJ,VO 8004 - MURSKA SOBOTA 1,85,"Gasilski dom Prosečka vas, Prosečka vas 15",97,52,0.5361,52,51,1,1.0,21,0.411765,30,0.588235
3054,VE 8000 - PTUJ,VO 8004 - MURSKA SOBOTA 1,86,"Osnovna šola Puconci, Puconci 178",518,210,0.4054,210,209,1,1.0,128,0.61244,81,0.38756
3055,VE 8000 - PTUJ,VO 8004 - MURSKA SOBOTA 1,87,"Gasilski dom Bokrači, Bokrači 13a",60,23,0.3833,23,23,0,1.0,11,0.478261,12,0.521739
3056,VE 8000 - PTUJ,VO 8004 - MURSKA SOBOTA 1,88,"Gasilski dom Dolina, Dolina 22a",160,44,0.275,44,43,1,1.0,15,0.348837,28,0.651163
3057,VE 8000 - PTUJ,VO 8004 - MURSKA SOBOTA 1,89,"Večnamenski objekt pri igrišču, Gorica b.š.",234,79,0.3376,79,79,0,1.0,36,0.455696,43,0.544304
3058,VE 8000 - PTUJ,VO 8004 - MURSKA SOBOTA 1,90,"Gasilski dom Šalamenci, Šalamenci 34a",245,96,0.3918,96,96,0,1.0,40,0.416667,56,0.583333
3059,VE 8000 - PTUJ,VO 8004 - MURSKA SOBOTA 1,91,"Gasilski dom Vaneča, Vaneča 58b",428,149,0.3481,149,148,1,1.0,92,0.621622,56,0.378378
3060,VE 8000 - PTUJ,VO 8004 - MURSKA SOBOTA 1,92,"Gasilski dom Brezovci, Brezovci 50",199,94,0.4724,94,94,0,1.0,57,0.606383,37,0.393617
3061,VE 8000 - PTUJ,VO 8004 - MURSKA SOBOTA 1,93,"Gasilski dom Lemerje, Lemerje 56a",219,78,0.3562,78,78,0,1.0,49,0.628205,29,0.371795
3062,VE 8000 - PTUJ,VO 8004 - MURSKA SOBOTA 1,94,"Gasilski dom Predanovci, Predanovci 43",153,68,0.4444,68,66,2,1.0,34,0.515152,32,0.484848
3063,VE 8000 - PTUJ,VO 8004 - MURSKA SOBOTA 1,95,"Gasilski dom Bodonci, Bodonci 77a",367,126,0.3433,126,123,3,1.0,58,0.471545,65,0.528455
3064,VE 8000 - PTUJ,VO 8004 - MURSKA SOBOTA 1,96,"Gasilski dom Vadarci, Vadarci 41",260,68,0.2615,68,66,2,1.0,25,0.378788,41,0.621212
3065,VE 8000 - PTUJ,VO 8004 - MURSKA SOBOTA 1,97,"Gasilski dom Zenkovci, Zenkovci 51a",264,75,0.2841,75,75,0,1.0,31,0.413333,44,0.586667
3066,VE 8000 - PTUJ,VO 8004 - MURSKA SOBOTA 1,98,"Gasilski dom Beznovci, Beznovci 8a",127,53,0.4173,53,53,0,1.0,23,0.433962,30,0.566038
3067,VE 8000 - PTUJ,VO 8004 - MURSKA SOBOTA 1,99,"Gasilski dom Puževci, Puževci 25",138,62,0.4493,62,62,0,1.0,40,0.645161,22,0.354839
3068,VE 8000 - PTUJ,VO 8004 - MURSKA SOBOTA 1,100,"Gasilski dom Strukovci, Strukovci 26b",140,58,0.4143,58,58,0,1.0,30,0.517241,28,0.482759
3069,VE 8000 - PTUJ,VO 8004 - MURSKA SOBOTA 1,101,"Vaško-gasilski dom Rogašovci,Rogašovci 14b",233,75,0.3219,75,75,0,1.0,41,0.546667,34,0.453333
3070,VE 8000 - PTUJ,VO 8004 - MURSKA SOBOTA 1,102,"Vaško-gasilski dom Sveti Jurij, Sveti Jurij 11",357,126,0.3529,126,124,2,1.0,66,0.532258,58,0.467742
3071,VE 8000 - PTUJ,VO 8004 - MURSKA SOBOTA 1,103,"Vaško-gasilski dom Kramarovci, Kramarovci 14a",28,12,0.4286,12,12,0,1.0,9,0.75,3,0.25
3072,VE 8000 - PTUJ,VO 8004 - MURSKA SOBOTA 1,104,"Vaško-gasilski dom Nuskova, Nuskova 1",238,103,0.4328,103,103,0,1.0,53,0.514563,50,0.485437
3073,VE 8000 - PTUJ,VO 8004 - MURSKA SOBOTA 1,105,"Vaški dom Ocinje, Ocinje 29",37,15,0.4054,15,15,0,1.0,8,0.533333,7,0.466667
3074,VE 8000 - PTUJ,VO 8004 - MURSKA SOBOTA 1,106,"Vaško-gasilski dom Serdica, Serdica 3",426,122,0.2864,122,122,0,1.0,45,0.368852,77,0.631148
3075,VE 8000 - PTUJ,VO 8004 - MURSKA SOBOTA 1,107,"Vaško-gasilski dom Sotina, Sotina 40",278,77,0.277,77,77,0,1.0,39,0.506494,38,0.493506
3076,VE 8000 - PTUJ,VO 8004 - MURSKA SOBOTA 1,108,"Vaško-gasilski dom Pertoča, Pertoča 55",341,104,0.305,104,104,0,1.0,33,0.317308,71,0.682692
3077,VE 8000 - PTUJ,VO 8004 - MURSKA SOBOTA 1,109,"Vaško-gasilski dom Fikšinci, Fikšinci 28",125,39,0.312,39,39,0,1.0,20,0.512821,19,0.487179
3078,VE 8000 - PTUJ,VO 8004 - MURSKA SOBOTA 1,110,"Vaško-gasilski dom Ropoča, spodaj, Ropoča 5a",168,52,0.3095,52,52,0,1.0,5,0.096154,47,0.903846
3079,VE 8000 - PTUJ,VO 8004 - MURSKA SOBOTA 1,111,"Vaško-gasilski dom Večeslavci,Večeslavci 46",308,111,0.3604,111,110,1,1.0,33,0.3,77,0.7
3080,VE 8000 - PTUJ,VO 8004 - MURSKA SOBOTA 1,901,Predčasno glasovanje,0,102,0.0,102,101,1,1.0,57,0.564356,44,0.435644
3081,VE 8000 - PTUJ,VO 8004 - MURSKA SOBOTA 1,997,Po pošti v Sloveniji OVK,0,0,0.0,0,0,0,,0,0.0,0,0.0
3082,VE 8000 - PTUJ,VO 8004 - MURSKA SOBOTA 1,998,Po pošti v tujini OVK,0,0,0.0,0,0,0,,0,0.0,0,0.0
3083,VE 8000 - PTUJ,VO 8004 - MURSKA SOBOTA 1,999,Posebni volilni imenik,1978,0,0.0,0,0,0,,0,0.0,0,0.0
3084,VE 8000 - PTUJ,VO 8005 - MURSKA SOBOTA 2,1,"Beltinci I,Medgeneracijski c.,Ul.Štefana Kovača 1",829,260,0.3136,260,259,1,1.0,123,0.474903,136,0.525097
3085,VE 8000 - PTUJ,VO 8005 - MURSKA SOBOTA 2,2,"Beltinci II,Medgeneracijski c.,Ul.Štefana Kovača 1",1198,468,0.3907,468,464,4,1.0,183,0.394397,281,0.605603
3086,VE 8000 - PTUJ,VO 8005 - MURSKA SOBOTA 2,3,"Turistična hiša Žlica Bratonci, Bratonci 81a",549,256,0.4663,256,256,0,1.0,80,0.3125,176,0.6875
3087,VE 8000 - PTUJ,VO 8005 - MURSKA SOBOTA 2,4,"Vaški dom Dokležovje, Glavna ulica 18",685,249,0.3635,249,249,0,1.0,84,0.337349,165,0.662651
3088,VE 8000 - PTUJ,VO 8005 - MURSKA SOBOTA 2,5,ŠRC Gančani,830,362,0.4361,362,360,2,1.0,128,0.355556,232,0.644444
3089,VE 8000 - PTUJ,VO 8005 - MURSKA SOBOTA 2,6,"Vaški dom Ižakovci, Ižakovci 72a",618,223,0.3608,223,221,2,1.0,85,0.384615,136,0.615385
3090,VE 8000 - PTUJ,VO 8005 - MURSKA SOBOTA 2,7,"Cimprana Iža Lipa, Lipa 78a",482,188,0.39,188,188,0,1.0,75,0.398936,113,0.601064
3091,VE 8000 - PTUJ,VO 8005 - MURSKA SOBOTA 2,8,"Gasilski dom Lipovci, Lipovci 138",893,404,0.4524,404,403,1,1.0,147,0.364764,256,0.635236
3092,VE 8000 - PTUJ,VO 8005 - MURSKA SOBOTA 2,9,"Kulturni dom Melinci, Melinci 134",629,220,0.3498,220,220,0,1.0,74,0.336364,146,0.663636
3093,VE 8000 - PTUJ,VO 8005 - MURSKA SOBOTA 2,10,"Kulturna dvorana VGD Bogojina, Bogojina 10a",444,242,0.545,242,242,0,1.0,48,0.198347,194,0.801653
3094,VE 8000 - PTUJ,VO 8005 - MURSKA SOBOTA 2,11,"Vaško gasilski dom Bukovnica, Bukovnica 10",37,21,0.5676,21,21,0,1.0,7,0.333333,14,0.666667
3095,VE 8000 - PTUJ,VO 8005 - MURSKA SOBOTA 2,12,"Vaško gasilski dom Filovci, Filovci 13",411,195,0.4745,195,195,0,1.0,62,0.317949,133,0.682051
3096,VE 8000 - PTUJ,VO 8005 - MURSKA SOBOTA 2,13,"Večnamenska dvorana Ivanci, Ivanci 88",198,124,0.6263,124,124,0,1.0,21,0.169355,103,0.830645
3097,VE 8000 - PTUJ,VO 8005 - MURSKA SOBOTA 2,14,"Moravske Toplice I, Gasilski dom, Dolga ul. 63",564,222,0.3936,222,222,0,1.0,127,0.572072,95,0.427928
3098,VE 8000 - PTUJ,VO 8005 - MURSKA SOBOTA 2,15,"Moravske Toplice II, Gasilski dom, Dolga ul. 223",119,62,0.521,62,62,0,1.0,37,0.596774,25,0.403226
3099,VE 8000 - PTUJ,VO 8005 - MURSKA SOBOTA 2,16,"Vaško gasilski dom Tešanovci, Tešanovci 32b",286,123,0.4301,123,123,0,1.0,61,0.495935,62,0.504065
3100,VE 8000 - PTUJ,VO 8005 - MURSKA SOBOTA 2,17,"Vaško-gasil. dom Mlajtinci-Lukačevci, Mlajtinci 35",211,112,0.5308,112,112,0,1.0,27,0.241071,85,0.758929
3101,VE 8000 - PTUJ,VO 8005 - MURSKA SOBOTA 2,18,"Vaško gasilski dom Suhi vrh, Suhi vrh 35",107,49,0.4579,49,49,0,1.0,35,0.714286,14,0.285714
3102,VE 8000 - PTUJ,VO 8005 - MURSKA SOBOTA 2,19,"Vaško gasilski dom Vučja gomila, Vučja Gomila 91",230,65,0.2826,65,65,0,1.0,26,0.4,39,0.6
3103,VE 8000 - PTUJ,VO 8005 - MURSKA SOBOTA 2,20,"Bakovci I, Vaški dom, Bakovci, Partizanska ul. 38",652,249,0.3819,249,248,1,1.0,92,0.370968,156,0.629032
3104,VE 8000 - PTUJ,VO 8005 - MURSKA SOBOTA 2,21,"Bakovci II, Vaški dom,Bakovci,Partizanska ul. 38",569,217,0.3814,217,217,0,1.0,103,0.474654,114,0.525346
3105,VE 8000 - PTUJ,VO 8005 - MURSKA SOBOTA 2,22,"Zadružni dom Černelavci, Zadružna ul. 5",1048,447,0.4265,447,445,2,1.0,301,0.676404,144,0.323596
3106,VE 8000 - PTUJ,VO 8005 - MURSKA SOBOTA 2,23,"Večnamenska dvorana Pušča, Ulica ob kapelici 63",409,33,0.0807,33,33,0,1.0,10,0.30303,23,0.69697
3107,VE 8000 - PTUJ,VO 8005 - MURSKA SOBOTA 2,24,"Stara šola Kupšinci, Kupšinci 49",331,136,0.4109,136,136,0,1.0,90,0.661765,46,0.338235
3108,VE 8000 - PTUJ,VO 8005 - MURSKA SOBOTA 2,25,"Gasilski dom Polana, Polana 12a",166,69,0.4157,69,69,0,1.0,38,0.550725,31,0.449275
3109,VE 8000 - PTUJ,VO 8005 - MURSKA SOBOTA 2,26,"Gasilski dom Veščica, Veščica 25",329,156,0.4742,156,156,0,1.0,76,0.487179,80,0.512821
3110,VE 8000 - PTUJ,VO 8005 - MURSKA SOBOTA 2,27,"Vaški dom Rakičan, Rakičan, Zvezna ul. 4",1114,458,0.4111,458,455,3,1.0,203,0.446154,252,0.553846
3111,VE 8000 - PTUJ,VO 8005 - MURSKA SOBOTA 2,28,"MČ CENTER I, PIŠK M.Sobota, Zvezna ulica 10",1039,346,0.333,346,344,2,1.0,217,0.630814,127,0.369186
3112,VE 8000 - PTUJ,VO 8005 - MURSKA SOBOTA 2,29,"MČ CENTER II, PIŠK M.Sobota, Zvezna ulica 10",1172,338,0.2884,338,337,1,1.0,200,0.593472,137,0.406528
3113,VE 8000 - PTUJ,VO 8005 - MURSKA SOBOTA 2,30,"MČ CENTER III, LU M.Sobota, Slomškova ulica 33",1118,345,0.3086,345,344,1,1.0,200,0.581395,144,0.418605
3114,VE 8000 - PTUJ,VO 8005 - MURSKA SOBOTA 2,31,"MČ CENTER IV, LU M.Sobota, Slomškova ulica 33",271,100,0.369,100,100,0,1.0,60,0.6,40,0.4
3115,VE 8000 - PTUJ,VO 8005 - MURSKA SOBOTA 2,32,"MČ Ledava I,Zavarovalnica Triglav,Lendavska ul.5 ",648,225,0.3472,225,225,0,1.0,125,0.555556,100,0.444444
3116,VE 8000 - PTUJ,VO 8005 - MURSKA SOBOTA 2,33,"MČ Ledava II,Zavarovalnica Triglav,Lendavska ul.5",521,164,0.3148,164,163,1,1.0,99,0.607362,64,0.392638
3117,VE 8000 - PTUJ,VO 8005 - MURSKA SOBOTA 2,34,"MČ PARK I, OŠ I M.Sobota, Ul. Štefana Kovača 32",804,273,0.3396,273,273,0,1.0,159,0.582418,114,0.417582
3118,VE 8000 - PTUJ,VO 8005 - MURSKA SOBOTA 2,35,"MČ PARK II, OŠ I M.Sobota, Ul. Štefana Kovača 32",812,301,0.3707,301,299,2,1.0,190,0.635452,109,0.364548
3119,VE 8000 - PTUJ,VO 8005 - MURSKA SOBOTA 2,36,"MČ PARTIZAN I,OŠ III M.Sobota,Trstenjakova u.73",772,321,0.4158,321,318,3,1.0,192,0.603774,126,0.396226
3120,VE 8000 - PTUJ,VO 8005 - MURSKA SOBOTA 2,37,"MČ PARTIZAN II, OŠ III,M.Sobota,Trstenjakova u.73",610,272,0.4459,272,271,1,1.0,136,0.501845,135,0.498155
3121,VE 8000 - PTUJ,VO 8005 - MURSKA SOBOTA 2,38,"MČ TUROPOLJE I, OŠ II, M.Sobota,Cankarjeva ul. 91",512,213,0.416,213,213,0,1.0,118,0.553991,95,0.446009
3122,VE 8000 - PTUJ,VO 8005 - MURSKA SOBOTA 2,39,"MČ TUROPOLJE II, OŠ II M.Sobota,Cankarjeva ul. 91",663,232,0.3499,232,231,1,1.0,130,0.562771,101,0.437229
3123,VE 8000 - PTUJ,VO 8005 - MURSKA SOBOTA 2,901,Predčasno glasovanje,0,523,0.0,523,523,0,1.0,346,0.661568,177,0.338432
3124,VE 8000 - PTUJ,VO 8005 - MURSKA SOBOTA 2,970,OMNIA od: 8005,0,49,0.0,49,48,1,1.0,23,0.479167,25,0.520833
3125,VE 8000 - PTUJ,VO 8005 - MURSKA SOBOTA 2,997,Po pošti v Sloveniji OVK,0,38,0.0,38,38,0,1.0,19,0.5,19,0.5
3126,VE 8000 - PTUJ,VO 8005 - MURSKA SOBOTA 2,998,Po pošti v tujini OVK,0,0,0.0,0,0,0,,0,0.0,0,0.0
3127,VE 8000 - PTUJ,VO 8005 - MURSKA SOBOTA 2,999,Posebni volilni imenik,1937,0,0.0,0,0,0,,0,0.0,0,0.0
3128,VE 8000 - PTUJ,VO 8006 - GORNJA RADGONA,1,"Gasilski dom PODGORJE, Podgorje 9b",413,134,0.3245,134,134,0,1.0,82,0.61194,52,0.38806
3129,VE 8000 - PTUJ,VO 8006 - GORNJA RADGONA,2,"Osnovna šola STOGOVCI, Stogovci 33",488,162,0.332,162,162,0,1.0,64,0.395062,98,0.604938
3130,VE 8000 - PTUJ,VO 8006 - GORNJA RADGONA,3,"Vaško gasilski dom ŽEPOVCI, Žepovci 82",624,192,0.3077,192,192,0,1.0,84,0.4375,108,0.5625
3131,VE 8000 - PTUJ,VO 8006 - GORNJA RADGONA,4,"Kulturni dom APAČE, Apače 36",691,274,0.3965,274,271,3,1.0,155,0.571956,116,0.428044
3132,VE 8000 - PTUJ,VO 8006 - GORNJA RADGONA,5,"Gasilski dom LEŠANE, Lešane 32a",301,114,0.3787,114,114,0,1.0,24,0.210526,90,0.789474
3133,VE 8000 - PTUJ,VO 8006 - GORNJA RADGONA,6,"Gasilski dom LUTVERCI, Lutverci 47",390,172,0.441,172,172,0,1.0,90,0.523256,82,0.476744
3134,VE 8000 - PTUJ,VO 8006 - GORNJA RADGONA,7,"Dom občanov SPODNJA ŠČAVNICA, Sp.Ščavnica 19b",762,301,0.395,301,300,1,1.0,121,0.403333,179,0.596667
3135,VE 8000 - PTUJ,VO 8006 - GORNJA RADGONA,8,"Gasilski dom ČREŠNJEVCI, Črešnjevci 116",873,345,0.3952,345,344,1,1.0,130,0.377907,214,0.622093
3136,VE 8000 - PTUJ,VO 8006 - GORNJA RADGONA,9,"Gasilski dom ZBIGOVCI, Zbigovci 26",318,111,0.3491,111,110,1,1.0,31,0.281818,79,0.718182
3137,VE 8000 - PTUJ,VO 8006 - GORNJA RADGONA,10,"Osnovna šola G. RADGONA, Prežihova ul. 1 - VHOD1",552,195,0.3533,195,195,0,1.0,89,0.45641,106,0.54359
3138,VE 8000 - PTUJ,VO 8006 - GORNJA RADGONA,11,"Osnovna šola G. RADGONA, Prežihova ul. 1 - VHOD3",847,364,0.4298,364,363,1,1.0,187,0.515152,176,0.484848
3139,VE 8000 - PTUJ,VO 8006 - GORNJA RADGONA,12,"Pomurski sejem GORNJA RADGONA, Cesta na stadion 2",732,276,0.377,276,276,0,1.0,168,0.608696,108,0.391304
3140,VE 8000 - PTUJ,VO 8006 - GORNJA RADGONA,13,"Kulturni dom GORNJA RADGONA, Partizanska c.11",743,220,0.2961,220,220,0,1.0,113,0.513636,107,0.486364
3141,VE 8000 - PTUJ,VO 8006 - GORNJA RADGONA,14,"Gasilski dom GORNJA RADGONA, Gasilska c.2",607,203,0.3344,203,203,0,1.0,103,0.507389,100,0.492611
3142,VE 8000 - PTUJ,VO 8006 - GORNJA RADGONA,15,"Gasilski dom SPODNJI IVANJCI, Spodnji Ivanjci 17",514,179,0.3482,179,179,0,1.0,41,0.22905,138,0.77095
3143,VE 8000 - PTUJ,VO 8006 - GORNJA RADGONA,16,"Gasilski dom NEGOVA, Negova 9",695,213,0.3065,213,213,0,1.0,61,0.286385,152,0.713615
3144,VE 8000 - PTUJ,VO 8006 - GORNJA RADGONA,17,Gasilski dom IVANJŠEVCI OB ŠČ. Ivanjševci ob Šč.9,244,91,0.373,91,91,0,1.0,31,0.340659,60,0.659341
3145,VE 8000 - PTUJ,VO 8006 - GORNJA RADGONA,18,"Vrtec RADENCI, Titova c. 1",877,360,0.4105,360,359,1,1.0,190,0.529248,169,0.470752
3146,VE 8000 - PTUJ,VO 8006 - GORNJA RADGONA,19,"Osnovna šola RADENCI, Radgonska c. 10",981,407,0.4149,407,404,3,1.0,197,0.487624,207,0.512376
3147,VE 8000 - PTUJ,VO 8006 - GORNJA RADGONA,20,"OBČINA RADENCI, Radgonska cesta 9g",706,304,0.4306,304,304,0,1.0,157,0.516447,147,0.483553
3148,VE 8000 - PTUJ,VO 8006 - GORNJA RADGONA,21,"Gasilsko vaški dom HRASTJE MOTA, Hrastje Mota 36a",389,143,0.3676,143,142,1,1.0,70,0.492958,72,0.507042
3149,VE 8000 - PTUJ,VO 8006 - GORNJA RADGONA,22,"Gasilski dom HRAŠENSKI VRH, Hrašenski Vrh 13",354,108,0.3051,108,107,1,1.0,58,0.542056,49,0.457944
3150,VE 8000 - PTUJ,VO 8006 - GORNJA RADGONA,23,"Osnovna šola KAPELA, Kapelski Vrh 95",687,275,0.4003,275,275,0,1.0,129,0.469091,146,0.530909
3151,VE 8000 - PTUJ,VO 8006 - GORNJA RADGONA,24,"Gasilski dom OKOSLAVCI, Okoslavci 63a",225,77,0.3422,77,77,0,1.0,37,0.480519,40,0.519481
3152,VE 8000 - PTUJ,VO 8006 - GORNJA RADGONA,25,"Sv. JURIJ OB ŠČ., Bratka Krefta 14 - Stara občina",850,361,0.4247,361,360,1,1.0,100,0.277778,260,0.722222
3153,VE 8000 - PTUJ,VO 8006 - GORNJA RADGONA,26,"Gasilski dom ROŽIČKI VRH, Rožički Vrh 54",302,102,0.3377,102,102,0,1.0,52,0.509804,50,0.490196
3154,VE 8000 - PTUJ,VO 8006 - GORNJA RADGONA,27,"Gasilski dom SLAPTINCI, Slaptinci 15a",251,83,0.3307,83,83,0,1.0,24,0.289157,59,0.710843
3155,VE 8000 - PTUJ,VO 8006 - GORNJA RADGONA,28,"Gasilski dom STARA GORA, Stara Gora 12b",311,129,0.4148,129,129,0,1.0,61,0.472868,68,0.527132
3156,VE 8000 - PTUJ,VO 8006 - GORNJA RADGONA,29,"Gasilski dom SOVJAK, Sovjak 33a",486,181,0.3724,181,181,0,1.0,54,0.298343,127,0.701657
3157,VE 8000 - PTUJ,VO 8006 - GORNJA RADGONA,30,"Gasilski dom BOLEHNEČICI, Bolehnečici 4a",159,90,0.566,90,90,0,1.0,19,0.211111,71,0.788889
3158,VE 8000 - PTUJ,VO 8006 - GORNJA RADGONA,901,Predčasno glasovanje,0,316,0.0,316,316,0,1.0,196,0.620253,120,0.379747
3159,VE 8000 - PTUJ,VO 8006 - GORNJA RADGONA,970,OMNIA od: 8006,0,22,0.0,22,22,0,1.0,11,0.5,11,0.5
3160,VE 8000 - PTUJ,VO 8006 - GORNJA RADGONA,997,Po pošti v Sloveniji OVK,0,0,0.0,0,0,0,,0,0.0,0,0.0
3161,VE 8000 - PTUJ,VO 8006 - GORNJA RADGONA,998,Po pošti v tujini OVK,0,0,0.0,0,0,0,,0,0.0,0,0.0
3162,VE 8000 - PTUJ,VO 8006 - GORNJA RADGONA,999,Posebni volilni imenik,1402,0,0.0,0,0,0,,0,0.0,0,0.0
3163,VE 8000 - PTUJ,VO 8007 - LENART,1,"OŠ Benedikt, Šolska ul. 2",857,340,0.3967,340,339,1,1.0,105,0.309735,234,0.690265
3164,VE 8000 - PTUJ,VO 8007 - LENART,2,"OŠ Benedikt, Šolska ul. 2",571,220,0.3853,220,219,1,1.0,56,0.255708,163,0.744292
3165,VE 8000 - PTUJ,VO 8007 - LENART,3,"OŠ Benedikt, Šolska ul. 2",721,255,0.3537,255,255,0,1.0,99,0.388235,156,0.611765
3166,VE 8000 - PTUJ,VO 8007 - LENART,4,"OŠ Cerkvenjak, Cerkvenjak 24",619,230,0.3716,230,230,0,1.0,81,0.352174,149,0.647826
3167,VE 8000 - PTUJ,VO 8007 - LENART,5,"Dom DRU Cerkvenjak, Cerkvenjak 13 b",468,120,0.2564,120,120,0,1.0,37,0.308333,83,0.691667
3168,VE 8000 - PTUJ,VO 8007 - LENART,6,"KD Cerkvenjak, Cerkvenjak 25",370,135,0.3649,135,135,0,1.0,39,0.288889,96,0.711111
3169,VE 8000 - PTUJ,VO 8007 - LENART,7,"Ploj, Smolinci 88",241,82,0.3402,82,82,0,1.0,24,0.292683,58,0.707317
3170,VE 8000 - PTUJ,VO 8007 - LENART,8,"OŠ Jurovski Dol, Jurovski Dol 13",579,186,0.3212,186,186,0,1.0,52,0.27957,134,0.72043
3171,VE 8000 - PTUJ,VO 8007 - LENART,9,"OŠ Jurovski Dol, Jurovski Dol 13",592,197,0.3328,197,196,1,1.0,80,0.408163,116,0.591837
3172,VE 8000 - PTUJ,VO 8007 - LENART,10,"LD Jurovski Dol, Malna 10",429,150,0.3497,150,150,0,1.0,35,0.233333,115,0.766667
3173,VE 8000 - PTUJ,VO 8007 - LENART,11,"LD Jurovski Dol, Malna 10",204,78,0.3824,78,78,0,1.0,16,0.205128,62,0.794872
3174,VE 8000 - PTUJ,VO 8007 - LENART,13,"Avla Občine Lenart, Trg osvobod. 7",1475,488,0.3308,488,485,3,1.0,228,0.470103,257,0.529897
3175,VE 8000 - PTUJ,VO 8007 - LENART,14,"Center Slovenskih goric, Trg osvobod. 9",1032,379,0.3672,379,379,0,1.0,189,0.498681,190,0.501319
3176,VE 8000 - PTUJ,VO 8007 - LENART,15,"OŠ Lenart, Ptujska c. 25",353,124,0.3513,124,124,0,1.0,31,0.25,93,0.75
3177,VE 8000 - PTUJ,VO 8007 - LENART,16,"LD Lenart, Sp. Porčič 22",682,222,0.3255,222,222,0,1.0,68,0.306306,154,0.693694
3178,VE 8000 - PTUJ,VO 8007 - LENART,17,"Trgovina, Zamarkova 20",622,236,0.3794,236,236,0,1.0,64,0.271186,172,0.728814
3179,VE 8000 - PTUJ,VO 8007 - LENART,18,"OŠ Lokavec, Lokavec 6",303,100,0.33,100,100,0,1.0,14,0.14,86,0.86
3180,VE 8000 - PTUJ,VO 8007 - LENART,19,"OŠ Sv. Ana, Sv. Ana 14",505,175,0.3465,175,175,0,1.0,33,0.188571,142,0.811429
3181,VE 8000 - PTUJ,VO 8007 - LENART,20,"OŠ Sv. Ana, Sv. Ana 14",588,222,0.3776,222,222,0,1.0,61,0.274775,161,0.725225
3182,VE 8000 - PTUJ,VO 8007 - LENART,21,"Sejna soba občine, Sv. Ana 17",495,184,0.3717,184,184,0,1.0,64,0.347826,120,0.652174
3183,VE 8000 - PTUJ,VO 8007 - LENART,22,"OŠ Sv. Trojica, Meznaričeva ul. 1",741,342,0.4615,342,342,0,1.0,160,0.467836,182,0.532164
3184,VE 8000 - PTUJ,VO 8007 - LENART,23,"Prostori DRU Sv. Trojica, Trojiški trg 25",314,149,0.4745,149,148,1,1.0,38,0.256757,110,0.743243
3185,VE 8000 - PTUJ,VO 8007 - LENART,24,"GD Osek, Osek 48",295,156,0.5288,156,156,0,1.0,47,0.301282,109,0.698718
3186,VE 8000 - PTUJ,VO 8007 - LENART,25,"GD Gočova, Gočova 8a",202,58,0.2871,58,57,1,1.0,25,0.438596,32,0.561404
3187,VE 8000 - PTUJ,VO 8007 - LENART,26,"OŠ Sv. Trojica, Meznaričeva ul. 1",308,103,0.3344,103,103,0,1.0,21,0.203883,82,0.796117
3188,VE 8000 - PTUJ,VO 8007 - LENART,27,"KS Voličina, Sp. Voličina 81",1042,352,0.3378,352,352,0,1.0,123,0.349432,229,0.650568
3189,VE 8000 - PTUJ,VO 8007 - LENART,28,"KD Selce, Selce 11",562,184,0.3274,184,184,0,1.0,55,0.298913,129,0.701087
3190,VE 8000 - PTUJ,VO 8007 - LENART,29,"KD Zavrh, Zavrh 42",611,250,0.4092,250,249,1,1.0,95,0.381526,154,0.618474
3191,VE 8000 - PTUJ,VO 8007 - LENART,901,Predčasno glasovanje,0,336,0.0,336,336,0,1.0,179,0.532738,157,0.467262
3192,VE 8000 - PTUJ,VO 8007 - LENART,970,OMNIA od: 8007,0,23,0.0,23,23,0,1.0,12,0.521739,11,0.478261
3193,VE 8000 - PTUJ,VO 8007 - LENART,997,Po pošti v Sloveniji OVK,0,12,0.0,12,12,0,1.0,6,0.5,6,0.5
3194,VE 8000 - PTUJ,VO 8007 - LENART,998,Po pošti v tujini OVK,0,0,0.0,0,0,0,,0,0.0,0,0.0
3195,VE 8000 - PTUJ,VO 8007 - LENART,999,Posebni volilni imenik,904,0,0.0,0,0,0,,0,0.0,0,0.0
3196,VE 8000 - PTUJ,VO 8008 - PESNICA,1,"Klub Svečina, Plač 7",718,244,0.3398,244,244,0,1.0,81,0.331967,163,0.668033
3197,VE 8000 - PTUJ,VO 8008 - PESNICA,3,"VS Zg. Kungota, Plintovec 1",681,218,0.3201,218,218,0,1.0,97,0.444954,121,0.555046
3198,VE 8000 - PTUJ,VO 8008 - PESNICA,4,"Župnijski urad Sv. Jurij ob Pesnici, Jurski Vrh 5",484,182,0.376,182,182,0,1.0,73,0.401099,109,0.598901
3199,VE 8000 - PTUJ,VO 8008 - PESNICA,5,"MŠC Spodnja Kungota, Rošpoh del 144b",1463,526,0.3595,526,525,1,1.0,278,0.529524,247,0.470476
3200,VE 8000 - PTUJ,VO 8008 - PESNICA,6,"Osnovna šola Jarenina, Jareninski Dol 26",877,299,0.3409,299,298,1,1.0,145,0.486577,153,0.513423
3201,VE 8000 - PTUJ,VO 8008 - PESNICA,7,"Dveri-pax, Polički Vrh 1",354,123,0.3475,123,123,0,1.0,54,0.439024,69,0.560976
3202,VE 8000 - PTUJ,VO 8008 - PESNICA,9,"Kulturna dvorana Jakob, Sp. Jakobski Dol 2",1077,314,0.2916,314,314,0,1.0,100,0.318471,214,0.681529
3203,VE 8000 - PTUJ,VO 8008 - PESNICA,10,"Večnamenski center Pesnica,Pesnica pri Mariboru 41",1504,499,0.3318,499,498,1,1.0,271,0.544177,227,0.455823
3204,VE 8000 - PTUJ,VO 8008 - PESNICA,11,"Večnamenski center Pesnica,Pesnica pri Mariboru 41",804,240,0.2985,240,240,0,1.0,104,0.433333,136,0.566667
3205,VE 8000 - PTUJ,VO 8008 - PESNICA,12,"KS Ceršak, Ceršak 19",666,242,0.3634,242,242,0,1.0,142,0.586777,100,0.413223
3206,VE 8000 - PTUJ,VO 8008 - PESNICA,13,"Januš Jože, Selnica ob Muri 102 i",950,285,0.3,285,285,0,1.0,121,0.424561,164,0.575439
3207,VE 8000 - PTUJ,VO 8008 - PESNICA,14,"Kulturni dom Sladki Vrh, Sladki Vrh 3",940,322,0.3426,322,322,0,1.0,179,0.555901,143,0.444099
3208,VE 8000 - PTUJ,VO 8008 - PESNICA,15,"Lovski dom, Vranji Vrh 7",264,70,0.2652,70,70,0,1.0,29,0.414286,41,0.585714
3209,VE 8000 - PTUJ,VO 8008 - PESNICA,17,"Kulturno prosvetni dom Šentilj, Maistrova ul. 7",1950,709,0.3636,709,709,0,1.0,393,0.554302,316,0.445698
3210,VE 8000 - PTUJ,VO 8008 - PESNICA,18,"Kranvogel, Kaniža 24",265,101,0.3811,101,101,0,1.0,47,0.465347,54,0.534653
3211,VE 8000 - PTUJ,VO 8008 - PESNICA,19,"Kulturno prosvetni dom Šentilj, Maistrova ul.7",243,49,0.2016,49,49,0,1.0,26,0.530612,23,0.469388
3212,VE 8000 - PTUJ,VO 8008 - PESNICA,20,"Osnovna šola Zg. Velka, Zg. Velka 41",942,299,0.3174,299,299,0,1.0,97,0.324415,202,0.675585
3213,VE 8000 - PTUJ,VO 8008 - PESNICA,21,"Farasin Branka, Trate 14",209,64,0.3062,64,64,0,1.0,39,0.609375,25,0.390625
3214,VE 8000 - PTUJ,VO 8008 - PESNICA,22,"Rajšp Franc, Sp. Velka 61",385,116,0.3013,116,116,0,1.0,35,0.301724,81,0.698276
3215,VE 8000 - PTUJ,VO 8008 - PESNICA,25,"VS Zg. Kungota, Plintovec 1",687,215,0.313,215,215,0,1.0,109,0.506977,106,0.493023
3216,VE 8000 - PTUJ,VO 8008 - PESNICA,26,"Mulec, Ročica 40",290,123,0.4241,123,123,0,1.0,35,0.284553,88,0.715447
3217,VE 8000 - PTUJ,VO 8008 - PESNICA,27,"KS Pernica, Pernica 8",1242,450,0.3623,450,450,0,1.0,203,0.451111,247,0.548889
3218,VE 8000 - PTUJ,VO 8008 - PESNICA,901,Predčasno glasovanje,0,261,0.0,261,260,1,1.0,153,0.588462,107,0.411538
3219,VE 8000 - PTUJ,VO 8008 - PESNICA,970,OMNIA od: 8008,0,11,0.0,11,11,0,1.0,2,0.181818,9,0.818182
3220,VE 8000 - PTUJ,VO 8008 - PESNICA,997,Po pošti v Sloveniji OVK,0,15,0.0,15,15,0,1.0,4,0.266667,11,0.733333
3221,VE 8000 - PTUJ,VO 8008 - PESNICA,998,Po pošti v tujini OVK,0,0,0.0,0,0,0,,0,0.0,0,0.0
3222,VE 8000 - PTUJ,VO 8008 - PESNICA,999,Posebni volilni imenik,1149,0,0.0,0,0,0,,0,0.0,0,0.0
3223,VE 8000 - PTUJ,VO 8009 - PTUJ 1,1,"VD Vitomarci, Vitomarci 48a",508,216,0.4252,216,214,2,1.0,48,0.224299,166,0.775701
3224,VE 8000 - PTUJ,VO 8009 - PTUJ 1,2,"Kocuvan Marica, Rjavci 21",146,44,0.3014,44,44,0,1.0,9,0.204545,35,0.795455
3225,VE 8000 - PTUJ,VO 8009 - PTUJ 1,4,"Fras Stanko, Novinci 54 ",298,125,0.4195,125,124,1,1.0,35,0.282258,89,0.717742
3226,VE 8000 - PTUJ,VO 8009 - PTUJ 1,8,"Korent Roman, Črmlja 12",77,39,0.5065,39,39,0,1.0,15,0.384615,24,0.615385
3227,VE 8000 - PTUJ,VO 8009 - PTUJ 1,9,"Maguša Janez, Sovjak 1a",60,40,0.6667,40,40,0,1.0,9,0.225,31,0.775
3228,VE 8000 - PTUJ,VO 8009 - PTUJ 1,10,"GD Biš, Biš 20a",277,129,0.4657,129,129,0,1.0,39,0.302326,90,0.697674
3229,VE 8000 - PTUJ,VO 8009 - PTUJ 1,11,"Trinkaus Tatjana, Bišečki Vrh 41",165,70,0.4242,70,70,0,1.0,13,0.185714,57,0.814286
3230,VE 8000 - PTUJ,VO 8009 - PTUJ 1,12,"Vaški dom Ločič, Ločič 21a",119,63,0.5294,63,62,1,1.0,11,0.177419,51,0.822581
3231,VE 8000 - PTUJ,VO 8009 - PTUJ 1,13,"VD Trnovska vas, Trnovska vas 38",274,120,0.438,120,120,0,1.0,41,0.341667,79,0.658333
3232,VE 8000 - PTUJ,VO 8009 - PTUJ 1,14,"Brumen Elizabeta, Trnovski Vrh 14",137,70,0.5109,70,70,0,1.0,16,0.228571,54,0.771429
3233,VE 8000 - PTUJ,VO 8009 - PTUJ 1,15,"GD Destrnik, Destrnik 9",142,52,0.3662,52,52,0,1.0,15,0.288462,37,0.711538
3234,VE 8000 - PTUJ,VO 8009 - PTUJ 1,16,"Nipič Janez, Dolič 17b",137,75,0.5474,75,75,0,1.0,28,0.373333,47,0.626667
3235,VE 8000 - PTUJ,VO 8009 - PTUJ 1,17,"Lacko Franc, Drstelja 21",182,81,0.4451,81,81,0,1.0,33,0.407407,48,0.592593
3236,VE 8000 - PTUJ,VO 8009 - PTUJ 1,18,"Caf Janez, Gomila 11",66,29,0.4394,29,29,0,1.0,8,0.275862,21,0.724138
3237,VE 8000 - PTUJ,VO 8009 - PTUJ 1,19,"Čuček Konrad, Gomilci 11a",46,26,0.5652,26,26,0,1.0,6,0.230769,20,0.769231
3238,VE 8000 - PTUJ,VO 8009 - PTUJ 1,20,"Kokol Franc, Janežovci 12b",83,33,0.3976,33,33,0,1.0,11,0.333333,22,0.666667
3239,VE 8000 - PTUJ,VO 8009 - PTUJ 1,21,"OŠ Destrnik, Janežovski Vrh 45 ",212,93,0.4387,93,93,0,1.0,35,0.376344,58,0.623656
3240,VE 8000 - PTUJ,VO 8009 - PTUJ 1,22,"Koren Elizabeta, Jiršovci 55a",241,102,0.4232,102,102,0,1.0,26,0.254902,76,0.745098
3241,VE 8000 - PTUJ,VO 8009 - PTUJ 1,23,"Zelenik Stanislav, Levanjci 11",149,88,0.5906,88,88,0,1.0,18,0.204545,70,0.795455
3242,VE 8000 - PTUJ,VO 8009 - PTUJ 1,24,"Kos Branko, Ločki Vrh 60a",133,71,0.5338,71,70,1,1.0,27,0.385714,43,0.614286
3243,VE 8000 - PTUJ,VO 8009 - PTUJ 1,26,"Čuček Franc, Placar 39b",217,85,0.3917,85,85,0,1.0,26,0.305882,59,0.694118
3244,VE 8000 - PTUJ,VO 8009 - PTUJ 1,28,"Kovačič Franc, Svetinci 14",115,62,0.5391,62,62,0,1.0,25,0.403226,37,0.596774
3245,VE 8000 - PTUJ,VO 8009 - PTUJ 1,29,"Kaučič Marta, Vintarovci 45d",327,132,0.4037,132,132,0,1.0,51,0.386364,81,0.613636
3246,VE 8000 - PTUJ,VO 8009 - PTUJ 1,30,"Slukan Ivan, Zgornji Velovlek 23a",77,42,0.5455,42,42,0,1.0,23,0.547619,19,0.452381
3247,VE 8000 - PTUJ,VO 8009 - PTUJ 1,31,"Potrč Anton, Zasadi 11",44,21,0.4773,21,21,0,1.0,6,0.285714,15,0.714286
3248,VE 8000 - PTUJ,VO 8009 - PTUJ 1,32,"GD Dornava, Dornava 65b",389,135,0.347,135,135,0,1.0,49,0.362963,86,0.637037
3249,VE 8000 - PTUJ,VO 8009 - PTUJ 1,33,"GD Dornava, Dornava 65b",409,166,0.4059,166,166,0,1.0,70,0.421687,96,0.578313
3250,VE 8000 - PTUJ,VO 8009 - PTUJ 1,34,"GD Mezg. ob Pesnici, Mezgovci ob Pesnici 38",383,186,0.4856,186,186,0,1.0,60,0.322581,126,0.677419
3251,VE 8000 - PTUJ,VO 8009 - PTUJ 1,35,"VGD Žamenci, Žamenci 11",301,110,0.3654,110,110,0,1.0,36,0.327273,74,0.672727
3252,VE 8000 - PTUJ,VO 8009 - PTUJ 1,38,"GKD Polenšak, Polenci 42",671,258,0.3845,258,258,0,1.0,93,0.360465,165,0.639535
3253,VE 8000 - PTUJ,VO 8009 - PTUJ 1,39,"GD Gorišnica, Gorišnica 70",709,278,0.3921,278,278,0,1.0,149,0.535971,129,0.464029
3254,VE 8000 - PTUJ,VO 8009 - PTUJ 1,40,"GD Gajevci, Gajevci 38a",352,163,0.4631,163,163,0,1.0,39,0.239264,124,0.760736
3255,VE 8000 - PTUJ,VO 8009 - PTUJ 1,41,"VD Cunkovci, Cunkovci bš",71,35,0.493,35,35,0,1.0,12,0.342857,23,0.657143
3256,VE 8000 - PTUJ,VO 8009 - PTUJ 1,42,"GD Mala vas, Mala vas 16",205,99,0.4829,99,99,0,1.0,24,0.242424,75,0.757576
3257,VE 8000 - PTUJ,VO 8009 - PTUJ 1,43,"DV Moškanjci, Moškanjci 18a",573,295,0.5148,295,294,1,1.0,92,0.312925,202,0.687075
3258,VE 8000 - PTUJ,VO 8009 - PTUJ 1,44,"ZDD Muretinci, Muretinci 46",271,124,0.4576,124,124,0,1.0,44,0.354839,80,0.645161
3259,VE 8000 - PTUJ,VO 8009 - PTUJ 1,45,"GD Formin, Formin 44a",289,122,0.4221,121,120,1,1.0,46,0.383333,74,0.616667
3260,VE 8000 - PTUJ,VO 8009 - PTUJ 1,46,"DV Tibolci, Tibolci 23a",167,62,0.3713,62,61,1,1.0,19,0.311475,42,0.688525
3261,VE 8000 - PTUJ,VO 8009 - PTUJ 1,47,"GD Zagojiči, Zagojiči 2",141,81,0.5745,81,81,0,1.0,26,0.320988,55,0.679012
3262,VE 8000 - PTUJ,VO 8009 - PTUJ 1,48,"VGD Zamušani, Zamušani 31a",442,192,0.4344,192,192,0,1.0,50,0.260417,142,0.739583
3263,VE 8000 - PTUJ,VO 8009 - PTUJ 1,49,"VKC dr. A. Slodnjaka, Juršinci 10",283,104,0.3675,104,104,0,1.0,43,0.413462,61,0.586538
3264,VE 8000 - PTUJ,VO 8009 - PTUJ 1,50,"Novak Ivan, Dragovič 17b",128,47,0.3672,47,47,0,1.0,10,0.212766,37,0.787234
3265,VE 8000 - PTUJ,VO 8009 - PTUJ 1,51,"GD Gabrnik, Gabrnik 25a",277,110,0.3971,110,110,0,1.0,31,0.281818,79,0.718182
3266,VE 8000 - PTUJ,VO 8009 - PTUJ 1,53,"Kvar Milan, Grlinci 9",112,54,0.4821,54,54,0,1.0,20,0.37037,34,0.62963
3267,VE 8000 - PTUJ,VO 8009 - PTUJ 1,54,"VD Hlaponci, Hlaponci 58a",195,89,0.4564,89,89,0,1.0,27,0.303371,62,0.696629
3268,VE 8000 - PTUJ,VO 8009 - PTUJ 1,55,"Slodnjak Martin, Bodkovci 47",103,38,0.3689,38,38,0,1.0,13,0.342105,25,0.657895
3269,VE 8000 - PTUJ,VO 8009 - PTUJ 1,56,"VD Kukava, Kukava 46b",154,70,0.4545,70,70,0,1.0,22,0.314286,48,0.685714
3270,VE 8000 - PTUJ,VO 8009 - PTUJ 1,57,"Novak Jožef, Rotman 39a",137,67,0.4891,67,67,0,1.0,12,0.179104,55,0.820896
3271,VE 8000 - PTUJ,VO 8009 - PTUJ 1,58,"Zidarič Anica, Sakušak 79",170,68,0.4,68,68,0,1.0,13,0.191176,55,0.808824
3272,VE 8000 - PTUJ,VO 8009 - PTUJ 1,59,"TD Gomila, Senčak pri Juršincih 9c",96,51,0.5312,51,51,0,1.0,7,0.137255,44,0.862745
3273,VE 8000 - PTUJ,VO 8009 - PTUJ 1,60,"GD Zagorci, Zagorci 61c",241,82,0.3402,82,82,0,1.0,26,0.317073,56,0.682927
3274,VE 8000 - PTUJ,VO 8009 - PTUJ 1,61,"DK Rogoznica, Slovenskogoriška c.18",797,319,0.4003,319,318,1,1.0,189,0.59434,129,0.40566
3275,VE 8000 - PTUJ,VO 8009 - PTUJ 1,62,"DK Rogoznica, Slovenskogoriška c.18",377,139,0.3687,139,139,0,1.0,79,0.568345,60,0.431655
3276,VE 8000 - PTUJ,VO 8009 - PTUJ 1,63,"DK Rogoznica, Slovenskogoriška c.18",578,227,0.3927,227,226,1,1.0,113,0.5,113,0.5
3277,VE 8000 - PTUJ,VO 8009 - PTUJ 1,64,"GD Borovci, Borovci 13",250,106,0.424,106,106,0,1.0,43,0.40566,63,0.59434
3278,VE 8000 - PTUJ,VO 8009 - PTUJ 1,65,"GD Bukovci, Bukovci 103c",807,303,0.3755,303,303,0,1.0,127,0.419142,176,0.580858
3279,VE 8000 - PTUJ,VO 8009 - PTUJ 1,66,"DK Grajena, Grajena 46",333,122,0.3664,122,122,0,1.0,56,0.459016,66,0.540984
3280,VE 8000 - PTUJ,VO 8009 - PTUJ 1,67,"DK Grajena, Grajena 46",399,128,0.3208,128,128,0,1.0,56,0.4375,72,0.5625
3281,VE 8000 - PTUJ,VO 8009 - PTUJ 1,68,"GD Kicar, Kicar 80a",675,234,0.3467,234,234,0,1.0,93,0.397436,141,0.602564
3282,VE 8000 - PTUJ,VO 8009 - PTUJ 1,69,"DK Grajena, Grajena 46",771,264,0.3424,264,263,1,1.0,128,0.486692,135,0.513308
3283,VE 8000 - PTUJ,VO 8009 - PTUJ 1,70,"Občina Markovci, Markovci 43",402,178,0.4428,178,178,0,1.0,77,0.432584,101,0.567416
3284,VE 8000 - PTUJ,VO 8009 - PTUJ 1,71,"DK Grajena,Grajena 46",254,65,0.2559,65,65,0,1.0,33,0.507692,32,0.492308
3285,VE 8000 - PTUJ,VO 8009 - PTUJ 1,72,"GD NV p. Markovcih, Nova vas pri Markovcih 47a",324,125,0.3858,125,125,0,1.0,28,0.224,97,0.776
3286,VE 8000 - PTUJ,VO 8009 - PTUJ 1,73,"Gasilski dom Pacinje, Pacinje 5",179,96,0.5363,96,96,0,1.0,25,0.260417,71,0.739583
3287,VE 8000 - PTUJ,VO 8009 - PTUJ 1,74,"GD Podvinci, Podvinci 13a",734,274,0.3733,274,274,0,1.0,86,0.313869,188,0.686131
3288,VE 8000 - PTUJ,VO 8009 - PTUJ 1,75,"GD Prvenci, Prvenci 9a",195,99,0.5077,99,99,0,1.0,48,0.484848,51,0.515152
3289,VE 8000 - PTUJ,VO 8009 - PTUJ 1,76,"VGD Sobetinci,  Sobetinci 37",137,84,0.6131,84,84,0,1.0,30,0.357143,54,0.642857
3290,VE 8000 - PTUJ,VO 8009 - PTUJ 1,77,"VD na gmajni, Stojnci 34",669,300,0.4484,300,299,1,1.0,86,0.287625,213,0.712375
3291,VE 8000 - PTUJ,VO 8009 - PTUJ 1,78,"GD Sp. Velovlek, Spodnji Velovlek 30a",174,78,0.4483,78,78,0,1.0,37,0.474359,41,0.525641
3292,VE 8000 - PTUJ,VO 8009 - PTUJ 1,79,"GD Zabovci, Zabovci 30",376,169,0.4495,169,169,0,1.0,56,0.331361,113,0.668639
3293,VE 8000 - PTUJ,VO 8009 - PTUJ 1,80,"VO - brunarica, Strelci bš",86,59,0.686,59,58,1,1.0,29,0.5,29,0.5
3294,VE 8000 - PTUJ,VO 8009 - PTUJ 1,81,"DK Grajena, Grajena 46",289,93,0.3218,93,93,0,1.0,55,0.591398,38,0.408602
3295,VE 8000 - PTUJ,VO 8009 - PTUJ 1,901,Predčasno glasovanje,0,110,0.0,110,110,0,1.0,64,0.581818,46,0.418182
3296,VE 8000 - PTUJ,VO 8009 - PTUJ 1,997,Po pošti v Sloveniji OVK,0,0,0.0,0,0,0,,0,0.0,0,0.0
3297,VE 8000 - PTUJ,VO 8009 - PTUJ 1,998,Po pošti v tujini OVK,0,0,0.0,0,0,0,,0,0.0,0,0.0
3298,VE 8000 - PTUJ,VO 8009 - PTUJ 1,999,Posebni volilni imenik,1123,0,0.0,0,0,0,,0,0.0,0,0.0
3299,VE 8000 - PTUJ,VO 8010 - PTUJ 2,1,"Magistrat, Spr. pisarna, Mestni trg 1",538,178,0.3309,178,175,3,1.0,81,0.462857,94,0.537143
3300,VE 8000 - PTUJ,VO 8010 - PTUJ 2,2,"OŠ Olge Meglič, Telovadnica, Prešernova ul. 29",384,124,0.3229,124,124,0,1.0,72,0.580645,52,0.419355
3301,VE 8000 - PTUJ,VO 8010 - PTUJ 2,3,"Vrtec Ptuj, Enota Mačice, Potrčeva c. 9a",525,175,0.3333,175,175,0,1.0,100,0.571429,75,0.428571
3302,VE 8000 - PTUJ,VO 8010 - PTUJ 2,4,"Vrtec Ptuj, Enota Mačice, Potrčeva c. 9a",538,191,0.355,191,189,2,1.0,104,0.550265,85,0.449735
3303,VE 8000 - PTUJ,VO 8010 - PTUJ 2,5,"Vrtec Ptuj, Enota Tulipan,  Med vrti 2",305,114,0.3738,114,114,0,1.0,67,0.587719,47,0.412281
3304,VE 8000 - PTUJ,VO 8010 - PTUJ 2,6,"OŠ Ljudski vrt, Župančičeva ul. 10",500,181,0.362,181,181,0,1.0,108,0.596685,73,0.403315
3305,VE 8000 - PTUJ,VO 8010 - PTUJ 2,7,"OŠ Ljudski vrt, Župančičeva ul. 10",529,228,0.431,228,228,0,1.0,138,0.605263,90,0.394737
3306,VE 8000 - PTUJ,VO 8010 - PTUJ 2,8,"OŠ Ljudski vrt, Župančičeva ul. 10",438,168,0.3836,168,168,0,1.0,98,0.583333,70,0.416667
3307,VE 8000 - PTUJ,VO 8010 - PTUJ 2,9,"Avla ŠC Ptuj, Volkmerjeva c. 19",496,197,0.3972,197,196,1,1.0,116,0.591837,80,0.408163
3308,VE 8000 - PTUJ,VO 8010 - PTUJ 2,10,"Avla ŠC Ptuj, Volkmerjeva c. 19",598,205,0.3428,205,205,0,1.0,98,0.478049,107,0.521951
3309,VE 8000 - PTUJ,VO 8010 - PTUJ 2,11,"Vrtec Ptuj, Enota Mačice, Potrčeva c. 9a",481,189,0.3929,189,189,0,1.0,92,0.486772,97,0.513228
3310,VE 8000 - PTUJ,VO 8010 - PTUJ 2,12,"Dijaški dom Ptuj, Arbajterjeva  ul. 6",658,224,0.3404,224,224,0,1.0,134,0.598214,90,0.401786
3311,VE 8000 - PTUJ,VO 8010 - PTUJ 2,13,"DK Bratje Reš, Volkmerjeva c. 26",624,259,0.4151,259,258,1,1.0,144,0.55814,114,0.44186
3312,VE 8000 - PTUJ,VO 8010 - PTUJ 2,14,"DK Bratje Reš, Volkmerjeva c. 26",395,154,0.3899,154,154,0,1.0,69,0.448052,85,0.551948
3313,VE 8000 - PTUJ,VO 8010 - PTUJ 2,15,"DK MČ Panorama, Vičava 46",757,346,0.4571,346,346,0,1.0,206,0.595376,140,0.404624
3314,VE 8000 - PTUJ,VO 8010 - PTUJ 2,16,"ŠD Mladika, Čučkova ul. 8",309,83,0.2686,83,83,0,1.0,36,0.433735,47,0.566265
3315,VE 8000 - PTUJ,VO 8010 - PTUJ 2,17,"DK MČ Jezero, Belšakova ul. 20a",477,187,0.392,187,187,0,1.0,104,0.55615,83,0.44385
3316,VE 8000 - PTUJ,VO 8010 - PTUJ 2,18,"DK MČ Jezero, Belšakova ul. 20a",374,127,0.3396,127,127,0,1.0,52,0.409449,75,0.590551
3317,VE 8000 - PTUJ,VO 8010 - PTUJ 2,19,"Večnamenska dvorana Spuhlja, Spuhlja 12a",703,283,0.4026,283,283,0,1.0,113,0.399293,170,0.600707
3318,VE 8000 - PTUJ,VO 8010 - PTUJ 2,20,"OŠ Breg, Rogaška c. 6",525,240,0.4571,240,239,1,1.0,115,0.481172,124,0.518828
3319,VE 8000 - PTUJ,VO 8010 - PTUJ 2,21,"OŠ Breg, Rogaška c. 6",427,179,0.4192,179,179,0,1.0,90,0.502793,89,0.497207
3320,VE 8000 - PTUJ,VO 8010 - PTUJ 2,22,"DRU Ivan Rudolf Breg-Ptuj, Zadružni trg 12a",695,290,0.4173,290,287,3,1.0,154,0.536585,133,0.463415
3321,VE 8000 - PTUJ,VO 8010 - PTUJ 2,23,"DK Turnišče, Selska c. 2",590,233,0.3949,233,233,0,1.0,113,0.484979,120,0.515021
3322,VE 8000 - PTUJ,VO 8010 - PTUJ 2,24,"DK Turnišče, Selska c. 2",538,184,0.342,184,184,0,1.0,75,0.407609,109,0.592391
3323,VE 8000 - PTUJ,VO 8010 - PTUJ 2,25,"DV Draženci, Draženci 74b",466,201,0.4313,201,201,0,1.0,81,0.402985,120,0.597015
3324,VE 8000 - PTUJ,VO 8010 - PTUJ 2,26,"GD Gerečja vas, Gerečja vas 14a",445,174,0.391,174,173,1,1.0,69,0.398844,104,0.601156
3325,VE 8000 - PTUJ,VO 8010 - PTUJ 2,27,"GD Hajdoše, Hajdoše 41b",553,243,0.4394,243,243,0,1.0,105,0.432099,138,0.567901
3326,VE 8000 - PTUJ,VO 8010 - PTUJ 2,28,"DK Skorba, Skorba 36a",300,134,0.4467,134,134,0,1.0,60,0.447761,74,0.552239
3327,VE 8000 - PTUJ,VO 8010 - PTUJ 2,29,"ŠO NK Slovenja vas, Slovenja vas 54",450,207,0.46,207,207,0,1.0,82,0.396135,125,0.603865
3328,VE 8000 - PTUJ,VO 8010 - PTUJ 2,30,"DU Hajdina, Zgornja Hajdina 45",672,288,0.4286,288,287,1,1.0,139,0.484321,148,0.515679
3329,VE 8000 - PTUJ,VO 8010 - PTUJ 2,31,"INFO Hajdina, Sp. Hajdina 29",190,85,0.4474,85,85,0,1.0,35,0.411765,50,0.588235
3330,VE 8000 - PTUJ,VO 8010 - PTUJ 2,901,Predčasno glasovanje,0,291,0.0,291,291,0,1.0,179,0.61512,112,0.38488
3331,VE 8000 - PTUJ,VO 8010 - PTUJ 2,970,OMNIA od: 8010,0,21,0.0,21,21,0,1.0,12,0.571429,9,0.428571
3332,VE 8000 - PTUJ,VO 8010 - PTUJ 2,997,Po pošti v Sloveniji OVK,0,0,0.0,0,0,0,,0,0.0,0,0.0
3333,VE 8000 - PTUJ,VO 8010 - PTUJ 2,998,Po pošti v tujini OVK,0,0,0.0,0,0,0,,0,0.0,0,0.0
3334,VE 8000 - PTUJ,VO 8010 - PTUJ 2,999,Posebni volilni imenik,1473,0,0.0,0,0,0,,0,0.0,0,0.0
3335,VE 8000 - PTUJ,VO 8011 - PTUJ 3,1,"LD Brezovec, Brezovec 92",194,66,0.3402,66,65,1,1.0,17,0.261538,48,0.738462
3336,VE 8000 - PTUJ,VO 8011 - PTUJ 3,2,"Občina Cirkulane, Cirkulane 58",327,122,0.3731,122,122,0,1.0,46,0.377049,76,0.622951
3337,VE 8000 - PTUJ,VO 8011 - PTUJ 3,3,"Fric Stanko, Dolane 37",226,76,0.3363,76,75,1,1.0,23,0.306667,52,0.693333
3338,VE 8000 - PTUJ,VO 8011 - PTUJ 3,4,"Jurgec Milan, Gradišča 29a",299,87,0.291,87,87,0,1.0,37,0.425287,50,0.574713
3339,VE 8000 - PTUJ,VO 8011 - PTUJ 3,5,"Kelc Milan, Gruškovec 80",120,33,0.275,33,33,0,1.0,9,0.272727,24,0.727273
3340,VE 8000 - PTUJ,VO 8011 - PTUJ 3,6,"Kolednik Martina, Medribnik 14a",108,48,0.4444,48,48,0,1.0,14,0.291667,34,0.708333
3341,VE 8000 - PTUJ,VO 8011 - PTUJ 3,7,"Kolednik Mihael, Paradiž 47",80,26,0.325,26,26,0,1.0,7,0.269231,19,0.730769
3342,VE 8000 - PTUJ,VO 8011 - PTUJ 3,8,"Kulturna dvorana Cirkulane, Cirkulane 40a",73,23,0.3151,23,23,0,1.0,8,0.347826,15,0.652174
3343,VE 8000 - PTUJ,VO 8011 - PTUJ 3,9,"Radioklub Cirkulane, Pohorje 25a",84,22,0.2619,22,22,0,1.0,14,0.636364,8,0.363636
3344,VE 8000 - PTUJ,VO 8011 - PTUJ 3,10,"Lesjak Rajko, Mali Okič 20a",97,38,0.3918,38,38,0,1.0,17,0.447368,21,0.552632
3345,VE 8000 - PTUJ,VO 8011 - PTUJ 3,11,"Emeršič Olga, Slatina 31",82,27,0.3293,27,27,0,1.0,8,0.296296,19,0.703704
3346,VE 8000 - PTUJ,VO 8011 - PTUJ 3,12,"Majhen Nevenka, Pristava 4a",149,51,0.3423,51,51,0,1.0,19,0.372549,32,0.627451
3347,VE 8000 - PTUJ,VO 8011 - PTUJ 3,13,"Arbeiter Mitja, Meje 16a",41,20,0.4878,20,20,0,1.0,8,0.4,12,0.6
3348,VE 8000 - PTUJ,VO 8011 - PTUJ 3,14,"OŠ Kidričevo, Kajuhova ul. 10",305,81,0.2656,81,81,0,1.0,42,0.518519,39,0.481481
3349,VE 8000 - PTUJ,VO 8011 - PTUJ 3,15,"Občina Kidričevo (por. dvor.), Kopališka ul. 14",522,202,0.387,202,200,2,1.0,106,0.53,94,0.47
3350,VE 8000 - PTUJ,VO 8011 - PTUJ 3,17,"Športni park Njiverce (brunarica), Njiverce bš",650,273,0.42,273,272,1,1.0,142,0.522059,130,0.477941
3351,VE 8000 - PTUJ,VO 8011 - PTUJ 3,18,"Prosvetni dom Apače, Apače 87b",656,268,0.4085,268,268,0,1.0,131,0.488806,137,0.511194
3352,VE 8000 - PTUJ,VO 8011 - PTUJ 3,19,"DK Kungota pri Ptuju, Kungota pri Ptuju 75",296,126,0.4257,126,126,0,1.0,61,0.484127,65,0.515873
3353,VE 8000 - PTUJ,VO 8011 - PTUJ 3,20,"ŠD Strnišče, Strnišče bš",92,30,0.3261,30,29,1,1.0,16,0.551724,13,0.448276
3354,VE 8000 - PTUJ,VO 8011 - PTUJ 3,21,"Dvorana Lovrenc na Dr. p., Lovrenc na Dr. p. 8",542,238,0.4391,238,238,0,1.0,108,0.453782,130,0.546218
3355,VE 8000 - PTUJ,VO 8011 - PTUJ 3,23,"GD Pleterje, Pleterje 33a",172,89,0.5174,89,89,0,1.0,33,0.370787,56,0.629213
3356,VE 8000 - PTUJ,VO 8011 - PTUJ 3,24,"VD Župečja vas (brunarica), Župečja vas bš",209,108,0.5167,108,107,1,1.0,40,0.373832,67,0.626168
3357,VE 8000 - PTUJ,VO 8011 - PTUJ 3,25,"Prostori občine Kidričevo, Cirkovce 2c",301,154,0.5116,154,154,0,1.0,72,0.467532,82,0.532468
3358,VE 8000 - PTUJ,VO 8011 - PTUJ 3,26,"GD Dragonja vas, Dragonja vas 17",133,76,0.5714,76,76,0,1.0,14,0.184211,62,0.815789
3359,VE 8000 - PTUJ,VO 8011 - PTUJ 3,27,"DK Mihovce, Mihovce bš",171,88,0.5146,88,88,0,1.0,24,0.272727,64,0.727273
3360,VE 8000 - PTUJ,VO 8011 - PTUJ 3,28,"Vaški dom Pongrce, Pongrce 22",108,51,0.4722,51,51,0,1.0,17,0.333333,34,0.666667
3361,VE 8000 - PTUJ,VO 8011 - PTUJ 3,29,"GD Jablane, Spodnje Jablane 20a",351,190,0.5413,190,189,1,1.0,52,0.275132,137,0.724868
3362,VE 8000 - PTUJ,VO 8011 - PTUJ 3,30,"GD Starošince, Starošince 13a",179,69,0.3855,69,69,0,1.0,33,0.478261,36,0.521739
3363,VE 8000 - PTUJ,VO 8011 - PTUJ 3,31,"GD Šikole, Šikole 25",267,114,0.427,114,113,1,1.0,31,0.274336,82,0.725664
3364,VE 8000 - PTUJ,VO 8011 - PTUJ 3,32,"VD Stražgonjca, Stražgonjca bš",263,110,0.4183,110,110,0,1.0,43,0.390909,67,0.609091
3365,VE 8000 - PTUJ,VO 8011 - PTUJ 3,33,"GD Majšperk, Majšperk 32a",750,303,0.404,303,301,2,1.0,117,0.388704,184,0.611296
3366,VE 8000 - PTUJ,VO 8011 - PTUJ 3,36,"GD Majšperk-Breg, Breg 4",683,241,0.3529,241,240,1,1.0,87,0.3625,153,0.6375
3367,VE 8000 - PTUJ,VO 8011 - PTUJ 3,37,"GD Medvedce, Medvedce 19a",322,135,0.4193,135,135,0,1.0,32,0.237037,103,0.762963
3368,VE 8000 - PTUJ,VO 8011 - PTUJ 3,38,"DKG Ptujska Gora, Ptujska Gora 82b",654,258,0.3945,258,257,1,1.0,81,0.315175,176,0.684825
3369,VE 8000 - PTUJ,VO 8011 - PTUJ 3,39,"ŠD Podlože, Podlože 49",201,83,0.4129,83,81,2,1.0,28,0.345679,53,0.654321
3370,VE 8000 - PTUJ,VO 8011 - PTUJ 3,43,"Bedenik Stanko, Doklece 7a",164,47,0.2866,47,47,0,1.0,22,0.468085,25,0.531915
3371,VE 8000 - PTUJ,VO 8011 - PTUJ 3,44,"DK Stoperce, Stoperce 13b",439,156,0.3554,156,156,0,1.0,36,0.230769,120,0.769231
3372,VE 8000 - PTUJ,VO 8011 - PTUJ 3,45,"OŠ Žetale, Čermožiše 45b",243,169,0.6955,169,169,0,1.0,54,0.319527,115,0.680473
3373,VE 8000 - PTUJ,VO 8011 - PTUJ 3,46,"Bar Dobrinček, Dobrina 17",199,155,0.7789,155,152,3,1.0,43,0.282895,109,0.717105
3374,VE 8000 - PTUJ,VO 8011 - PTUJ 3,47,"Železnik Martin, Kočice 1",122,93,0.7623,93,93,0,1.0,28,0.301075,65,0.698925
3375,VE 8000 - PTUJ,VO 8011 - PTUJ 3,48,"Krušič Anton, Kočice 43a",78,50,0.641,50,50,0,1.0,17,0.34,33,0.66
3376,VE 8000 - PTUJ,VO 8011 - PTUJ 3,49,"Potočnik Janez, Nadole 50",123,84,0.6829,84,84,0,1.0,21,0.25,63,0.75
3377,VE 8000 - PTUJ,VO 8011 - PTUJ 3,50,"VD Žetale, Žetale 1",290,208,0.7172,208,208,0,1.0,70,0.336538,138,0.663462
3378,VE 8000 - PTUJ,VO 8011 - PTUJ 3,51,"DK Dolena, Bolečka vas 3c",320,128,0.4,128,128,0,1.0,41,0.320312,87,0.679688
3379,VE 8000 - PTUJ,VO 8011 - PTUJ 3,53,"KD Sela, Sela 31b",341,134,0.393,134,134,0,1.0,52,0.38806,82,0.61194
3380,VE 8000 - PTUJ,VO 8011 - PTUJ 3,54,"TD Klopotec, Zgornji Leskovec 10c",608,212,0.3487,212,210,2,1.0,51,0.242857,159,0.757143
3381,VE 8000 - PTUJ,VO 8011 - PTUJ 3,55,"Mlakar Slavko, Belavšek 36",59,37,0.6271,37,37,0,1.0,8,0.216216,29,0.783784
3382,VE 8000 - PTUJ,VO 8011 - PTUJ 3,57,"Habjanič Jakob, Repišče bš",107,43,0.4019,43,43,0,1.0,1,0.023256,42,0.976744
3383,VE 8000 - PTUJ,VO 8011 - PTUJ 3,59,"Fric Edvard, Skorišnjak 25",53,18,0.3396,18,18,0,1.0,9,0.5,9,0.5
3384,VE 8000 - PTUJ,VO 8011 - PTUJ 3,62,"Cafuta Andrej, Velika Varnica 53",71,28,0.3944,28,28,0,1.0,3,0.107143,25,0.892857
3385,VE 8000 - PTUJ,VO 8011 - PTUJ 3,63,"VD Lancova vas, Lancova vas 44a",533,256,0.4803,256,256,0,1.0,87,0.339844,169,0.660156
3386,VE 8000 - PTUJ,VO 8011 - PTUJ 3,64,"VS Majski Vrh, Majski Vrh 50",132,52,0.3939,52,52,0,1.0,22,0.423077,30,0.576923
3387,VE 8000 - PTUJ,VO 8011 - PTUJ 3,66,"DV Pobrežje, Pobrežje 104a",708,329,0.4647,329,328,1,1.0,125,0.381098,203,0.618902
3388,VE 8000 - PTUJ,VO 8011 - PTUJ 3,67,"Poslančeceva domačija, Vareja 12",326,125,0.3834,125,124,1,1.0,53,0.427419,71,0.572581
3389,VE 8000 - PTUJ,VO 8011 - PTUJ 3,68,"KS Tržec, Tržec 47",504,207,0.4107,207,207,0,1.0,72,0.347826,135,0.652174
3390,VE 8000 - PTUJ,VO 8011 - PTUJ 3,69,"Občina Videm, Videm pri Ptuju 54",711,311,0.4374,311,311,0,1.0,118,0.379421,193,0.620579
3391,VE 8000 - PTUJ,VO 8011 - PTUJ 3,70,"VKTC Podlehnik, Podlehnik 9",342,144,0.4211,144,143,1,1.0,53,0.370629,90,0.629371
3392,VE 8000 - PTUJ,VO 8011 - PTUJ 3,71,"Arnuš Franc, Podlehnik 80a",74,18,0.2432,18,18,0,1.0,4,0.222222,14,0.777778
3393,VE 8000 - PTUJ,VO 8011 - PTUJ 3,72,"Murko Jožef, Gorca 11",145,46,0.3172,46,46,0,1.0,23,0.5,23,0.5
3394,VE 8000 - PTUJ,VO 8011 - PTUJ 3,73,"Vaupotič Jože, Jablovec 21",64,28,0.4375,28,28,0,1.0,6,0.214286,22,0.785714
3395,VE 8000 - PTUJ,VO 8011 - PTUJ 3,74,"Pastoralni dom Rodni Vrh, Rodni Vrh bš",43,14,0.3256,14,14,0,1.0,5,0.357143,9,0.642857
3396,VE 8000 - PTUJ,VO 8011 - PTUJ 3,75,"Gostilna Maučič Nežka, Zakl 31",110,41,0.3727,41,40,1,1.0,17,0.425,23,0.575
3397,VE 8000 - PTUJ,VO 8011 - PTUJ 3,76,"Tertinek Dominika, Zakl 13 a",122,40,0.3279,40,40,0,1.0,12,0.3,28,0.7
3398,VE 8000 - PTUJ,VO 8011 - PTUJ 3,77,"Sardinšek Valerija, Strajna 28 ",79,25,0.3165,25,25,0,1.0,7,0.28,18,0.72
3399,VE 8000 - PTUJ,VO 8011 - PTUJ 3,78,"Brodnjak Ivana, Kozminci 25a",188,67,0.3564,67,67,0,1.0,13,0.19403,54,0.80597
3400,VE 8000 - PTUJ,VO 8011 - PTUJ 3,79,"Vaupotič Drago, Stanošina 27",138,53,0.3841,53,52,1,1.0,17,0.326923,35,0.673077
3401,VE 8000 - PTUJ,VO 8011 - PTUJ 3,80,"Jelen Janko, Zgornje Gruškovje 56",92,26,0.2826,26,26,0,1.0,6,0.230769,20,0.769231
3402,VE 8000 - PTUJ,VO 8011 - PTUJ 3,81,"Pernek Štefan, Ložina 8",38,19,0.5,19,19,0,1.0,1,0.052632,18,0.947368
3403,VE 8000 - PTUJ,VO 8011 - PTUJ 3,83,"Štrucl Marjana, Spodnje Gruškovje 18",74,19,0.2568,19,19,0,1.0,7,0.368421,12,0.631579
3404,VE 8000 - PTUJ,VO 8011 - PTUJ 3,84,"GD Zavrč, Goričak 1",395,108,0.2734,108,108,0,1.0,39,0.361111,69,0.638889
3405,VE 8000 - PTUJ,VO 8011 - PTUJ 3,85,"Gostilna Težak, Turški Vrh 51",417,132,0.3165,132,132,0,1.0,39,0.295455,93,0.704545
3406,VE 8000 - PTUJ,VO 8011 - PTUJ 3,86,"Hrnčič Darinka, Turški Vrh 75",173,52,0.3006,52,52,0,1.0,13,0.25,39,0.75
3407,VE 8000 - PTUJ,VO 8011 - PTUJ 3,87,"Vuzem Ivan, Hrastovec 129",130,38,0.2923,38,38,0,1.0,9,0.236842,29,0.763158
3408,VE 8000 - PTUJ,VO 8011 - PTUJ 3,901,Predčasno glasovanje,0,86,0.0,86,86,0,1.0,41,0.476744,45,0.523256
3409,VE 8000 - PTUJ,VO 8011 - PTUJ 3,997,Po pošti v Sloveniji OVK,0,0,0.0,0,0,0,,0,0.0,0,0.0
3410,VE 8000 - PTUJ,VO 8011 - PTUJ 3,998,Po pošti v tujini OVK,0,0,0.0,0,0,0,,0,0.0,0,0.0
3411,VE 8000 - PTUJ,VO 8011 - PTUJ 3,999,Posebni volilni imenik,1137,0,0.0,0,0,0,,0,0.0,0,0.0
3412,VE 9999 - DVK - RS,VO 9999 - DVK - RS,97099,OMNIA od: 9999,0,0,0.0,0,0,0,,0,0.0,0,0.0
3413,VE 9999 - DVK - RS,VO 9999 - DVK - RS,99601,Veleposlaništvo RS v Buenos Airesu,0,184,0.0,184,183,1,1.0,10,0.054645,173,0.945355
3414,VE 9999 - DVK - RS,VO 9999 - DVK - RS,99602,Veleposlaništvo RS v Canberri,0,0,0.0,0,0,0,,0,0.0,0,0.0
3415,VE 9999 - DVK - RS,VO 9999 - DVK - RS,99603,Veleposlaništvo RS na Dunaju,0,92,0.0,92,92,0,1.0,68,0.73913,24,0.26087
3416,VE 9999 - DVK - RS,VO 9999 - DVK - RS,99604,Generalni konzulat RS v Celovcu,0,51,0.0,51,51,0,1.0,17,0.333333,34,0.666667
3417,VE 9999 - DVK - RS,VO 9999 - DVK - RS,99605,Veleposlaništvo RS v Bruslju,0,91,0.0,91,91,0,1.0,76,0.835165,15,0.164835
3418,VE 9999 - DVK - RS,VO 9999 - DVK - RS,99606,Veleposlaništvo RS v Sarajevu,0,0,0.0,0,0,0,,0,0.0,0,0.0
3419,VE 9999 - DVK - RS,VO 9999 - DVK - RS,99607,Veleposlaništvo RS v Pragi,0,27,0.0,27,27,0,1.0,21,0.777778,6,0.222222
3420,VE 9999 - DVK - RS,VO 9999 - DVK - RS,99608,Veleposlaništvo RS v Podgorici,0,0,0.0,0,0,0,,0,0.0,0,0.0
3421,VE 9999 - DVK - RS,VO 9999 - DVK - RS,99610,Veleposlaništvo RS v Kopenhagnu,0,15,0.0,15,15,0,1.0,10,0.666667,5,0.333333
3422,VE 9999 - DVK - RS,VO 9999 - DVK - RS,99611,Veleposlaništvo RS v Parizu,0,22,0.0,22,21,1,1.0,15,0.714286,6,0.285714
3423,VE 9999 - DVK - RS,VO 9999 - DVK - RS,99612,Veleposlaništvo RS v Atenah,0,0,0.0,0,0,0,,0,0.0,0,0.0
3424,VE 9999 - DVK - RS,VO 9999 - DVK - RS,99613,Veleposlaništvo RS v Zagrebu,0,14,0.0,14,14,0,1.0,9,0.642857,5,0.357143
3425,VE 9999 - DVK - RS,VO 9999 - DVK - RS,99615,Generalni konzutat RS v Trstu,2,130,0.0,130,130,0,1.0,71,0.546154,59,0.453846
3426,VE 9999 - DVK - RS,VO 9999 - DVK - RS,99618,Veleposlaništvo RS v Ottawi,0,0,0.0,0,0,0,,0,0.0,0,0.0
3427,VE 9999 - DVK - RS,VO 9999 - DVK - RS,99619,Generalni konzulat RS v Torontu (v prostorih Slovenskega centra),1,76,0.0,76,76,0,1.0,8,0.105263,68,0.894737
3428,VE 9999 - DVK - RS,VO 9999 - DVK - RS,99620,Veleposlaništvo RS v Budimpešti,0,0,0.0,0,0,0,,0,0.0,0,0.0
3429,VE 9999 - DVK - RS,VO 9999 - DVK - RS,99621,Veleposlaništvo RS v Skopju,0,0,0.0,0,0,0,,0,0.0,0,0.0
3430,VE 9999 - DVK - RS,VO 9999 - DVK - RS,99622,Veleposlaništvo RS v Varšavi,0,0,0.0,0,0,0,,0,0.0,0,0.0
3431,VE 9999 - DVK - RS,VO 9999 - DVK - RS,99625,Veleposlaništvo RS v Madridu,0,0,0.0,0,0,0,,0,0.0,0,0.0
3432,VE 9999 - DVK - RS,VO 9999 - DVK - RS,99627,Veleposlaništvo RS v Bernu,0,18,0.0,18,18,0,1.0,12,0.666667,6,0.333333
3433,VE 9999 - DVK - RS,VO 9999 - DVK - RS,99628,Veleposlaništvo RS v Londonu,0,55,0.0,55,54,1,1.0,43,0.796296,11,0.203704
3434,VE 9999 - DVK - RS,VO 9999 - DVK - RS,99629,Veleposlaništvo RS v Washingtonu,0,14,0.0,14,14,0,1.0,8,0.571429,6,0.428571
3435,VE 9999 - DVK - RS,VO 9999 - DVK - RS,99631,Generalni konzutat RS v Clevelandu,0,0,0.0,0,0,0,,0,0.0,0,0.0
3436,VE 9999 - DVK - RS,VO 9999 - DVK - RS,99632,Veleposlaništvo RS v Berlinu,1,43,0.0,43,43,0,1.0,41,0.953488,2,0.046512
3437,VE 9999 - DVK - RS,VO 9999 - DVK - RS,99633,Generalni konzulat RS v Münchnu,0,48,0.0,48,48,0,1.0,25,0.520833,23,0.479167
3438,VE 9999 - DVK - RS,VO 9999 - DVK - RS,99634,Veleposlaništvo RS v Beogradu,0,14,0.0,14,14,0,1.0,9,0.642857,5,0.357143
3439,VE 9999 - DVK - RS,VO 9999 - DVK - RS,99635,"Veleposlaništvo RS pri Svetem sedežu, Vatikan",0,28,0.0,28,28,0,1.0,4,0.142857,24,0.857143
3440,VE 9999 - DVK - RS,VO 9999 - DVK - RS,99636,Veleposlaništvo RS v Haagu,0,33,0.0,33,33,0,1.0,24,0.727273,9,0.272727
3441,VE 9999 - DVK - RS,VO 9999 - DVK - RS,99651,Veleposlaništvo RS v Abu Dabiju,0,15,0.0,15,15,0,1.0,9,0.6,6,0.4
3442,VE 9999 - DVK - RS,VO 9999 - DVK - RS,99699,DKP + pošta tujina na DVK,1,58,0.0,58,58,0,1.0,39,0.672414,19,0.327586
3443,VE 9999 - DVK - RS,VO 9999 - DVK - RS,99799,Po pošti v Sloveniji DVK,0,0,0.0,0,0,0,,0,0.0,0,0.0
3444,VE 9999 - DVK - RS,VO 9999 - DVK - RS,99899,Po pošti v tujini DVK,0,32,0.0,32,32,0,1.0,21,0.65625,11,0.34375
